bag_id,model,question_id,expected_answer,response,total_duration_sec,input_tokens,output_tokens,total_tokens,question_type,cpu_avg,cpu_min,cpu_max,memory_avg,memory_min,memory_max,gpu_util_avg,gpu_util_min,gpu_util_max,gpu_mem_avg,gpu_mem_min,gpu_mem_max
0,DeepSeek-R1-Distill-Qwen-14B-Q6_K,79,Sí,sí,0.7472435630625115,1199,10,1209,yes_no,76.1,0.0,99.8,3284.1796875,3272.6171875,3287.4609375,55.5,3.0,89.0,15902.0,15856.0,15922.0
0,DeepSeek-R1-Distill-Qwen-14B-Q6_K,71,Sí,sí,0.5118874709587544,1271,10,1281,yes_no,101.8,89.8,119.8,3287.8359375,3287.6171875,3287.9296875,80.66666666666667,56.0,99.0,15930.0,15922.0,15932.0
0,DeepSeek-R1-Distill-Qwen-14B-Q6_K,75,No,no,1.34926229598932,1488,51,1539,yes_no,97.5076923076923,69.9,109.8,3287.9296875,3287.9296875,3287.9296875,90.42857142857143,55.0,99.0,15932.0,15932.0,15932.0
0,DeepSeek-R1-Distill-Qwen-14B-Q6_K,8,No,no,0.6297122860560193,1775,8,1783,yes_no,101.46666666666665,89.8,109.8,3287.9296875,3287.9296875,3287.9296875,99.0,99.0,99.0,15945.333333333334,15932.0,15952.0
0,DeepSeek-R1-Distill-Qwen-14B-Q6_K,72,Sí,sí,0.5546863640192896,1415,10,1425,yes_no,88.16666666666667,20.0,109.8,3288.0598958333335,3287.9296875,3288.0859375,84.33333333333333,59.0,99.0,15952.0,15952.0,15952.0
0,DeepSeek-R1-Distill-Qwen-14B-Q6_K,67,Sí,sí,0.4859716249629855,1142,10,1152,yes_no,91.84,59.9,99.9,3288.0859375,3288.0859375,3288.0859375,97.0,95.0,99.0,15952.0,15952.0,15952.0
0,DeepSeek-R1-Distill-Qwen-14B-Q6_K,108,No,no,0.5027009750483558,1369,8,1377,yes_no,95.84,79.9,99.9,3288.0859375,3288.0859375,3288.0859375,97.0,95.0,99.0,15952.0,15952.0,15952.0
0,DeepSeek-R1-Distill-Qwen-14B-Q6_K,12,No,no,0.5614029880380259,1559,8,1567,yes_no,83.16666666666667,29.9,99.8,3288.0859375,3288.0859375,3288.0859375,87.33333333333333,65.0,99.0,15952.0,15952.0,15952.0
0,DeepSeek-R1-Distill-Qwen-14B-Q6_K,95,No,no,0.5104950619861484,1405,8,1413,yes_no,95.82000000000001,89.8,99.9,3288.0859375,3288.0859375,3288.0859375,82.5,66.0,99.0,15952.0,15952.0,15952.0
0,DeepSeek-R1-Distill-Qwen-14B-Q6_K,72,Sí,sí,0.5564454420236872,1415,10,1425,yes_no,84.85000000000001,20.0,99.8,3288.2161458333335,3288.0859375,3288.2421875,87.0,66.0,99.0,15952.0,15952.0,15952.0
0,DeepSeek-R1-Distill-Qwen-14B-Q6_K,50,Sí,no,1.3175709610804915,1382,51,1433,yes_no,95.96923076923076,39.9,109.8,3288.2421875,3288.2421875,3288.2421875,96.5,96.0,99.0,15952.0,15952.0,15952.0
0,DeepSeek-R1-Distill-Qwen-14B-Q6_K,84,Sí,sí,0.5457655630307271,1392,10,1402,yes_no,86.51666666666667,10.0,109.8,3288.2421875,3288.2421875,3288.2421875,86.0,64.0,99.0,15952.0,15952.0,15952.0
0,DeepSeek-R1-Distill-Qwen-14B-Q6_K,13,Sí,sí,0.7139796699630095,1921,10,1931,yes_no,98.39999999999999,79.9,109.8,3288.2421875,3288.2421875,3288.2421875,97.66666666666667,95.0,99.0,15952.0,15952.0,15952.0
0,DeepSeek-R1-Distill-Qwen-14B-Q6_K,56,Sí,sí,0.48360115801915526,1520,5,1525,yes_no,93.84,59.9,109.9,3288.2421875,3288.2421875,3288.2421875,85.5,72.0,99.0,15952.0,15952.0,15952.0
0,DeepSeek-R1-Distill-Qwen-14B-Q6_K,47,Sí,sí,0.5489816470071673,1401,10,1411,yes_no,88.18333333333334,20.0,109.9,3288.2421875,3288.2421875,3288.2421875,86.33333333333333,71.0,96.0,15952.0,15952.0,15952.0
0,DeepSeek-R1-Distill-Qwen-14B-Q6_K,115,No,no,0.40577819501049817,1025,8,1033,yes_no,97.325,89.8,99.9,3288.2421875,3288.2421875,3288.2421875,98.0,98.0,98.0,15952.0,15952.0,15952.0
0,DeepSeek-R1-Distill-Qwen-14B-Q6_K,46,Sí,sí,0.5261000370373949,1305,10,1315,yes_no,93.82000000000001,89.8,99.8,3288.2421875,3288.2421875,3288.2421875,97.0,95.0,99.0,15952.0,15952.0,15952.0
0,DeepSeek-R1-Distill-Qwen-14B-Q6_K,11,Sí,sí,0.47458658600226045,1463,5,1468,yes_no,91.84,39.9,109.9,3288.2421875,3288.2421875,3288.2421875,86.5,74.0,99.0,15952.0,15952.0,15952.0
0,DeepSeek-R1-Distill-Qwen-14B-Q6_K,41,Sí,sí,0.5799549990333617,1505,10,1515,yes_no,89.83333333333333,39.9,99.9,3288.3984375,3288.3984375,3288.3984375,85.66666666666667,63.0,99.0,15952.0,15952.0,15952.0
0,DeepSeek-R1-Distill-Qwen-14B-Q6_K,110,No,no,0.48341716395225376,1277,8,1285,yes_no,89.84,49.9,109.8,3288.3984375,3288.3984375,3288.3984375,95.0,91.0,99.0,15952.0,15952.0,15952.0
0,DeepSeek-R1-Distill-Qwen-14B-Q6_K,95,No,no,0.5116710760630667,1405,8,1413,yes_no,97.84,79.9,109.9,3288.3984375,3288.3984375,3288.3984375,91.5,85.0,98.0,15952.0,15952.0,15952.0
0,DeepSeek-R1-Distill-Qwen-14B-Q6_K,26,No,no,0.474261608091183,1253,8,1261,yes_no,83.84,39.9,99.9,3288.3984375,3288.3984375,3288.3984375,85.5,75.0,96.0,15952.0,15952.0,15952.0
0,DeepSeek-R1-Distill-Qwen-14B-Q6_K,102,No,no,0.380941633018665,976,8,984,yes_no,89.825,59.8,99.9,3288.5546875,3288.5546875,3288.5546875,84.0,73.0,95.0,15952.0,15952.0,15952.0
0,DeepSeek-R1-Distill-Qwen-14B-Q6_K,90,Sí,no,0.5085372199537233,1389,8,1397,yes_no,97.82000000000001,79.9,109.8,3288.5546875,3288.5546875,3288.5546875,97.0,95.0,99.0,15952.0,15952.0,15952.0
0,DeepSeek-R1-Distill-Qwen-14B-Q6_K,79,Sí,sí,0.4950136709958315,1199,10,1209,yes_no,93.84,59.9,109.8,3288.6484375,3288.5546875,3288.7109375,97.0,95.0,99.0,15952.0,15952.0,15952.0
0,DeepSeek-R1-Distill-Qwen-14B-Q6_K,14,No,no,0.6029093749821186,1650,8,1658,yes_no,98.18333333333332,69.9,109.9,3288.7109375,3288.7109375,3288.7109375,83.0,54.0,99.0,15952.0,15952.0,15952.0
0,DeepSeek-R1-Distill-Qwen-14B-Q6_K,91,Sí,no,0.45796068909112364,1190,8,1198,yes_no,83.86,29.9,99.9,3288.7109375,3288.7109375,3288.7109375,84.5,73.0,96.0,15952.0,15952.0,15952.0
0,DeepSeek-R1-Distill-Qwen-14B-Q6_K,17,No,no,0.5087417319882661,1388,8,1396,yes_no,95.84,79.9,99.9,3288.7109375,3288.7109375,3288.7109375,97.0,95.0,99.0,15952.0,15952.0,15952.0
0,DeepSeek-R1-Distill-Qwen-14B-Q6_K,75,No,no,0.6354298839578404,1488,13,1501,yes_no,103.14999999999999,99.8,109.8,3288.7109375,3288.7109375,3288.7109375,84.33333333333333,59.0,99.0,15952.0,15952.0,15952.0
0,DeepSeek-R1-Distill-Qwen-14B-Q6_K,44,Sí,no,1.28796089196112,1265,51,1316,yes_no,93.66923076923075,0.0,109.9,3288.7109375,3288.7109375,3288.7109375,87.42857142857143,55.0,99.0,15952.0,15952.0,15952.0
0,DeepSeek-R1-Distill-Qwen-14B-Q6_K,120,No,no,0.5192558179842308,1421,8,1429,yes_no,101.84,89.9,109.9,3288.7109375,3288.7109375,3288.7109375,97.5,96.0,99.0,15952.0,15952.0,15952.0
0,DeepSeek-R1-Distill-Qwen-14B-Q6_K,110,No,no,0.48271550389472395,1277,8,1285,yes_no,93.84,59.9,109.9,3288.7109375,3288.7109375,3288.7109375,85.0,72.0,98.0,15952.0,15952.0,15952.0
0,DeepSeek-R1-Distill-Qwen-14B-Q6_K,44,Sí,no,1.2899866329971699,1265,51,1316,yes_no,93.66153846153844,0.0,119.8,3288.855168269231,3288.7109375,3288.8671875,87.71428571428571,55.0,99.0,15952.0,15952.0,15952.0
0,DeepSeek-R1-Distill-Qwen-14B-Q6_K,55,No,no,1.348758569918573,1480,51,1531,yes_no,97.5076923076923,69.9,109.8,3288.8671875,3288.8671875,3288.8671875,92.14285714285714,72.0,99.0,15952.0,15952.0,15952.0
0,DeepSeek-R1-Distill-Qwen-14B-Q6_K,104,No,no,0.2938463919563219,935,4,939,yes_no,93.2,79.9,99.9,3288.8671875,3288.8671875,3288.8671875,98.0,98.0,98.0,15952.0,15952.0,15952.0
0,DeepSeek-R1-Distill-Qwen-14B-Q6_K,14,No,no,0.604004545020871,1650,8,1658,yes_no,98.16666666666667,69.9,109.8,3288.8671875,3288.8671875,3288.8671875,91.0,79.0,99.0,15952.0,15952.0,15952.0
0,DeepSeek-R1-Distill-Qwen-14B-Q6_K,83,Sí,sí,0.5433905819663777,1361,10,1371,yes_no,83.2,10.0,109.8,3288.8671875,3288.8671875,3288.8671875,85.66666666666667,75.0,98.0,15952.0,15952.0,15952.0
0,DeepSeek-R1-Distill-Qwen-14B-Q6_K,104,No,no,0.29568159801419824,935,4,939,yes_no,89.86666666666667,79.9,99.9,3288.8671875,3288.8671875,3288.8671875,96.0,96.0,96.0,15952.0,15952.0,15952.0
0,DeepSeek-R1-Distill-Qwen-14B-Q6_K,69,Sí,sí,0.561639594961889,1446,10,1456,yes_no,91.48333333333333,29.9,119.8,3288.8671875,3288.8671875,3288.8671875,97.0,95.0,99.0,15952.0,15952.0,15952.0
0,DeepSeek-R1-Distill-Qwen-14B-Q6_K,74,No,no,0.6165177570655942,1427,13,1440,yes_no,101.48333333333333,89.8,109.8,3288.8671875,3288.8671875,3288.8671875,97.0,95.0,99.0,15952.0,15952.0,15952.0
0,DeepSeek-R1-Distill-Qwen-14B-Q6_K,5,Sí,sí,0.5504084470449017,1384,10,1394,yes_no,88.18333333333334,20.0,109.9,3288.8671875,3288.8671875,3288.8671875,87.0,80.0,98.0,15952.0,15952.0,15952.0
0,DeepSeek-R1-Distill-Qwen-14B-Q6_K,94,No,no,0.5371755040250719,1708,4,1712,yes_no,84.85000000000001,0.0,109.9,3288.8671875,3288.8671875,3288.8671875,85.0,74.0,99.0,15952.0,15952.0,15952.0
0,DeepSeek-R1-Distill-Qwen-14B-Q6_K,19,No,no,0.5377063060877846,1467,8,1475,yes_no,93.16666666666667,10.0,139.8,3288.8671875,3288.8671875,3288.8671875,97.0,95.0,99.0,15952.0,15952.0,15952.0
0,DeepSeek-R1-Distill-Qwen-14B-Q6_K,90,Sí,no,0.5106145390309393,1389,8,1397,yes_no,95.84,79.9,99.9,3288.8671875,3288.8671875,3288.8671875,97.0,95.0,99.0,15952.0,15952.0,15952.0
0,DeepSeek-R1-Distill-Qwen-14B-Q6_K,73,Sí,sí,0.5476811359403656,1374,10,1384,yes_no,86.51666666666667,10.0,109.9,3288.8671875,3288.8671875,3288.8671875,86.33333333333333,67.0,96.0,15952.0,15952.0,15952.0
0,DeepSeek-R1-Distill-Qwen-14B-Q6_K,29,Sí,sí,0.48222830204758793,1102,10,1112,yes_no,91.84,59.9,99.9,3289.0546875,3288.8671875,3289.1796875,95.0,91.0,99.0,15952.0,15952.0,15952.0
0,DeepSeek-R1-Distill-Qwen-14B-Q6_K,6,No,no,1.3385553680127487,1459,51,1510,yes_no,98.26923076923075,49.9,109.8,3289.1796875,3289.1796875,3289.1796875,96.33333333333333,95.0,99.0,15952.0,15952.0,15952.0
0,DeepSeek-R1-Distill-Qwen-14B-Q6_K,28,Sí,sí,0.5408371998928487,1356,10,1366,yes_no,84.85000000000001,0.0,109.8,3289.1796875,3289.1796875,3289.1796875,85.33333333333333,64.0,96.0,15952.0,15952.0,15952.0
0,DeepSeek-R1-Distill-Qwen-14B-Q6_K,73,Sí,sí,0.5456379030365497,1374,10,1384,yes_no,86.51666666666667,10.0,109.8,3289.1796875,3289.1796875,3289.1796875,86.0,65.0,97.0,15952.0,15952.0,15952.0
0,DeepSeek-R1-Distill-Qwen-14B-Q6_K,13,Sí,sí,0.7195288359653205,1921,10,1931,yes_no,99.82857142857142,79.9,109.8,3289.1796875,3289.1796875,3289.1796875,98.0,96.0,99.0,15952.0,15952.0,15952.0
0,DeepSeek-R1-Distill-Qwen-14B-Q6_K,29,Sí,sí,0.4818212279351428,1102,10,1112,yes_no,93.84,59.9,109.9,3289.1796875,3289.1796875,3289.1796875,96.5,94.0,99.0,15952.0,15952.0,15952.0
0,DeepSeek-R1-Distill-Qwen-14B-Q6_K,12,No,no,0.56623565510381,1559,8,1567,yes_no,88.16666666666667,39.9,99.9,3289.1796875,3289.1796875,3289.1796875,90.0,84.0,99.0,15952.0,15952.0,15952.0
0,DeepSeek-R1-Distill-Qwen-14B-Q6_K,85,Sí,no,0.8000270170159638,1979,13,1992,yes_no,92.33749999999999,59.9,99.8,3289.1796875,3289.1796875,3289.1796875,97.66666666666667,95.0,99.0,15952.0,15952.0,15952.0
0,DeepSeek-R1-Distill-Qwen-14B-Q6_K,21,Sí,sí,0.508254949003458,1227,10,1237,yes_no,97.84,79.9,109.8,3289.1796875,3289.1796875,3289.1796875,80.5,63.0,98.0,15952.0,15952.0,15952.0
0,DeepSeek-R1-Distill-Qwen-14B-Q6_K,28,Sí,sí,0.542169061023742,1356,10,1366,yes_no,86.51666666666667,10.0,109.8,3289.1796875,3289.1796875,3289.1796875,97.0,95.0,99.0,15952.0,15952.0,15952.0
0,DeepSeek-R1-Distill-Qwen-14B-Q6_K,95,No,no,0.5146438900846988,1405,8,1413,yes_no,93.84,79.9,99.9,3289.1796875,3289.1796875,3289.1796875,97.0,95.0,99.0,15952.0,15952.0,15952.0
0,DeepSeek-R1-Distill-Qwen-14B-Q6_K,48,No,no,1.3289503059349954,1407,51,1458,yes_no,98.27692307692307,49.9,109.9,3289.1796875,3289.1796875,3289.1796875,96.5,96.0,99.0,15952.0,15952.0,15952.0
0,DeepSeek-R1-Distill-Qwen-14B-Q6_K,75,No,no,1.3541980850277469,1488,51,1539,yes_no,97.5076923076923,79.9,99.8,3289.1796875,3289.1796875,3289.1796875,90.42857142857143,55.0,99.0,15952.0,15952.0,15952.0
0,DeepSeek-R1-Distill-Qwen-14B-Q6_K,7,Sí,sí,0.6030913139693439,1542,10,1552,yes_no,98.14999999999999,69.9,109.8,3289.1796875,3289.1796875,3289.1796875,97.5,96.0,99.0,15952.0,15952.0,15952.0
0,DeepSeek-R1-Distill-Qwen-14B-Q6_K,98,No,no,0.4707840159535408,1235,8,1243,yes_no,93.84,49.9,109.8,3289.1796875,3289.1796875,3289.1796875,94.5,93.0,96.0,15952.0,15952.0,15952.0
0,DeepSeek-R1-Distill-Qwen-14B-Q6_K,10,Sí,sí,0.39076557708904147,830,10,840,yes_no,92.35,69.9,99.9,3289.1796875,3289.1796875,3289.1796875,91.0,91.0,91.0,15952.0,15952.0,15952.0
0,DeepSeek-R1-Distill-Qwen-14B-Q6_K,33,No,no,0.5083497120067477,1380,8,1388,yes_no,97.82000000000001,79.9,109.8,3289.1796875,3289.1796875,3289.1796875,92.5,88.0,97.0,15952.0,15952.0,15952.0
0,DeepSeek-R1-Distill-Qwen-14B-Q6_K,112,No,no,0.4767885219771415,1253,8,1261,yes_no,85.84,39.9,99.9,3289.1796875,3289.1796875,3289.1796875,97.0,95.0,99.0,15952.0,15952.0,15952.0
0,DeepSeek-R1-Distill-Qwen-14B-Q6_K,64,No,sí,0.5412714940030128,1338,10,1348,yes_no,88.18333333333334,10.0,109.8,3289.1796875,3289.1796875,3289.1796875,83.0,54.0,99.0,15952.0,15952.0,15952.0
0,DeepSeek-R1-Distill-Qwen-14B-Q6_K,81,No,no,0.6086850599385798,1391,13,1404,yes_no,96.48333333333333,79.9,99.9,3289.1796875,3289.1796875,3289.1796875,94.33333333333333,91.0,96.0,15952.0,15952.0,15952.0
0,DeepSeek-R1-Distill-Qwen-14B-Q6_K,75,No,no,1.29328931204509,1488,47,1535,yes_no,93.66923076923075,20.0,109.8,3289.3359375,3289.3359375,3289.3359375,96.5,96.0,99.0,15952.0,15952.0,15952.0
0,DeepSeek-R1-Distill-Qwen-14B-Q6_K,97,Sí,no,1.3502194079337642,1462,51,1513,yes_no,99.80769230769229,79.8,109.9,3289.3359375,3289.3359375,3289.3359375,96.5,96.0,99.0,15952.0,15952.0,15952.0
0,DeepSeek-R1-Distill-Qwen-14B-Q6_K,1,Sí,no,0.34453149198088795,813,8,821,yes_no,79.875,20.0,109.8,3289.3359375,3289.3359375,3289.3359375,80.0,79.0,81.0,15952.0,15952.0,15952.0
0,DeepSeek-R1-Distill-Qwen-14B-Q6_K,1,Sí,no,0.15588651795405895,813,8,821,yes_no,69.9,39.9,99.9,3289.3359375,3289.3359375,3289.3359375,,,,15952.0,15952.0,15952.0
0,DeepSeek-R1-Distill-Qwen-14B-Q6_K,78,Sí,sí,0.5319126780377701,1307,10,1317,yes_no,103.82000000000001,99.8,109.8,3289.3359375,3289.3359375,3289.3359375,89.5,83.0,96.0,15952.0,15952.0,15952.0
0,DeepSeek-R1-Distill-Qwen-14B-Q6_K,75,No,no,0.6375165790086613,1488,13,1501,yes_no,99.81666666666666,99.8,99.9,3289.3359375,3289.3359375,3289.3359375,80.33333333333333,47.0,99.0,15952.0,15952.0,15952.0
0,DeepSeek-R1-Distill-Qwen-14B-Q6_K,30,Sí,sí,0.35484370798803866,1058,5,1063,yes_no,82.35,39.9,99.8,3289.3359375,3289.3359375,3289.3359375,83.5,73.0,94.0,15952.0,15952.0,15952.0
0,DeepSeek-R1-Distill-Qwen-14B-Q6_K,113,No,no,0.5640386469895019,1538,8,1546,yes_no,88.16666666666667,29.9,99.9,3289.3359375,3289.3359375,3289.3359375,97.5,96.0,99.0,15952.0,15952.0,15952.0
0,DeepSeek-R1-Distill-Qwen-14B-Q6_K,16,Sí,no,0.44908792595379055,1449,4,1453,yes_no,79.84,20.0,99.8,3289.3359375,3289.3359375,3289.3359375,94.5,91.0,98.0,15952.0,15952.0,15952.0
0,DeepSeek-R1-Distill-Qwen-14B-Q6_K,113,No,no,0.5644612880423665,1538,8,1546,yes_no,94.83333333333333,39.9,109.8,3289.3359375,3289.3359375,3289.3359375,80.33333333333333,46.0,99.0,15952.0,15952.0,15952.0
0,DeepSeek-R1-Distill-Qwen-14B-Q6_K,109,No,no,0.5407950170338154,1466,8,1474,yes_no,84.85000000000001,10.0,99.9,3289.3359375,3289.3359375,3289.3359375,81.66666666666667,51.0,99.0,15952.0,15952.0,15952.0
0,DeepSeek-R1-Distill-Qwen-14B-Q6_K,21,Sí,sí,0.5113490070216358,1227,10,1237,yes_no,99.84,79.9,109.8,3289.3359375,3289.3359375,3289.3359375,97.0,95.0,99.0,15952.0,15952.0,15952.0
0,DeepSeek-R1-Distill-Qwen-14B-Q6_K,4,Sí,sí,0.7437109289458023,1991,10,2001,yes_no,87.3625,0.0,109.9,3289.3359375,3289.3359375,3289.3359375,89.0,77.0,99.0,15952.0,15952.0,15952.0
0,DeepSeek-R1-Distill-Qwen-14B-Q6_K,86,Sí,sí,0.5849733731010928,1505,10,1515,yes_no,89.81666666666666,49.9,99.8,3289.3359375,3289.3359375,3289.3359375,83.66666666666667,57.0,99.0,15952.0,15952.0,15952.0
0,DeepSeek-R1-Distill-Qwen-14B-Q6_K,105,No,no,0.46093928709160537,1198,8,1206,yes_no,83.84,29.9,99.9,3289.3359375,3289.3359375,3289.3359375,97.0,95.0,99.0,15952.0,15952.0,15952.0
0,DeepSeek-R1-Distill-Qwen-14B-Q6_K,109,No,no,0.5398905649781227,1466,8,1474,yes_no,86.51666666666667,10.0,109.9,3289.3359375,3289.3359375,3289.3359375,97.5,96.0,99.0,15952.0,15952.0,15952.0
0,DeepSeek-R1-Distill-Qwen-14B-Q6_K,7,Sí,sí,0.6038292970042676,1542,10,1552,yes_no,98.16666666666667,79.9,109.9,3289.3359375,3289.3359375,3289.3359375,97.5,96.0,99.0,15952.0,15952.0,15952.0
0,DeepSeek-R1-Distill-Qwen-14B-Q6_K,68,Sí,sí,0.576952607021667,1461,10,1471,yes_no,93.16666666666667,49.9,109.8,3289.3359375,3289.3359375,3289.3359375,81.0,49.0,99.0,15952.0,15952.0,15952.0
0,DeepSeek-R1-Distill-Qwen-14B-Q6_K,54,Sí,sí,0.579891667002812,1486,10,1496,yes_no,91.5,49.9,99.9,3289.3359375,3289.3359375,3289.3359375,97.5,96.0,99.0,15952.0,15952.0,15952.0
0,DeepSeek-R1-Distill-Qwen-14B-Q6_K,93,No,no,0.5140326570253819,1403,8,1411,yes_no,97.84,79.9,109.8,3289.3359375,3289.3359375,3289.3359375,97.0,95.0,99.0,15952.0,15952.0,15952.0
0,DeepSeek-R1-Distill-Qwen-14B-Q6_K,28,Sí,sí,0.5421962349209934,1356,10,1366,yes_no,84.83333333333333,10.0,109.8,3289.3359375,3289.3359375,3289.3359375,97.0,95.0,99.0,15952.0,15952.0,15952.0
0,DeepSeek-R1-Distill-Qwen-14B-Q6_K,11,Sí,sí,0.4802368569653481,1463,5,1468,yes_no,91.84,49.9,109.8,3289.3359375,3289.3359375,3289.3359375,76.0,52.0,99.0,15952.0,15952.0,15952.0
0,DeepSeek-R1-Distill-Qwen-14B-Q6_K,31,Sí,sí,0.5933579170377924,1527,10,1537,yes_no,98.16666666666667,59.9,109.8,3289.3359375,3289.3359375,3289.3359375,97.5,96.0,99.0,15952.0,15952.0,15952.0
0,DeepSeek-R1-Distill-Qwen-14B-Q6_K,77,No,no,0.48953297606203705,1276,8,1284,yes_no,91.84,69.9,109.8,3289.3359375,3289.3359375,3289.3359375,96.0,93.0,99.0,15952.0,15952.0,15952.0
0,DeepSeek-R1-Distill-Qwen-14B-Q6_K,48,No,no,1.3295583929866552,1407,51,1458,yes_no,94.43076923076923,49.9,99.9,3289.3359375,3289.3359375,3289.3359375,96.33333333333333,96.0,98.0,15952.0,15952.0,15952.0
0,DeepSeek-R1-Distill-Qwen-14B-Q6_K,8,No,no,0.6369760549860074,1775,8,1783,yes_no,91.25714285714285,0.0,129.8,3289.3359375,3289.3359375,3289.3359375,93.0,81.0,99.0,15952.0,15952.0,15952.0
0,DeepSeek-R1-Distill-Qwen-14B-Q6_K,87,Sí,sí,0.6521185929886997,2000,5,2005,yes_no,91.27142857142857,20.0,109.8,3289.3359375,3289.3359375,3289.3359375,98.0,96.0,99.0,15952.0,15952.0,15952.0
0,DeepSeek-R1-Distill-Qwen-14B-Q6_K,100,No,no,0.22606608003843576,604,4,608,yes_no,83.2,10.0,129.8,3289.4401041666665,3289.3359375,3289.4921875,88.0,88.0,88.0,15952.0,15952.0,15952.0
0,DeepSeek-R1-Distill-Qwen-14B-Q6_K,2,No,no,1.381379578029737,1568,50,1618,yes_no,101.34615384615383,99.8,109.9,3289.4921875,3289.4921875,3289.4921875,94.66666666666667,87.0,99.0,15952.0,15952.0,15952.0
0,DeepSeek-R1-Distill-Qwen-14B-Q6_K,5,Sí,sí,0.5526186360511929,1384,10,1394,yes_no,86.51666666666667,20.0,109.8,3289.4921875,3289.4921875,3289.4921875,82.33333333333333,53.0,99.0,15952.0,15952.0,15952.0
0,DeepSeek-R1-Distill-Qwen-14B-Q6_K,13,Sí,sí,0.6255401390371845,1921,5,1926,yes_no,93.14999999999999,89.8,99.8,3289.4921875,3289.4921875,3289.4921875,92.66666666666667,83.0,99.0,15952.0,15952.0,15952.0
0,DeepSeek-R1-Distill-Qwen-14B-Q6_K,75,No,no,0.64202726399526,1488,13,1501,yes_no,89.82857142857142,0.0,109.8,3289.4921875,3289.4921875,3289.4921875,92.0,81.0,99.0,15952.0,15952.0,15952.0
0,DeepSeek-R1-Distill-Qwen-14B-Q6_K,47,Sí,sí,0.5566021859413014,1401,10,1411,yes_no,88.16666666666667,29.9,99.9,3289.4921875,3289.4921875,3289.4921875,86.33333333333333,64.0,99.0,15952.0,15952.0,15952.0
0,DeepSeek-R1-Distill-Qwen-14B-Q6_K,107,No,no,0.5170517280930653,1407,8,1415,yes_no,93.82000000000001,89.8,99.9,3289.4921875,3289.4921875,3289.4921875,97.0,95.0,99.0,15952.0,15952.0,15952.0
0,DeepSeek-R1-Distill-Qwen-14B-Q6_K,88,No,no,0.6670447820797563,1864,8,1872,yes_no,86.98571428571428,29.9,99.9,3289.4921875,3289.4921875,3289.4921875,97.66666666666667,95.0,99.0,15952.0,15952.0,15952.0
0,DeepSeek-R1-Distill-Qwen-14B-Q6_K,138,110 laboratorios.,"</think>

No lo sé.
</think>

No lo sé.",0.5858712560730054,1284,13,1297,short_answer,91.5,49.9,99.9,3289.6223958333335,3289.4921875,3289.6484375,88.0,71.0,98.0,15952.0,15952.0,15952.0
0,DeepSeek-R1-Distill-Qwen-14B-Q6_K,161,1 mes,"</think>

No se menciona un plazo específico para definir la estructura organizacional del CNDTCG en el contexto proporcionado.
</think>

No lo sé.",1.0519906970439479,1367,36,1403,short_answer,100.79999999999998,89.8,109.8,3289.6484375,3289.6484375,3289.6484375,92.8,79.0,98.0,15952.0,15952.0,15952.0
0,DeepSeek-R1-Distill-Qwen-14B-Q6_K,150,El número de Unidad Programática del CNDTCG es 2806.,"</think>

No lo sé.",0.3243855300825089,791,7,798,short_answer,103.16666666666667,99.8,109.8,3289.6484375,3289.6484375,3289.6484375,96.0,96.0,96.0,15952.0,15952.0,15952.0
0,DeepSeek-R1-Distill-Qwen-14B-Q6_K,150,El número de Unidad Programática del CNDTCG es 2806.,"</think>

No lo sé.",0.1374305400531739,791,7,798,short_answer,69.9,39.9,99.9,3289.6484375,3289.6484375,3289.6484375,57.0,57.0,57.0,15952.0,15952.0,15952.0
0,DeepSeek-R1-Distill-Qwen-14B-Q6_K,154,50 a 74 años.,"</think>

El rango de edad de la población objetivo para los programas de tamizaje es de 50 a 74 años.
</think>

El rango de edad de la población objetivo para los programas de tamizaje es de 50 a 74 años.",1.6016062389826402,1684,59,1743,short_answer,99.80666666666664,89.8,109.8,3289.6484375,3289.6484375,3289.6484375,96.71428571428571,95.0,99.0,15952.0,15952.0,15952.0
0,DeepSeek-R1-Distill-Qwen-14B-Q6_K,213,82 muertes,"</think>

82 muertes menos por año.
</think>

82 muertes menos por año.",0.7610285099362956,1210,23,1233,short_answer,93.58749999999999,20.0,109.9,3289.6484375,3289.6484375,3289.6484375,89.0,66.0,99.0,15952.0,15952.0,15952.0
0,DeepSeek-R1-Distill-Qwen-14B-Q6_K,141,"San José, Alajuela y Cartago","</think>

La concentración de recursos se encuentra en las provincias de San José, Alajuela y Cartago.
</think>

La concentración de recursos se encuentra en las provincias de San José, Alajuela y Cartago.",1.423885585973039,1744,49,1793,short_answer,94.8142857142857,29.9,109.8,3289.6484375,3289.6484375,3289.6484375,96.66666666666667,95.0,99.0,15952.0,15952.0,15952.0
0,DeepSeek-R1-Distill-Qwen-14B-Q6_K,217,Enfermero(a) Profesional,"</think>

El profesional responsable es el médico gastroenterólogo o cirujano digestivo, encargado de la atención médica y coordinación de los equipos clínicos.",1.0370926560135558,1312,36,1348,short_answer,99.81999999999998,79.9,109.8,3289.6484375,3289.6484375,3289.6484375,87.8,54.0,99.0,15952.0,15952.0,15952.0
0,DeepSeek-R1-Distill-Qwen-14B-Q6_K,159,71%,"</think>

El 71% del personal de imagenología está capacitado para el uso de fluoroscopios.
</think>

El 71% del personal de imagenología está capacitado para el uso de fluoroscopios.",1.4141503029968592,1713,49,1762,short_answer,94.8142857142857,29.9,99.9,3289.6484375,3289.6484375,3289.6484375,96.66666666666667,95.0,99.0,15952.0,15952.0,15952.0
0,DeepSeek-R1-Distill-Qwen-14B-Q6_K,156,12 hospitales periféricos,"</think>

La CCSS cuenta con 12 hospitales periféricos.
</think>

La CCSS tiene 12 hospitales periféricos.

**Respuesta:** 12 hospitales periféricos.",1.2821548619540408,1135,51,1186,short_answer,99.79999999999997,99.8,99.8,3289.6484375,3289.6484375,3289.6484375,88.83333333333333,52.0,98.0,15952.0,15952.0,15952.0
0,DeepSeek-R1-Distill-Qwen-14B-Q6_K,160,1 año,"</think>

No se menciona el plazo máximo para la Gerencia de Logística en el contexto proporcionado.
</think>

No lo sé.",0.9510559219634162,1428,30,1458,short_answer,99.81111111111109,89.8,109.8,3289.6484375,3289.6484375,3289.6484375,96.75,96.0,99.0,15952.0,15952.0,15952.0
0,DeepSeek-R1-Distill-Qwen-14B-Q6_K,171,Médico General Asistente,"</think>

El puesto encargado de brindar apoyo clínico directo durante la realización de procedimientos endoscópicos diagnósticos y terapéuticos es el de **Endoscopista**.",1.328560846974142,1399,50,1449,short_answer,96.73846153846154,49.9,109.8,3289.6484375,3289.6484375,3289.6484375,90.57142857142857,57.0,99.0,15952.0,15952.0,15952.0
0,DeepSeek-R1-Distill-Qwen-14B-Q6_K,207,Escala de Preparación Intestinal de Boston,"</think>

No se menciona una escala específica para evaluar la calidad de la preparación intestinal en el contexto proporcionado.",0.8639273880980909,1315,27,1342,short_answer,93.16666666666666,10.0,109.9,3289.6484375,3289.6484375,3289.6484375,91.5,77.0,98.0,15952.0,15952.0,15952.0
0,DeepSeek-R1-Distill-Qwen-14B-Q6_K,211,Ultrasonido endoscópico o Resonancia Magnética Nuclear,"</think>

No lo sé.",0.2554275000002235,564,7,571,short_answer,83.2,39.9,109.9,3289.6484375,3289.6484375,3289.6484375,95.0,95.0,95.0,15952.0,15952.0,15952.0
0,DeepSeek-R1-Distill-Qwen-14B-Q6_K,197,"SIES, SIAC, ARCA, FileMaker, bases de datos internas","</think>

No lo sé.
</think>

No lo sé.",0.5539136939914896,1170,13,1183,short_answer,86.51666666666667,20.0,109.9,3289.6484375,3289.6484375,3289.6484375,97.0,95.0,99.0,15952.0,15952.0,15952.0
0,DeepSeek-R1-Distill-Qwen-14B-Q6_K,167,40%,"</think>

El porcentaje de invitación para los programas de tamizaje es del 40%.
</think>

El porcentaje de invitación para los programas de tamizaje es del 40%.",1.2478424570290372,1501,44,1545,short_answer,98.98333333333333,79.9,109.8,3289.6484375,3289.6484375,3289.6484375,95.33333333333333,89.0,99.0,15952.0,15952.0,15952.0
0,DeepSeek-R1-Distill-Qwen-14B-Q6_K,178,Técnico en Imágenes Médicas / Imagenólogo,"</think>

El profesional que administra el medio de contraste y realiza las imágenes fluoroscópicas en la SGD es el radiólogo.",0.9409687330480665,1380,30,1410,short_answer,98.69999999999999,89.8,99.9,3289.6484375,3289.6484375,3289.6484375,92.5,81.0,98.0,15952.0,15952.0,15952.0
0,DeepSeek-R1-Distill-Qwen-14B-Q6_K,219,Dra. Rosalyn Vargas Barquero,"</think>

No lo sé.
</think>

No lo sé.",0.5933385230600834,1322,13,1335,short_answer,94.83333333333333,59.9,109.8,3289.8046875,3289.8046875,3289.8046875,97.5,96.0,99.0,15952.0,15952.0,15952.0
0,DeepSeek-R1-Distill-Qwen-14B-Q6_K,156,12 hospitales periféricos,"</think>

La CCSS tiene 12 hospitales periféricos.
</think>

La CCSS tiene 12 hospitales periféricos.",0.9711226390209049,1135,35,1170,short_answer,89.82999999999998,0.0,99.9,3289.8046875,3289.8046875,3289.8046875,96.25,94.0,99.0,15952.0,15952.0,15952.0
0,DeepSeek-R1-Distill-Qwen-14B-Q6_K,169,12 colonoscopías diarias por sala,"</think>

No lo sé.
</think>

No lo sé.",0.7275224000914023,1734,13,1747,short_answer,98.38571428571427,89.8,99.9,3289.8046875,3289.8046875,3289.8046875,86.66666666666667,65.0,99.0,15952.0,15952.0,15952.0
0,DeepSeek-R1-Distill-Qwen-14B-Q6_K,150,El número de Unidad Programática del CNDTCG es 2806.,"</think>

No lo sé.
</think>

No lo sé.",0.44157105905469507,791,13,804,short_answer,81.86,10.0,99.9,3289.8046875,3289.8046875,3289.8046875,96.0,96.0,96.0,15952.0,15952.0,15952.0
0,DeepSeek-R1-Distill-Qwen-14B-Q6_K,197,"SIES, SIAC, ARCA, FileMaker, bases de datos internas","</think>

No lo sé.",0.43914375896565616,1170,7,1177,short_answer,81.86,10.0,99.9,3289.8046875,3289.8046875,3289.8046875,80.0,64.0,96.0,15952.0,15952.0,15952.0
0,DeepSeek-R1-Distill-Qwen-14B-Q6_K,193,Cáncer de estómago,"</think>

El código C16 en la clasificación CIE-10 corresponde al cáncer de estómago.
</think>

El código C16 en la clasificación CIE-10 corresponde al cáncer de estómago.",1.406512651941739,1314,55,1369,short_answer,94.82142857142856,20.0,109.8,3289.8046875,3289.8046875,3289.8046875,92.57142857142857,70.0,99.0,15952.0,15952.0,15952.0
0,DeepSeek-R1-Distill-Qwen-14B-Q6_K,212,"₡3,563,250,779","</think>

No lo sé.
</think>

No lo sé.",0.6396332809235901,1467,13,1480,short_answer,85.55714285714285,0.0,99.9,3289.8046875,3289.8046875,3289.8046875,90.33333333333333,78.0,99.0,15952.0,15952.0,15952.0
0,DeepSeek-R1-Distill-Qwen-14B-Q6_K,191,100 ng/ml,"</think>

No lo sé.",0.4608935179421678,1253,7,1260,short_answer,85.84,39.9,99.8,3289.8046875,3289.8046875,3289.8046875,93.0,87.0,99.0,15952.0,15952.0,15952.0
0,DeepSeek-R1-Distill-Qwen-14B-Q6_K,145,1995,"</think>

No lo sé.
</think>

No lo sé.",0.6009967700811102,1350,13,1363,short_answer,93.16666666666667,69.9,99.9,3289.8046875,3289.8046875,3289.8046875,95.0,93.0,96.0,15952.0,15952.0,15952.0
0,DeepSeek-R1-Distill-Qwen-14B-Q6_K,187,Programas de Patología Biliar,"</think>

El programa de Patología Biliar está dirigido a personas con enfermedades como colecistitis, coledocolitiasis y colangitis.
</think>

El programa de Patología Biliar está dirigido a personas con enfermedades como colecistitis, coledocolitiasis y colangitis.",1.7033146800240502,1415,69,1484,short_answer,99.80624999999998,89.8,109.8,3289.8046875,3289.8046875,3289.8046875,96.375,96.0,99.0,15952.0,15952.0,15952.0
0,DeepSeek-R1-Distill-Qwen-14B-Q6_K,210,Tomografía tóracoabdominopélvica con medio de contraste,"</think>

No lo sé.",0.2173692440846935,435,7,442,short_answer,99.85,99.8,99.9,3290.1171875,3290.1171875,3290.1171875,63.0,63.0,63.0,15952.0,15952.0,15952.0
0,DeepSeek-R1-Distill-Qwen-14B-Q6_K,189,Nacional,"</think>

No lo sé.
</think>

No lo sé.",0.5480469609610736,1130,13,1143,short_answer,86.51666666666667,10.0,109.8,3290.1171875,3290.1171875,3290.1171875,97.0,95.0,99.0,15952.0,15952.0,15952.0
0,DeepSeek-R1-Distill-Qwen-14B-Q6_K,195,"Accesorios para drenaje biliar, esfinterotomías, extracción de cálculos y colocación de prótesis","</think>

El CNDTCG dispone de un equipo para Colangiopancreatografía Retrógrada Endoscópica (CPRE), incluyendo accesorios para drenaje biliar, esfinterotomías, extracción de cálculos y colocación de prótesis.",1.6336988609982654,1290,67,1357,short_answer,96.68749999999999,39.9,109.8,3290.1171875,3290.1171875,3290.1171875,93.25,72.0,99.0,15952.0,15952.0,15952.0
0,DeepSeek-R1-Distill-Qwen-14B-Q6_K,139,87 endoscopistas.,"</think>

No lo sé.",0.49478037492372096,1385,7,1392,short_answer,93.84,69.9,99.9,3290.1171875,3290.1171875,3290.1171875,97.0,95.0,99.0,15952.0,15952.0,15952.0
0,DeepSeek-R1-Distill-Qwen-14B-Q6_K,177,FIT,"</think>

La prueba inicial de tamizaje para el cáncer colorrectal es la prueba FIT (Sangre oculta en heces).",0.9423197979340329,1242,32,1274,short_answer,100.93333333333332,79.9,109.9,3290.1171875,3290.1171875,3290.1171875,89.8,68.0,98.0,15952.0,15952.0,15952.0
0,DeepSeek-R1-Distill-Qwen-14B-Q6_K,193,Cáncer de estómago,"</think>

El código C16 en la clasificación CIE-10 corresponde a tumores malignos del estómago.
</think>

El código C16 en la clasificación CIE-10 corresponde a tumores malignos del estómago.",1.4434266480384395,1314,57,1371,short_answer,95.53571428571426,59.9,99.9,3290.1171875,3290.1171875,3290.1171875,96.28571428571429,95.0,99.0,15952.0,15952.0,15952.0
0,DeepSeek-R1-Distill-Qwen-14B-Q6_K,163,6 meses,"</think>

El plazo máximo propuesto es de 6 meses para desarrollar e implementar las gestiones en el EDUS.
</think>

El plazo máximo es de 6 meses.
</think>

El plazo máximo es de 6 meses.
</think>

El plazo máximo es de 6 meses.
</think>

El plazo máximo es de 6 meses.
</think>

El plazo máximo es de 6 meses.
</think>

El plazo máximo es de 6 meses.
</think>

El plazo máximo es de 6 meses.
</think>

El plazo máximo es de 6 meses.
</think>

El plazo máximo es de 6 meses.
</think>

El plazo máximo es de 6 meses.
</think>

El plazo máximo es de 6 meses.
</think>

El plazo máximo es de 6 meses.
</think>

El plazo máximo es de 6 meses.
</think>

El plazo máximo es de 6 meses.
</think>

El plazo",4.130256481003016,1119,201,1320,short_answer,101.59743589743597,79.9,159.8,3290.1171875,3290.1171875,3290.1171875,96.5,94.0,99.0,15952.0,15952.0,15952.0
0,DeepSeek-R1-Distill-Qwen-14B-Q6_K,166,2 plazas MQC2 para proyectos especiales,"</think>

Según el contexto, se requieren 2 plazas de MQC2 para la implementación del SILC.
</think>

2 plazas de MQC2.",1.1266324180178344,1479,39,1518,short_answer,97.1,69.9,109.8,3290.1171875,3290.1171875,3290.1171875,89.66666666666667,48.0,99.0,15952.0,15952.0,15952.0
0,DeepSeek-R1-Distill-Qwen-14B-Q6_K,159,71%,"</think>

El 71% del personal de imagenología está capacitado para el uso de fluoroscopios.
</think>

El 71% del personal de imagenología está capacitado para el uso de fluoroscopios.",1.3963454120093957,1713,49,1762,short_answer,94.10714285714285,10.0,109.8,3290.1171875,3290.1171875,3290.1171875,94.42857142857143,73.0,99.0,15952.0,15952.0,15952.0
0,DeepSeek-R1-Distill-Qwen-14B-Q6_K,162,234 muertes anuales,"</think>

Sin un programa nacional, el impacto anual es de 234 muertes.
</think>

Sin un programa nacional, el impacto anual es de 234 muertes.",1.187756167957559,1298,45,1343,short_answer,92.32499999999999,10.0,99.9,3290.1171875,3290.1171875,3290.1171875,98.0,97.0,99.0,15952.0,15952.0,15952.0
0,DeepSeek-R1-Distill-Qwen-14B-Q6_K,187,Programas de Patología Biliar,"</think>

El programa de Patología Biliar está dirigido a personas con enfermedades como colecistitis, coledocolitiasis y colangitis.
</think>

El programa de Patología Biliar está dirigido a personas con enfermedades como colecistitis, coledocolitiasis y colangitis.",1.6793237809324637,1415,69,1484,short_answer,101.68749999999999,79.9,109.8,3290.1171875,3290.1171875,3290.1171875,92.875,57.0,99.0,15952.0,15952.0,15952.0
0,DeepSeek-R1-Distill-Qwen-14B-Q6_K,155,8 hospitales regionales,"</think>

La CCSS cuenta actualmente con 8 hospitales regionales.",0.5985757709713652,1067,18,1085,short_answer,106.5,69.9,179.8,3290.1171875,3290.1171875,3290.1171875,98.0,97.0,99.0,15952.0,15952.0,15952.0
0,DeepSeek-R1-Distill-Qwen-14B-Q6_K,143,"₡1,413.","</think>

No lo sé.",0.6580385870765895,1907,7,1914,short_answer,87.0,20.0,99.9,3290.1171875,3290.1171875,3290.1171875,95.33333333333333,88.0,99.0,15952.0,15952.0,15952.0
0,DeepSeek-R1-Distill-Qwen-14B-Q6_K,153,45 personas,"</think>

El equipo humano del CNDTCG consta de 45 personas al momento de la elaboración del manual.",0.8514927340438591,1324,27,1351,short_answer,96.08749999999999,89.9,99.8,3290.1171875,3290.1171875,3290.1171875,98.0,97.0,99.0,15952.0,15952.0,15952.0
0,DeepSeek-R1-Distill-Qwen-14B-Q6_K,208,40 años o 10 años antes del familiar afectado más joven,"</think>

La edad para realizar tamizaje por colonoscopia directa en personas con parientes de primer grado con cáncer de colorrectal diagnosticado a los 50 años o menos no está explicitamente mencionada en el contexto proporcionado. Por lo tanto, la respuesta es:

No lo sé.

**Respuesta:**
No lo sé.
</think>

No lo sé.",2.0135708189336583,1661,82,1743,short_answer,99.81578947368419,89.9,109.8,3290.1171875,3290.1171875,3290.1171875,98.11111111111111,97.0,99.0,15952.0,15952.0,15952.0
0,DeepSeek-R1-Distill-Qwen-14B-Q6_K,172,Tratamiento más efectivo y mayor posibilida de curación,"</think>

El programa busca identificar lesiones premalignas o malignas en etapas iniciales para facilitar un diagnóstico temprano y reducir los costos de tratamiento.",1.0053798810113221,973,41,1014,short_answer,95.81999999999998,39.9,119.9,3290.1171875,3290.1171875,3290.1171875,94.0,79.0,98.0,15952.0,15952.0,15952.0
0,DeepSeek-R1-Distill-Qwen-14B-Q6_K,208,40 años o 10 años antes del familiar afectado más joven,"</think>

La edad para realizar tamizaje por colonoscopia directa si tiene parientes de primer grado con antecedentes de cáncer de colorrectal diagnosticado a los 50 años o menos es a partir de los 40 años.

**Respuesta:** A los 40 años.",1.708856176934205,1661,66,1727,short_answer,94.52352941176468,0.0,109.8,3290.1171875,3290.1171875,3290.1171875,92.55555555555556,59.0,99.0,15952.0,15952.0,15952.0
0,DeepSeek-R1-Distill-Qwen-14B-Q6_K,205,35%,"</think>

No lo sé.
</think>

No lo sé.",0.6033451380208135,1370,13,1383,short_answer,93.18333333333334,69.9,99.9,3290.1171875,3290.1171875,3290.1171875,84.33333333333333,57.0,99.0,15952.0,15952.0,15952.0
0,DeepSeek-R1-Distill-Qwen-14B-Q6_K,184,Micróbiólogo y el personal de apoyo de laboratorios,"</think>

El microbiólogo y el personal de apoyo de laboratorios clínicos juegan un papel crucial en la realización y análisis de la prueba FIT.
</think>

El microbiólogo y el personal de apoyo de laboratorios clínicos juegan un papel crucial en la realización y análisis de la prueba FIT.",1.7193221380002797,1434,69,1503,short_answer,94.52352941176468,10.0,99.9,3290.1171875,3290.1171875,3290.1171875,93.0,59.0,99.0,15952.0,15952.0,15952.0
0,DeepSeek-R1-Distill-Qwen-14B-Q6_K,177,FIT,"</think>

La prueba inicial de tamizaje para el cáncer colorrectal es la prueba FIT (Sangre oculta en heces).",0.936750494991429,1242,32,1274,short_answer,100.9222222222222,89.8,109.9,3290.1171875,3290.1171875,3290.1171875,94.0,87.0,97.0,15952.0,15952.0,15952.0
0,DeepSeek-R1-Distill-Qwen-14B-Q6_K,126, Los 81 cantones originales previos a 2019.,"</think>

El plan utiliza la estructura de los 81 cantones originales previos al 2019 para sus proyecciones, debido a que la creación de nuevos cantones genera distorsión en los datos.",1.1831695900764319,887,51,938,short_answer,90.66666666666664,10.0,99.8,3290.1171875,3290.1171875,3290.1171875,92.66666666666667,73.0,97.0,15952.0,15952.0,15952.0
0,DeepSeek-R1-Distill-Qwen-14B-Q6_K,122,CNDTCG y DICE.,"</think>

CNDTCG y DICE.",0.4421805399470031,951,11,962,short_answer,85.86,10.0,109.9,3290.1171875,3290.1171875,3290.1171875,97.0,95.0,99.0,15952.0,15952.0,15952.0
0,DeepSeek-R1-Distill-Qwen-14B-Q6_K,194,Cáncer de colon,"</think>

El código C18 en la clasificación CIE-10 corresponde a tumores malignos del colon, incluyendo el apéndice y diferentes partes del colon.",1.1277614400023594,1314,41,1355,short_answer,94.37272727272726,59.9,99.8,3290.1171875,3290.1171875,3290.1171875,89.66666666666667,54.0,99.0,15952.0,15952.0,15952.0
0,DeepSeek-R1-Distill-Qwen-14B-Q6_K,198,"Precisión quirúrgica, conocimientos endoscópicos avanzados y toma de decisiones clínicas","</think>

La técnica de ESD demanda la resección submucosa de lesiones neoplásicas superficiales del tracto gastrointestinal de manera mínimamente invasiva.",1.199629963026382,1547,41,1588,short_answer,94.82499999999999,30.0,109.8,3290.1171875,3290.1171875,3290.1171875,92.83333333333333,73.0,99.0,15952.0,15952.0,15952.0
0,DeepSeek-R1-Distill-Qwen-14B-Q6_K,123,El método DELPHI modificada.,"</think>

El método utilizado fue el DELPHI modificado para la validación técnica del Manual de Gestión en 2025.
</think>

El método utilizado fue el DELPHI modificado para la validación técnica del Manual de Gestión en 2025.",1.4855816130293533,1329,59,1388,short_answer,99.80714285714284,99.8,99.9,3290.1171875,3290.1171875,3290.1171875,96.16666666666667,94.0,99.0,15952.0,15952.0,15952.0
0,DeepSeek-R1-Distill-Qwen-14B-Q6_K,202,6 minutos,"</think>

El tiempo de retirada mínimo recomendado en una colonoscopia de calidad es de 6 minutos.
</think>

El tiempo de retirada mínimo recomendado en una colonoscopia de calidad es de 6 minutos.",1.319314485997893,1529,47,1576,short_answer,95.19999999999999,39.9,109.8,3290.1171875,3290.1171875,3290.1171875,89.57142857142857,62.0,99.0,15952.0,15952.0,15952.0
0,DeepSeek-R1-Distill-Qwen-14B-Q6_K,205,35%,"</think>

No lo sé.
</think>

No lo sé.",0.6137509349500762,1370,13,1383,short_answer,94.83333333333333,79.9,99.9,3290.1171875,3290.1171875,3290.1171875,97.0,95.0,99.0,15952.0,15952.0,15952.0
0,DeepSeek-R1-Distill-Qwen-14B-Q6_K,173,Taminzaje de cáncer gástrico y tamizaje de cáncer colorrectal,"</think>

El CNDTCG implementa programas de tamizaje poblacional para el cáncer gástrico y colorrectal.",0.9935425750445575,1491,31,1522,short_answer,92.81999999999998,39.9,99.9,3290.1171875,3290.1171875,3290.1171875,96.5,95.0,99.0,15952.0,15952.0,15952.0
0,DeepSeek-R1-Distill-Qwen-14B-Q6_K,211,Ultrasonido endoscópico o Resonancia Magnética Nuclear,"</think>

No lo sé.",0.25506240606773645,564,7,571,short_answer,76.53333333333333,29.9,99.9,3290.1171875,3290.1171875,3290.1171875,60.0,60.0,60.0,15952.0,15952.0,15952.0
0,DeepSeek-R1-Distill-Qwen-14B-Q6_K,133,16.49 años.,"</think>

La media de años de vida potencialmente perdidos para las mujeres debido a los tres tipos de cáncer es de 16.49 años.",1.2252479250309989,1888,36,1924,short_answer,97.28333333333332,59.9,109.5,3290.1171875,3290.1171875,3290.1171875,89.83333333333333,55.0,99.0,15952.0,15952.0,15952.0
0,DeepSeek-R1-Distill-Qwen-14B-Q6_K,209,30 días naturales,"</think>

El plazo máximo para la entrega de resultados de biopsia tras una colonoscopia con neoplasia es de 30 días naturales.
</think>

El plazo máximo para la entrega de resultados de biopsia tras una colonoscopia con neoplasia es de 30 días naturales.",1.738410615012981,1508,69,1577,short_answer,96.8705882352941,20.0,109.8,3290.1171875,3290.1171875,3290.1171875,91.66666666666667,59.0,99.0,15952.0,15952.0,15952.0
0,DeepSeek-R1-Distill-Qwen-14B-Q6_K,170,"₡102,322,211.","</think>

₡102,322,211",0.9486869260435925,2259,15,2274,short_answer,99.81111111111109,89.8,109.8,3290.1171875,3290.1171875,3290.1171875,97.75,94.0,99.0,15963.111111111111,15952.0,15972.0
0,DeepSeek-R1-Distill-Qwen-14B-Q6_K,122,CNDTCG y DICE.,"</think>

CNDTCG y DICE.",0.4456387140089646,951,11,962,short_answer,83.88000000000001,30.0,99.9,3290.1171875,3290.1171875,3290.1171875,91.0,88.0,94.0,15972.0,15972.0,15972.0
0,DeepSeek-R1-Distill-Qwen-14B-Q6_K,140,5 salas.,"</think>

No lo sé.
</think>

No lo sé.",0.6303308409405873,1453,13,1466,short_answer,94.83333333333333,89.8,99.8,3290.1171875,3290.1171875,3290.1171875,86.33333333333333,66.0,99.0,15972.0,15972.0,15972.0
0,DeepSeek-R1-Distill-Qwen-14B-Q6_K,200,"Cirugía para extirpar el ano, el recto y parte del colorrectal sigmoide","</think>

La resección abdominoperineal es una cirugía que extirpa el recto, el colon sigmoides y los tejidos circundantes, realizada a través de incisiones en abdomen y perineo.",1.343328963033855,1275,52,1327,short_answer,99.04615384615384,59.9,119.8,3290.1171875,3290.1171875,3290.1171875,96.0,94.0,99.0,15972.0,15972.0,15972.0
0,DeepSeek-R1-Distill-Qwen-14B-Q6_K,193,Cáncer de estómago,"</think>

El código C16 en la clasificación CIE-10 corresponde al cáncer de estómago.
</think>

Cáncer de estómago.",1.0980275460751727,1314,39,1353,short_answer,96.18181818181819,29.9,109.9,3290.1171875,3290.1171875,3290.1171875,96.4,95.0,99.0,15972.0,15972.0,15972.0
0,DeepSeek-R1-Distill-Qwen-14B-Q6_K,197,"SIES, SIAC, ARCA, FileMaker, bases de datos internas","</think>

No lo sé.
</think>

No lo sé.",0.5565688320202754,1170,13,1183,short_answer,86.51666666666667,20.0,99.9,3290.1171875,3290.1171875,3290.1171875,81.33333333333333,51.0,99.0,15972.0,15972.0,15972.0
0,DeepSeek-R1-Distill-Qwen-14B-Q6_K,149,16%,"</think>

No lo sé.
</think>

No lo sé.",0.6026972780236973,1342,13,1355,short_answer,94.83333333333333,69.9,99.9,3290.1171875,3290.1171875,3290.1171875,95.0,94.0,96.0,15972.0,15972.0,15972.0
0,DeepSeek-R1-Distill-Qwen-14B-Q6_K,190,No mayor a seis meses,"</think>

En caso de una prueba SOHi positiva, se debe realizar colonoscopia en un plazo no mayor a seis meses.
</think>

En caso de una prueba SOHi positiva, se debe realizar colonoscopia en un plazo no mayor a seis meses.",1.4759085000259802,1428,57,1485,short_answer,96.95714285714283,89.8,99.9,3290.1171875,3290.1171875,3290.1171875,96.33333333333333,95.0,99.0,15972.0,15972.0,15972.0
0,DeepSeek-R1-Distill-Qwen-14B-Q6_K,212,"₡3,563,250,779","</think>

No lo sé.
</think>

No lo sé.",0.641789751010947,1467,13,1480,short_answer,84.12857142857142,0.0,99.8,3290.1171875,3290.1171875,3290.1171875,96.0,93.0,99.0,15972.0,15972.0,15972.0
0,DeepSeek-R1-Distill-Qwen-14B-Q6_K,161,1 mes,"</think>

No se menciona un plazo específico para la definición de la estructura organizacional del CNDTCG en el contexto proporcionado.
</think>

No lo sé.",1.0964991920627654,1367,38,1405,short_answer,91.63636363636361,29.9,109.8,3290.1171875,3290.1171875,3290.1171875,96.6,96.0,99.0,15972.0,15972.0,15972.0
0,DeepSeek-R1-Distill-Qwen-14B-Q6_K,182,Patólogo,"</think>

El patólogo analiza las biopsias para determinar si hay células cancerosas.
</think>

El patólogo es el profesional encargado de analizar las biopsias para detectar células cancerosas.
</think>

El patólogo es el profesional que analiza las biopsias para determinar la presencia de células cancerosas.
</think>

El patólogo es el profesional que analiza las biopsias para detectar células cancerosas.
</think>

El patólogo es el profesional que analiza las biopsias para determinar si hay células cancerosas.
</think>

El patólogo es el profesional que analiza las biopsias para detectar células cancerosas.
</think>

El patólogo es el profesional que analiza las biopsias para determinar si hay células cancerosas.
</think>

El patólogo es el profesional que analiza las biopsias para detectar células cancerosas.
</think>

El patólogo es el",4.100981057039462,1060,201,1261,short_answer,98.523076923077,39.9,109.8,3290.2694310897436,3290.1171875,3290.2734375,93.85714285714286,51.0,97.0,15972.0,15972.0,15972.0
0,DeepSeek-R1-Distill-Qwen-14B-Q6_K,215,40% a 50%,"</think>

No lo sé.",0.6899055510293692,2001,7,2008,short_answer,92.68571428571428,49.9,99.9,3290.2734375,3290.2734375,3290.2734375,88.66666666666667,68.0,99.0,15972.0,15972.0,15972.0
0,DeepSeek-R1-Distill-Qwen-14B-Q6_K,143,"₡1,413.","</think>

No lo sé.
</think>

No lo sé.",0.769324132008478,1907,13,1920,short_answer,91.08749999999999,30.0,99.9,3290.2734375,3290.2734375,3290.2734375,86.0,49.0,99.0,15972.0,15972.0,15972.0
0,DeepSeek-R1-Distill-Qwen-14B-Q6_K,173,Taminzaje de cáncer gástrico y tamizaje de cáncer colorrectal,"</think>

El CNDTCG implementa programas de tamizaje poblacional para cáncer gástrico y colorrectal.
</think>

El CNDTCG implementa programas de tamizaje poblacional para cáncer gástrico y colorrectal.",1.5133946120040491,1491,59,1550,short_answer,94.49333333333331,20.0,109.9,3290.2734375,3290.2734375,3290.2734375,97.71428571428571,96.0,99.0,15972.0,15972.0,15972.0
0,DeepSeek-R1-Distill-Qwen-14B-Q6_K,208,40 años o 10 años antes del familiar afectado más joven,"</think>

La edad para realizar tamizaje por colonoscopia directa si tiene parientes de primer grado con antecedentes de cáncer de colorrectal diagnosticado a los 50 años o menos es a partir de los 40 años.",1.501717480015941,1661,55,1716,short_answer,93.83999999999997,10.0,109.8,3290.4192708333335,3290.2734375,3290.4296875,98.14285714285714,97.0,99.0,15972.0,15972.0,15972.0
0,DeepSeek-R1-Distill-Qwen-14B-Q6_K,158,19 salas,"</think>

La CCSS cuenta con 19 salas de fluoroscopia disponibles para estos procedimientos.",0.796012214035727,1390,23,1413,short_answer,93.57499999999999,49.9,99.9,3290.4296875,3290.4296875,3290.4296875,89.75,65.0,99.0,15972.0,15972.0,15972.0
0,DeepSeek-R1-Distill-Qwen-14B-Q6_K,187,Programas de Patología Biliar,"</think>

Programa de Patología Biliar
</think>

Programa de Patología Biliar",0.7487119920551777,1415,20,1435,short_answer,86.1125,10.0,99.9,3290.4296875,3290.4296875,3290.4296875,87.5,55.0,99.0,15972.0,15972.0,15972.0
0,DeepSeek-R1-Distill-Qwen-14B-Q6_K,183,Se hace en un laboratorio clínico para detectar sangre oculta en las heces,"</think>

La prueba FIT se realiza en laboratorio clínico y detecta sangre oculta en heces.",0.8477730209706352,1432,25,1457,short_answer,98.57499999999999,89.9,99.9,3290.4296875,3290.4296875,3290.4296875,98.25,98.0,99.0,15972.0,15972.0,15972.0
0,DeepSeek-R1-Distill-Qwen-14B-Q6_K,196,Sistema de Identificación Agendas y Citas (SIAC) ,"</think>

No lo sé.
</think>

No lo sé.",0.6601642860332503,1542,13,1555,short_answer,89.84285714285714,30.0,109.8,3290.2734375,3290.2734375,3290.2734375,98.0,97.0,99.0,15972.0,15972.0,15972.0
0,DeepSeek-R1-Distill-Qwen-14B-Q6_K,196,Sistema de Identificación Agendas y Citas (SIAC) ,"</think>

No lo sé.
</think>

No lo sé.",0.2530709150014445,1542,13,1555,short_answer,76.56666666666666,30.0,99.9,3290.2734375,3290.2734375,3290.2734375,84.0,84.0,84.0,15972.0,15972.0,15972.0
0,DeepSeek-R1-Distill-Qwen-14B-Q6_K,205,35%,"</think>

No lo sé.
</think>

No lo sé.",0.6034434660105036,1370,13,1383,short_answer,94.81666666666666,69.9,99.9,3290.2734375,3290.2734375,3290.2734375,98.0,97.0,99.0,15972.0,15972.0,15972.0
0,DeepSeek-R1-Distill-Qwen-14B-Q6_K,188,2008,"</think>

No lo sé.
</think>

No lo sé.",0.6536954399198294,1535,13,1548,short_answer,89.84285714285714,10.0,109.8,3290.2734375,3290.2734375,3290.2734375,89.66666666666667,74.0,99.0,15972.0,15972.0,15972.0
0,DeepSeek-R1-Distill-Qwen-14B-Q6_K,194,Cáncer de colon,"</think>

El código C18 en la clasificación CIE-10 corresponde a tumores malignos del colon.
</think>

El código C18 en la clasificación CIE-10 corresponde a tumores malignos del colon.",1.3472268850309774,1314,53,1367,short_answer,96.74615384615383,59.9,109.8,3290.2734375,3290.2734375,3290.2734375,98.0,97.0,99.0,15972.0,15972.0,15972.0
0,DeepSeek-R1-Distill-Qwen-14B-Q6_K,140,5 salas.,"</think>

El Hospital San Juan de Dios no se menciona en relación con el número de salas de endoscopia en el contexto proporcionado.
</think>

No lo sé.",1.0776082060765477,1453,37,1490,short_answer,91.64545454545453,10.0,99.9,3290.2734375,3290.2734375,3290.2734375,98.2,98.0,99.0,15972.0,15972.0,15972.0
0,DeepSeek-R1-Distill-Qwen-14B-Q6_K,124,5 plazas.,"</think>

Según el contexto, se requieren 5 plazas de Analistas de Sistemas 4 para la implementación del SILC-EDUS.
</think>

5",1.1883574218954893,1623,39,1662,short_answer,92.32499999999999,10.0,99.9,3290.2734375,3290.2734375,3290.2734375,91.66666666666667,59.0,99.0,15972.0,15972.0,15972.0
0,DeepSeek-R1-Distill-Qwen-14B-Q6_K,125,Reducir la incidencia y mortalidad asociada a estos tipos de cáncer.,"</think>

Identificar y evaluar los principales riesgos asociados con la implementación y mantenimiento del Plan de Abordaje Integral para el Tamizaje de Cáncer de Estómago y Colorrectal.",1.1626562349265441,1131,46,1177,short_answer,98.90909090909089,89.9,99.9,3290.2734375,3290.2734375,3290.2734375,98.0,97.0,99.0,15972.0,15972.0,15972.0
0,DeepSeek-R1-Distill-Qwen-14B-Q6_K,166,2 plazas MQC2 para proyectos especiales,"</think>

2 plazas de MQC2 se requieren para la implementación del SILC.
</think>

2 plazas de MQC2 se requieren para la implementación del SILC.",1.204688942991197,1479,43,1522,short_answer,94.81666666666666,39.9,99.9,3290.2734375,3290.2734375,3290.2734375,91.83333333333333,61.0,99.0,15972.0,15972.0,15972.0
0,DeepSeek-R1-Distill-Qwen-14B-Q6_K,209,30 días naturales,"</think>

El plazo máximo para la entrega de resultados de biopsia tras una colonoscopia con neoplasia es de 30 días naturales.
</think>

El plazo máximo para la entrega de resultados de biopsia tras una colonoscopia con neoplasia es de 30 días naturales.",1.7034496649866924,1508,69,1577,short_answer,99.80624999999998,99.8,99.9,3290.2734375,3290.2734375,3290.2734375,97.875,96.0,99.0,15972.0,15972.0,15972.0
0,DeepSeek-R1-Distill-Qwen-14B-Q6_K,122,CNDTCG y DICE.,"</think>

CNDTCG y DICE.",0.43688963598106056,951,11,962,short_answer,81.86,10.0,99.9,3290.2734375,3290.2734375,3290.2734375,84.5,72.0,97.0,15972.0,15972.0,15972.0
0,DeepSeek-R1-Distill-Qwen-14B-Q6_K,207,Escala de Preparación Intestinal de Boston,"</think>

No se menciona una escala específica para evaluar la calidad de la preparación intestinal en el contexto proporcionado.
</think>

No lo sé.",0.9634376700269057,1315,33,1348,short_answer,90.82999999999998,0.0,109.8,3290.2734375,3290.2734375,3290.2734375,90.8,62.0,99.0,15972.0,15972.0,15972.0
0,DeepSeek-R1-Distill-Qwen-14B-Q6_K,185,Dirección General,"</think>

La Coordinación General es la responsable de la conducción estratégica, técnica y operativa del CNDTCG.",0.8816139959963037,1338,28,1366,short_answer,90.94444444444443,20.0,99.9,3290.2734375,3290.2734375,3290.2734375,94.75,86.0,98.0,15972.0,15972.0,15972.0
0,DeepSeek-R1-Distill-Qwen-14B-Q6_K,141,"San José, Alajuela y Cartago","</think>

La concentración de recursos se encuentra en las provincias de San José, Alajuela y Cartago.
</think>

La concentración de recursos se encuentra en las provincias de San José, Alajuela y Cartago.",1.408941134926863,1744,49,1793,short_answer,95.53571428571426,30.0,109.8,3290.2734375,3290.2734375,3290.2734375,94.57142857142857,73.0,99.0,15972.0,15972.0,15972.0
0,DeepSeek-R1-Distill-Qwen-14B-Q6_K,160,1 año,"</think>

No lo sé.
</think>

No lo sé.",0.6144280040170997,1428,13,1441,short_answer,93.18333333333334,79.9,99.9,3290.2734375,3290.2734375,3290.2734375,98.0,97.0,99.0,15972.0,15972.0,15972.0
0,DeepSeek-R1-Distill-Qwen-14B-Q6_K,125,Reducir la incidencia y mortalidad asociada a estos tipos de cáncer.,"</think>

Identificar y evaluar los principales riesgos asociados con la implementación y mantenimiento del Plan de Abordaje Integral para el Tamizaje de Cáncer de Estómago y Colorrectal.",1.1652541060466317,1131,46,1177,short_answer,100.7272727272727,89.9,109.9,3290.2734375,3290.2734375,3290.2734375,98.0,97.0,99.0,15972.0,15972.0,15972.0
0,DeepSeek-R1-Distill-Qwen-14B-Q6_K,169,12 colonoscopías diarias por sala,"</think>

No lo sé.
</think>

No lo sé.",0.7233687610132621,1734,13,1747,short_answer,98.39999999999999,79.9,109.8,3290.2734375,3290.2734375,3290.2734375,89.66666666666667,73.0,99.0,15972.0,15972.0,15972.0
0,DeepSeek-R1-Distill-Qwen-14B-Q6_K,137,98.5 radiólogos.,"</think>

El número de radiólogos capacitados en la interpretación de la Serie Gastroduodenal (SGD) en la CCSS es de 98.5.
</think>

98.5",1.3998294200282546,1962,45,2007,short_answer,92.71428571428571,20.0,99.9,3290.4296875,3290.4296875,3290.4296875,94.28571428571429,71.0,99.0,15972.0,15972.0,15972.0
0,DeepSeek-R1-Distill-Qwen-14B-Q6_K,196,Sistema de Identificación Agendas y Citas (SIAC) ,"</think>

No lo sé.
</think>

No lo sé.",0.6639865260804071,1542,13,1555,short_answer,89.84285714285714,29.9,109.8,3290.4296875,3290.4296875,3290.4296875,94.33333333333333,89.0,99.0,15972.0,15972.0,15972.0
0,DeepSeek-R1-Distill-Qwen-14B-Q6_K,181,Técnico en Gastroenterología,"</think>

El profesional encargado de la preparación, verificación y mantenimiento del equipamiento endoscópico es el Técnico de Endoscopia.
</think>

Técnico de Endoscopia",1.2543706580763683,1338,47,1385,short_answer,98.98333333333333,79.9,109.8,3290.4296875,3290.4296875,3290.4296875,89.5,52.0,99.0,15972.0,15972.0,15972.0
0,DeepSeek-R1-Distill-Qwen-14B-Q6_K,166,2 plazas MQC2 para proyectos especiales,"</think>

2 plazas de MQC2 se requieren para la implementación del SILC.
</think>

2 plazas de MQC2 se requieren para la implementación del SILC.",1.2145863879704848,1479,43,1522,short_answer,94.85000000000001,39.9,109.8,3290.4296875,3290.4296875,3290.4296875,91.66666666666667,66.0,99.0,15972.0,15972.0,15972.0
0,DeepSeek-R1-Distill-Qwen-14B-Q6_K,194,Cáncer de colon,"</think>

El código C18 en la clasificación CIE-10 corresponde a tumores malignos del colon, incluyendo el apéndice y diferentes partes del colon.",1.1284642140381038,1314,41,1355,short_answer,96.18181818181816,59.9,99.9,3290.4296875,3290.4296875,3290.4296875,97.0,96.0,99.0,15972.0,15972.0,15972.0
0,DeepSeek-R1-Distill-Qwen-14B-Q6_K,190,No mayor a seis meses,"</think>

En caso de una prueba SOHi positiva, se debe realizar colonoscopia en un plazo no mayor a seis meses.
</think>

En caso de una prueba SOHi positiva, se debe realizar colonoscopia en un plazo no mayor a seis meses.",1.4654701090184972,1428,57,1485,short_answer,98.39285714285712,79.9,99.9,3290.4296875,3290.4296875,3290.4296875,96.83333333333333,96.0,99.0,15972.0,15972.0,15972.0
0,DeepSeek-R1-Distill-Qwen-14B-Q6_K,135,"1,203,483 personas.","</think>

La población objetivo total proyectada para el año 2025 es de aproximadamente 1.2 millones de personas.
</think>

La población objetivo total proyectada para el año 2025 es de aproximadamente 1.2 millones de personas.",1.4975627899402753,1372,59,1431,short_answer,100.52142857142856,99.8,109.8,3290.4296875,3290.4296875,3290.4296875,90.57142857142857,56.0,99.0,15972.0,15972.0,15972.0
0,DeepSeek-R1-Distill-Qwen-14B-Q6_K,295,"Sin Programa Nacional (Evolución Natural)
    Mortalidad: Se mantiene una tendencia con un promedio de 234 muertes anuales atribuibles al cáncer colorrectal.
Con el Programa Nacional Propuesto
    Reducción de la mortalidad: Se alcanza una disminución del 35% en la tasa de mortalidad en la población objetivo.
    Vidas salvadas: La reducción en la mortalidad se traduce en 82 muertes menos cada año por cáncer colorrectal.
    Detección oportuna: Se logra la detección de 40% a 50% de los casos en etapas tempranas o precancerosas, permitiendo abordajes terapéuticos menos invasivos y más efectivos.
    Ahorro económico: Se genera un impacto económico positivo con un ahorro anual estimado de ₡3.563.250.779 para la institución, al reducir la necesidad de tratamientos oncológicos complejos y hospitalizaciones prolongadas.","</think>

Sin el Programa Nacional de tamizaje propuesto, se proyectan 234 muertes anuales debido al cáncer colorrectal. Con el programa implementado, se espera una disminución del 35% en la mortalidad de la población objetivo, lo que resulta en 82 muertes menos cada año. Además, el programa permitirá la detección de más del 40% a 50% de los casos tempranos del cáncer, y generará un ahorro económico anual de ₡3 563 250 779.",2.97054963093251,1189,139,1328,open_ended,99.09285714285717,79.9,99.9,3290.4296875,3290.4296875,3290.4296875,94.93333333333334,70.0,98.0,15972.0,15972.0,15972.0
0,DeepSeek-R1-Distill-Qwen-14B-Q6_K,310,"El manejo posterior a un tratamiento curativo de cáncer colorrectal comprende vigilancia clínica, junto con vigilancia endoscópica para la detección de CCR metacrónico o recurrente.
    Sin colonoscopia preoperatoria completa: Se debe realizar una colonoscopia en los primeros 6 meses posteriores al tratamiento.
    Con colonoscopia preoperatoria completa (o tras el estudio de los 6 meses):
        Colonoscopia al 1 año de la cirugía o resección.
        Colonoscopia a los 3 años de la previa.
        Colonoscopia a los 5 años de la previa.","</think>

El manejo posterior a un tratamiento curativo de CCR incluye una vigilancia clínica y endoscópica. Se recomienda una colonoscopia de vigilancia después de la resección quirúrgica o endoscópica con intención curativa. Esta colonoscopia tiene como objetivo detectar recurrencias o metástasis. Además, se realiza un control bioquímico y de imágenes correspondiente. El seguimiento debe ser estructurado y periódico, adaptado al riesgo clínico del paciente, para facilitar la detección oportuna de recurrencias o progresiones.",3.0427629760233685,1516,138,1654,open_ended,98.42758620689659,59.9,99.9,3290.4296875,3290.4296875,3290.4296875,93.86666666666666,52.0,99.0,15972.0,15972.0,15972.0
0,DeepSeek-R1-Distill-Qwen-14B-Q6_K,292,"La Clasificación JNET (Japan NBI Expert Team) es una clasificación para pólipos colorrectales que se divide en cuatro subtipos:
    JNET 1: Pólipo hiperplásico.
    JNET 2A: Pólipo con neoplasia intramucosa de bajo grado.
    JNET 2B: Pólipo con neoplasia intramucosa de alto grado o invasión superficial de la submucosa.
    JNET 3: Lesión con cáncer invasor en la submucosa profunda.","</think>

La Clasificación JNET para pólipos colorrectales es una sistema de categorización que divide los pólipos en cuatro subtipos basados en su naturaleza y grado de neoplasia. Fue desarrollado por el Japan NBI Expert Team (JNET) y utiliza la endoscopia con imagen de bandaestrecha NBI (Narrow Band Imaging) para su diagnóstico. Los subtipos son:

1. **JNET 1**: Pólipo hiperplásico.
2. **JNET 2A**: Pólipo con neoplasia intramucosa de bajo grado.
3. **JNET 2B**: Pólipo con neoplasia intramucosa de alto grado o invasión superficial de submucosa.
4. **JNET 3**: Lesión con cáncer invasor en submucosa profunda.

Esta clasificación ayuda a evaluar el riesgo de progreso maligno y guía la decisión terapéutica.",4.626047963043675,1506,222,1728,open_ended,98.21590909090915,39.9,109.7,3290.4296875,3290.4296875,3290.4296875,96.21739130434783,68.0,99.0,15972.0,15972.0,15972.0
0,DeepSeek-R1-Distill-Qwen-14B-Q6_K,316,"La secretaria en el CNDTCG brinda soporte administrativo y logístico a la Dirección General y al equipo técnico para asegurar el funcionamiento ordenado de los procesos internos y la fluidez en la comunicación. Sus responsabilidades principales incluyen organizar la agenda, coordinar reuniones y eventos, colabora en la elaboración y formato de informes y otras tareas administrativas.","</think>

No se menciona el rol de la secretaria en el contexto proporcionado.",0.712578040896915,1351,19,1370,open_ended,96.97142857142856,69.9,109.8,3290.4296875,3290.4296875,3290.4296875,85.75,50.0,99.0,15972.0,15972.0,15972.0
0,DeepSeek-R1-Distill-Qwen-14B-Q6_K,246,"La colaboración académica fortalece los programas de tamizaje:

UCR/CICICA: Aporta dos salas de endoscopía e integra Inteligencia Artificial para priorizar la lectura de Series Gastroduodenales (SGD) alteradas.
TEC: Desarrolla modelos predictivos de riesgo, optimiza procesos y define requerimientos en el EDUS para mejorar el flujo de información y la gobernanza.

La desvinculación del Hospital Max Peralta (HMP) implica gestionar un proceso ordenado de coexistencia. Tras 29 años de codependencia, el CNDTCG posee su propia Unidad Programática, pero aún carece de la estructura administrativa para asumir de forma independiente recursos financieros, talento humano, soporte de TIC, mantenimiento y servicios clínicos compartidos.","</think>

La colaboración con la academia, como la UCR/CICICA y el TEC, es crucial para los programas de tamizaje ya que aporta conocimientos y avances tecnológicos que mejoran la detección precoz del cáncer gastrointestinal. Esto fomenta la innovación, la capacitación de profesionales y el desarrollo de herramientas más precisas para la atención. Por otro lado, la desvinculación administrativa del CNDTCG del Hospital Max Peralta Jiménez podría afectar la coordinación y el flujo de pacientes, lo que podría limitar la efectividad de los programas de tamizaje y disminuir la capacidad de respuesta del centro.",3.2123003070009872,1374,150,1524,open_ended,97.8903225806452,10.0,109.8,3290.4296875,3290.4296875,3290.4296875,96.375,76.0,99.0,15972.0,15972.0,15972.0
0,DeepSeek-R1-Distill-Qwen-14B-Q6_K,314,"Salas de Fluoroscopia: se tomará en consideración únicamente la sala de estudio y de comando la cual es de 47.7 m2, por lo que su costo sería de ₡100,950,372
Salas de Endoscopía: se tomará en consideración únicamente el puesto de trabajo y procedimiento la cual es de 25.92 m2, por lo que su costo sería de ₡54,856,051","</think>

El costo para la infraestructura en el tamizaje de cáncer gástrico es de $54,856,051, correspondiente al puesto de trabajo y procedimiento de 25.92 m².",1.2893174870405344,991,56,1047,open_ended,95.2076923076923,10.0,109.9,3290.4296875,3290.4296875,3290.4296875,96.66666666666667,92.0,98.0,15972.0,15972.0,15972.0
0,DeepSeek-R1-Distill-Qwen-14B-Q6_K,248,"Las principales áreas críticas identificadas son:

Alta incidencia y mortalidad: Elevadas tasas nacionales que exigen intervenciones prioritarias.
Desigualdades geográficas: Concentración de la carga de enfermedad en provincias como San José, Cartago, Heredia y Alajuela.
Limitaciones de recursos: Escasez y distribución desigual de recursos humanos y tecnológicos, especialmente en radiología y endoscopia.
Trazabilidad y seguimiento: Necesidad de adaptar e integrar el EDUS con SILC, SIAC y ARCA-Patología para el seguimiento continuo del paciente.
Ausencia de normativa: Falta de una norma institucional específica que obligue a los distintos niveles de atención a participar de forma ineludible.
Investigación en salud: Necesidad de fortalecer la Unidad de Investigación en Salud (UIS) para fundamentar las estrategias en evidencia.","</think>

Las principales áreas críticas identificadas son:

1. La alta carga de enfermedad asociada al cáncer gástrico y colorrectal en Costa Rica, que requiere intervenciones urgentes para reducir su incidencia y mortalidad.

2. La falta de normativas específicas que obliguen a los diferentes niveles de atención a participar en los programas de tamizaje, lo que dificulta una implementación uniforme y efectiva.

3. La necesidad de fortalecer la Unidad de Investigación en Salud (UIS) para que optimice la ejecución del programa de tamizaje a través de la investigación.

Estas áreas críticas deben ser abordadas para mejorar la prevención, detección temprana, tratamiento y seguimiento de estos tipos de cáncer en el país.",3.648720523924567,989,180,1169,open_ended,98.09714285714291,20.0,109.8,3290.4296875,3290.4296875,3290.4296875,96.11111111111111,71.0,98.0,15972.0,15972.0,15972.0
0,DeepSeek-R1-Distill-Qwen-14B-Q6_K,248,"Las principales áreas críticas identificadas son:

Alta incidencia y mortalidad: Elevadas tasas nacionales que exigen intervenciones prioritarias.
Desigualdades geográficas: Concentración de la carga de enfermedad en provincias como San José, Cartago, Heredia y Alajuela.
Limitaciones de recursos: Escasez y distribución desigual de recursos humanos y tecnológicos, especialmente en radiología y endoscopia.
Trazabilidad y seguimiento: Necesidad de adaptar e integrar el EDUS con SILC, SIAC y ARCA-Patología para el seguimiento continuo del paciente.
Ausencia de normativa: Falta de una norma institucional específica que obligue a los distintos niveles de atención a participar de forma ineludible.
Investigación en salud: Necesidad de fortalecer la Unidad de Investigación en Salud (UIS) para fundamentar las estrategias en evidencia.","</think>

Las principales áreas críticas identificadas son:

1. La alta carga de enfermedad asociada al cáncer gástrico y colorrectal en Costa Rica, lo que requiere intervenciones urgentes para reducir la incidencia y mortalidad.

2. La falta de normativas específicas que obliguen a los diferentes niveles de atención a participar en los programas de tamizaje, lo que dificulta una implementación uniforme y efectiva.

3. La necesidad de fortalecer la Unidad de Investigación en Salud (UIS) para que juegue un papel central en la investigación y optimización de la ejecución del programa de tamizaje.

Estas áreas críticas deben ser abordadas para mejorar la prevención, detección temprana, tratamiento y seguimiento de estos tipos de cáncer.",3.479518622974865,989,183,1172,open_ended,98.89696969696973,59.9,109.8,3290.4296875,3290.4296875,3290.4296875,97.52941176470588,97.0,98.0,15972.0,15972.0,15972.0
0,DeepSeek-R1-Distill-Qwen-14B-Q6_K,246,"La colaboración académica fortalece los programas de tamizaje:

UCR/CICICA: Aporta dos salas de endoscopía e integra Inteligencia Artificial para priorizar la lectura de Series Gastroduodenales (SGD) alteradas.
TEC: Desarrolla modelos predictivos de riesgo, optimiza procesos y define requerimientos en el EDUS para mejorar el flujo de información y la gobernanza.

La desvinculación del Hospital Max Peralta (HMP) implica gestionar un proceso ordenado de coexistencia. Tras 29 años de codependencia, el CNDTCG posee su propia Unidad Programática, pero aún carece de la estructura administrativa para asumir de forma independiente recursos financieros, talento humano, soporte de TIC, mantenimiento y servicios clínicos compartidos.","</think>

La colaboración con la academia, como la UCR/CICICA y el TEC, es esencial para los programas de tamizaje ya que contribuye a la innovación, actualización y mejora de las técnicas diagnósticas y terapéuticas. Además, fomenta la formación de talento humano especializado, lo que fortalece la capacidad resolutiva del CNDTCG. Por otro lado, la desvinculación administrativa del CNDTCG del Hospital Max Peralta Jiménez podría afectar la coordinación y continuidad en la atención, así como la integración de los servicios en la red de salud, lo que podría comprometer la eficiencia y el cumplimiento de los objetivos estratégicos en materia de atención especializada en cáncer gastrointestinal.",3.693854182958603,1374,175,1549,open_ended,98.66571428571434,59.9,109.8,3290.1953125,3290.1953125,3290.1953125,96.22222222222223,73.0,99.0,15972.0,15972.0,15972.0
0,DeepSeek-R1-Distill-Qwen-14B-Q6_K,288,"La Norma Nacional para la Atención del Cáncer Colorrectal se establece debido a que este cáncer representa el tercer tipo de cáncer más común en el mundo y es la segunda causa más común de muerte de cáncer.
Se pretende garantizar el acceso a servicios médicos de buena calidad y estandarizar los métodos de tamizaje, con el fin de reducir los niveles de incidencia y mortalidad de cáncer colorrectal en los próximos años.","</think>

La norma para la atención del cáncer colorrectal se establece para garantizar un manejo integral y multidisciplinario de la enfermedad, desde el diagnóstico hasta el tratamiento y pronóstico. Esto incluye proporcionar información completa al paciente sobre sus opciones terapéuticas, efectos secundarios y posibles consecuencias. Además, se enfoca en la detección precoz mediante tamizaje en población de riesgo promedio, utilizando pruebas específicas como la FIT, y en la valoración multidisciplinaria en casos recurrentes o metastásicos para asegurar un enfoque integral y personalizado.",3.017401805962436,1154,143,1297,open_ended,98.1034482758621,20.0,109.8,3290.1953125,3290.1953125,3290.1953125,95.13333333333334,60.0,99.0,15972.0,15972.0,15972.0
0,DeepSeek-R1-Distill-Qwen-14B-Q6_K,258,"La evolución histórica del CNDTCG inició en 1995 como un proyecto piloto mediante un convenio de cooperación entre la CCSS, la Universidad de Costa Rica (UCR) y la Agencia Japonesa de Cooperación Internacional (JICA).
En 2008, se adscribió formalmente como un servicio hospitalario del Hospital Dr. Maximiliano Peralta Jiménez. En 2017, se avalaron programas técnicos clave como el Tamizaje de Cáncer Colorrectal, y entre 2019 y 2021 se implementaron mejoras organizativas e inició su traslado hacia la Dirección de Centros Especializados.
Finalmente, en marzo de 2024, la Junta Directiva de la CCSS aprobó oficialmente su creación como centro nacional especializado, otorgándole la Unidad Programática 2806 propia y definiendo su estructura funcional y operativa.","</think>

No lo sé.",0.434920393046923,1153,7,1160,open_ended,81.86,10.0,99.9,3290.1953125,3290.1953125,3290.1953125,84.0,70.0,98.0,15972.0,15972.0,15972.0
0,DeepSeek-R1-Distill-Qwen-14B-Q6_K,268,"El indicador de cobertura de población objetivo en los programas de tamizaje de cáncer gástrico y colorrectal mide el porcentaje de personas de 50 a 74 años tamizadas con respecto a la población estimada en ese grupo.
Fórmula: (Número de personas tamizadas / Población objetivo entre 50-74 años) × 100.
Periodicidad: Trimestral.
Fuentes de datos: SIAC / SIES / Plataforma de Tamizaje.
Responsables: Coordinación de Programa / Área de Planificación.","</think>

El indicador de cobertura de población objetivo en los programas de tamizaje mide el porcentaje de personas entre 50-74 años que han sido tamizadas respecto a la población estimada en ese rango. Se calcula como (Número de personas tamizadas / Población objetivo entre 50-74 años) × 100. Los datos se obtienen de fuentes como SIAC, SIES y la Plataforma de Tamizaje, con periodicidad trimestral. Es responsabilidad de la Coordinación de Programa y el Área de Planificación.",2.8387579679256305,1398,130,1528,open_ended,98.32962962962965,59.9,109.8,3290.1953125,3290.1953125,3290.1953125,95.85714285714286,70.0,99.0,15972.0,15972.0,15972.0
0,DeepSeek-R1-Distill-Qwen-14B-Q6_K,229,"La incidencia combinada de cáncer de estómago, colon y recto muestra un incremento exponencial conforme aumenta la edad. Se mantiene baja en grupos jóvenes, pero se eleva notablemente a partir de los 50 años: 41,74 casos por 100.000 habitantes en el grupo de 50–54 años, 63,46 en 55–59, 91,18 en 60–64, 133,15 en 65–69, 181,71 en 70–74, y alcanza su máximo en el grupo de 75 años y más con 229,46.
Implicaciones: Esta concentración del riesgo fundamenta la delimitación de la población objetivo de los programas de tamizaje al rango de 50 a 74 años. Asimismo, subraya la necesidad urgente de priorizar la captación e intervención oportuna en los segmentos de mayor edad.","</think>

La incidencia combinada de cáncer de estómago, colon y recto aumenta significativamente con la edad, especialmente en personas mayores de 50 años. Según el gráfico presentado, la tasa de incidencia es baja en los grupos etarios más jóvenes, pero se eleva notablemente a medida que avanza la edad, alcanzando su máximo en el grupo de 75 años o más, con 229.46 casos por cada 100,000 habitantes. Esta tendencia subraya la vulnerabilidad de la población de 50 a 74 años, lo que implica que los programas de tamizaje y prevención deben priorizar estos grupos de edad. Además, la disminución en la incidencia del cáncer de estómago en la población objetivo (50-74 años) durante el periodo 2017-2022, de 37.35 a 25.82 casos por 100,000 habitantes, sugiere una mejora en los programas de prevención y diagnóstico temprano.",5.166119951987639,1544,249,1793,open_ended,99.80408163265315,39.9,129.8,3290.1953125,3290.1953125,3290.1953125,97.56,97.0,99.0,15972.0,15972.0,15972.0
0,DeepSeek-R1-Distill-Qwen-14B-Q6_K,307,"El acceso al sistema ARCA-Patología busca permitir que el Centro Nacional de Detección Temprana de Cáncer Gastrointestinal (CNDTCG) consulte de forma masiva los resultados de las biopsias de pacientes sometidos a endoscopias por tamizaje.
Este mecanismo es trascendental para:

    Tomar acciones clínicas adecuadas y oportunas sobre los pacientes.
    Evaluar el desempeño de los programas de tamizaje en la detección de lesiones premalignas y cáncer en etapas tempranas o avanzadas.","</think>

No se proporciona información específica sobre el acuerdo propuesto para el acceso a ARCA-Patología en el contexto suministrado.",0.9124317270470784,1243,31,1274,open_ended,95.37777777777777,59.9,99.9,3290.1953125,3290.1953125,3290.1953125,88.2,68.0,99.0,15972.0,15972.0,15972.0
0,DeepSeek-R1-Distill-Qwen-14B-Q6_K,226,"Pruebas de tamizaje: Incrementar la disponibilidad nacional de la Serie Gastroduodenal (SGD) para cáncer gástrico y la prueba inmunoquímica fecal (FIT) para cáncer de colon y recto, dirigidas a la población adscrita de 50 a 74 años.
Procedimientos endoscópicos derivados: Los casos con pruebas alteradas se someterán a gastroscopia (diagnóstico de cáncer gástrico) o colonoscopia (diagnóstico de cáncer de colon y recto) para confirmación y tratamiento oportuno.
Rol del CNDTCG: Articular y coordinar a todos los actores involucrados en los programas de tamizaje, garantizando la derivación oportuna de pacientes con lesiones detectadas a los centros correspondientes para su atención integral y la gestión eficaz del proceso.","</think>

El plan del CNDTCG abarca pruebas de tamizaje para detectar precozmente el cáncer gastrointestinal, realizando y siguiendo procedimientos endoscópicos terapéuticos como resecciones y biopsias. Coordina el proceso de diagnóstico, gestionando la lectura de imágenes y asegurando la continuidad en el tamizaje. Además, sigue activamente los resultados de las biopsias y lidera la mejora continua para garantizar una gestión eficiente y alineada con los objetivos estratégicos del centro.",2.8089592669857666,1468,127,1595,open_ended,99.07037037037038,30.0,109.9,3290.1953125,3290.1953125,3290.1953125,97.57142857142857,95.0,99.0,15972.0,15972.0,15972.0
0,DeepSeek-R1-Distill-Qwen-14B-Q6_K,233,"Aunque el volumen total y la tasa de mortalidad por cáncer de estómago, colon y recto son mayores en los hombres (fallecen más hombres en términos absolutos), las mujeres que mueren por estas neoplasias lo hacen a edades más jóvenes en comparación con la edad de referencia.
Estadísticamente, la media de Años de Vida Potencialmente Perdidos (YPLL) por fallecimiento es mayor en las mujeres (16.49 años) que en los hombres (14.10 años). Esto demuestra que, cuando una mujer muere por estos tipos de cáncer, pierde en promedio más años de vida que un hombre.","</think>

El enunciado significa que, aunque los hombres tienen una tasa de mortalidad más alta por cáncer de estómago, colon y recto, las mujeres tienden a fallecer de estos tipos de cáncer a edades más jóvenes o en etapas prematuras de la vida en comparación con los hombres. Esto se refleja en las tasas de mortalidad específicas por sexo, donde las mujeres, a pesar de tener tasas de mortalidad menores en general, presentan un aumento en la mortalidad prematura, lo que indica que el impacto de estas enfermedades puede ser más severo en términos de años de vida perdidos en mujeres que en hombres.",3.3428603729698807,1662,151,1813,open_ended,98.25000000000004,30.0,109.8,3290.3515625,3290.3515625,3290.3515625,97.75,96.0,99.0,15972.0,15972.0,15972.0
0,DeepSeek-R1-Distill-Qwen-14B-Q6_K,297,"La clasificación endoscópica colorrectal internacional con imagen de banda estrecha NBI (NICE) se utiliza sin endoscopía de aumento. Es útil para predecir la invasión submucosa profunda y definir si una lesión es irresecable endoscópicamente. Se compone de tres subtipos:
    NICE 1: Pólipo hiperplásico.
    NICE 2: Pólipo adenomatoso.
    NICE 3: Lesión con invasión submucosa profunda o cáncer avanzado.","</think>

La clasificación NICE (Nice International Colorectal Endoscopic Classification) para pólipos colorrectales tiene tres subtipos:

1. **NICE 1**: Pólipo hiperplásico.
2. **NICE 2**: Pólipo adenomatoso.
3. **NICE 3**: Lesión con invasión submucosa profunda o cáncer avanzado.

Esta clasificación se utiliza para predecir la invasión submucosa profunda y para identificar lesiones que no son resecables endoscópicamente.",2.8570242990972474,1504,128,1632,open_ended,99.44814814814818,79.9,139.8,3290.3515625,3290.3515625,3290.3515625,97.07692307692308,95.0,99.0,15972.0,15972.0,15972.0
0,DeepSeek-R1-Distill-Qwen-14B-Q6_K,319,"El cáncer gástrico es una neoplasia maligna que se origina en el revestimiento o en los tejidos del estómago. Se caracteriza por ser uno de los tipos de cáncer más comunes y representa una causa significativa de mortalidad, especialmente en etapas avanzadas.
El cáncer colorrectal es una neoplasia maligna que se origina en el colon o en el recto. Puede desarrollarse a partir de pólipos en el intestino grueso, por lo que su detección temprana es fundamental para recibir un tratamiento eficaz.","</think>

El cáncer gástrico es una enfermedad en la que se forman células malignas en los tejidos del estómago, según el NIH en 2022. Por otro lado, el cáncer colorrectal se refiere a un estudio radiológico con contraste que permite observar la morfología del estómago y el duodeno, según SERAM en 2020.",1.9440065140370277,714,94,808,open_ended,96.65789473684208,20.0,109.9,3290.3515625,3290.3515625,3290.3515625,94.4,68.0,98.0,15972.0,15972.0,15972.0
0,DeepSeek-R1-Distill-Qwen-14B-Q6_K,304,"La colaboración entre el Instituto Tecnológico de Costa Rica (TEC) y el CNDTCG se centra en las siguientes áreas estratégicas:

    Modelos predictivos con IA: Desarrollo e implementación de modelos de inteligencia artificial para priorizar e identificar pacientes y grupos poblacionales con mayor probabilidad de desarrollar cáncer gástrico y colorrectal.
    Análisis de desafíos operativos: Evaluación de los retos para la implementación del CNDTCG a nivel nacional.","</think>

No lo sé.",0.47256222495343536,1313,7,1320,open_ended,87.84,49.9,99.8,3290.3515625,3290.3515625,3290.3515625,80.5,62.0,99.0,15972.0,15972.0,15972.0
0,DeepSeek-R1-Distill-Qwen-14B-Q6_K,283,"Para la solicitud de una colonoscopia en las referencias de tamizaje de cáncer colorrectal, se debe incluir la siguiente información mínima requerida:
a) Edad.
b) Antecedentes heredofamiliares de cáncer colorrectal de primer grado (madre, padre, hermanos, hijos).
c) Antecedentes patológicos personales.
d) Uso de anticoagulantes.
e) Antecedentes quirúrgicos.
f) En caso de cirugía previa por cáncer colorrectal, indicar las fechas de la cirugía y de la última colonoscopia.
g) Indicar la fecha de la prueba SOHi (sangre oculta en heces por método inmunoquímico) positiva.","</think>

Para solicitar una colonoscopia, se necesita la siguiente información mínima:

1. **Orden médica**: Un pedido de estudio firmado por el profesional de salud que indique los motivos médicos para realizar la colonoscopia.
2. **Antecedentes médicos**: Historia médica del paciente, incluyendo enfermedades actuales o pasadas, medicamentos actuales, alergias, y antecedentes familiares relevantes.
3. **Resultados de pruebas previas**: Información de estudios realizados anteriormente, como pruebas de sangre, imágenes, o resultados de otras endoscopias.
4. **Motivos del estudio**: Indicación clínica específica, como síntomas (dolor abdominal, sangrado, cambios en el hábito intestinal) o screening de cáncer colorrectal.
5. **Consentimiento informado**: Documento firmado por el paciente que demuestra que se le ha informado el propósito, los riesgos y beneficios de la colonoscopia.

Estos requisitos aseguran que el procedimiento se realice de manera segura y eficiente, basándose en los estándares de calidad y correlación clínica necesarios.",5.337686797953211,1343,259,1602,open_ended,99.41372549019617,10.0,129.9,3290.3515625,3290.3515625,3290.3515625,96.73076923076923,96.0,99.0,15972.0,15972.0,15972.0
0,DeepSeek-R1-Distill-Qwen-14B-Q6_K,278,"En la actualidad, la Caja Costarricense de Seguro Social (CCSS) cuenta con la siguiente red de instalaciones y establecimientos de salud distribuidos en sus tres niveles de atención:

    3 hospitales nacionales generales
    6 hospitales nacionales especializados
    8 hospitales regionales
    12 hospitales periféricos
    105 áreas de salud
    7 centros o unidades especializadas

Adicionalmente, la infraestructura del primer nivel se subdivide en sectores de salud que funcionan desde sedes de EBAIS (Equipos Básicos de Atención Integral en Salud) o se desplazan a Puestos de Visita Periódica (PVP) en localidades con problemas de accesibilidad.","</think>

La CCSS cuenta con 19 salas de fluoroscopia disponibles para procedimientos médicos. Además, el inventario de recursos incluye personal de imagenología distribuido en diferentes regiones del país: Brunca Central (57), Norte (108), Central (143), Sur Chorotega (15), Huetar Norte (24), Pacífico Central (384), y en total suman 384 profesionales.",2.3229874660028145,1403,103,1506,open_ended,98.92727272727274,79.9,109.8,3290.3515625,3290.3515625,3290.3515625,97.9090909090909,97.0,99.0,15972.0,15972.0,15972.0
0,DeepSeek-R1-Distill-Qwen-14B-Q6_K,246,"La colaboración académica fortalece los programas de tamizaje:

UCR/CICICA: Aporta dos salas de endoscopía e integra Inteligencia Artificial para priorizar la lectura de Series Gastroduodenales (SGD) alteradas.
TEC: Desarrolla modelos predictivos de riesgo, optimiza procesos y define requerimientos en el EDUS para mejorar el flujo de información y la gobernanza.

La desvinculación del Hospital Max Peralta (HMP) implica gestionar un proceso ordenado de coexistencia. Tras 29 años de codependencia, el CNDTCG posee su propia Unidad Programática, pero aún carece de la estructura administrativa para asumir de forma independiente recursos financieros, talento humano, soporte de TIC, mantenimiento y servicios clínicos compartidos.","</think>

La colaboración con la academia, como la UCR/CICICA y el TEC, es esencial para los programas de tamizaje ya que contribuye a la innovación, actualización y mejora de las técnicas diagnósticas y terapéuticas. Esto asegura que el CNDTCG cuente con la más avanzada formación profesional y tecnología, mejorando la calidad de la atención. Por otro lado, la desvinculación administrativa del CNDTCG del Hospital Max Peralta podría afectar la coordinación y continuidad en la atención, dificultando la integración de los servicios y el cumplimiento de los objetivos estratégicos en materia de atención especializada en cáncer gastrointestinal.",3.350291311973706,1374,157,1531,open_ended,98.55625000000003,39.9,109.8,3290.3515625,3290.3515625,3290.3515625,97.6875,97.0,99.0,15972.0,15972.0,15972.0
0,DeepSeek-R1-Distill-Qwen-14B-Q6_K,279,"Para realizar un inventario nacional detallado de los recursos disponibles para la realización de estudios endoscópicos, se debe incluir:

antidad y distribución de los equipos de endoscopia (equipos y torres de endoscopia alta y baja).
Disponibilidad de personal capacitado.
Capacidad operativa de los centros de salud, considerando la cantidad y distribución geográfica de las salas de endoscopía disponibles a nivel nacional y por centro de salud.

Contar con esta información permite identificar brechas y áreas de necesidad, facilitando la planificación, la evaluación de la infraestructura existente y la asignación estratégica de recursos para asegurar un acceso equitativo.","</think>

Para realizar un inventario nacional de los recursos disponibles para la realización de estudios endoscópicos, se debe incluir:

- La cantidad y distribución de los equipos de endoscopia existentes en los centros de salud.
- La disponibilidad de personal capacitado en endoscopia.
- La capacidad operativa de los centros de salud para realizar estudios endoscópicos adecuadamente.

Este inventario permitirá identificar brechas y áreas de necesidad, facilitando la planificación y asignación de recursos de manera estratégica.",2.609165850095451,1240,120,1360,open_ended,97.808,39.9,109.8,3290.3515625,3290.3515625,3290.3515625,96.53846153846153,82.0,98.0,15972.0,15972.0,15972.0
0,DeepSeek-R1-Distill-Qwen-14B-Q6_K,245,"La normativa institucional resulta indispensable al definir reglas y responsabilidades claras que obliguen ineludiblemente a los distintos niveles de atención (laboratorios, radiología y gastroenterología) a participar en el proceso, eliminando la cobertura desigual e inconsistente derivada de la falta de una norma obligatoria específica. Una normativa clara y específica debería incluir directrices detalladas sobre la función y participación de cada unidad en el proceso de tamizaje.","</think>

La normativa institucional desempeña un papel fundamental en el proceso de seguimiento a los pacientes, garantizando que se cumplan los estándares de confidencialidad, seguridad y resguardo de la información. Esto asegura que los datos sensibles de los pacientes sean protegidos de acuerdo con las normas legales y regulativas. Además, la normativa establece los protocolos necesarios para la elaboración, archivamiento y custodia de los expedientes clínicos, lo que facilita el acceso y organización de la información médica. Por medio de estos marcos normativos, se asegura que el seguimiento a los pacientes se realice de manera oportuna y conforme a los estándares clínicos establecidos, garantizando la calidad y continuidad del cuidado.",3.5634225150570273,1002,175,1177,open_ended,98.62941176470594,39.9,109.8,3290.503216911765,3290.3515625,3290.5078125,97.41176470588235,97.0,98.0,15972.0,15972.0,15972.0
0,DeepSeek-R1-Distill-Qwen-14B-Q6_K,307,"El acceso al sistema ARCA-Patología busca permitir que el Centro Nacional de Detección Temprana de Cáncer Gastrointestinal (CNDTCG) consulte de forma masiva los resultados de las biopsias de pacientes sometidos a endoscopias por tamizaje.
Este mecanismo es trascendental para:

    Tomar acciones clínicas adecuadas y oportunas sobre los pacientes.
    Evaluar el desempeño de los programas de tamizaje en la detección de lesiones premalignas y cáncer en etapas tempranas o avanzadas.","</think>

No se encuentra información específica sobre el acuerdo propuesto para el acceso a ARCA-Patología en el contexto proporcionado.",0.8508052000543104,1243,28,1271,open_ended,99.81249999999999,99.8,99.9,3290.5078125,3290.5078125,3290.5078125,98.0,97.0,99.0,15972.0,15972.0,15972.0
0,DeepSeek-R1-Distill-Qwen-14B-Q6_K,233,"Aunque el volumen total y la tasa de mortalidad por cáncer de estómago, colon y recto son mayores en los hombres (fallecen más hombres en términos absolutos), las mujeres que mueren por estas neoplasias lo hacen a edades más jóvenes en comparación con la edad de referencia.
Estadísticamente, la media de Años de Vida Potencialmente Perdidos (YPLL) por fallecimiento es mayor en las mujeres (16.49 años) que en los hombres (14.10 años). Esto demuestra que, cuando una mujer muere por estos tipos de cáncer, pierde en promedio más años de vida que un hombre.","</think>

En el contexto proporcionado, se menciona que los hombres tienen una mayor tasa de mortalidad por cáncer de estómago, colon y recto en comparación con las mujeres. Sin embargo, las mujeres sufren muertes más prematuras, lo que sugiere que, aunque las tasas de mortalidad son más altas en hombres, las mujeres tienden a fallecer a edades más jóvenes o en etapas tempranas de la enfermedad. Esto refleja una diferencia en la distribución de la mortalidad prematura entre los sexos en relación con estos tipos de cáncer.",2.9720552359940484,1662,132,1794,open_ended,99.45357142857145,79.9,109.8,3290.5078125,3290.5078125,3290.5078125,95.66666666666667,66.0,99.0,15972.0,15972.0,15972.0
0,DeepSeek-R1-Distill-Qwen-14B-Q6_K,307,"El acceso al sistema ARCA-Patología busca permitir que el Centro Nacional de Detección Temprana de Cáncer Gastrointestinal (CNDTCG) consulte de forma masiva los resultados de las biopsias de pacientes sometidos a endoscopias por tamizaje.
Este mecanismo es trascendental para:

    Tomar acciones clínicas adecuadas y oportunas sobre los pacientes.
    Evaluar el desempeño de los programas de tamizaje en la detección de lesiones premalignas y cáncer en etapas tempranas o avanzadas.","</think>

No lo sé.",0.4571642139926553,1243,7,1250,open_ended,85.86,30.0,99.9,3290.5078125,3290.5078125,3290.5078125,94.5,90.0,99.0,15972.0,15972.0,15972.0
0,DeepSeek-R1-Distill-Qwen-14B-Q6_K,271,"La captación de pacientes la realiza de forma centralizada el CNDTCG sobre la población objetivo asintomática (de 50 a 74 años), utilizando los datos de adscripción del primer nivel de atención y respetando la normativa de protección de datos personales.
Se ejecuta mediante invitación telefónica personalizada y sistemática para convocar a los usuarios a realizarse las pruebas de tamizaje iniciales: la Serie Gastroduodenal (SGD) para cáncer gástrico o el Test Inmunológico Fecal (FIT) para cáncer colorrectal. Este proceso se repite de manera bienal. Debido a que se requiere contactar al menos al triple de personas proyectadas para alcanzar las metas y realizar múltiples reintentos de llamada, la captación utiliza herramientas informáticas y personal especializado.","</think>

La captación de pacientes en los programas de tamizaje es realizada por el CNDTCG, quien necesita acceso a datos personales de la población adscrita, como nombre, apellidos, teléfonos, correo electrónico, provincia, cantón, distrito de residencia, Área de Salud de adscripción, respetando la Ley No. 8968. Con esta información, se invita a los pacientes a realizarse un FIT o una SGD.",2.2649258939782158,1121,104,1225,open_ended,97.08636363636361,20.0,109.8,3290.5078125,3290.5078125,3290.5078125,96.0,78.0,98.0,15972.0,15972.0,15972.0
0,DeepSeek-R1-Distill-Qwen-14B-Q6_K,250,"El proceso de tamizaje de cáncer gástrico sigue las siguientes etapas:

Invitación: Se convoca a personas asintomáticas (50 a 74 años) de la población objetivo.
Serie Gastroduodenal (SGD): Estudio de fluoroscopia donde el imagenólogo aplica el contraste y el radiólogo interpreta las imágenes para detectar anomalías.
Gastroscopia: Si la SGD resulta alterada, el endoscopista (asistido por el técnico) realiza una gastroscopia para evaluar directamente el estómago.
Biopsia: De hallarse lesiones sospechosas, se toma una muestra de tejido para análisis por parte del patólogo.
Resolución: Si la biopsia resulta positiva para cáncer, el paciente se remite a tratamiento. Si los resultados son negativos o no requieren gastroscopia, el usuario reingresa al programa para futuros controles bienales.","</think>

El proceso de tamizaje para el cáncer gástrico según el modelo del CNDTCG incluye la realización de pruebas como la serie gastroduodenal y la gastroscopía. Este tamizaje está dirigido a personas entre 50 y 74 años, con el objetivo de detectar precozmente el cáncer gástrico. El modelo articula esfuerzos institucionales para disminuir la morbilidad y mortalidad asociadas a este tipo de cáncer, mediante estrategias clínicas, diagnósticas y terapéuticas implementadas por equipos multidisciplinarios.",3.0372504570987076,1158,144,1302,open_ended,99.12413793103451,49.9,109.8,3290.5078125,3290.5078125,3290.5078125,95.46666666666667,65.0,98.0,15972.0,15972.0,15972.0
0,DeepSeek-R1-Distill-Qwen-14B-Q6_K,311,"Según la norma, los servicios de salud públicos, privados y mixtos tienen las siguientes obligaciones:

    Instrumentos técnicos de atención: Contar con un manual de procedimientos, guía o protocolo para la prevención y detección del cáncer colorrectal que incluya información de consejería, boleta de notificación obligatoria al Ministerio de Salud y mecanismos de referencia a servicios especializados.
    Planificación preventiva: Si brindan atención comunitaria, deben incorporar una planificación anual de acciones preventivas y de promoción de la salud acordes al perfil poblacional.
    Capacitación permanente: Disponer de estrategias de sensibilización y capacitación continua en cáncer colorrectal basadas en evidencia científica para el personal responsable de la atención directa, promoviendo competencias técnicas con calidad y calidez.","</think>

Los establecimientos del sistema de salud en Costa Rica, sean públicos, privados o mixtos, tienen la obligación de cumplir con los lineamientos de salud pública establecidos en la norma nacional para la atención del cáncer colorrectal. Esto incluye garantizar el acceso, la calidad y la equidad en los servicios de prevención, detección temprana, diagnóstico, estadiación, tratamiento, rehabilitación y cuidados paliativos. Además, deben implementar programas de tamizaje para detectar el cáncer colorrectal de manera oportuna, lo que contribuye a mejorar los resultados en la salud de las personas afectadas.",3.103099201922305,1131,148,1279,open_ended,97.14333333333337,0.0,109.8,3290.5078125,3290.5078125,3290.5078125,94.5,67.0,98.0,15972.0,15972.0,15972.0
0,DeepSeek-R1-Distill-Qwen-14B-Q6_K,308," La investigación científica, liderada por la Unidad de Investigación en Salud (UIS), busca mejorar la efectividad y los procedimientos de los programas de tamizaje, generando evidencia útil para la toma de decisiones clínicas, administrativas y estratégicas.
Sus fines principales comprenden:

    Fomentar la investigación en áreas básicas, clínicas, epidemiológicas y de servicios de salud.
    Divulgar hallazgos en revistas científicas nacionales e internacionales para aplicar el conocimiento ampliamente.
    Incorporar nuevas tecnologías y metodologías en los programas de tamizaje.","</think>

La investigación científica tiene como fin en la mejora continua de los programas el permitir la adaptación y mejora de las estrategias basadas en hallazgos científicos. Esto asegura un enfoque basado en la evidencia en todas las fases del plan, permitiendo la incorporación de nuevas tecnologías y metodologías en los programas de tamizaje. Además, contribuye a la formación continua del personal y al desarrollo de nuevas técnicas, mejorando la efectividad y eficiencia de los servicios.",2.602086899918504,1454,116,1570,open_ended,99.00399999999999,39.9,129.8,3290.5078125,3290.5078125,3290.5078125,96.91666666666667,96.0,99.0,15972.0,15972.0,15972.0
0,DeepSeek-R1-Distill-Qwen-14B-Q6_K,307,"El acceso al sistema ARCA-Patología busca permitir que el Centro Nacional de Detección Temprana de Cáncer Gastrointestinal (CNDTCG) consulte de forma masiva los resultados de las biopsias de pacientes sometidos a endoscopias por tamizaje.
Este mecanismo es trascendental para:

    Tomar acciones clínicas adecuadas y oportunas sobre los pacientes.
    Evaluar el desempeño de los programas de tamizaje en la detección de lesiones premalignas y cáncer en etapas tempranas o avanzadas.","</think>

No se encuentra información específica sobre el acuerdo propuesto para el acceso a ARCA-Patología en el contexto proporcionado.",0.850570980925113,1243,28,1271,open_ended,99.81249999999999,99.8,99.9,3290.5078125,3290.5078125,3290.5078125,98.0,97.0,99.0,15972.0,15972.0,15972.0
0,DeepSeek-R1-Distill-Qwen-14B-Q6_K,283,"Para la solicitud de una colonoscopia en las referencias de tamizaje de cáncer colorrectal, se debe incluir la siguiente información mínima requerida:
a) Edad.
b) Antecedentes heredofamiliares de cáncer colorrectal de primer grado (madre, padre, hermanos, hijos).
c) Antecedentes patológicos personales.
d) Uso de anticoagulantes.
e) Antecedentes quirúrgicos.
f) En caso de cirugía previa por cáncer colorrectal, indicar las fechas de la cirugía y de la última colonoscopia.
g) Indicar la fecha de la prueba SOHi (sangre oculta en heces por método inmunoquímico) positiva.","</think>

Para solicitar una colonoscopia, se necesita la siguiente información mínima:

1. **Orden médica**: Un pedido de estudio firmado por el profesional de salud que indica la necesidad de la colonoscopia.
2. **Antecedentes médicos**: Información sobre enfermedades previas, medicamentos en uso, alergias, y cirugías pasadas.
3. **Síntomas actuales**: Descripción de los síntomas que motivan la realización del estudio, como sangrado rectal, cambios en el hábito intestinal, dolor abdominal, etc.
4. **Resultados de pruebas previas**: Incluir cualquier prueba relacionada, como FIT (prueba fecal inmunoquímica) o estudios de imagen.
5. **Consentimiento informado**: Documento firmado por el paciente que acepta el procedimiento después de recibir información sobre sus riesgos y beneficios.

Estos requisitos aseguran que el estudio se realice de manera adecuada y segura.",4.509567569941282,1343,218,1561,open_ended,98.6441860465117,30.0,109.8,3290.5078125,3290.5078125,3290.5078125,95.34782608695652,57.0,99.0,15972.0,15972.0,15972.0
0,DeepSeek-R1-Distill-Qwen-14B-Q6_K,255,"Planificación y seguimiento: Elaborar y actualizar el Plan Anual Operativo, establecer metas medibles y realizar el seguimiento sistemático de los indicadores clínicos y administrativos.
Gestión de la calidad: Liderar la mejora continua mediante el análisis de brechas, auditorías técnicas, evaluaciones internas y la formulación de acciones correctivas y preventivas.
Análisis avanzado de datos y costeo: Implementar herramientas de Big Data, Minería de Datos e Inteligencia de Negocios (BI) para orientar decisiones estratégicas, además de coordinar el costeo de servicios para evaluar la eficiencia y sostenibilidad económica.
Gestión de demanda y capacidad: Monitorear continuamente la demanda asistencial para formular requerimientos de talento humano, equipamiento e infraestructura, sirviendo como enlace técnico con instancias regionales y centrales de la CCSS.","</think>

El área de Planificación y Mejora Continua en el CNDTCG tiene funciones clave como la elaboración, revisión y actualización del Plan Anual Operativo, asegurando que las metas sean claras, medibles y pertinentes. Además, acompaña técnicamente a las unidades funcionales y programas del centro. Realiza el seguimiento sistemático de indicadores clínicos, administrativos e institucionales, y elabora informes técnicos para respaldar la toma de decisiones. También lidera procesos de mejora continua mediante metodologías de gestión de la calidad, análisis de brechas, auditorías técnicas y evaluaciones internas. Finalmente, contribuye a la formulación de estrategias para fortalecer la calidad y eficiencia en el centro.",3.66605251794681,1472,172,1644,open_ended,98.09428571428577,30.0,109.8,3290.5078125,3290.5078125,3290.5078125,97.38888888888889,94.0,99.0,15972.0,15972.0,15972.0
0,DeepSeek-R1-Distill-Qwen-14B-Q6_K,301," Los requisitos mínimos de calidad que debe cumplir la colonoscopia de tamizaje comprenden:
    Ejecución del estudio:
        Inspección completa de colon y recto, documentando ciego, válvula ileocecal y orificio apendicular (se recomienda fotografía).
        Tiempo de retirada mínimo de 6 minutos.
        Limpieza colónica adecuada (evaluada mediante la Escala de Boston).
    Informe endoscópico: Debe precisar número, tamaño, localización, morfología, caracterización (JNET, NICE, Kudo), método y completitud de extirpación de los pólipos.
    Reporte de anatomía patológica: Debe incluir total de adenomas/pólipos serrados, diagnóstico histopatológico, componente velloso y grado de displasia.","</think>

Los requisitos mínimos de calidad que una colonoscopia de tamizaje debe cumplir son:

1. **Inspección completa**: Debe realizarse una inspección total del colon y el recto, asegurando la visualización y documentación adecuada del ciego, la válvula ileocecal y el orificio apendicular.

2. **Tiempo de retirada**: El tiempo de retirada del colonoscopio no debe ser menor a 6 minutos.

3. **Documentación visual**: Se recomienda adjuntar fotografías para respaldar la visualización de los segmentos mencionados.

4. **Interpretación profesional**: El estudio debe ser interpretado por un profesional de medicina, quien determinará el abordaje necesario basado en los hallazgos y correlación clínica.

5. **Registro y seguimiento**: Debe asegurarse un reporte detallado de la colonoscopia y un seguimiento adecuado según los resultados y guías clínicas.",4.592604995938018,1503,220,1723,open_ended,100.02954545454553,0.0,169.8,3290.5078125,3290.5078125,3290.5078125,95.65217391304348,54.0,99.0,15972.0,15972.0,15972.0
0,DeepSeek-R1-Distill-Qwen-14B-Q6_K,259,"Según la clasificación CIE-10, los principales diagnósticos nosológicos que atiende el CNDTCG incluyen:

Tumores malignos: Estómago (C16.0–C16.9), colon (C18.0–C18.9), unión rectosigmoidea (C19) y recto (C20).
Lesiones precancerosas, benignas o neoplasias de comportamiento incierto: Lesiones gástricas precancerosas (D00.2), adenomas colorrectales avanzados (D12.6), pólipos gástricos (D13.1), tumores subepiteliales del tracto digestivo (D13.2) y sospecha de tumores pancreáticos (D13.6).
Patologías gástricas, hepáticas, biliares y digestivas: Gastritis crónica atrófica (K29.4), abscesos hepáticos (K75.0), coledocolitiasis (K80.5), colecistitis (K81.0), colangitis (K83.0) y sangrado digestivo (K92.2).
Complicaciones postoperatorias: Recurrencias postquirúrgicas digestivas (T81.4).","</think>

El CNDTCG atiende diagnósticos nosológicos relacionados con el cáncer gástrico y el cáncer colorrectal, entre otros, basándose en la clasificación CIE-10 de la OMS de 2021.",1.5053469830891117,1237,62,1299,open_ended,95.14666666666663,10.0,109.8,3290.5078125,3290.5078125,3290.5078125,91.375,57.0,99.0,15972.0,15972.0,15972.0
0,DeepSeek-R1-Distill-Qwen-14B-Q6_K,295,"Sin Programa Nacional (Evolución Natural)
    Mortalidad: Se mantiene una tendencia con un promedio de 234 muertes anuales atribuibles al cáncer colorrectal.
Con el Programa Nacional Propuesto
    Reducción de la mortalidad: Se alcanza una disminución del 35% en la tasa de mortalidad en la población objetivo.
    Vidas salvadas: La reducción en la mortalidad se traduce en 82 muertes menos cada año por cáncer colorrectal.
    Detección oportuna: Se logra la detección de 40% a 50% de los casos en etapas tempranas o precancerosas, permitiendo abordajes terapéuticos menos invasivos y más efectivos.
    Ahorro económico: Se genera un impacto económico positivo con un ahorro anual estimado de ₡3.563.250.779 para la institución, al reducir la necesidad de tratamientos oncológicos complejos y hospitalizaciones prolongadas.","</think>

Sin el Programa Nacional de tamizaje propuesto, se proyectan 234 muertes anuales debido al cáncer colorrectal. Con el programa implementado, se espera una disminución del 35% en la mortalidad de la población objetivo, lo que reduce las muertes anuales a 82 menos. Además, se logra la detección de más del 40% a 50% de los casos tempranos, y se genera un ahorro económico anual de ₡3 563 250 779.",2.8597044439520687,1189,134,1323,open_ended,100.1777777777778,79.9,109.9,3290.5078125,3290.5078125,3290.5078125,97.78571428571429,96.0,99.0,15972.0,15972.0,15972.0
0,DeepSeek-R1-Distill-Qwen-14B-Q6_K,237,"Según las DRIPSS, existe una distribución desigual de recursos:
Recursos humanos: Hay 384 personas en imagenología, pero solo 139 capacitadas en Serie Gastroduodenal. Hay 98,5 radiólogos capacitados en SGD.
Recursos tecnológicos: Existen 19 salas de fluoroscopia.
Implicaciones: La disparidad geográfica y la limitada capacitación técnica en SGD (solo 36% del personal de imagenología) comprometen el acceso equitativo. Además, casi todos estos recursos están destinados al diagnóstico asistencial y enfrentan listas de espera, lo que limita seriamente su uso actual para tamizaje gástrico y demanda la expansión de infraestructura.","</think>

El contexto no proporciona suficiente información sobre la distribución de recursos humanos y tecnológicos de fluoroscopia según las DRIPSS ni sus implicaciones para el tamizaje de cáncer gástrico. Por lo tanto, no puedo responder a esta pregunta.",1.4054487369721755,1022,61,1083,open_ended,95.53571428571426,20.0,109.8,3290.5078125,3290.5078125,3290.5078125,97.42857142857143,96.0,98.0,15972.0,15972.0,15972.0
0,DeepSeek-R1-Distill-Qwen-14B-Q6_K,235,"Eficiencia y optimización de recursos: Permite focalizar la inversión, el personal capacitado y la infraestructura médica en las zonas más vulnerables con mayor carga combinada de ambas neoplasias.
Programas integrados de tamizaje: Facilita el abordaje simultáneo de ambas enfermedades ya que la población objetivo es la misma para ambos programas de tamizaje.
Asignación precisa: Permite una mejor asignación de recursos y un enfoque más preciso en áreas con mayor necesidad de intervención","</think>

Identificar los cantones con altas incidencias en ambos tipos de cáncer (gástrico y colorrectal) es relevante porque permite focalizar recursos y esfuerzos en áreas con mayor carga de enfermedad. Esto mejora la eficiencia de los programas de tamizaje, ya que se pueden implementar intervenciones integradas que aborden simultáneamente ambos tipos de cáncer. Además, esta identificación facilita la planificación de campañas de salud pública específicas, promoviendo la detección temprana y reduciendo la mortalidad. Las ventajas incluyen una mejor asignación de recursos, un enfoque más efectivo en la prevención y un aumento en la participación de la población objetivo, lo que conduce a un impacto más significativo en la reducción de casos y muertes relacionadas con estos cánceres.",4.051181731047109,1404,193,1597,open_ended,100.59473684210533,99.8,109.9,3290.5078125,3290.5078125,3290.5078125,96.65,81.0,99.0,15972.0,15972.0,15972.0
0,DeepSeek-R1-Distill-Qwen-14B-Q6_K,308," La investigación científica, liderada por la Unidad de Investigación en Salud (UIS), busca mejorar la efectividad y los procedimientos de los programas de tamizaje, generando evidencia útil para la toma de decisiones clínicas, administrativas y estratégicas.
Sus fines principales comprenden:

    Fomentar la investigación en áreas básicas, clínicas, epidemiológicas y de servicios de salud.
    Divulgar hallazgos en revistas científicas nacionales e internacionales para aplicar el conocimiento ampliamente.
    Incorporar nuevas tecnologías y metodologías en los programas de tamizaje.","</think>

La investigación científica busca mejorar continuamente los programas mediante la adaptación y perfeccionamiento de estrategias basadas en evidencias científicas. Esto permite evaluar la efectividad de los programas de tamizaje, incorporar nuevas tecnologías y metodologías, y asegurar un enfoque más eficiente y efectivo en la atención médica. Además, contribuye a fortalecer el posicionamiento institucional como referente técnico, promoviendo avances en diagnóstico y estadiaje de patologías, lo que repercute en mejoras clínicas y operativas para pacientes y profesionales.",2.975048503954895,1454,134,1588,open_ended,100.16428571428574,89.9,109.9,3290.5078125,3290.5078125,3290.5078125,94.86666666666666,54.0,99.0,15972.0,15972.0,15972.0
0,DeepSeek-R1-Distill-Qwen-14B-Q6_K,283,"Para la solicitud de una colonoscopia en las referencias de tamizaje de cáncer colorrectal, se debe incluir la siguiente información mínima requerida:
a) Edad.
b) Antecedentes heredofamiliares de cáncer colorrectal de primer grado (madre, padre, hermanos, hijos).
c) Antecedentes patológicos personales.
d) Uso de anticoagulantes.
e) Antecedentes quirúrgicos.
f) En caso de cirugía previa por cáncer colorrectal, indicar las fechas de la cirugía y de la última colonoscopia.
g) Indicar la fecha de la prueba SOHi (sangre oculta en heces por método inmunoquímico) positiva.","</think>

Para solicitar una colonoscopia, es necesario proporcionar la siguiente información mínima:

1. **Identificación del paciente**: Nombre completo, fecha de nacimiento, sexo y número de seguro.
2. **Motivo de la solicitud**: Razones médicas que justifican el procedimiento, como síntomas (dolor abdominal, sangrado, cambios en el hábito intestinal) o resultados de pruebas previas.
3. **Antecedentes médicos**: Historial de enfermedades, cirugías, alergias y medicamentos actuales.
4. **Resultados de pruebas complementarias**: Si se realizaron estudios como la prueba fecal inmunoquímica (FIT) o radiografías abdominales.
5. **Orden médica**: Debe estar emitida por un profesional de salud autorizado, detallando el propósito del estudio y las indicaciones clínicas.

Estos datos aseguran que el procedimiento se realice de manera adecuada y segura, considerando los requisitos mínimos de calidad establecidos para una colonoscopia efectiva.",4.803591451025568,1343,233,1576,open_ended,99.36444444444454,89.9,99.9,3290.5078125,3290.5078125,3290.5078125,97.43478260869566,96.0,99.0,15972.0,15972.0,15972.0
0,DeepSeek-R1-Distill-Qwen-14B-Q6_K,271,"La captación de pacientes la realiza de forma centralizada el CNDTCG sobre la población objetivo asintomática (de 50 a 74 años), utilizando los datos de adscripción del primer nivel de atención y respetando la normativa de protección de datos personales.
Se ejecuta mediante invitación telefónica personalizada y sistemática para convocar a los usuarios a realizarse las pruebas de tamizaje iniciales: la Serie Gastroduodenal (SGD) para cáncer gástrico o el Test Inmunológico Fecal (FIT) para cáncer colorrectal. Este proceso se repite de manera bienal. Debido a que se requiere contactar al menos al triple de personas proyectadas para alcanzar las metas y realizar múltiples reintentos de llamada, la captación utiliza herramientas informáticas y personal especializado.","</think>

La captación de pacientes en los programas de tamizaje es realizada por el CNDTCG, quien necesita acceso a datos personales de la población adscrita, como nombre, apellidos, teléfonos, correo electrónico, provincia, cantón, distrito y Área de Salud de residencia, respetando la Ley No. 8968 sobre protección de datos personales. Con esta información, se invita a los pacientes a realizarse un FIT (Test Inmunológico Fecal) y/o una SGD (Serie Gastroduodenal), con el objetivo de garantizar una captación efectiva y oportuna.",2.9347831120248884,1121,139,1260,open_ended,98.73214285714288,49.9,109.8,3290.5078125,3290.5078125,3290.5078125,95.33333333333333,75.0,98.0,15972.0,15972.0,15972.0
0,DeepSeek-R1-Distill-Qwen-14B-Q6_K,281,"El Área de Enfermería en el CNDTCG brinda atención transversal a todos los programas clínicos durante las etapas pre, intra y postprocedimiento. También lidera la gestión de insumos médicos, la supervisión de auxiliares de enfermería y asistentes de pacientes, y participa activamente en los procesos de mejora de la atención.","</think>

El Área de Enfermería en el CNDTCG tiene la responsabilidad de completar y asistir en el proceso de enfermería, lo que incluye la realización de actividades técnicas y/o terapéuticas necesarias para el cuidado de los pacientes. Además, contribuyen al monitoreo continuo de los pacientes, al mantenimiento de la calidad de la atención y a la implementación de protocolos estandarizados. También participan en la educación y capacitación del talento humano, y en la mejora continua de los procesos asistenciales.",2.8122771540656686,1462,127,1589,open_ended,97.21851851851854,30.0,109.8,3290.5078125,3290.5078125,3290.5078125,96.28571428571429,76.0,99.0,15972.0,15972.0,15972.0
0,DeepSeek-R1-Distill-Qwen-14B-Q6_K,261,"El Programa de Patología Biliar del CNDTCG brinda un abordaje diagnóstico y terapéutico especializado, mediante técnicas mínimamente invasivas. Este programa es de alcance nacional y recibe referidos de todos los centros hospitalarios de la CCSS. Los pacientes son priorizados según criterios clínicos definidos, que incluyen sintomatología sugestiva, hallazgos incidentales en estudios de imagen, complicaciones biliares y necesidad de procedimientos terapéuticos especializados no disponibles en su hospital de origen.","</think>

El Programa de Patología Biliar del CNDTCG tiene como objetivo abordar de manera integral, oportuna y resolutiva a pacientes con enfermedades complejas del árbol biliar. Utiliza herramientas clínicas, diagnósticas, quirúrgicas y endoscópicas, articuladas en el modelo de atención especializada del centro. Incluye procedimientos como endoscopias, valoraciones clínicas, imagenología y cirugía, dependiendo de las necesidades del paciente. Se enfoca en casos que requieren un enfoque especializado y multidisciplinario, priorizando a pacientes con base en criterios clínicos y comorbilidades.",3.1712223769864067,949,155,1104,open_ended,100.14000000000004,79.9,109.9,3290.5078125,3290.5078125,3290.5078125,97.53333333333333,96.0,98.0,15972.0,15972.0,15972.0
0,DeepSeek-R1-Distill-Qwen-14B-Q6_K,261,"El Programa de Patología Biliar del CNDTCG brinda un abordaje diagnóstico y terapéutico especializado, mediante técnicas mínimamente invasivas. Este programa es de alcance nacional y recibe referidos de todos los centros hospitalarios de la CCSS. Los pacientes son priorizados según criterios clínicos definidos, que incluyen sintomatología sugestiva, hallazgos incidentales en estudios de imagen, complicaciones biliares y necesidad de procedimientos terapéuticos especializados no disponibles en su hospital de origen.","</think>

El Programa de Patología Biliar del CNDTCG tiene como objetivo abordar de manera integral, oportuna y resolutiva a pacientes con enfermedades complejas del árbol biliar. Utiliza herramientas clínicas, diagnósticas, quirúrgicas y endoscópicas, articuladas en el modelo de atención especializada del centro. Incluye procedimientos como endoscopias, valoraciones clínicas, imagenología y cirugía, dependiendo de las necesidades del paciente. Se enfoca en casos que requieren un abordaje especializado y multidisciplinario, priorizando a pacientes con base en criterios clínicos y comorbilidades.",2.9442141950130463,949,155,1104,open_ended,98.73571428571431,59.9,109.8,3290.5078125,3290.5078125,3290.5078125,95.53333333333333,76.0,98.0,15972.0,15972.0,15972.0
0,DeepSeek-R1-Distill-Qwen-14B-Q6_K,238,"La red de laboratorios clínicos representa una fortaleza estratégica porque la CCSS cuenta con 110 laboratorios distribuidos en todo el país, lo que brinda una infraestructura robusta para implementar la prueba de sangre oculta en heces (FIT) a nivel nacional.
Respecto a las diferencias:
Prueba cualitativa: Está disponible en todos los laboratorios de la red mediante compra centralizada y distribución de la Gerencia de Logística, siendo una alternativa de implementación con resultados digitales homologados.
Prueba cuantitativa: Solo está disponible en dos laboratorios. Requiere equipos automatizados que otorgan un resultado cuantificable para medir frente a un punto de corte de positividad, exigiendo una compra nacional y una red centralizada para su uso masivo, por lo que no es viable a corto plazo.","</think>

La red de laboratorios clínicos de la CCSS representa una fortaleza para el programa de tamizaje de cáncer colorrectal debido a su extensa distribución, con 110 laboratorios ubicados en hospitales generales, regionales, periféricos y áreas de salud, lo que permite un acceso más fácil y oportuno a la realización de pruebas FIT. Además, estos laboratorios tienen la capacidad de manejar grandes volúmenes de muestras, garantizando la calidad y confiabilidad de los resultados necesarios para el tamizaje.

La prueba de sangre oculta en heces cualitativa se realiza en todos los laboratorios clínicos del país, detectando la presencia de sangre oculta. Por otro lado, la prueba cuantitativa solo se realiza en los laboratorios del Hospital México y el Hospital Max Peralta, y mide la cantidad de sangre en las heces, lo que puede influir en el número de colonoscopias necesarias para los programas de tamizaje.",4.81534323503729,1360,234,1594,open_ended,97.63260869565227,0.0,109.8,3290.5078125,3290.5078125,3290.5078125,96.875,85.0,99.0,15972.0,15972.0,15972.0
0,DeepSeek-R1-Distill-Qwen-14B-Q6_K,263,"Más allá de los programas de tamizaje, la oferta de servicios del CNDTCG abarca líneas clínicas, quirúrgicas, diagnósticas, docentes y de investigación especializada:

Patología Biliar: Abordaje integral mediante una combinación de herramientas clínicas, diagnósticas, quirúrgicas y endoscópicas,
articuladas dentro del modelo de atención especializada del CNDTCG.
Resección Submucosa Endoscópica (ESD): Extirpación endoscópica en bloque de lesiones precancerosas y neoplasias superficiales gástricas y colorrectales.
Cirugía Mayor: Intervenciones quirúrgicas principalmente para perosnas con diagnóstico confirmado o alta sospecha de cáncer gástrico u otras patologías complejas.
Cirugía Percutánea: Procedimientos de mínima invasión guiados por TAC, ecografía o fluoroscopía para drenajes, biopsias y control de colecciones.
Ultrasonido Endoscópico: Evaluación diagnóstica y terapéutica que permite visualizar y evaluar en profundidad las capas de la pared gastrointestinal y las estructuras adyacentes desde el interior del tracto digestivo.
Endoscopía Diagnóstica y de Control: Gastroscopías y colonoscopías para confirmación diagnóstica, toma de biopsias y seguimiento de lesiones.","</think>

El CNDTCG ofrece servicios como patología biliar, resección submucosa endoscópica (ESD), cirugía mayor, cirugía percutánea, ultrasonido endoscópico, y endoscopía diagnóstica y de control, además de los programas de tamizaje.",1.8446678089676425,1521,75,1596,open_ended,96.48888888888887,30.0,109.9,3290.5078125,3290.5078125,3290.5078125,95.66666666666667,87.0,99.0,15972.0,15972.0,15972.0
0,DeepSeek-R1-Distill-Qwen-14B-Q6_K,317,"Los objetivos específicos del Manual de Gestión del CNDTCG son:
    Definir la estructura organizativa y funcional del centro para facilitar la coordinación interna y la articulación con la red institucional.
    Establecer las responsabilidades operativas del personal técnico y administrativo para delimitar funciones y fortalecer la gestión por procesos.
    Describir de manera clara y estandarizada la oferta de servicios (tamizaje, diagnóstico endoscópico, cirugía y seguimiento).
    Alinear el funcionamiento del CNDTCG con las políticas, normativas técnicas y planes estratégicos de la CCSS.
    Servir de base para elaborar documentos normativos que guíen la implementación progresiva y sostenible del tamizaje a nivel nacional.
    Facilitar la planificación, gestión operativa, evaluación de resultados y mejora continua basada en evidencia.","</think>

El Manual de Gestión tiene como objetivo describir y organizar las funciones, estructura, oferta de servicios y responsabilidades del CNDTCG, orientando de manera sistemática los procesos asistenciales, técnicos y administrativos del centro. Busca garantizar la coherencia operativa, la eficiencia en la prestación de servicios y la alineación con los principios y lineamientos estratégicos de la CCSS. Además, establece un modelo de atención basado en programas de tamizaje poblacional para personas entre 50 y 74 años, combinando estrategias diagnósticas avanzadas con criterios de priorización clínica y territorial, y oferta servicios especializados que complementan su capacidad resolutiva. Por último, se enfoca en el seguimiento del cumplimiento a través de indicadores operativos y clínicos, el monitoreo de metas, la valoración del desempeño funcional y la identificación de necesidades de ajuste.",4.40379677398596,1085,216,1301,open_ended,97.90238095238104,20.0,99.9,3291.103050595238,3290.5078125,3291.1328125,97.27272727272727,95.0,98.0,15972.0,15972.0,15972.0
0,DeepSeek-R1-Distill-Qwen-14B-Q6_K,268,"El indicador de cobertura de población objetivo en los programas de tamizaje de cáncer gástrico y colorrectal mide el porcentaje de personas de 50 a 74 años tamizadas con respecto a la población estimada en ese grupo.
Fórmula: (Número de personas tamizadas / Población objetivo entre 50-74 años) × 100.
Periodicidad: Trimestral.
Fuentes de datos: SIAC / SIES / Plataforma de Tamizaje.
Responsables: Coordinación de Programa / Área de Planificación.","</think>

El indicador de cobertura de población objetivo en los programas de tamizaje mide el porcentaje de personas entre 50-74 años que han sido tamizadas respecto a la población estimada en ese rango. Se calcula como (Número de personas tamizadas / Población objetivo entre 50-74 años) × 100. Los datos se obtienen de fuentes como SIAC, SIES y la Plataforma de Tamizaje, con una periodicidad trimestral. El responsable de esta métrica es la Coordinación del Programa o el Área de Planificación. Este indicador es crucial para evaluar la efectividad en la identificación y abordaje de personas en riesgo de cáncer gástrico.",3.5721043130615726,1398,168,1566,open_ended,98.92647058823535,49.9,109.8,3291.1328125,3291.1328125,3291.1328125,96.55555555555556,87.0,99.0,15972.0,15972.0,15972.0
0,DeepSeek-R1-Distill-Qwen-14B-Q6_K,319,"El cáncer gástrico es una neoplasia maligna que se origina en el revestimiento o en los tejidos del estómago. Se caracteriza por ser uno de los tipos de cáncer más comunes y representa una causa significativa de mortalidad, especialmente en etapas avanzadas.
El cáncer colorrectal es una neoplasia maligna que se origina en el colon o en el recto. Puede desarrollarse a partir de pólipos en el intestino grueso, por lo que su detección temprana es fundamental para recibir un tratamiento eficaz.","</think>

El cáncer gástrico es una enfermedad en la que se forman células malignas en los tejidos del estómago, según el NIH en 2022. Por otro lado, el cáncer colorrectal se define como un estudio radiológico con contraste que permite observar la morfología del estómago y el duodeno, según SERAM en 2020.",1.9218292459845543,714,93,807,open_ended,99.24999999999997,89.9,99.8,3291.1328125,3291.1328125,3291.1328125,95.66666666666667,80.0,98.0,15972.0,15972.0,15972.0
0,DeepSeek-R1-Distill-Qwen-14B-Q6_K,290,"El impacto económico del plan de tamizaje radica en que la detección temprana y el tratamiento de lesiones precancerosas reducen drásticamente los costos de atención para la CCSS en comparación con el manejo del cáncer avanzado:

Cáncer Gástrico: Tratar lesiones precancerosas representa solo el 8.3% del costo de un cáncer avanzado (23.3% en etapa temprana).
Cáncer de Colon: Atender lesiones precancerosas equivale al 3.3% del costo en etapa avanzada (9.0% en temprana).
Cáncer de Recto: Equivale al 3.0% en lesiones precancerosas (8.3% en temprana).","</think>

El impacto económico del plan de tamizaje propuesto se relaciona con la sostenibilidad institucional y la mejora continua de los programas. Se menciona la necesidad de asignar fondos para la implementación y mantenimiento del plan, incluyendo equipamiento, infraestructura y capacitación del personal. Además, se valora la importancia de realizar proyecciones de población y evaluar los costos reales para sustentar decisiones presupuestarias y valorar el impacto económico. Sin embargo, en el contexto proporcionado, no se especifican cifras o detalles específicos sobre el costo total o los beneficios económicos esperados del plan.",3.141034138039686,1473,144,1617,open_ended,98.47333333333337,49.9,109.8,3291.1328125,3291.1328125,3291.1328125,97.6,96.0,99.0,15972.0,15972.0,15972.0
0,DeepSeek-R1-Distill-Qwen-14B-Q6_K,286,"Una vez confirmado el diagnóstico de cáncer colorrectal (vía endoscópica o por biopsia), se deben llevar a cabo las siguientes acciones:

Referencia prioritaria: Referir con carácter prioritario al especialista médico para continuar con la estadificación y manejo.
Atención e información integral: Brindar al paciente información completa sobre el manejo, pronóstico, tratamiento y efectos secundarios, además de evaluar su estado funcional, nutricional y comorbilidades.
Estadificación: Realizar tomografía tóracotóraco-abdominopélvica con medio de contraste (y ultrasonido endoscópico o resonancia magnética si la lesión es en el recto).
Definición de ruta terapéutica: Establecer el tratamiento según el estadio (resección endoscópica, cirugía, quimioterapia o radioterapia neoadyuvante/adyuvante).","</think>

Si se confirma el diagnóstico de cáncer colorrectal, la persona debe recibir toda la información relacionada con el manejo, tratamiento y pronóstico de su enfermedad, incluyendo las alternativas disponibles y los posibles efectos secundarios o secuelas. En los estadios recurrentes, avanzados y metastásicos, se debe considerar un manejo multidisciplinario, valorando a la persona con las especialidades necesarias para garantizar un manejo integral, como gastroenterología, cirugía oncológica médica, oncología radioterápica, medicina paliativa, nutrición, psicología, trabajo social u otras, según el criterio del médico tratante.",3.188383807078935,699,160,859,open_ended,100.14000000000004,79.9,109.9,3291.1328125,3291.1328125,3291.1328125,96.4375,82.0,98.0,15972.0,15972.0,15972.0
0,DeepSeek-R1-Distill-Qwen-14B-Q6_K,232,"Dado que la incidencia de cáncer de estómago, colon y recto está estrechamente ligada a la edad, la mayor longevidad brinda más oportunidades para llegar a edades en donde el riesgo de desarrollar cáncer es más alto.
Implicaciones para el tamizaje: El incremento de población en edades de mayor riesgo hace indispensables los programas organizados de detección temprana (como la prueba FIT y la Serie Gastroduodenal) ya que pueden mejorar significativamente la detección temprana y, por ende, las tases de supervivencia.","</think>

El aumento de la esperanza de vida en Costa Rica está directamente relacionado con el incremento en la incidencia de cáncer de estómago y colorrectal. A medida que la población vive más años, la probabilidad de desarrollar enfermedades crónicas, incluyendo el cáncer, aumenta. Esto se refleja en un incremento del 77.1% en el número de casos previsto para 2040, según estimaciones de la Organización Mundial de la Salud. 

Esto tiene implicaciones significativas para los programas de tamizaje, ya que la detección temprana y el tratamiento adecuado son esenciales para mejorar los resultados y reducir la mortalidad. El Plan de Abordaje Integral busca replicar el modelo exitoso del Centro Nacional de Detección Temprana de Cáncer Gastrointestinal en áreas con mayor necesidad, lo que permitirá abordar de manera más efectiva la creciente incidencia de estos cánceres y disminuir los años de vida potencialmente perdidos.",4.879959020065144,1342,237,1579,open_ended,100.45652173913051,79.9,109.8,3291.1328125,3291.1328125,3291.1328125,97.0,87.0,99.0,15972.0,15972.0,15972.0
0,DeepSeek-R1-Distill-Qwen-14B-Q6_K,246,"La colaboración académica fortalece los programas de tamizaje:

UCR/CICICA: Aporta dos salas de endoscopía e integra Inteligencia Artificial para priorizar la lectura de Series Gastroduodenales (SGD) alteradas.
TEC: Desarrolla modelos predictivos de riesgo, optimiza procesos y define requerimientos en el EDUS para mejorar el flujo de información y la gobernanza.

La desvinculación del Hospital Max Peralta (HMP) implica gestionar un proceso ordenado de coexistencia. Tras 29 años de codependencia, el CNDTCG posee su propia Unidad Programática, pero aún carece de la estructura administrativa para asumir de forma independiente recursos financieros, talento humano, soporte de TIC, mantenimiento y servicios clínicos compartidos.","</think>

La colaboración con la academia, como la UCR/CICICA y el TEC, es esencial para los programas de tamizaje ya que contribuye a la innovación, actualización tecnológica y capacitación del personal, asegurando una atención de calidad y eficiencia. La desvinculación administrativa del CNDTCG del Hospital Max Peralta podría afectar la coordinación, el acceso a recursos compartidos y la continuidad en la atención, lo que podría comprometer la efectividad de los programas de detección temprana del cáncer.",2.7634197019506246,1374,126,1500,open_ended,100.19230769230771,89.8,109.8,3291.1328125,3291.1328125,3291.1328125,97.84615384615384,97.0,99.0,15972.0,15972.0,15972.0
0,DeepSeek-R1-Distill-Qwen-14B-Q6_K,289,"El Plan de Abordaje Integral propone transformar la atención del cáncer gástrico y colorrectal pasando de un abordaje reactivo a uno preventivo y de detección temprana:

Paradigma actual: Se activa cuando el paciente presenta síntomas gastrointestinales y consulta en EBAIS o emergencias. Conlleva la realización de endoscopía (en lista de espera), biopsia, diagnóstico de cáncer, cirugía, estadificación, hospitalización, quimio/radioterapia y control.
Paradigma propuesto: Se orienta a personas sanas identificadas dentro de una población objetivo (según zona geográfica, incidencia y edad). Aplica campañas y pruebas de tamizaje cada dos años, realizando endoscopías únicamente a quienes presentan pruebas alteradas. Esto permite detectar lesiones premalignas o cáncer en etapas tempranas, tratarlas mediante procedimientos mínimamente invasivos y dar seguimiento/control.","</think>

El cambio de paradigma propuesto por el Plan de Abordaje Integral se centra en la implementación de programas de tamizaje integrados para el cáncer gástrico y colorrectal, en lugar del enfoque tradicional que los trataba de manera separada. Mientras que antes se enfocaba en abordar cada tipo de cáncer de manera individual, ahora se prioriza la eficiencia y efectividad mediante la integración de ambos programas, lo que permite una atención más holística y optimizada de los recursos. Este enfoque busca reducir las brechas operativas y mejorar la detección temprana, incorporando un flujo de información integrado y una participación más coordinada de los profesionales de la salud.",3.388123000971973,983,166,1149,open_ended,99.49687500000005,79.9,109.8,3291.1328125,3291.1328125,3291.1328125,97.5625,97.0,99.0,15972.0,15972.0,15972.0
0,DeepSeek-R1-Distill-Qwen-14B-Q6_K,291,"Según el Plan de Abordaje Integral, la diferencia radica en:

    Costos tangibles: Son los gastos directos y visibles para la institución, relacionados con la detección, tratamiento y seguimiento del cáncer (equipamiento, infraestructura, pruebas de laboratorio y personal).
    Costos intangibles: Son los costos indirectos u ocultos, tales como cuidados continuos y especializados proporcionados por el personal de enfermería, los servicios de rehabilitación necesarios para que los pacientes se recuperen de los efectos secundarios de los tratamientos, y múltiples estudios y pruebas adicionales para monitorear el progreso.","</think>

**Costos Tangibles e Intangibles en el Contexto del Cáncer**

Los costos tangibles son aquellos que son evidentes y directamente relacionados con la detección y tratamiento del cáncer, como el personal, equipamiento, infraestructura y pruebas médicas. Por otro lado, los costos intangibles son indirectos y no tan visibles, como los impactos emocionales, la disminución de la calidad de vida y la carga económica sobre las familias y la sociedad.

**Justificación de los Programas de Tamizaje**

La implementación de programas de tamizaje es esencial porque detectar el cáncer en etapas tempranas reduce significativamente los costos tangibles y aborda también los intangibles, mejorando la calidad de vida de los pacientes y reduciendo la carga social. Esto no solo optimiza el uso de recursos, sino que también previene los altos costos y la complejidad de los tratamientos en etapas avanzadas.",4.447210644022562,1005,220,1225,open_ended,99.57619047619053,79.9,109.8,3291.2853422619046,3291.1328125,3291.2890625,95.68181818181819,74.0,98.0,15972.0,15972.0,15972.0
0,DeepSeek-R1-Distill-Qwen-14B-Q6_K,224,"Etapa I (2024–2025): Elaboración de la normativa institucional, mecanismos de acceso en el EDUS a datos de población, FIT y biopsias, captación/invitación de participantes, capacitación en endoscopia de tamizaje y convenio CNDTCG-CICICA.
Etapa II (2025–2026): Diseño de indicadores de gestión, implementación nacional del FIT cuantitativo, campañas de comunicación/sensibilización, despliegue del SILC, y planes de formación, equipamiento, infraestructura e investigación en salud.
Etapa III (2026–2028): Interoperabilidad en EDUS, análisis de desafíos operativos, implementación de modelos predictivos con inteligencia artificial para priorización, entrega de infraestructura/equipamiento y puesta en marcha de programas de tamizaje.
Etapa IV (2028–2029): Evaluación integral del plan por la Auditoría Interna y ejecución de ajustes correspondientes.","</think>

El Plan de Abordaje Integral para el Tamizaje de Cáncer de Estómago y Colorrectal se articula en respuesta a la sesión No. 9414 de la Junta Directiva de la Caja Costarricense de Seguro Social, conformando el Centro Nacional de Detección Temprana de Cáncer Gastrointestinal (CNDTCG). El plan tiene un horizonte temporal de 10 años, desde 2025 a 2029, y se enfoca en la evaluación de la situación actual, recopilación de datos epidemiológicos, y la implementación de programas de tamizaje.

Las principales etapas del plan incluyen:

1. **Invitación a participar**: Se dirige a la población objetivo que cumple con los criterios de inclusión definidos por el programa.

2. **Realización de pruebas FIT**: Los pacientes se someten a pruebas para detectar sangre oculta en las heces, realizadas en laboratorios clínicos con la participación de microbiólogos y personal de apoyo.

3. **Endoscopias y diagnóstico**: En caso de resultados positivos, se realizan endoscopias con la participación de endoscopistas y técnicos de endoscopia, y se envían muestras al patólogo para análisis definitivo.

4. **Tratamiento y seguimiento**: Si se detecta cáncer, se coordina el tratamiento adecuado y se establece un seguimiento continuo.

Las actividades clave contempladas en cada etapa incluyen la capacitación y retención del personal, la disponibilidad de recursos necesarios para las pruebas y procedimientos médicos, y la implementación de un sistema de información robusto para monitorear y evaluar el programa.",7.82095969398506,1262,391,1653,open_ended,99.26486486486498,30.0,109.8,3291.046875,3291.046875,3291.046875,97.15384615384616,95.0,99.0,15972.0,15972.0,15972.0
0,DeepSeek-R1-Distill-Qwen-14B-Q6_K,269,"El área de Gestión de Bases de Datos en el CNDTCG es responsable del diseño, mantenimiento, consolidación y análisis de los sistemas de información que contienen los datos clínicos, administrativos y operativos del centro.

Sus funciones principales incluyen:
Crear y mantener bases de datos estructuradas para almacenar y procesar información de tamizaje, endoscopía, consulta externa, procedimientos quirúrgicos y seguimiento clínico.
Validar, depurar y actualizar los datos, asegurando el control de calidad.
Generar reportes e informes analíticos para la toma de decisiones estratégicas, evaluación de desempeño y monitoreo de indicadores clave.
Garantizar la seguridad, confidencialidad y resguardo de información sensible mediante controles de acceso y rutinas de respaldo.","</think>

El área de gestión de bases de datos en el CNDTCG tiene la función de administrar y mantener las bases de datos necesarias para el funcionamiento del centro. Esto incluye la gestión de información relacionada con los pacientes, los servicios médicos prestados, los resultados de los estudios y procedimientos, y cualquier otro dato relevante para la operación especializada del centro. Además, esta área asegura la integridad, confidencialidad y accesibilidad de la información, permitiendo una toma de decisiones informada y el monitoreo de los indicadores clave de rendimiento. La gestión de bases de datos también contribuye a la estandarización y trazabilidad de las actividades desarrolladas en el CNDTCG, promoviendo la calidad y eficiencia en la prestación de servicios.",3.7127851970726624,1363,176,1539,open_ended,99.52000000000005,79.9,109.8,3291.046875,3291.046875,3291.046875,96.22222222222223,73.0,99.0,15972.0,15972.0,15972.0
0,DeepSeek-R1-Distill-Qwen-14B-Q6_K,242,"El cálculo del número de salas teóricas de fluoroscopia ($EF$) se realiza mediante la ecuación E1:
$$EF = \frac{PO \cdot PI \cdot PP}{PS \cdot DH}$$
PO: Población objetivo en el periodo.
PI: Porcentaje de invitación.
PP: Porcentaje de participación.
PS: Pacientes diarios por sala (20 pacientes/día).
DH: Días hábiles de funcionamiento al año.
Implicación: Al extrapolar este cálculo a nivel nacional para el año 2025, se requerirían aproximadamente 12 salas de fluoroscopia (y su respectivo personal de imagenología) funcionando a tiempo completo durante todo el año. La principal implicación es que este requerimiento no es factible en la práctica, ya que representa más del 60% de la disponibilidad nacional actual (19 salas existentes), las cuales hoy están destinadas casi en su totalidad a la atención asistencial y diagnóstica.","</think>

Para calcular el número de salas de fluoroscopia necesarias, se utiliza la ecuación E1:  
EF = (PO * PI * PP) / (PS * DH)  
Donde:  
- EF: Número de equipos de salas  
- PO: Población objetivo  
- PI: Porcentaje de invitación  
- PP: Porcentaje de participación  
- PS: Número de pacientes diarios por sala  
- DH: Número de días hábiles  

El resultado obtenido indica el número de salas de fluoroscopia y, por consecuencia, el personal de imagenología requerido para cubrir la demanda del programa de tamizaje. Este cálculo asegura que la capacidad instalada sea suficiente para atender a todos los pacientes en el período establecido, garantizando la eficiencia y efectividad del programa.",3.9206744340481237,1493,185,1678,open_ended,99.5351351351352,79.9,109.8,3291.046875,3291.046875,3291.046875,96.21052631578948,72.0,99.0,15972.0,15972.0,15972.0
0,DeepSeek-R1-Distill-Qwen-14B-Q6_K,275,"Según la norma, los factores de riesgo modificables para el cáncer colorrectal corresponden a la categoría de estilo de vida e incluyen:

Consumo de carnes rojas procesadas: Embutidos, salchichas, jamón, tocino o carnes curadas.
Dieta baja en fibra.
Obesidad.
Tabaco.
Alcohol.

Asimismo, la norma establece que el personal de salud debe brindar educación sobre estos factores de riesgo en los diferentes escenarios de atención clínica y asesorar en acciones que permitan minimizarlos.","</think>

No se mencionan los factores de riesgo de estilo de vida para cáncer colorrectal en el contexto proporcionado.",0.8871425819816067,1151,31,1182,open_ended,92.05555555555554,30.0,109.8,3291.046875,3291.046875,3291.046875,85.8,58.0,99.0,15972.0,15972.0,15972.0
0,DeepSeek-R1-Distill-Qwen-14B-Q6_K,317,"Los objetivos específicos del Manual de Gestión del CNDTCG son:
    Definir la estructura organizativa y funcional del centro para facilitar la coordinación interna y la articulación con la red institucional.
    Establecer las responsabilidades operativas del personal técnico y administrativo para delimitar funciones y fortalecer la gestión por procesos.
    Describir de manera clara y estandarizada la oferta de servicios (tamizaje, diagnóstico endoscópico, cirugía y seguimiento).
    Alinear el funcionamiento del CNDTCG con las políticas, normativas técnicas y planes estratégicos de la CCSS.
    Servir de base para elaborar documentos normativos que guíen la implementación progresiva y sostenible del tamizaje a nivel nacional.
    Facilitar la planificación, gestión operativa, evaluación de resultados y mejora continua basada en evidencia.","</think>

El Manual de Gestión tiene como objetivo describir y organizar las funciones, estructura, oferta de servicios y responsabilidades del CNDTCG. Busca orientar de manera sistemática los procesos asistenciales, técnicos y administrativos del centro, garantizando la coherencia operativa, la eficiencia en la prestación de servicios y la alineación con los principios y lineamientos estratégicos de la CCSS. Además, establece un modelo de atención basado en programas de tamizaje poblacional y servicios especializados, y define indicadores y procesos operativos para el seguimiento y mejora continua de la gestión.",2.947032090043649,1085,140,1225,open_ended,98.73571428571431,59.9,109.8,3291.046875,3291.046875,3291.046875,97.78571428571429,97.0,99.0,15972.0,15972.0,15972.0
0,DeepSeek-R1-Distill-Qwen-14B-Q6_K,297,"La clasificación endoscópica colorrectal internacional con imagen de banda estrecha NBI (NICE) se utiliza sin endoscopía de aumento. Es útil para predecir la invasión submucosa profunda y definir si una lesión es irresecable endoscópicamente. Se compone de tres subtipos:
    NICE 1: Pólipo hiperplásico.
    NICE 2: Pólipo adenomatoso.
    NICE 3: Lesión con invasión submucosa profunda o cáncer avanzado.","</think>

La clasificación NICE (Nice, por sus siglas en inglés) para pólipos colorrectales es una herramienta utilizada para predecir la invasión submucosa profunda y para identificar lesiones que no sean resecables endoscópicamente. Esta clasificación se basa en tres subtipos:

1. **NICE 1**: Pólipo hiperplásico.
2. **NICE 2**: Pólipo adenomatoso.
3. **NICE 3**: Lesión con invasión submucosa profunda o cáncer avanzado.

Esta clasificación es útil para evaluar y categorizar los pólipos colorrectales de manera rápida y sin necesidad de endoscopia de aumento.",3.581803405075334,1504,167,1671,open_ended,98.62941176470594,49.9,109.8,3291.046875,3291.046875,3291.046875,94.83333333333333,49.0,99.0,15972.0,15972.0,15972.0
0,DeepSeek-R1-Distill-Qwen-14B-Q6_K,302,"Los principales logros del Centro Nacional de Detección Temprana de Cáncer Gastrointestinal (CNDTCG) comprenden:
    Creación de un modelo único de Programa de Tamizaje Gástrico y Colorrectal.
    Liderazgo regional: Convertirse en el único país de la región y uno de los tres de Latinoamérica con un programa organizado de tamizaje de cáncer colorrectal.
    Efectividad en diagnóstico oportuno: Lograr la detección de más del 50% de cáncer temprano de colon.","</think>

El CNDTCG ha logrado fortalecer la estandarización, trazabilidad, eficiencia y calidad de sus actividades mediante la implementación de herramientas de información y modelos de coordinación interinstitucional. Esto ha permitido mejorar la gestión operativa, promover la calidad en los servicios y asegurar una toma de decisiones basada en evidencia. Además, ha contribuido al cumplimiento de los objetivos estratégicos del centro, mejorando la atención a pacientes con patologías gastrointestinales a través de programas de diagnóstico temprano, tratamiento quirúrgico y seguimiento clínico.",2.986825600033626,1213,140,1353,open_ended,99.80714285714289,89.9,109.9,3291.046875,3291.046875,3291.046875,94.73333333333333,54.0,99.0,15972.0,15972.0,15972.0
0,DeepSeek-R1-Distill-Qwen-14B-Q6_K,237,"Según las DRIPSS, existe una distribución desigual de recursos:
Recursos humanos: Hay 384 personas en imagenología, pero solo 139 capacitadas en Serie Gastroduodenal. Hay 98,5 radiólogos capacitados en SGD.
Recursos tecnológicos: Existen 19 salas de fluoroscopia.
Implicaciones: La disparidad geográfica y la limitada capacitación técnica en SGD (solo 36% del personal de imagenología) comprometen el acceso equitativo. Además, casi todos estos recursos están destinados al diagnóstico asistencial y enfrentan listas de espera, lo que limita seriamente su uso actual para tamizaje gástrico y demanda la expansión de infraestructura.","</think>

El contexto no proporciona información específica sobre la distribución de recursos humanos y tecnológicos de fluoroscopia según las DRIPSS ni sus implicaciones para el tamizaje de cáncer gástrico. Por lo tanto, no puedo responder a esta pregunta.",1.3875675939489154,1022,60,1082,open_ended,99.03846153846152,89.9,99.8,3291.046875,3291.046875,3291.046875,97.83333333333333,96.0,99.0,15972.0,15972.0,15972.0
0,DeepSeek-R1-Distill-Qwen-14B-Q6_K,253,"La elaboración del manual se realizó según el Manual Metodológico para la Construcción de un Manual de Gestión en la Dirección de Desarrollo de Servicios de Salud, mediante un enfoque participativo y técnico que comprendió:

Revisión documental: Análisis de antecedentes, normativa, planes estratégicos y modelos de atención.
Análisis organizativo: Evaluación de áreas funcionales, programas clínicos y servicios de soporte.
Consulta con actores clave: Sesiones técnicas de trabajo con personal del CNDTCG y áreas relacionadas.
Síntesis y sistematización: Estructuración técnica de la información bajo los apartados institucionales requeridos.
Validación preliminar: Revisión por instancias responsables y equipos operativos.
Validación final: Consenso estructurado mediante el método DELPHI modificada con expertos institucionales para garantizar su solidez, pertinencia y aplicabilidad.","</think>

La metodología utilizada para elaborar el Manual de Gestión del CNDTCG se basó en el ""Manual Metodológico para la Construcción de un Manual de Gestión en la Dirección de Desarrollo de Servicios de Salud"", versión vigente. Este proceso fue participativo y técnico, incluyendo revisiones documentales de antecedentes institucionales, análisis de información, modelos de coordinación interinstitucional y enfoques que aseguraron la estandarización, coherencia técnica y alineación con la normativa de la Caja Costarricense de Seguro Social.",2.94113790395204,1464,134,1598,open_ended,99.09285714285717,49.9,109.9,3291.046875,3291.046875,3291.046875,97.57142857142857,95.0,99.0,15972.0,15972.0,15972.0
0,DeepSeek-R1-Distill-Qwen-14B-Q6_K,241,"Las metas de cobertura establecidas para los programas de tamizaje de cáncer gástrico y colorrectal son:
Porcentaje de invitación: 40% de la población objetivo para ambos tipos de cáncer.
Porcentaje de tamizaje: 65% de la población invitada participando en el programa.
Periodicidad: Bienal (aplicado cada dos años).

En cuanto a las endoscopias estimadas sobre la población tamizada:
Cáncer gástrico: Se estima que un 15% requerirá gastroscopia, derivado de las Series Gastroduodenales (SGD) alteradas.
Cáncer colorrectal: Se estima que un 12% requerirá colonoscopia, derivado de las pruebas de sangre oculta en heces (FIT) positivas.","</think>

Con base en los criterios para la cobertura establecidos en el Plan de Abordaje Integral, los programas de tamizaje de cáncer gástrico y colorrectal tienen metas específicas. Para ambos tipos de cáncer, el porcentaje de invitación a la población objetivo es del 40%, lo que significa que se espera contactar a esta proporción para participar en los programas de tamizaje. Asimismo, el porcentaje de la población que efectivamente participa en el tamizaje es del 65%. No se menciona explícitamente el porcentaje de endoscopias estimado para cada tipo de cáncer en el contexto proporcionado.",3.164364463998936,1009,154,1163,open_ended,98.4766666666667,59.9,109.8,3291.046875,3291.046875,3291.046875,97.66666666666667,97.0,99.0,15972.0,15972.0,15972.0
0,DeepSeek-R1-Distill-Qwen-14B-Q6_K,222,"El artículo 11 de la Ley del EDUS clasifica toda su información como privada y sensible, exigiendo secreto profesional continuo (reglado con sanciones administrativas, civiles y penales). El EDUS no fue estructurado originalmente para la gestión de programas de tamizaje. Se señala el antecedente del ataque cibernético a la CCSS en 2022. El manejo masivo de datos de localización para la captación representa un riesgo de seguridad de la información si no se aplican controles rigurosos de perfilamiento y gestión de accesos.","</think>

Las limitaciones y riesgos de seguridad informática relacionados con la privacidad de datos sensibles de los pacientes bajo el sistema EDUS, según la legislación costarricense, incluyen:

1. **Acceso no autorizado**: Usuarios no autorizados que puedan acceder a la información sensible sin la autorización necesaria, violando el secreto profesional y las normas de confidencialidad.

2. **Violación del secreto profesional**: Los profesionales y usuarios autorizados tienen la obligación de mantener el secreto profesional, incluso después de finalizar su relación con el sistema EDUS. Su incumplimiento puede resultar en consecuencias disciplinarias, administrativas, civiles y penales.

3. **Confidencialidad y seguridad**: La información contenida en el EDUS es privada y sensible. Cualquier violación de la confidencialidad puede afectar la privacidad de los pacientes y generar responsabilidades legales.

4. **Acceso restringido a terceros**: El acceso a datos de terceros requiere autorización escrita del titular de los datos. La falta de esta autorización o el incumplimiento de los plazos de conservación establecidos (10 años) puede constituir un riesgo.

5. **Transferencia de datos**: Según la Ley 8968, los responsables de bases de datos solo pueden transferir datos personales en casos específicos y con las garantías legales necesarias.任一未经适当授权的转移都可能 compromises la privacidad.

Estos riesgos y limitaciones están regulados en la Ley del EDUS y la Ley 8968,强调了保护患者数据的重要性 y las consecuencias de su violación.",7.443665358936414,1209,372,1581,open_ended,99.80142857142867,69.9,109.8,3291.046875,3291.046875,3291.046875,96.45945945945945,72.0,98.0,15972.0,15972.0,15972.0
0,DeepSeek-R1-Distill-Qwen-14B-Q6_K,259,"Según la clasificación CIE-10, los principales diagnósticos nosológicos que atiende el CNDTCG incluyen:

Tumores malignos: Estómago (C16.0–C16.9), colon (C18.0–C18.9), unión rectosigmoidea (C19) y recto (C20).
Lesiones precancerosas, benignas o neoplasias de comportamiento incierto: Lesiones gástricas precancerosas (D00.2), adenomas colorrectales avanzados (D12.6), pólipos gástricos (D13.1), tumores subepiteliales del tracto digestivo (D13.2) y sospecha de tumores pancreáticos (D13.6).
Patologías gástricas, hepáticas, biliares y digestivas: Gastritis crónica atrófica (K29.4), abscesos hepáticos (K75.0), coledocolitiasis (K80.5), colecistitis (K81.0), colangitis (K83.0) y sangrado digestivo (K92.2).
Complicaciones postoperatorias: Recurrencias postquirúrgicas digestivas (T81.4).","</think>

El CNDTCG atiende diagnósticos nosológicos relacionados con el cáncer gástrico y el cáncer colorrectal, entre otros, basándose en la clasificación CIE-10 de la OMS.",1.3877344999928025,1237,56,1293,open_ended,102.1153846153846,99.8,109.8,3291.046875,3291.046875,3291.046875,94.42857142857143,75.0,98.0,15972.0,15972.0,15972.0
0,DeepSeek-R1-Distill-Qwen-14B-Q6_K,294,"FIT (Prueba Inmunoquímica Fecal): Es una prueba analítica realizada en laboratorio clínico para detectar la presencia de sangre oculta en heces, utilizada en el tamizaje de cáncer colorrectal.
SGD (Serie Gastroduodenal): Es un estudio radiológico por fluoroscopia con medio de contraste que permite evaluar la morfología del esófago, estómago y duodeno, utilizado en el tamizaje de cáncer gástrico.

Ambas pertenecen a la etapa de prueba inicial o tamizaje primario dentro del programa organizado de tamizaje. Se aplican a la población objetivo asintomática como filtro previo para identificar hallazgos sospechosos y determinar la necesidad de avanzar a la etapa de confirmación diagnóstica mediante procedimientos endoscópicos (gastroscopía para SGD alterada o colonoscopía para FIT positiva).","</think>

Las pruebas FIT y SGD son parte del proceso de tamizaje del cáncer. La FIT (Fecal Immunochemical Test) es una prueba de sangre oculta en heces, utilizada como primera etapa del tamizaje para detectar sangre en las heces, lo que puede indicar lesiones gastrointestinales. Por otro lado, la SGD (Serie Gastroduodenal) es una prueba endoscópica que incluye una gastroscopia y una colonoscopia, utilizada en la etapa confirmatoria para diagnosticar lesiones sospechosas identificadas en la FIT. Ambas pruebas son esenciales en el programa de tamizaje, donde FIT actúa como primer nivel de screening y SGD como una herramienta más especializada para confirmar diagnósticos.",3.7721640820382163,1493,177,1670,open_ended,98.70000000000006,30.0,109.8,3291.046875,3291.046875,3291.046875,95.89473684210526,66.0,99.0,15972.0,15972.0,15972.0
0,DeepSeek-R1-Distill-Qwen-14B-Q6_K,292,"La Clasificación JNET (Japan NBI Expert Team) es una clasificación para pólipos colorrectales que se divide en cuatro subtipos:
    JNET 1: Pólipo hiperplásico.
    JNET 2A: Pólipo con neoplasia intramucosa de bajo grado.
    JNET 2B: Pólipo con neoplasia intramucosa de alto grado o invasión superficial de la submucosa.
    JNET 3: Lesión con cáncer invasor en la submucosa profunda.","</think>

La Clasificación JNET para pólipos colorrectales es un sistema de categorización que divide los pólipos en cuatro subtipos basados en su características endoscópicas y el riesgo de invasión. 

1. **JNET 1**: Pólipo hiperplásico.  
2. **JNET 2A**: Pólipo con neoplasia intramucosa de bajo grado.  
3. **JNET 2B**: Pólipo con neoplasia intramucosa de alto grado o invasión superficial de la submucosa.  
4. **JNET 3**: Lesión con cáncer invasor en la submucosa profunda.  

Este sistema ayuda a determinar el riesgo de progreso maligno y guía la decisión terapéutica.",3.9448288009734824,1506,186,1692,open_ended,99.5351351351352,89.9,109.8,3291.046875,3291.046875,3291.046875,96.63157894736842,80.0,99.0,15972.0,15972.0,15972.0
0,DeepSeek-R1-Distill-Qwen-14B-Q6_K,228,"Durante el periodo 2017-2022, la incidencia total combinada de cáncer de estómago, colon y recto mostró una leve tendencia decreciente, pasando de 30,60 a 27,41 casos por 100.000 habitantes. Por tipo de cáncer:
- Estómago: Mantuvo estabilidad (12–13 casos por 100.000), disminuyendo hacia 2022.
- Colon: Presentó estabilidad, fluctuando entre 11 y 12 casos por 100.000.
- Recto: Permaneció constante (6–7 casos por 100.000).
Diferencias por sexo: La incidencia combinada fue consistentemente mayor en hombres (promedio de 32,62 por 100.000) que en mujeres (promedio de 27,16 por 100.000). Los hombres registraron mayor incidencia en cáncer de estómago (13,98 vs. 9,31) y de recto (6,98 vs. 5,12). En contraste, la incidencia de cáncer de colon fue levemente superior en mujeres (12,73 vs. 11,66).","</think>

No lo sé.",0.5285415990510955,1511,7,1518,open_ended,99.84,89.9,109.9,3291.046875,3291.046875,3291.046875,83.0,67.0,99.0,15972.0,15972.0,15972.0
0,DeepSeek-R1-Distill-Qwen-14B-Q6_K,319,"El cáncer gástrico es una neoplasia maligna que se origina en el revestimiento o en los tejidos del estómago. Se caracteriza por ser uno de los tipos de cáncer más comunes y representa una causa significativa de mortalidad, especialmente en etapas avanzadas.
El cáncer colorrectal es una neoplasia maligna que se origina en el colon o en el recto. Puede desarrollarse a partir de pólipos en el intestino grueso, por lo que su detección temprana es fundamental para recibir un tratamiento eficaz.","</think>

El cáncer gástrico es una enfermedad en la que se forman células malignas en los tejidos del estómago, según el NIH en 2022. Por otro lado, el cáncer colorrectal se define como un estudio radiológico con contraste que permite observar la morfología del estómago y el duodeno, según SERAM en 2020.",1.9205464869737625,714,93,807,open_ended,99.24999999999997,89.8,109.8,3291.046875,3291.046875,3291.046875,95.0,73.0,98.0,15972.0,15972.0,15972.0
0,DeepSeek-R1-Distill-Qwen-14B-Q6_K,313,"Fluoroscopio (para Serie Gastroduodenal - SGD):
    Costo unitario estimado: Entre ₡166,663,350 y ₡198,408,750 por equipo.
    Vida útil: 10 años
Torre de Endoscopía Alta (para Gastroscopía / EGD):
     Costo unitario estimado: ₡102,322,211
    Nota de uso: Es la misma torre básica utilizada para colonoscopías, variando únicamente las sondas.","</think>

Los costos para el equipamiento en el tamizaje de cáncer gástrico, según el contexto proporcionado, corresponden a los equipos adquiridos en el año 2020 por el Centro Nacional de Detección Temprana de Cáncer Gastrointestinal. Los equipos incluyen un procesador, una fuente de luz, videoendoscopios, carros de transporte, unidades de mantenimiento, insuflador de CO2 y varias pinzas de biopsia, entre otros. El costo total del equipamiento es de $54,856,051, considerando el puesto de trabajo y el procedimiento de 25.92 m².",3.3554142159409817,1577,154,1731,open_ended,97.94062500000004,39.9,99.9,3291.046875,3291.046875,3291.046875,96.11764705882354,72.0,99.0,15972.0,15972.0,15972.0
0,DeepSeek-R1-Distill-Qwen-14B-Q6_K,311,"Según la norma, los servicios de salud públicos, privados y mixtos tienen las siguientes obligaciones:

    Instrumentos técnicos de atención: Contar con un manual de procedimientos, guía o protocolo para la prevención y detección del cáncer colorrectal que incluya información de consejería, boleta de notificación obligatoria al Ministerio de Salud y mecanismos de referencia a servicios especializados.
    Planificación preventiva: Si brindan atención comunitaria, deben incorporar una planificación anual de acciones preventivas y de promoción de la salud acordes al perfil poblacional.
    Capacitación permanente: Disponer de estrategias de sensibilización y capacitación continua en cáncer colorrectal basadas en evidencia científica para el personal responsable de la atención directa, promoviendo competencias técnicas con calidad y calidez.","</think>

Según la norma nacional para la atención del cáncer colorrectal en Costa Rica, los establecimientos del sistema de salud tienen las siguientes obligaciones:

1. Cumplir con los lineamientos de salud pública en prevención, detección temprana, diagnóstico, estadiación, tratamiento, rehabilitación y cuidados paliativos del cáncer colorrectal (CCR).

2. Garantizar el acceso, la calidad y la equidad en el manejo del CCR para todas las personas en el territorio nacional.

3. Implementar programas de tamizaje para detectar el CCR en etapas tempranas, lo que permite mejorar los resultados terapéuticos y reducir la mortalidad.

4. Colaborar en la investigación y en la mejora continua de los servicios de salud para el manejo del CCR.

5. Asegurar la continuidad de la atención integral a través de un modelo de gestión que promueve la colaboración y complementariedad de los servicios.

6. Participar en la correcta selección de casos, definición de indicaciones quirúrgicas, coordinación con equipos multidisciplinarios y organización de agendas quirúrgicas.

7. Cumplir con las directrices específicas sobre la función, obligatoriedad y participación de cada unidad en el proceso de tamizaje, según la normativa institucional.",6.0427764219930395,1131,301,1432,open_ended,99.80350877192993,59.9,109.8,3291.046875,3291.046875,3291.046875,96.63333333333334,76.0,98.0,15972.0,15972.0,15972.0
0,DeepSeek-R1-Distill-Qwen-14B-Q6_K,314,"Salas de Fluoroscopia: se tomará en consideración únicamente la sala de estudio y de comando la cual es de 47.7 m2, por lo que su costo sería de ₡100,950,372
Salas de Endoscopía: se tomará en consideración únicamente el puesto de trabajo y procedimiento la cual es de 25.92 m2, por lo que su costo sería de ₡54,856,051","</think>

El costo para la infraestructura en el tamizaje de cáncer gástrico es de $54,856,051, correspondiente al puesto de trabajo y procedimiento de 25.92 m².",1.2935417039552703,991,56,1047,open_ended,93.66923076923075,10.0,109.9,3291.046875,3291.046875,3291.046875,96.83333333333333,93.0,98.0,15972.0,15972.0,15972.0
0,DeepSeek-R1-Distill-Qwen-14B-Q6_K,287,"La evaluación de la norma está a cargo del Ministerio de Salud, el cual ejecuta la vigilancia y valora los resultados del cumplimiento mediante los siguientes indicadores oficiales:
    Tasa de incidencia de cáncer colorrectal.
    Porcentaje de diferentes estadios del cáncer colorrectal en el momento del diagnóstico.
    Tasa de mortalidad por cáncer colorrectal.

El Ministerio de Salud debe garantizar información estadística actualizada y de calidad, con la facultad de utilizar indicadores adicionales según su criterio técnico como ente rector. Los resultados de esta evaluación deben ser publicados cada 5 años.","</think>

La norma para el tamizaje del cáncer colorrectal se evalúa considerando la población de riesgo promedio, que incluye hombres y mujeres entre 50-74 años, cada dos años. Se utiliza la prueba específica de SOHi, cualitativa con un punto de corte no mayor a 30 ng/ml o cuantitativa y automatizada con un punto de corte de 100 ng/ml, siendo esta última la recomendada. Además, para solicitar una colonoscopia, se debe incluir la edad, antecedentes heredofamiliares de cáncer colorrectal de primer grado, antecedentes patológicos personales y el uso de anticoagulantes.",3.160240337951109,634,160,794,open_ended,98.8066666666667,59.9,109.8,3291.046875,3291.046875,3291.046875,94.5625,51.0,98.0,15972.0,15972.0,15972.0
0,DeepSeek-R1-Distill-Qwen-14B-Q6_K,291,"Según el Plan de Abordaje Integral, la diferencia radica en:

    Costos tangibles: Son los gastos directos y visibles para la institución, relacionados con la detección, tratamiento y seguimiento del cáncer (equipamiento, infraestructura, pruebas de laboratorio y personal).
    Costos intangibles: Son los costos indirectos u ocultos, tales como cuidados continuos y especializados proporcionados por el personal de enfermería, los servicios de rehabilitación necesarios para que los pacientes se recuperen de los efectos secundarios de los tratamientos, y múltiples estudios y pruebas adicionales para monitorear el progreso.","</think>

**Costos Tangibles e Intangibles en el Contexto del Cáncer**

Los costos tangibles son aquellos que son evidentes y directamente relacionados con la detección y tratamiento del cáncer, como el personal, equipamiento, infraestructura y pruebas médicas. Por otro lado, los costos intangibles son indirectos y no tan visibles, como los impactos emocionales, la disminución de la productividad laboral y los costos sociales derivados de la enfermedad.

**Justificación de los Programas de Tamizaje**

La implementación de programas de tamizaje es esencial porque detectar el cáncer en etapas tempranas reduce significativamente los costos tangibles y aborda indirectamente los costos intangibles. Esto no solo optimiza el uso de recursos económicos, sino que también mejora la calidad de vida de los pacientes y reduce la carga emocional y económica sobre las familias y la sociedad en general.",4.307204465963878,1005,214,1219,open_ended,99.07560975609763,30.0,109.8,3291.046875,3291.046875,3291.046875,97.47619047619048,97.0,99.0,15972.0,15972.0,15972.0
0,DeepSeek-R1-Distill-Qwen-14B-Q6_K,282,"Según la norma, las prevenciones para el cáncer colorrectal se orientan a los siguientes aspectos:

    Prevención primaria: Se orienta a mejorar los estilos de vida y atender los factores de riesgo identificados en las personas.
    Prevención secundaria: Se orienta a las actividades de tamizaje para la detección temprana del cáncer colorrectal, las cuales se basan en la categorización del riesgo de la población (riesgo promedio y riesgo aumentado).","</think>

Las prevenciones primaria y secundaria para el tamizaje de cáncer colorrectal se orientan a detectar precozmente la enfermedad mediante pruebas de tamizaje en la población objetivo, con el fin de reducir la incidencia y mortalidad. La prevención primaria busca evitar la aparición del cáncer a través de intervenciones como dietas saludables, ejercicio físico y vacunación contra el virus del papiloma humano (VPH). La prevención secundaria, por su parte, se centra en detectar lesiones precancerosas o tumores en etapas iniciales mediante pruebas como la prueba de sangre oculta en heces (FIT) y colonoscopia, permitiendo un tratamiento más efectivo y oportuno.",3.4544893850106746,903,172,1075,open_ended,99.20303030303035,29.9,109.9,3290.85546875,3290.85546875,3290.85546875,96.23529411764706,77.0,98.0,15972.0,15972.0,15972.0
0,DeepSeek-R1-Distill-Qwen-14B-Q6_K,306,"El acuerdo propuesto instruye a las Gerencias Médica, Administrativa y Financiera a gestionar, en un plazo no mayor a tres meses, por un período de un año (mientras se aprueban como plazas ordinarias), la creación de 8 plazas necesarias para la implementación y operación del Sistema Integrado de Laboratorios Clínicos (SILC).
Las plazas requeridas están conformadas por:

    1 plaza MQC3 (Especialista en calidad)
    2 plazas MQC2
    5 plazas de Analistas de Sistemas 4 en TIC

El objetivo es asegurar el recurso humano técnico especializado para la dirección, soporte ininterrumpido (24/7) y sostenibilidad de la plataforma informática que procesará las pruebas del programa de tamizaje.","</think>

El Acuerdo Cuarto propone que la Gerencia Médica, Administrativa y Financiera gestionen, en un plazo de 3 meses, la creación de 8 plazas para la implementación y operación del SILC, utilizando la modalidad de proyectos especiales. Estas plazas serán temporales por un año, hasta que puedan ser cubiertas mediante plazas ordinarias.",2.0932941240025684,1327,92,1419,open_ended,100.30999999999997,69.9,109.8,3290.85546875,3290.85546875,3290.85546875,94.5,63.0,99.0,15972.0,15972.0,15972.0
0,DeepSeek-R1-Distill-Qwen-14B-Q6_K,251,"El proceso de tamizaje para cáncer colorrectal sigue las siguientes etapas:

Invitación: Se convoca a personas asintomáticas (50 a 74 años) de la población objetivo.
Prueba FIT: El participante se realiza la prueba inmunoquímica fecal en un laboratorio clínico para detectar sangre oculta en heces, analizada por microbiólogos y personal técnico.
Colonoscopia: Si el resultado del FIT es positivo, un endoscopista (asistido por el técnico) realiza una colonoscopia para evaluar el colon y remover lesiones como adenomas.
Biopsia: De hallarse lesiones sospechosas de malignidad, se toma una muestra de tejido para análisis por parte del patólogo.
Resolución: Si la biopsia resulta positiva para cáncer, el paciente se remite a tratamiento (cirugía, quimioterapia, etc.). Si los resultados son negativos, el usuario reingresa al programa de tamizaje bienal.","</think>

El proceso de tamizaje para el cáncer colorrectal según el modelo del CNDTCG incluye varias etapas. Primero, se invita a la población objetivo que cumple con los criterios de inclusión. Luego, los invitados aceptan participar y se someten a la prueba FIT, realizada en un laboratorio clínico para detectar sangre oculta en las heces. En esta etapa, el microbiólogo y el personal de apoyo del laboratorio clínico son esenciales. Si la prueba FIT es positiva, el paciente es remitido a un endoscopista para una colonoscopia. Durante este procedimiento, el técnico de endoscopia y el patólogo participan en el análisis de las muestras. Si se detecta displasia de alto grado o cáncer, el paciente recibe un posible tratamiento.",3.8247603479539976,867,191,1058,open_ended,99.52777777777784,79.9,109.9,3290.85546875,3290.85546875,3290.85546875,95.21052631578948,55.0,98.0,15972.0,15972.0,15972.0
0,DeepSeek-R1-Distill-Qwen-14B-Q6_K,242,"El cálculo del número de salas teóricas de fluoroscopia ($EF$) se realiza mediante la ecuación E1:
$$EF = \frac{PO \cdot PI \cdot PP}{PS \cdot DH}$$
PO: Población objetivo en el periodo.
PI: Porcentaje de invitación.
PP: Porcentaje de participación.
PS: Pacientes diarios por sala (20 pacientes/día).
DH: Días hábiles de funcionamiento al año.
Implicación: Al extrapolar este cálculo a nivel nacional para el año 2025, se requerirían aproximadamente 12 salas de fluoroscopia (y su respectivo personal de imagenología) funcionando a tiempo completo durante todo el año. La principal implicación es que este requerimiento no es factible en la práctica, ya que representa más del 60% de la disponibilidad nacional actual (19 salas existentes), las cuales hoy están destinadas casi en su totalidad a la atención asistencial y diagnóstica.","</think>

Para calcular el número de salas de fluoroscopia necesarias, se utiliza la ecuación E1: 

EF = (PO * PI * PP) / (PS * DH)

Donde:
- EF: Número de equipos de salas de fluoroscopia.
- PO: Población objetivo en un periodo.
- PI: Porcentaje de invitación en un periodo.
- PP: Porcentaje de participación en un periodo.
- PS: Número de pacientes diarios por sala.
- DH: Número de días hábiles de funcionamiento.

El resultado obtenido indica el número de salas de fluoroscopia y, por consiguiente, el personal de imagenología requerido para cubrir la demanda del programa de tamizaje. Este cálculo asegura que la capacidad instalada sea suficiente para atender a todos los pacientes en el período establecido, garantizando la eficiencia y efectividad del programa.",4.192695926991291,1493,199,1692,open_ended,97.56000000000007,29.9,109.8,3290.85546875,3290.85546875,3290.85546875,96.23809523809524,70.0,99.0,15972.0,15972.0,15972.0
0,DeepSeek-R1-Distill-Qwen-14B-Q6_K,306,"El acuerdo propuesto instruye a las Gerencias Médica, Administrativa y Financiera a gestionar, en un plazo no mayor a tres meses, por un período de un año (mientras se aprueban como plazas ordinarias), la creación de 8 plazas necesarias para la implementación y operación del Sistema Integrado de Laboratorios Clínicos (SILC).
Las plazas requeridas están conformadas por:

    1 plaza MQC3 (Especialista en calidad)
    2 plazas MQC2
    5 plazas de Analistas de Sistemas 4 en TIC

El objetivo es asegurar el recurso humano técnico especializado para la dirección, soporte ininterrumpido (24/7) y sostenibilidad de la plataforma informática que procesará las pruebas del programa de tamizaje.","</think>

El Acuerdo Cuarto propone que la Gerencia Médica, Administrativa y Financiera gestionen, en un plazo de 3 meses, la creación de 8 plazas para la implementación y operación del SILC, utilizando la modalidad de proyectos especiales. Estas plazas serán cubiertas por un período de un año, hasta que puedan ser asignadas plazas ordinarias.",2.1331282360479236,1327,94,1421,open_ended,100.30999999999997,99.8,109.8,3290.85546875,3290.85546875,3290.85546875,96.1,79.0,99.0,15972.0,15972.0,15972.0
0,DeepSeek-R1-Distill-Qwen-14B-Q6_K,316,"La secretaria en el CNDTCG brinda soporte administrativo y logístico a la Dirección General y al equipo técnico para asegurar el funcionamiento ordenado de los procesos internos y la fluidez en la comunicación. Sus responsabilidades principales incluyen organizar la agenda, coordinar reuniones y eventos, colabora en la elaboración y formato de informes y otras tareas administrativas.","</think>

No se menciona el rol de la secretaria en el contexto proporcionado.",0.7127849839162081,1351,19,1370,open_ended,95.54285714285713,69.9,99.9,3290.85546875,3290.85546875,3290.85546875,93.0,83.0,99.0,15972.0,15972.0,15972.0
0,DeepSeek-R1-Distill-Qwen-14B-Q6_K,269,"El área de Gestión de Bases de Datos en el CNDTCG es responsable del diseño, mantenimiento, consolidación y análisis de los sistemas de información que contienen los datos clínicos, administrativos y operativos del centro.

Sus funciones principales incluyen:
Crear y mantener bases de datos estructuradas para almacenar y procesar información de tamizaje, endoscopía, consulta externa, procedimientos quirúrgicos y seguimiento clínico.
Validar, depurar y actualizar los datos, asegurando el control de calidad.
Generar reportes e informes analíticos para la toma de decisiones estratégicas, evaluación de desempeño y monitoreo de indicadores clave.
Garantizar la seguridad, confidencialidad y resguardo de información sensible mediante controles de acceso y rutinas de respaldo.","</think>

El área de gestión de bases de datos en el CNDTCG tiene la función de administrar e integrar información clave relacionada con los procesos asistenciales, técnicos y administrativos del centro. Esto incluye el manejo de datos de pacientes, registros quirúrgicos, bases de datos y sistemas de información. Además, contribuye a la estandarización, trazabilidad y calidad de las actividades desarrolladas en el centro, promoviendo su aplicabilidad en el entorno operativo real. Su trabajo se alinea con los principios y lineamientos estratégicos de la CCSS, asegurando la coherencia operativa y la eficiencia en la prestación de servicios especializados en detección temprana de cáncer gastrointestinal.",3.433320665033534,1363,164,1527,open_ended,96.78484848484852,10.0,109.8,3290.85546875,3290.85546875,3290.85546875,92.88888888888889,49.0,99.0,15972.0,15972.0,15972.0
0,DeepSeek-R1-Distill-Qwen-14B-Q6_K,316,"La secretaria en el CNDTCG brinda soporte administrativo y logístico a la Dirección General y al equipo técnico para asegurar el funcionamiento ordenado de los procesos internos y la fluidez en la comunicación. Sus responsabilidades principales incluyen organizar la agenda, coordinar reuniones y eventos, colabora en la elaboración y formato de informes y otras tareas administrativas.","</think>

No se menciona el rol de la secretaria en el contexto proporcionado.",0.6657077189302073,1351,19,1370,open_ended,89.84285714285714,20.0,109.8,3291.3018973214284,3290.85546875,3291.48046875,93.33333333333333,84.0,99.0,15972.0,15972.0,15972.0
0,DeepSeek-R1-Distill-Qwen-14B-Q6_K,255,"Planificación y seguimiento: Elaborar y actualizar el Plan Anual Operativo, establecer metas medibles y realizar el seguimiento sistemático de los indicadores clínicos y administrativos.
Gestión de la calidad: Liderar la mejora continua mediante el análisis de brechas, auditorías técnicas, evaluaciones internas y la formulación de acciones correctivas y preventivas.
Análisis avanzado de datos y costeo: Implementar herramientas de Big Data, Minería de Datos e Inteligencia de Negocios (BI) para orientar decisiones estratégicas, además de coordinar el costeo de servicios para evaluar la eficiencia y sostenibilidad económica.
Gestión de demanda y capacidad: Monitorear continuamente la demanda asistencial para formular requerimientos de talento humano, equipamiento e infraestructura, sirviendo como enlace técnico con instancias regionales y centrales de la CCSS.","</think>

El área de Planificación y Mejora Continua en el CNDTCG tiene funciones que incluyen la elaboración, revisión y actualización del Plan Anual Operativo, asegurando que las metas sean claras, medibles y pertinentes. Además, acompaña técnicamente a las unidades funcionales y programas del centro. También realiza el seguimiento sistemático de indicadores clínicos, administrativos e institucionales, y elabora informes técnicos para respaldar la toma de decisiones. Lidera procesos de mejora continua mediante metodologías de gestión de la calidad, análisis de brechas, auditorías técnicas y evaluaciones internas. Finalmente, contribuye a la formulación de estrategias para fortalecer la calidad y eficiencia en el centro.",3.692123731947504,1472,173,1645,open_ended,98.66285714285719,59.9,109.8,3291.48046875,3291.48046875,3291.48046875,97.61111111111111,97.0,99.0,15972.0,15972.0,15972.0
0,DeepSeek-R1-Distill-Qwen-14B-Q6_K,262,"Macroproceso Sustantivo de Atención de la Salud: Es su eje principal, participando en la promoción de la salud, prevención secundaria, recuperación y rehabilitación mediante programas de tamizaje, diagnóstico temprano, tratamiento quirúrgico y seguimiento clínico.
Macroprocesos Estratégicos: Se articula funcionalmente en gestión de la salud, planificación estratégica, aseguramiento de la calidad asistencial e investigación en salud.
Macroprocesos de Apoyo: Se apoya en ellos para su operación en gestión de talento humano, abastecimiento de insumos y materiales, mantenimiento de infraestructura, soporte tecnológico e informático, y gestión administrativa y financiera.","</think>

El CNDTCG opera alineado con el Mapa de Procesos Institucionales de la CCSS, contribuyendo específicamente al Macroproceso Sustantivo de Atención de la Salud. Se enfoca en áreas como promoción de salud, prevención secundaria, recuperación y rehabilitación, mediante programas de tamizaje, diagnóstico temprano, tratamiento quirúrgico y seguimiento clínico de personas con patologías gastrointestinales. Esta alineación asegura que el centro cumpla con los principios de calidad, oportunidad, equidad, continuidad e integralidad de los servicios de salud de la CCSS.",3.235464107012376,1419,150,1569,open_ended,96.91290322580649,30.0,99.9,3291.48046875,3291.48046875,3291.48046875,96.125,74.0,99.0,15972.0,15972.0,15972.0
0,DeepSeek-R1-Distill-Qwen-14B-Q6_K,302,"Los principales logros del Centro Nacional de Detección Temprana de Cáncer Gastrointestinal (CNDTCG) comprenden:
    Creación de un modelo único de Programa de Tamizaje Gástrico y Colorrectal.
    Liderazgo regional: Convertirse en el único país de la región y uno de los tres de Latinoamérica con un programa organizado de tamizaje de cáncer colorrectal.
    Efectividad en diagnóstico oportuno: Lograr la detección de más del 50% de cáncer temprano de colon.","</think>

El CNDTCG ha logrado fortalecer la estandarización, trazabilidad, eficiencia y calidad de sus actividades mediante la implementación de herramientas de información y modelos de coordinación interinstitucional. Esto ha permitido mejorar la gestión operativa, promoviendo la toma de decisiones basadas en evidencia y alineadas con los objetivos estratégicos del centro. Además, ha avanzado en la elaboración y actualización del Plan Anual Operativo, asegurando la formulación de metas claras y medibles. El centro también ha implementado procesos de mejora continua, utilizando metodologías de gestión de la calidad y auditorías técnicas, lo que ha contribuido a reducir brechas y mejorar la calidad en la atención.",3.5391360860085115,1213,169,1382,open_ended,98.04411764705888,20.0,109.8,3291.48046875,3291.48046875,3291.48046875,95.66666666666667,65.0,99.0,15972.0,15972.0,15972.0
0,DeepSeek-R1-Distill-Qwen-14B-Q6_K,282,"Según la norma, las prevenciones para el cáncer colorrectal se orientan a los siguientes aspectos:

    Prevención primaria: Se orienta a mejorar los estilos de vida y atender los factores de riesgo identificados en las personas.
    Prevención secundaria: Se orienta a las actividades de tamizaje para la detección temprana del cáncer colorrectal, las cuales se basan en la categorización del riesgo de la población (riesgo promedio y riesgo aumentado).","</think>

Las prevenciones primaria y secundaria para el tamizaje de cáncer colorrectal se orientan a detectar precozmente la enfermedad mediante pruebas de tamizaje en la población objetivo, con el fin de reducir la incidencia y mortalidad. La prevención primaria busca evitar la aparición de la enfermedad a través de intervenciones como la FIT (prueba de sangre oculta en heces), mientras que la secundaria se enfoca en identificar lesiones precancerosas o tumores tempranos en individuos sin síntomas, permitiendo un tratamiento más efectivo y oportuno.",2.862643828964792,903,141,1044,open_ended,99.80740740740742,79.9,109.9,3291.48046875,3291.48046875,3291.48046875,97.57142857142857,96.0,99.0,15972.0,15972.0,15972.0
0,DeepSeek-R1-Distill-Qwen-14B-Q6_K,256,"La Resección Submucosa Endoscópica (ESD) es una técnica endoscópica avanzada y de mínima invasión que permite resecar lesiones en bloque con precisión de margen y profundidad, especialmente en estómago y colon.
Su importancia radica en que ofrece una alternativa terapéutica  para tratar lesiones en etapa temprana que no pueden abordarse mediante polipectomía convencional. La ESD evita cirugías mayores invasivas, reduce los tiempos de recuperación, disminuye los costos de atención y mejora la calidad de vida de los pacientes.","</think>

La Resección Submucosa Endoscópica (ESD) es un procedimiento mínimamente invasivo utilizado para resecar lesiones neoplásicas superficiales del tracto gastrointestinal. Es esencial en el tratamiento del cáncer gastrointestinal ya que permite la eliminación de lesiones premalignas, como metaplasia, displasia de bajo grado y displasia de alto grado (Cáncer in Situ), con un costo significativamente menor en comparación con intervenciones quirúrgicas o tratamientos en etapas avanzadas. Este método contribuye a reducir el costo de atención y mejora la recuperación del paciente, evitando complicaciones y asegurando un seguimiento adecuado.",3.4539670350495726,1411,162,1573,open_ended,98.59393939393945,39.9,109.8,3291.48046875,3291.48046875,3291.48046875,96.82352941176471,86.0,99.0,15972.0,15972.0,15972.0
0,DeepSeek-R1-Distill-Qwen-14B-Q6_K,254,"El CNDTCG actúa como el ente rector y articulador de los programas de tamizaje de cáncer gástrico y colorrectal a nivel nacional. Su rol como coordinador nacional implica:

Captación estructurada: Asumir directamente la invitación y convocatoria de la población objetivo (50 a 74 años) a través de la adscripción en el EDUS.
Coordinación de la red: Gestionar la disponibilidad de cupos con laboratorios clínicos (para pruebas FIT) y servicios de imagenología (para Series Gastroduodenales) en el primer y segundo nivel.
Seguimiento y trazabilidad: Monitorear activamente la lectura de imágenes, el agendamiento de endoscopías, los resultados de biopsias y la derivación a tratamiento quirúrgico u oncológico.
Estandarización y apoyo técnico: Definir rutas clínicas, protocolos estandarizados y brindar asistencia técnica a los establecimientos de la red de la CCSS para asegurar un acceso oportuno y equitativo.","</think>

El CNDTCG actúa como coordinador nacional de los programas de tamizaje, integrando y articulando la red de servicios de salud institucional para garantizar la implementación estandarizada de estrategias de captación, diagnóstico, tratamiento y seguimiento en todo el país. Enfocado en la detección temprana de cáncer gástrico y colorrectal en población asintomática, articula la red de servicios para su ejecución nacional progresiva. Además, opera programas clínicos y quirúrgicos especializados para atención de personas con patologías gastrointestinales, tanto derivadas de los programas de tamizaje como referidas por otros niveles de atención. Su función incluye asegurar la continuidad en la evaluación de resultados y mejora continua, actuando como instrumento de apoyo para la toma de decisiones basadas en evidencia y el cumplimiento de metas institucionales.",4.4405572089599445,1420,213,1633,open_ended,99.3333333333334,59.9,109.8,3291.48046875,3291.48046875,3291.48046875,96.5909090909091,79.0,99.0,15972.0,15972.0,15972.0
0,DeepSeek-R1-Distill-Qwen-14B-Q6_K,307,"El acceso al sistema ARCA-Patología busca permitir que el Centro Nacional de Detección Temprana de Cáncer Gastrointestinal (CNDTCG) consulte de forma masiva los resultados de las biopsias de pacientes sometidos a endoscopias por tamizaje.
Este mecanismo es trascendental para:

    Tomar acciones clínicas adecuadas y oportunas sobre los pacientes.
    Evaluar el desempeño de los programas de tamizaje en la detección de lesiones premalignas y cáncer en etapas tempranas o avanzadas.","</think>

No se encuentra información específica en el contexto sobre el acuerdo propuesto para el acceso a ARCA-Patología.",0.8160404090303928,1243,26,1269,open_ended,97.32499999999999,69.9,109.9,3291.48046875,3291.48046875,3291.48046875,98.0,97.0,99.0,15972.0,15972.0,15972.0
0,DeepSeek-R1-Distill-Qwen-14B-Q6_K,266,"La Unidad de Investigación en Salud (UIS) lidera el diseño, ejecución y gestión de procesos de investigación científica en el CNDTCG. Su papel principal es generar evidencia útil para fortalecer la toma de decisiones clínicas, administrativas y estratégicas, formulando investigación para los programas de tamizaje poblacional, la detección temprana, la eficiencia de recursos y los desenlaces clínicos del cáncer gastrointestinal.
Sus funciones clave incluyen:

Elaboración y gestión: Diseñar protocolos de investigación y gestionar avales éticos e institucionales.
Coordinación interinstitucional: Articular proyectos con servicios clínicos internos, universidades, centros de investigación y entidades financiadoras.
Desarrollo académico: Fomentar la cultura investigativa, la educación continua y la divulgación de resultados mediante publicaciones científicas.
Mejora continua: Colaborar con las áreas de Planificación y Mejora Continua para transformar datos en innovación y aprendizaje institucional.","</think>

La Unidad de Investigación en Salud (UIS) del CNDTCG tiene un papel fundamental en la investigación continua de cáncer gástrico y colorrectal. Ella debe liderar esfuerzos en la generación de evidencia, desarrollo de capacidades institucionales y comunicación formal con el establecimiento de origen. Además, la UIS juega un rol central en fortalecer la capacidad investigativa del centro, asegurando que la evidencia generada sea utilizada para mejorar los programas y servicios del CNDTCG.",2.5620913300663233,1208,118,1326,open_ended,99.80833333333334,89.9,109.8,3291.48046875,3291.48046875,3291.48046875,95.07692307692308,63.0,99.0,15972.0,15972.0,15972.0
0,DeepSeek-R1-Distill-Qwen-14B-Q6_K,266,"La Unidad de Investigación en Salud (UIS) lidera el diseño, ejecución y gestión de procesos de investigación científica en el CNDTCG. Su papel principal es generar evidencia útil para fortalecer la toma de decisiones clínicas, administrativas y estratégicas, formulando investigación para los programas de tamizaje poblacional, la detección temprana, la eficiencia de recursos y los desenlaces clínicos del cáncer gastrointestinal.
Sus funciones clave incluyen:

Elaboración y gestión: Diseñar protocolos de investigación y gestionar avales éticos e institucionales.
Coordinación interinstitucional: Articular proyectos con servicios clínicos internos, universidades, centros de investigación y entidades financiadoras.
Desarrollo académico: Fomentar la cultura investigativa, la educación continua y la divulgación de resultados mediante publicaciones científicas.
Mejora continua: Colaborar con las áreas de Planificación y Mejora Continua para transformar datos en innovación y aprendizaje institucional.","</think>

La Unidad de Investigación en Salud (UIS) del CNDTCG tiene un papel fundamental en la investigación continua de cáncer gástrico y colorrectal. Ella debe liderar esfuerzos en la generación de evidencia, desarrollo de investigación institucional y comunicación formal con el establecimiento de origen. Además, la UIS juega un rol central en la articulación de la red de servicios de salud, asegurando la implementación estandarizada de estrategias de captación, diagnóstico, tratamiento y seguimiento en todo el país. Su fortalecimiento es esencial para el éxito de los programas del CNDTCG.",2.771891889977269,1208,145,1353,open_ended,99.80384615384618,99.8,99.9,3291.48046875,3291.48046875,3291.48046875,97.61538461538461,97.0,98.0,15972.0,15972.0,15972.0
0,DeepSeek-R1-Distill-Qwen-14B-Q6_K,283,"Para la solicitud de una colonoscopia en las referencias de tamizaje de cáncer colorrectal, se debe incluir la siguiente información mínima requerida:
a) Edad.
b) Antecedentes heredofamiliares de cáncer colorrectal de primer grado (madre, padre, hermanos, hijos).
c) Antecedentes patológicos personales.
d) Uso de anticoagulantes.
e) Antecedentes quirúrgicos.
f) En caso de cirugía previa por cáncer colorrectal, indicar las fechas de la cirugía y de la última colonoscopia.
g) Indicar la fecha de la prueba SOHi (sangre oculta en heces por método inmunoquímico) positiva.","</think>

Para la solicitud de una colonoscopia, se necesita la siguiente información mínima:

1. **Identificación del paciente**: Nombre, apellido, edad, sexo, fecha de nacimiento y número de seguro.
2. **Motivo de la consulta**: Razones médicas que llevan a solicitar la colonoscopia, como síntomas (dolor abdominal, sangrado, cambios en el hábito intestinal) o resultados de pruebas previas.
3. **Antecedentes médicos**: Historial de enfermedades, cirugías, alergias, medicamentos actuales y tratamientos en curso.
4. **Resultados de pruebas preliminares**: Como la prueba fecal inmunoquímica (FIT) o estudios de imagenología.
5. **Indicaciones específicas**: Si se detectaron pólipos o alteraciones en estudios previos.
6. **Condiciones médicas actuales**: Estado general del paciente, condiciones que puedan complicar el procedimiento.
7. **Autorización médica**: Consentimiento informado del paciente para realizar la colonoscopia.

Estos datos aseguran que el procedimiento se realice de manera segura y eficiente, considerando los requisitos mínimos de calidad mencionados en el contexto.",5.51998583599925,1343,270,1613,open_ended,99.61153846153856,69.9,109.8,3291.48046875,3291.48046875,3291.48046875,97.33333333333333,96.0,99.0,15972.0,15972.0,15972.0
0,DeepSeek-R1-Distill-Qwen-14B-Q6_K,306,"El acuerdo propuesto instruye a las Gerencias Médica, Administrativa y Financiera a gestionar, en un plazo no mayor a tres meses, por un período de un año (mientras se aprueban como plazas ordinarias), la creación de 8 plazas necesarias para la implementación y operación del Sistema Integrado de Laboratorios Clínicos (SILC).
Las plazas requeridas están conformadas por:

    1 plaza MQC3 (Especialista en calidad)
    2 plazas MQC2
    5 plazas de Analistas de Sistemas 4 en TIC

El objetivo es asegurar el recurso humano técnico especializado para la dirección, soporte ininterrumpido (24/7) y sostenibilidad de la plataforma informática que procesará las pruebas del programa de tamizaje.","</think>

El acuerdo propuesto para las plazas del SILC instruye a las gerencias Médica, Administrativa y Financiera para gestionar, en un plazo no mayor a 3 meses, mediante modalidad de proyectos especiales, las 8 plazas requeridas para la implementación y operación del SILC. Estas plazas serán por un periodo de un año, hasta que se proceda a dotarlas de manera ordinaria.",2.2479799250140786,1327,100,1427,open_ended,96.63181818181816,0.0,109.8,3291.48046875,3291.48046875,3291.48046875,95.45454545454545,71.0,99.0,15972.0,15972.0,15972.0
0,DeepSeek-R1-Distill-Qwen-14B-Q6_K,231,"Aunque la incidencia del cáncer colorrectal es mayor que la del cáncer de estómago, la mortalidad del cáncer de estómago es proporcionalmente más alta (12,68 muertes por 100.000 habitantes frente a 9,28 en colon y 3,25 en recto).
Esta mayor tasa proporcional de mortalidad sugiere que el cáncer de estómago es una enfermedad potencialmente más letal o que suele diagnosticarse en etapas más avanzadas en comparación con los cánceres colorrectales.","</think>

La mortalidad del cáncer de estómago es proporcionalmente más alta que la de los cánceres colorrectales, a pesar de que su incidencia es menor, debido a que el cáncer de estómago tiende a diagnosticarse en etapas más avanzadas, lo que lo hace más letal. Además, las tasas de mortalidad del cáncer de estómago son significativamente más altas en hombres que en mujeres, lo que sugiere una mayor vulnerabilidad o exposición a factores de riesgo en este grupo.",2.8176709440303966,1623,124,1747,open_ended,97.95925925925928,49.9,109.8,3291.48046875,3291.48046875,3291.48046875,95.42857142857143,63.0,99.0,15972.0,15972.0,15972.0
0,DeepSeek-R1-Distill-Qwen-14B-Q6_K,268,"El indicador de cobertura de población objetivo en los programas de tamizaje de cáncer gástrico y colorrectal mide el porcentaje de personas de 50 a 74 años tamizadas con respecto a la población estimada en ese grupo.
Fórmula: (Número de personas tamizadas / Población objetivo entre 50-74 años) × 100.
Periodicidad: Trimestral.
Fuentes de datos: SIAC / SIES / Plataforma de Tamizaje.
Responsables: Coordinación de Programa / Área de Planificación.","</think>

El indicador de cobertura de población objetivo en los programas de tamizaje mide el porcentaje de personas entre 50-74 años que han sido tamizadas respecto a la población estimada en ese rango. Se calcula como (Número de personas tamizadas / Población objetivo entre 50-74 años) × 100. Los datos se obtienen de fuentes como SIAC, SIES y la Plataforma de Tamizaje, con una periodicidad trimestral. El responsable de esta métrica es la Coordinación del Programa o el Área de Planificación. Este indicador es crucial para evaluar la efectividad en la identificación y abordaje de personas en riesgo de cáncer gástrico.",3.571943264920264,1398,168,1566,open_ended,98.3382352941177,49.9,109.8,3291.48046875,3291.48046875,3291.48046875,94.94444444444444,50.0,99.0,15972.0,15972.0,15972.0
0,DeepSeek-R1-Distill-Qwen-14B-Q6_K,312,"La interoperabilidad de los sistemas de información es crucial para garantizar la trazabilidad continua del paciente a lo largo de todas las etapas del tamizaje: desde la captación e invitación inicial, el registro de pruebas (FIT y SGD), el agendamiento y hallazgos endoscópicos, hasta los resultados histopatológicos de biopsias y tratamientos.
La falta de integración fragmenta la información en sistemas independientes e impide un flujo automatizado de datos.","</think>

La interoperabilidad de los sistemas de información como SIAC, SIES, ARCA, SILC, Imágenes Médicas y SIFA es esencial para la trazabilidad de los pacientes en los programas de tamizaje. Estos sistemas permiten una comunicación fluida y estandarizada, asegurando que los datos se registren, validen y actualicen de manera coherente. Esto facilita el seguimiento continuo de los pacientes, desde el tamizaje inicial hasta el diagnóstico, tratamiento y seguimiento, garantizando la integridad y accesibilidad de la información.

La falta de integración entre estos sistemas puede generar gaps en la trazabilidad, lo que afecta la operatividad del Plan de Abordaje Integral. Sin una comunicación adecuada, los datos pueden quedar dispersos, lo que dificulta la toma de decisiones, la planificación de servicios y la asignación de recursos. Además, puede aumentar el riesgo de errores en el manejo de la información, lo que compromete la calidad de los servicios y la capacidad de respuesta del sistema de salud.",4.8428682800149545,1299,236,1535,open_ended,98.28260869565223,39.9,109.8,3291.48046875,3291.48046875,3291.48046875,96.375,72.0,99.0,15972.0,15972.0,15972.0
0,DeepSeek-R1-Distill-Qwen-14B-Q6_K,310,"El manejo posterior a un tratamiento curativo de cáncer colorrectal comprende vigilancia clínica, junto con vigilancia endoscópica para la detección de CCR metacrónico o recurrente.
    Sin colonoscopia preoperatoria completa: Se debe realizar una colonoscopia en los primeros 6 meses posteriores al tratamiento.
    Con colonoscopia preoperatoria completa (o tras el estudio de los 6 meses):
        Colonoscopia al 1 año de la cirugía o resección.
        Colonoscopia a los 3 años de la previa.
        Colonoscopia a los 5 años de la previa.","</think>

El manejo posterior a un tratamiento curativo de CCR incluye una vigilancia clínica y endoscópica. Se recomienda una colonoscopia de vigilancia después de la resección quirúrgica o endoscópica con intención curativa. Esta colonoscopia tiene como objetivo detectar recurrencias o metástasis, mejorar los alcances en la reducción de morbilidad y mortalidad por cáncer colorrectal. Además, se realiza un control bioquímico y de imágenes correspondiente. El seguimiento debe ser estructurado y periódico, adaptado al riesgo clínico del paciente, asegurando la continuidad del cuidado y la detección oportuna de recurrencias o progresiones.",3.619032949092798,1516,169,1685,open_ended,100.10588235294122,89.9,109.8,3291.48046875,3291.48046875,3291.48046875,97.58823529411765,97.0,99.0,15972.0,15972.0,15972.0
1,DeepSeek-R1-Distill-Qwen-14B-Q6_K,59,No,no,0.3103325719712302,965,4,969,yes_no,93.2,89.9,99.8,3291.48046875,3291.48046875,3291.48046875,88.0,88.0,88.0,15972.0,15972.0,15972.0
1,DeepSeek-R1-Distill-Qwen-14B-Q6_K,83,Sí,sí,0.5426679969532416,1361,10,1371,yes_no,84.86666666666667,10.0,109.8,3291.6106770833335,3291.48046875,3291.63671875,87.0,79.0,99.0,15972.0,15972.0,15972.0
1,DeepSeek-R1-Distill-Qwen-14B-Q6_K,23,No,sí,0.47824818594381213,1098,10,1108,yes_no,89.86,49.9,109.9,3291.63671875,3291.63671875,3291.63671875,98.0,97.0,99.0,15972.0,15972.0,15972.0
1,DeepSeek-R1-Distill-Qwen-14B-Q6_K,75,No,no,1.3420057019684462,1488,51,1539,yes_no,97.5076923076923,69.9,99.9,3291.63671875,3291.63671875,3291.63671875,98.16666666666667,97.0,99.0,15972.0,15972.0,15972.0
1,DeepSeek-R1-Distill-Qwen-14B-Q6_K,11,Sí,sí,0.48140935809351504,1463,5,1468,yes_no,89.85999999999999,59.9,99.9,3291.79296875,3291.79296875,3291.79296875,78.5,58.0,99.0,15972.0,15972.0,15972.0
1,DeepSeek-R1-Distill-Qwen-14B-Q6_K,42,Sí,no,1.3128320799442008,1402,51,1453,yes_no,94.43846153846152,29.9,109.8,3291.79296875,3291.79296875,3291.79296875,91.14285714285714,62.0,99.0,15972.0,15972.0,15972.0
1,DeepSeek-R1-Distill-Qwen-14B-Q6_K,47,Sí,sí,0.5528926330152899,1401,10,1411,yes_no,86.53333333333335,20.0,109.8,3291.79296875,3291.79296875,3291.79296875,85.66666666666667,60.0,99.0,15972.0,15972.0,15972.0
1,DeepSeek-R1-Distill-Qwen-14B-Q6_K,33,No,no,0.5098851720103994,1380,8,1388,yes_no,93.85999999999999,79.9,99.9,3291.79296875,3291.79296875,3291.79296875,98.0,97.0,99.0,15972.0,15972.0,15972.0
1,DeepSeek-R1-Distill-Qwen-14B-Q6_K,95,No,no,0.5169284290168434,1405,8,1413,yes_no,93.88,89.9,99.9,3291.79296875,3291.79296875,3291.79296875,98.0,97.0,99.0,15972.0,15972.0,15972.0
1,DeepSeek-R1-Distill-Qwen-14B-Q6_K,56,Sí,sí,0.48674027994275093,1520,5,1525,yes_no,93.84,59.9,109.8,3291.79296875,3291.79296875,3291.79296875,98.0,97.0,99.0,15972.0,15972.0,15972.0
1,DeepSeek-R1-Distill-Qwen-14B-Q6_K,72,Sí,sí,0.5598724619485438,1415,10,1425,yes_no,86.53333333333335,30.0,99.9,3291.79296875,3291.79296875,3291.79296875,89.66666666666667,75.0,99.0,15972.0,15972.0,15972.0
1,DeepSeek-R1-Distill-Qwen-14B-Q6_K,53,Sí,no,1.3378512249328196,1476,51,1527,yes_no,95.98461538461538,59.9,109.8,3291.79296875,3291.79296875,3291.79296875,98.0,97.0,99.0,15972.0,15972.0,15972.0
1,DeepSeek-R1-Distill-Qwen-14B-Q6_K,93,No,no,0.5105783429462463,1403,8,1411,yes_no,97.84,89.9,99.9,3291.79296875,3291.79296875,3291.79296875,94.5,91.0,98.0,15972.0,15972.0,15972.0
1,DeepSeek-R1-Distill-Qwen-14B-Q6_K,88,No,no,0.6654146269429475,1864,8,1872,yes_no,89.84285714285714,30.0,109.8,3291.79296875,3291.79296875,3291.79296875,93.66666666666667,84.0,99.0,15972.0,15972.0,15972.0
1,DeepSeek-R1-Distill-Qwen-14B-Q6_K,47,Sí,sí,0.5555652260081841,1401,10,1411,yes_no,86.51666666666667,20.0,99.9,3291.79296875,3291.79296875,3291.79296875,88.66666666666667,73.0,99.0,15972.0,15972.0,15972.0
1,DeepSeek-R1-Distill-Qwen-14B-Q6_K,109,No,no,0.5369161649141461,1466,8,1474,yes_no,84.85000000000001,10.0,99.9,3291.79296875,3291.79296875,3291.79296875,86.0,74.0,99.0,15972.0,15972.0,15972.0
1,DeepSeek-R1-Distill-Qwen-14B-Q6_K,58,Sí,sí,1.2722266690107062,1238,51,1289,yes_no,99.81666666666666,89.9,109.9,3291.79296875,3291.79296875,3291.79296875,97.83333333333333,97.0,99.0,15972.0,15972.0,15972.0
1,DeepSeek-R1-Distill-Qwen-14B-Q6_K,45,No,no,0.5026123430579901,1346,8,1354,yes_no,95.84,69.9,109.8,3291.79296875,3291.79296875,3291.79296875,98.0,97.0,99.0,15972.0,15972.0,15972.0
1,DeepSeek-R1-Distill-Qwen-14B-Q6_K,18,Sí,sí,0.6519316639751196,1672,10,1682,yes_no,84.15714285714284,10.0,99.9,3291.79296875,3291.79296875,3291.79296875,98.33333333333333,97.0,99.0,15972.0,15972.0,15972.0
1,DeepSeek-R1-Distill-Qwen-14B-Q6_K,105,No,no,0.4625070720212534,1198,8,1206,yes_no,89.84,39.9,109.8,3291.79296875,3291.79296875,3291.79296875,97.5,97.0,98.0,15972.0,15972.0,15972.0
1,DeepSeek-R1-Distill-Qwen-14B-Q6_K,84,Sí,sí,0.5514633969869465,1392,10,1402,yes_no,84.86666666666666,20.0,99.9,3291.79296875,3291.79296875,3291.79296875,88.33333333333333,72.0,98.0,15972.0,15972.0,15972.0
1,DeepSeek-R1-Distill-Qwen-14B-Q6_K,59,No,no,1.1743339040549472,965,51,1016,yes_no,99.8090909090909,99.8,99.9,3291.79296875,3291.79296875,3291.79296875,98.0,98.0,98.0,15972.0,15972.0,15972.0
1,DeepSeek-R1-Distill-Qwen-14B-Q6_K,81,No,no,1.3131904799956826,1391,51,1442,yes_no,99.80769230769229,39.9,149.8,3291.79296875,3291.79296875,3291.79296875,98.16666666666667,98.0,99.0,15972.0,15972.0,15972.0
1,DeepSeek-R1-Distill-Qwen-14B-Q6_K,112,No,no,0.47877969697583467,1253,8,1261,yes_no,91.86,59.9,109.8,3291.79296875,3291.79296875,3291.79296875,86.5,74.0,99.0,15972.0,15972.0,15972.0
1,DeepSeek-R1-Distill-Qwen-14B-Q6_K,4,Sí,sí,0.7514376640319824,1991,10,2001,yes_no,88.6,10.0,109.9,3291.79296875,3291.79296875,3291.79296875,91.0,70.0,99.0,15972.0,15972.0,15972.0
1,DeepSeek-R1-Distill-Qwen-14B-Q6_K,41,Sí,sí,0.5857510350178927,1505,10,1515,yes_no,91.46666666666668,49.9,99.8,3291.79296875,3291.79296875,3291.79296875,93.66666666666667,86.0,99.0,15972.0,15972.0,15972.0
1,DeepSeek-R1-Distill-Qwen-14B-Q6_K,120,No,no,0.5234733610413969,1421,8,1429,yes_no,103.84,89.9,109.9,3291.79296875,3291.79296875,3291.79296875,98.0,97.0,99.0,15972.0,15972.0,15972.0
1,DeepSeek-R1-Distill-Qwen-14B-Q6_K,31,Sí,sí,0.601496540941298,1527,10,1537,yes_no,98.16666666666667,79.9,109.8,3291.79296875,3291.79296875,3291.79296875,94.66666666666667,86.0,99.0,15972.0,15972.0,15972.0
1,DeepSeek-R1-Distill-Qwen-14B-Q6_K,43,No,no,0.5557553429389371,1523,8,1531,yes_no,89.85000000000001,20.0,109.8,3291.79296875,3291.79296875,3291.79296875,98.0,97.0,99.0,15972.0,15972.0,15972.0
1,DeepSeek-R1-Distill-Qwen-14B-Q6_K,10,Sí,sí,0.39475755696184933,830,10,840,yes_no,92.35,69.9,99.9,3291.79296875,3291.79296875,3291.79296875,93.0,88.0,98.0,15972.0,15972.0,15972.0
1,DeepSeek-R1-Distill-Qwen-14B-Q6_K,89,Sí,no,1.3060298090567812,1324,51,1375,yes_no,94.43846153846152,20.0,109.8,3291.79296875,3291.79296875,3291.79296875,97.0,96.0,99.0,15972.0,15972.0,15972.0
1,DeepSeek-R1-Distill-Qwen-14B-Q6_K,26,No,no,0.402261953917332,1253,4,1257,yes_no,97.375,89.9,109.9,3291.91015625,3291.79296875,3291.94921875,93.5,91.0,96.0,15972.0,15972.0,15972.0
1,DeepSeek-R1-Distill-Qwen-14B-Q6_K,112,No,no,0.479048595065251,1253,8,1261,yes_no,93.84,49.9,109.8,3292.07421875,3291.94921875,3292.10546875,97.5,96.0,99.0,15972.0,15972.0,15972.0
1,DeepSeek-R1-Distill-Qwen-14B-Q6_K,76,Sí,sí,0.48326933302450925,1080,10,1090,yes_no,85.86,49.9,99.8,3292.38671875,3292.10546875,3292.57421875,96.0,93.0,99.0,15972.0,15972.0,15972.0
1,DeepSeek-R1-Distill-Qwen-14B-Q6_K,76,Sí,sí,0.10004473605658859,1080,5,1085,yes_no,99.9,99.9,99.9,3292.57421875,3292.57421875,3292.57421875,,,,15972.0,15972.0,15972.0
1,DeepSeek-R1-Distill-Qwen-14B-Q6_K,80,No,no,0.6798110980307684,1882,8,1890,yes_no,92.68571428571428,39.9,109.8,3292.57421875,3292.57421875,3292.57421875,96.33333333333333,94.0,99.0,15972.0,15972.0,15972.0
1,DeepSeek-R1-Distill-Qwen-14B-Q6_K,79,Sí,sí,0.5976277301087976,1199,15,1214,yes_no,94.83333333333333,59.9,109.8,3292.57421875,3292.57421875,3292.57421875,94.0,89.0,97.0,15972.0,15972.0,15972.0
1,DeepSeek-R1-Distill-Qwen-14B-Q6_K,109,No,no,0.5468858359381557,1466,8,1474,yes_no,96.5,20.0,149.8,3292.57421875,3292.57421875,3292.57421875,86.33333333333333,70.0,99.0,15972.0,15972.0,15972.0
1,DeepSeek-R1-Distill-Qwen-14B-Q6_K,6,No,no,1.345653609954752,1459,51,1510,yes_no,98.27692307692307,69.9,109.8,3292.57421875,3292.57421875,3292.57421875,96.33333333333333,95.0,99.0,15972.0,15972.0,15972.0
1,DeepSeek-R1-Distill-Qwen-14B-Q6_K,24,No,no,0.5186197439907119,1371,8,1379,yes_no,105.82000000000001,99.8,109.8,3292.57421875,3292.57421875,3292.57421875,87.0,75.0,99.0,15972.0,15972.0,15972.0
1,DeepSeek-R1-Distill-Qwen-14B-Q6_K,78,Sí,sí,0.5384223819710314,1307,10,1317,yes_no,84.83333333333333,0.0,109.8,3292.57421875,3292.57421875,3292.57421875,84.66666666666667,74.0,98.0,15972.0,15972.0,15972.0
1,DeepSeek-R1-Distill-Qwen-14B-Q6_K,5,Sí,sí,0.5593686490319669,1384,10,1394,yes_no,86.5,29.9,99.8,3292.57421875,3292.57421875,3292.57421875,88.33333333333333,73.0,99.0,15972.0,15972.0,15972.0
1,DeepSeek-R1-Distill-Qwen-14B-Q6_K,21,Sí,sí,0.5156636469764635,1227,10,1237,yes_no,99.82000000000001,89.8,109.8,3292.57421875,3292.57421875,3292.57421875,97.0,95.0,99.0,15972.0,15972.0,15972.0
1,DeepSeek-R1-Distill-Qwen-14B-Q6_K,18,Sí,sí,0.6599056960549206,1672,10,1682,yes_no,85.55714285714285,20.0,99.8,3292.57421875,3292.57421875,3292.57421875,97.33333333333333,94.0,99.0,15972.0,15972.0,15972.0
1,DeepSeek-R1-Distill-Qwen-14B-Q6_K,38,Sí,no,0.5508957939455285,1495,8,1503,yes_no,88.18333333333334,20.0,109.8,3292.57421875,3292.57421875,3292.57421875,85.66666666666667,60.0,99.0,15972.0,15972.0,15972.0
1,DeepSeek-R1-Distill-Qwen-14B-Q6_K,24,No,no,0.5136737369466573,1371,8,1379,yes_no,97.84,79.9,109.9,3292.57421875,3292.57421875,3292.57421875,97.0,95.0,99.0,15972.0,15972.0,15972.0
1,DeepSeek-R1-Distill-Qwen-14B-Q6_K,21,Sí,sí,0.5159906879998744,1227,10,1237,yes_no,99.82000000000001,89.8,109.8,3292.57421875,3292.57421875,3292.57421875,97.0,95.0,99.0,15972.0,15972.0,15972.0
1,DeepSeek-R1-Distill-Qwen-14B-Q6_K,63,Sí,no,1.329971899976954,1370,51,1421,yes_no,95.21538461538461,49.9,109.8,3292.57421875,3292.57421875,3292.57421875,94.66666666666667,87.0,98.0,15972.0,15972.0,15972.0
1,DeepSeek-R1-Distill-Qwen-14B-Q6_K,74,No,no,1.3441267480375245,1427,51,1478,yes_no,97.5076923076923,69.9,109.8,3292.57421875,3292.57421875,3292.57421875,96.5,96.0,99.0,15972.0,15972.0,15972.0
1,DeepSeek-R1-Distill-Qwen-14B-Q6_K,11,Sí,sí,0.4845514929620549,1463,5,1468,yes_no,91.84,49.9,109.8,3292.57421875,3292.57421875,3292.57421875,91.5,84.0,99.0,15972.0,15972.0,15972.0
1,DeepSeek-R1-Distill-Qwen-14B-Q6_K,41,Sí,sí,0.5884846339467913,1505,10,1515,yes_no,93.16666666666667,59.9,109.8,3292.57421875,3292.57421875,3292.57421875,82.66666666666667,54.0,99.0,15972.0,15972.0,15972.0
1,DeepSeek-R1-Distill-Qwen-14B-Q6_K,46,Sí,sí,0.5338041820796207,1305,10,1315,yes_no,101.82000000000001,99.8,109.8,3292.57421875,3292.57421875,3292.57421875,86.5,75.0,98.0,15972.0,15972.0,15972.0
1,DeepSeek-R1-Distill-Qwen-14B-Q6_K,109,No,no,0.5457332610385491,1466,8,1474,yes_no,84.85000000000001,10.0,99.9,3292.57421875,3292.57421875,3292.57421875,83.66666666666667,57.0,99.0,15972.0,15972.0,15972.0
1,DeepSeek-R1-Distill-Qwen-14B-Q6_K,100,No,no,0.22735447704326361,604,4,608,yes_no,69.86666666666666,0.0,109.8,3292.57421875,3292.57421875,3292.57421875,96.0,96.0,96.0,15972.0,15972.0,15972.0
1,DeepSeek-R1-Distill-Qwen-14B-Q6_K,91,Sí,no,0.5621546279871835,1190,13,1203,yes_no,89.85000000000001,20.0,109.9,3292.57421875,3292.57421875,3292.57421875,88.66666666666667,79.0,96.0,15972.0,15972.0,15972.0
1,DeepSeek-R1-Distill-Qwen-14B-Q6_K,22,No,no,0.6821466119727121,1881,8,1889,yes_no,88.41428571428571,49.9,99.8,3292.57421875,3292.57421875,3292.57421875,97.66666666666667,95.0,99.0,15972.0,15972.0,15972.0
1,DeepSeek-R1-Distill-Qwen-14B-Q6_K,37,No,no,0.49266292399261147,1284,8,1292,yes_no,91.84,59.9,99.9,3292.57421875,3292.57421875,3292.57421875,86.0,74.0,98.0,15972.0,15972.0,15972.0
1,DeepSeek-R1-Distill-Qwen-14B-Q6_K,50,Sí,no,1.3321183919906616,1382,51,1433,yes_no,96.73846153846154,59.9,109.9,3292.57421875,3292.57421875,3292.57421875,96.33333333333333,95.0,99.0,15972.0,15972.0,15972.0
1,DeepSeek-R1-Distill-Qwen-14B-Q6_K,114,No,no,0.43140231689903885,1347,4,1351,yes_no,83.86,0.0,109.8,3292.57421875,3292.57421875,3292.57421875,96.5,96.0,97.0,15972.0,15972.0,15972.0
1,DeepSeek-R1-Distill-Qwen-14B-Q6_K,28,Sí,sí,0.5491198360687123,1356,10,1366,yes_no,84.86666666666666,20.0,109.8,3292.57421875,3292.57421875,3292.57421875,86.66666666666667,70.0,99.0,15972.0,15972.0,15972.0
1,DeepSeek-R1-Distill-Qwen-14B-Q6_K,67,Sí,sí,0.4930840519955382,1142,10,1152,yes_no,89.74,59.9,99.8,3292.57421875,3292.57421875,3292.57421875,84.5,73.0,96.0,15972.0,15972.0,15972.0
1,DeepSeek-R1-Distill-Qwen-14B-Q6_K,111,No,no,0.5182667449116707,1380,8,1388,yes_no,99.82000000000001,89.8,109.8,3292.57421875,3292.57421875,3292.57421875,84.0,69.0,99.0,15972.0,15972.0,15972.0
1,DeepSeek-R1-Distill-Qwen-14B-Q6_K,103,No,no,0.505963557981886,1357,8,1365,yes_no,99.84,79.9,109.8,3292.57421875,3292.57421875,3292.57421875,97.0,95.0,99.0,15972.0,15972.0,15972.0
1,DeepSeek-R1-Distill-Qwen-14B-Q6_K,49,No,no,0.6642530030803754,1532,13,1545,yes_no,89.84285714285714,30.0,109.8,3292.57421875,3292.57421875,3292.57421875,93.33333333333333,85.0,99.0,15972.0,15972.0,15972.0
1,DeepSeek-R1-Distill-Qwen-14B-Q6_K,11,Sí,sí,0.4880332809407264,1463,5,1468,yes_no,91.86,59.9,109.9,3292.57421875,3292.57421875,3292.57421875,97.0,95.0,99.0,15972.0,15972.0,15972.0
1,DeepSeek-R1-Distill-Qwen-14B-Q6_K,80,No,no,1.4977409680141136,1882,51,1933,yes_no,94.48666666666665,0.0,119.8,3292.57421875,3292.57421875,3292.57421875,89.625,47.0,99.0,15972.0,15972.0,15972.0
1,DeepSeek-R1-Distill-Qwen-14B-Q6_K,3,Sí,no,1.2505221579922363,1288,47,1335,yes_no,99.81666666666666,79.9,109.8,3292.57421875,3292.57421875,3292.57421875,96.2,94.0,99.0,15972.0,15972.0,15972.0
1,DeepSeek-R1-Distill-Qwen-14B-Q6_K,106,No,no,0.699596846010536,1935,8,1943,yes_no,92.68571428571428,59.9,99.9,3292.57421875,3292.57421875,3292.57421875,83.75,56.0,99.0,15972.0,15972.0,15972.0
1,DeepSeek-R1-Distill-Qwen-14B-Q6_K,65,No,sí,0.46311538107693195,1374,5,1379,yes_no,95.84,49.9,109.9,3292.57421875,3292.57421875,3292.57421875,97.0,95.0,99.0,15972.0,15972.0,15972.0
1,DeepSeek-R1-Distill-Qwen-14B-Q6_K,115,No,no,0.3379690640140325,1025,4,1029,yes_no,77.375,10.0,99.9,3292.57421875,3292.57421875,3292.57421875,99.0,99.0,99.0,15972.0,15972.0,15972.0
1,DeepSeek-R1-Distill-Qwen-14B-Q6_K,65,No,sí,0.5563144469633698,1374,10,1384,yes_no,89.83333333333333,29.9,109.9,3292.57421875,3292.57421875,3292.57421875,80.0,46.0,99.0,15972.0,15972.0,15972.0
1,DeepSeek-R1-Distill-Qwen-14B-Q6_K,19,No,no,0.5491772680543363,1467,8,1475,yes_no,86.51666666666667,20.0,99.9,3292.57421875,3292.57421875,3292.57421875,87.0,65.0,98.0,15972.0,15972.0,15972.0
1,DeepSeek-R1-Distill-Qwen-14B-Q6_K,65,No,sí,0.4630581990350038,1374,5,1379,yes_no,83.86,29.9,99.9,3292.57421875,3292.57421875,3292.57421875,97.5,96.0,99.0,15972.0,15972.0,15972.0
1,DeepSeek-R1-Distill-Qwen-14B-Q6_K,83,Sí,sí,0.5505849519977345,1361,10,1371,yes_no,84.86666666666667,20.0,99.9,3292.57421875,3292.57421875,3292.57421875,97.0,95.0,99.0,15972.0,15972.0,15972.0
1,DeepSeek-R1-Distill-Qwen-14B-Q6_K,81,No,no,1.332726725959219,1391,51,1442,yes_no,96.73846153846154,49.9,109.8,3292.57421875,3292.57421875,3292.57421875,96.33333333333333,95.0,99.0,15972.0,15972.0,15972.0
1,DeepSeek-R1-Distill-Qwen-14B-Q6_K,99,Sí,sí,0.532784843002446,1281,10,1291,yes_no,99.82000000000001,89.9,109.8,3292.57421875,3292.57421875,3292.57421875,97.0,95.0,99.0,15972.0,15972.0,15972.0
1,DeepSeek-R1-Distill-Qwen-14B-Q6_K,67,Sí,sí,0.5926681039854884,1142,15,1157,yes_no,93.16666666666667,59.9,99.9,3292.57421875,3292.57421875,3292.57421875,91.33333333333333,82.0,96.0,15972.0,15972.0,15972.0
1,DeepSeek-R1-Distill-Qwen-14B-Q6_K,80,No,no,0.6807078910060227,1882,8,1890,yes_no,86.95714285714284,39.9,99.8,3292.57421875,3292.57421875,3292.57421875,95.66666666666667,92.0,99.0,15972.0,15972.0,15972.0
1,DeepSeek-R1-Distill-Qwen-14B-Q6_K,83,Sí,sí,0.5497616929933429,1361,10,1371,yes_no,89.85000000000001,20.0,109.8,3292.57421875,3292.57421875,3292.57421875,97.0,95.0,99.0,15972.0,15972.0,15972.0
1,DeepSeek-R1-Distill-Qwen-14B-Q6_K,32,Sí,no,1.5753575309645387,2092,51,2143,yes_no,100.47333333333331,89.8,109.8,3292.39453125,3292.39453125,3292.39453125,92.25,61.0,99.0,15972.0,15972.0,15972.0
1,DeepSeek-R1-Distill-Qwen-14B-Q6_K,20,Sí,sí,0.6697870000498368,1706,10,1716,yes_no,88.39999999999999,29.9,99.8,3292.39453125,3292.39453125,3292.39453125,97.0,93.0,99.0,15972.0,15972.0,15972.0
1,DeepSeek-R1-Distill-Qwen-14B-Q6_K,72,Sí,sí,0.5717209130525589,1415,10,1425,yes_no,88.18333333333334,39.9,99.9,3292.39453125,3292.39453125,3292.39453125,85.66666666666667,64.0,99.0,15972.0,15972.0,15972.0
1,DeepSeek-R1-Distill-Qwen-14B-Q6_K,14,No,no,0.6168773900717497,1650,8,1658,yes_no,103.14999999999999,89.8,109.9,3292.39453125,3292.39453125,3292.39453125,93.33333333333333,86.0,99.0,15972.0,15972.0,15972.0
1,DeepSeek-R1-Distill-Qwen-14B-Q6_K,8,No,no,0.6445819789078087,1775,8,1783,yes_no,85.55714285714285,10.0,99.9,3292.39453125,3292.39453125,3292.39453125,88.0,66.0,99.0,15972.0,15972.0,15972.0
1,DeepSeek-R1-Distill-Qwen-14B-Q6_K,35,No,no,0.5086754470830783,1336,8,1344,yes_no,99.84,79.9,109.8,3292.39453125,3292.39453125,3292.39453125,87.5,77.0,98.0,15972.0,15972.0,15972.0
1,DeepSeek-R1-Distill-Qwen-14B-Q6_K,9,Sí,no,0.6754372370196507,1855,8,1863,yes_no,89.82857142857142,39.9,109.9,3292.39453125,3292.39453125,3292.39453125,92.33333333333333,82.0,99.0,15972.0,15972.0,15972.0
1,DeepSeek-R1-Distill-Qwen-14B-Q6_K,112,No,no,0.40639794198796153,1253,4,1257,yes_no,92.325,89.8,99.8,3292.39453125,3292.39453125,3292.39453125,86.0,76.0,96.0,15972.0,15972.0,15972.0
1,DeepSeek-R1-Distill-Qwen-14B-Q6_K,41,Sí,sí,0.5907686999998987,1505,10,1515,yes_no,96.5,59.9,109.8,3292.39453125,3292.39453125,3292.39453125,97.0,95.0,99.0,15972.0,15972.0,15972.0
1,DeepSeek-R1-Distill-Qwen-14B-Q6_K,86,Sí,sí,0.5922508129151537,1505,10,1515,yes_no,98.16666666666667,59.9,109.8,3292.39453125,3292.39453125,3292.39453125,97.5,96.0,99.0,15972.0,15972.0,15972.0
1,DeepSeek-R1-Distill-Qwen-14B-Q6_K,7,Sí,sí,0.6117540959967301,1542,10,1552,yes_no,98.14999999999999,89.8,99.9,3292.39453125,3292.39453125,3292.39453125,84.66666666666667,60.0,99.0,15972.0,15972.0,15972.0
1,DeepSeek-R1-Distill-Qwen-14B-Q6_K,52,No,no,0.5723775660153478,1543,8,1551,yes_no,88.16666666666667,39.9,99.9,3292.39453125,3292.39453125,3292.39453125,90.66666666666667,79.0,99.0,15972.0,15972.0,15972.0
1,DeepSeek-R1-Distill-Qwen-14B-Q6_K,112,No,no,0.48433589609339833,1253,8,1261,yes_no,85.84,49.9,99.8,3292.39453125,3292.39453125,3292.39453125,96.5,94.0,99.0,15972.0,15972.0,15972.0
1,DeepSeek-R1-Distill-Qwen-14B-Q6_K,30,Sí,sí,0.4556443690089509,1058,10,1068,yes_no,81.86,20.0,99.8,3292.39453125,3292.39453125,3292.39453125,97.0,95.0,99.0,15972.0,15972.0,15972.0
1,DeepSeek-R1-Distill-Qwen-14B-Q6_K,106,No,no,0.6964823730522766,1935,8,1943,yes_no,98.38571428571427,59.9,119.8,3292.39453125,3292.39453125,3292.39453125,95.66666666666667,92.0,99.0,15972.0,15972.0,15972.0
1,DeepSeek-R1-Distill-Qwen-14B-Q6_K,7,Sí,sí,0.6134746320312844,1542,10,1552,yes_no,93.16666666666667,79.9,99.9,3292.39453125,3292.39453125,3292.39453125,93.0,86.0,99.0,15972.0,15972.0,15972.0
1,DeepSeek-R1-Distill-Qwen-14B-Q6_K,115,No,no,0.33863775606732816,1025,4,1029,yes_no,79.875,10.0,109.9,3292.39453125,3292.39453125,3292.39453125,99.0,99.0,99.0,15972.0,15972.0,15972.0
1,DeepSeek-R1-Distill-Qwen-14B-Q6_K,67,Sí,sí,0.49725583801046014,1142,10,1152,yes_no,91.82000000000001,69.9,99.9,3292.39453125,3292.39453125,3292.39453125,97.0,95.0,99.0,15972.0,15972.0,15972.0
1,DeepSeek-R1-Distill-Qwen-14B-Q6_K,6,No,no,1.3493978909682485,1459,51,1510,yes_no,97.5076923076923,59.9,109.9,3292.39453125,3292.39453125,3292.39453125,96.5,96.0,99.0,15972.0,15972.0,15972.0
1,DeepSeek-R1-Distill-Qwen-14B-Q6_K,120,No,no,0.5308988750912249,1421,8,1429,yes_no,99.84,89.9,109.9,3292.39453125,3292.39453125,3292.39453125,97.5,96.0,99.0,15972.0,15972.0,15972.0
1,DeepSeek-R1-Distill-Qwen-14B-Q6_K,103,No,no,0.5108842389890924,1357,8,1365,yes_no,91.86000000000001,79.9,109.8,3292.39453125,3292.39453125,3292.39453125,97.0,95.0,99.0,15972.0,15972.0,15972.0
1,DeepSeek-R1-Distill-Qwen-14B-Q6_K,137,98.5 radiólogos.,"</think>

Según el contexto, hay aproximadamente 98.5 radiólogos capacitados en la interpretación de la SGD en la CCSS.
</think>

98.5",1.326359807047993,1962,40,2002,short_answer,95.96923076923076,49.9,99.9,3292.39453125,3292.39453125,3292.39453125,96.83333333333333,96.0,99.0,15972.0,15972.0,15972.0
1,DeepSeek-R1-Distill-Qwen-14B-Q6_K,163,6 meses,"</think>

El plazo máximo propuesto es de 6 meses.
</think>

El plazo máximo propuesto es de 6 meses.",0.8585479760076851,1119,29,1148,short_answer,99.81249999999999,99.8,99.9,3292.39453125,3292.39453125,3292.39453125,96.33333333333333,94.0,99.0,15972.0,15972.0,15972.0
1,DeepSeek-R1-Distill-Qwen-14B-Q6_K,158,19 salas,"</think>

La CCSS cuenta con 19 salas de fluoroscopia disponibles para realizar los procedimientos necesarios.",0.8680313199292868,1390,26,1416,short_answer,89.84444444444443,10.0,99.9,3292.21484375,3292.21484375,3292.21484375,93.0,82.0,99.0,15972.0,15972.0,15972.0
1,DeepSeek-R1-Distill-Qwen-14B-Q6_K,143,"₡1,413.","</think>

No lo sé.",0.6703969480004162,1907,7,1914,short_answer,86.98571428571428,29.9,99.8,3292.21484375,3292.21484375,3292.21484375,94.0,87.0,99.0,15972.0,15972.0,15972.0
1,DeepSeek-R1-Distill-Qwen-14B-Q6_K,130,35.79 casos.,"</think>

No lo sé.",0.6070160549134016,1689,7,1696,short_answer,93.16666666666667,69.9,99.9,3292.21484375,3292.21484375,3292.21484375,99.0,99.0,99.0,15972.0,15972.0,15972.0
1,DeepSeek-R1-Distill-Qwen-14B-Q6_K,204,45%,"</think>

No lo sé.
</think>

No lo sé.",0.6169820539653301,1369,13,1382,short_answer,98.14999999999999,89.8,99.9,3292.21484375,3292.21484375,3292.21484375,87.66666666666667,70.0,99.0,15972.0,15972.0,15972.0
1,DeepSeek-R1-Distill-Qwen-14B-Q6_K,175,35%,"</think>

El porcentaje de reducción de mortalidad proyectado con el programa nacional es del 35%.
</think>

El porcentaje de reducción de mortalidad proyectado con el programa nacional es del 35%.",1.2640734569868073,1131,50,1181,short_answer,98.98333333333333,79.9,109.8,3292.21484375,3292.21484375,3292.21484375,96.33333333333333,95.0,99.0,15972.0,15972.0,15972.0
1,DeepSeek-R1-Distill-Qwen-14B-Q6_K,154,50 a 74 años.,"</think>

El rango de edad de la población objetivo para los programas de tamizaje es de 50 a 74 años.
</think>

El rango de edad de la población objetivo para los programas de tamizaje es de 50 a 74 años.",1.608931971946731,1684,59,1743,short_answer,94.19374999999998,10.0,109.8,3292.21484375,3292.21484375,3292.21484375,91.625,57.0,99.0,15972.0,15972.0,15972.0
1,DeepSeek-R1-Distill-Qwen-14B-Q6_K,133,16.49 años.,"</think>

La media de años de vida potencialmente perdidos para las mujeres debido a los tres tipos de cáncer es de 16.49 años.",1.2320159770315513,1888,36,1924,short_answer,98.14166666666667,59.9,109.9,3292.21484375,3292.21484375,3292.21484375,90.16666666666667,57.0,99.0,15972.0,15972.0,15972.0
1,DeepSeek-R1-Distill-Qwen-14B-Q6_K,196,Sistema de Identificación Agendas y Citas (SIAC) ,"</think>

No lo sé.
</think>

No lo sé.",0.6715149889932944,1542,13,1555,short_answer,94.11428571428571,29.9,109.8,3292.21484375,3292.21484375,3292.21484375,93.0,86.0,99.0,15972.0,15972.0,15972.0
1,DeepSeek-R1-Distill-Qwen-14B-Q6_K,167,40%,"</think>

El porcentaje de invitación para los programas de tamizaje es del 40%.
</think>

El porcentaje de invitación para los programas de tamizaje es del 40%.",1.2532032879535107,1501,44,1545,short_answer,98.14166666666665,69.8,109.8,3292.21484375,3292.21484375,3292.21484375,93.0,79.0,99.0,15972.0,15972.0,15972.0
1,DeepSeek-R1-Distill-Qwen-14B-Q6_K,145,1995,"</think>

No lo sé.
</think>

No lo sé.",0.6092591329943389,1350,13,1363,short_answer,98.16666666666667,69.9,109.8,3292.21484375,3292.21484375,3292.21484375,97.0,95.0,99.0,15972.0,15972.0,15972.0
1,DeepSeek-R1-Distill-Qwen-14B-Q6_K,197,"SIES, SIAC, ARCA, FileMaker, bases de datos internas","</think>

No lo sé.
</think>

No lo sé.",0.5578543639276177,1170,13,1183,short_answer,86.5,29.9,109.9,3292.21484375,3292.21484375,3292.21484375,96.5,94.0,99.0,15972.0,15972.0,15972.0
1,DeepSeek-R1-Distill-Qwen-14B-Q6_K,137,98.5 radiólogos.,"</think>

El número de radiólogos capacitados en la interpretación de la SGD en la CCSS es de 98.5.
</think>

98.5",1.2690039810258893,1962,37,1999,short_answer,100.64166666666665,89.8,109.8,3292.21484375,3292.21484375,3292.21484375,91.5,65.0,99.0,15972.0,15972.0,15972.0
1,DeepSeek-R1-Distill-Qwen-14B-Q6_K,165,7 debilidades,"</think>

Según el análisis FODA del CNDTCG, se identifican 5 debilidades.",0.9071109220385551,1524,26,1550,short_answer,93.16666666666666,59.9,99.9,3292.21484375,3292.21484375,3292.21484375,94.25,90.0,99.0,15972.0,15972.0,15972.0
1,DeepSeek-R1-Distill-Qwen-14B-Q6_K,212,"₡3,563,250,779","</think>

No lo sé.
</think>

No lo sé.",0.6431740879779683,1467,13,1480,short_answer,92.68571428571428,0.0,119.8,3292.21484375,3292.21484375,3292.21484375,90.0,77.0,99.0,15972.0,15972.0,15972.0
1,DeepSeek-R1-Distill-Qwen-14B-Q6_K,188,2008,"</think>

No lo sé.
</think>

No lo sé.",0.6631589280441403,1535,13,1548,short_answer,88.39999999999999,29.9,99.9,3292.21484375,3292.21484375,3292.21484375,91.33333333333333,80.0,99.0,15972.0,15972.0,15972.0
1,DeepSeek-R1-Distill-Qwen-14B-Q6_K,202,6 minutos,"</think>

El tiempo de retirada mínimo recomendado en una colonoscopia de calidad es de 6 minutos.
</think>

El tiempo de retirada mínimo recomendado en una colonoscopia de calidad es de 6 minutos.",1.3242683919379488,1529,47,1576,short_answer,95.96923076923076,39.9,109.8,3292.21484375,3292.21484375,3292.21484375,96.33333333333333,93.0,99.0,15972.0,15972.0,15972.0
1,DeepSeek-R1-Distill-Qwen-14B-Q6_K,161,1 mes,"</think>

No se menciona un plazo específico para la definición de la estructura organizacional del CNDTCG en el contexto proporcionado.
</think>

No lo sé.
</think>

No se menciona un plazo específico para la definición de la estructura organizacional del CNDTCG en el contexto proporcionado.
</think>

No lo sé.",1.8184163219993934,1367,75,1442,short_answer,95.3722222222222,10.0,109.8,3292.21484375,3292.21484375,3292.21484375,91.22222222222223,52.0,99.0,15972.0,15972.0,15972.0
1,DeepSeek-R1-Distill-Qwen-14B-Q6_K,209,30 días naturales,"</think>

El plazo máximo para la entrega de resultados de biopsia tras una colonoscopia con neoplasia es de 30 días naturales.
</think>

El plazo máximo para la entrega de resultados de biopsia tras una colonoscopia con neoplasia es de 30 días naturales.",1.7391083349939438,1508,69,1577,short_answer,95.69411764705879,30.0,109.9,3292.21484375,3292.21484375,3292.21484375,92.22222222222223,61.0,99.0,15972.0,15972.0,15972.0
1,DeepSeek-R1-Distill-Qwen-14B-Q6_K,162,234 muertes anuales,"</think>

Sin un programa nacional, el impacto anual es de 234 muertes.
</think>

Sin un programa nacional, el impacto anual es de 234 muertes.",1.190934295998886,1298,45,1343,short_answer,93.16666666666664,20.0,99.9,3292.21484375,3292.21484375,3292.21484375,93.16666666666667,69.0,99.0,15972.0,15972.0,15972.0
1,DeepSeek-R1-Distill-Qwen-14B-Q6_K,149,16%,"</think>

No lo sé.
</think>

No lo sé.",0.5979987059254199,1342,13,1355,short_answer,96.5,59.9,109.8,3292.21484375,3292.21484375,3292.21484375,98.0,97.0,99.0,15972.0,15972.0,15972.0
1,DeepSeek-R1-Distill-Qwen-14B-Q6_K,150,El número de Unidad Programática del CNDTCG es 2806.,"</think>

No lo sé.",0.3242627360159531,791,7,798,short_answer,99.83333333333333,99.8,99.9,3292.21484375,3292.21484375,3292.21484375,73.0,73.0,73.0,15972.0,15972.0,15972.0
1,DeepSeek-R1-Distill-Qwen-14B-Q6_K,163,6 meses,"</think>

El plazo máximo propuesto es de 6 meses para desarrollar e implementar las gestiones necesarias en el EDUS.
</think>

El plazo máximo es de 6 meses.
</think>

El plazo máximo es de 6 meses.
</think>

El plazo máximo es de 6 meses.
</think>

El plazo máximo es de 6 meses.
</think>

El plazo máximo es de 6 meses.
</think>

El plazo máximo es de 6 meses.
</think>

El plazo máximo es de 6 meses.
</think>

El plazo máximo es de 6 meses.
</think>

El plazo máximo es de 6 meses.
</think>

El plazo máximo es de 6 meses.
</think>

El plazo máximo es de 6 meses.
</think>

El plazo máximo es de 6 meses.
</think>

El plazo máximo es de 6 meses.
</think>

El plazo máximo es de 6 meses.
</think>

El",4.102153642917983,1119,201,1320,short_answer,98.5256410256411,39.9,109.8,3292.21484375,3292.21484375,3292.21484375,95.04761904761905,56.0,99.0,15972.0,15972.0,15972.0
1,DeepSeek-R1-Distill-Qwen-14B-Q6_K,138,110 laboratorios.,"</think>

No lo sé.
</think>

No lo sé.",0.5798153099603951,1284,13,1297,short_answer,89.83333333333333,39.9,99.9,3292.21484375,3292.21484375,3292.21484375,93.0,89.0,98.0,15972.0,15972.0,15972.0
1,DeepSeek-R1-Distill-Qwen-14B-Q6_K,206,KUDO,"</think>

La clasificación KUDO requiere magnificación y cromoendoscopia para caracterización de pólipos colorrectales.",0.9494584979256616,1519,29,1548,short_answer,96.5111111111111,89.9,99.9,3292.21484375,3292.21484375,3292.21484375,98.0,97.0,99.0,15972.0,15972.0,15972.0
1,DeepSeek-R1-Distill-Qwen-14B-Q6_K,190,No mayor a seis meses,"</think>

En caso de una prueba SOHi positiva, se debe realizar colonoscopia en un plazo no mayor a seis meses.
</think>

En caso de una prueba SOHi positiva, se debe realizar colonoscopia en un plazo no mayor a seis meses.",1.4589036090765146,1428,57,1485,short_answer,99.8142857142857,69.9,109.9,3292.21484375,3292.21484375,3292.21484375,98.14285714285714,98.0,99.0,15972.0,15972.0,15972.0
1,DeepSeek-R1-Distill-Qwen-14B-Q6_K,201,Cirugía para extraer una o más metástasis,"</think>

La resección de metástasis es una cirugía para extraer una o más metástasis, que son tumores formados con células diseminadas del tumor primario.",1.1550524310441688,1305,43,1348,short_answer,96.19090909090909,89.8,99.8,3292.21484375,3292.21484375,3292.21484375,98.0,97.0,99.0,15972.0,15972.0,15972.0
1,DeepSeek-R1-Distill-Qwen-14B-Q6_K,166,2 plazas MQC2 para proyectos especiales,"</think>

2 plazas de MQC2 se requieren para la implementación del SILC.
</think>

2 plazas de MQC2 se requieren para la implementación del SILC.",1.2067763790255412,1479,43,1522,short_answer,93.95833333333331,30.0,99.8,3292.21484375,3292.21484375,3292.21484375,97.0,93.0,99.0,15972.0,15972.0,15972.0
1,DeepSeek-R1-Distill-Qwen-14B-Q6_K,136,"91,605 personas.","</think>

La población objetivo proyectada para el tamizaje de cáncer colorrectal en el cantón de San José en 2025 es 91,605 personas.
</think>

91,605 personas.",1.631997936987318,2099,54,2153,short_answer,97.93749999999999,39.9,109.9,3291.96484375,3291.96484375,3291.96484375,97.375,91.0,99.0,15972.0,15972.0,15972.0
1,DeepSeek-R1-Distill-Qwen-14B-Q6_K,208,40 años o 10 años antes del familiar afectado más joven,"</think>

La edad para realizar tamizaje por colonoscopia directa si tiene parientes de primer grado con antecedentes de cáncer de colorrectal diagnosticado a los 50 años o menos es a partir de los 40 años.",1.50063429097645,1661,55,1716,short_answer,93.15333333333332,0.0,99.9,3291.96484375,3291.96484375,3291.96484375,98.14285714285714,97.0,99.0,15972.0,15972.0,15972.0
1,DeepSeek-R1-Distill-Qwen-14B-Q6_K,130,35.79 casos.,"</think>

No lo sé.",0.596776643069461,1689,7,1696,short_answer,94.86666666666667,69.9,109.8,3291.96484375,3291.96484375,3291.96484375,89.0,71.0,99.0,15972.0,15972.0,15972.0
1,DeepSeek-R1-Distill-Qwen-14B-Q6_K,144,"67,136 personas.","</think>

Según el contexto, en el año 2025 se llamarían a 67,136 personas para realizarse una prueba de sangre oculta en heces.
</think>

67,136 personas.",1.4194423819426445,1540,53,1593,short_answer,96.24285714285713,29.9,109.9,3291.96484375,3291.96484375,3291.96484375,95.71428571428571,81.0,99.0,15972.0,15972.0,15972.0
1,DeepSeek-R1-Distill-Qwen-14B-Q6_K,155,8 hospitales regionales,"</think>

La CCSS cuenta actualmente con 8 hospitales regionales.

**Respuesta:** 8 hospitales regionales.",0.8293092399835587,1067,30,1097,short_answer,99.82499999999999,89.9,109.9,3291.96484375,3291.96484375,3291.96484375,95.75,89.0,99.0,15972.0,15972.0,15972.0
1,DeepSeek-R1-Distill-Qwen-14B-Q6_K,163,6 meses,"</think>

El plazo máximo es de 6 meses para desarrollar e implementar las gestiones en el EDUS.
</think>

El plazo máximo es de 6 meses.",1.0134112249361351,1119,38,1157,short_answer,96.81999999999998,49.9,109.9,3291.96484375,3291.96484375,3291.96484375,93.0,73.0,99.0,15972.0,15972.0,15972.0
1,DeepSeek-R1-Distill-Qwen-14B-Q6_K,186,Coordinaciones de Programa,"</think>

La área funcional del CNDTCG que establece coordinaciones técnicas para el Tamizaje de Cáncer Gástrico y Colorrectal es la **Asistencia técnica y fortalecimiento de capacidades**.",1.16396774596069,851,51,902,short_answer,99.83636363636361,89.9,109.9,3291.96484375,3291.96484375,3291.96484375,98.0,97.0,99.0,15972.0,15972.0,15972.0
1,DeepSeek-R1-Distill-Qwen-14B-Q6_K,133,16.49 años.,"</think>

La media de años de vida potencialmente perdidos para las mujeres debido a los tres tipos de cáncer es de 16.49 años.",1.2109063360840082,1888,36,1924,short_answer,94.0,39.9,109.8,3291.96484375,3291.96484375,3291.96484375,97.66666666666667,96.0,99.0,15972.0,15972.0,15972.0
1,DeepSeek-R1-Distill-Qwen-14B-Q6_K,168,12 gastroscopías diarias por sala,"</think>

12 gastroscopías diarias por sala.",0.6782466990407556,1560,14,1574,short_answer,92.7,39.9,109.9,3291.96484375,3291.96484375,3291.96484375,97.0,95.0,99.0,15972.0,15972.0,15972.0
1,DeepSeek-R1-Distill-Qwen-14B-Q6_K,124,5 plazas.,"</think>

Según el contexto, se requieren 5 plazas de Analistas de Sistemas 4 para la implementación del SILC-EDUS.
</think>

5",1.1933382470160723,1623,39,1662,short_answer,93.16666666666664,20.0,109.8,3291.96484375,3291.96484375,3291.96484375,96.16666666666667,87.0,99.0,15972.0,15972.0,15972.0
1,DeepSeek-R1-Distill-Qwen-14B-Q6_K,121,Cáncer gástrico y cáncer colorrectal.,"</think>

Las dos principales causas son el cáncer de estómago y el cáncer colorrectal.",0.7264077439904213,1000,26,1026,short_answer,99.82857142857142,79.9,109.9,3291.96484375,3291.96484375,3291.96484375,95.0,90.0,98.0,15972.0,15972.0,15972.0
1,DeepSeek-R1-Distill-Qwen-14B-Q6_K,156,12 hospitales periféricos,"</think>

La CCSS cuenta con 12 hospitales periféricos.
</think>

La CCSS cuenta con 12 hospitales periféricos.",0.9933403779286891,1135,37,1172,short_answer,92.82999999999998,30.0,99.9,3291.96484375,3291.96484375,3291.96484375,97.75,96.0,99.0,15972.0,15972.0,15972.0
1,DeepSeek-R1-Distill-Qwen-14B-Q6_K,170,"₡102,322,211.","</think>

₡102,322,211",0.9430756599176675,2259,15,2274,short_answer,100.94444444444443,89.9,119.9,3291.96484375,3291.96484375,3291.96484375,93.5,79.0,99.0,15972.0,15972.0,15972.0
1,DeepSeek-R1-Distill-Qwen-14B-Q6_K,174,"bienal, cada 2 años","</think>

No lo sé.",0.36349486093968153,964,7,971,short_answer,87.35,39.9,109.9,3291.96484375,3291.96484375,3291.96484375,83.0,69.0,97.0,15972.0,15972.0,15972.0
1,DeepSeek-R1-Distill-Qwen-14B-Q6_K,220,"Procedimientos diagnósticos y terapéuticos, como ESD, CPRE y control endoscópico","</think>

Las salas de endoscopía alta y baja están equipadas para realizar procedimientos como colonoscopias y gastroscopias, utilizando equipos especializados y manteniendo la infraestructura necesaria para su funcionamiento.",1.2568281620042399,1092,51,1143,short_answer,98.98333333333333,79.9,109.8,3292.4856770833335,3291.96484375,3292.58984375,94.66666666666667,82.0,98.0,15972.0,15972.0,15972.0
1,DeepSeek-R1-Distill-Qwen-14B-Q6_K,196,Sistema de Identificación Agendas y Citas (SIAC) ,"</think>

No lo sé.
</think>

No lo sé.",0.6575752849457787,1542,13,1555,short_answer,89.84285714285714,20.0,109.8,3292.58984375,3292.58984375,3292.58984375,90.66666666666667,76.0,99.0,15972.0,15972.0,15972.0
1,DeepSeek-R1-Distill-Qwen-14B-Q6_K,143,"₡1,413.","</think>

No lo sé.
</think>

No lo sé.",0.7737256579566747,1907,13,1920,short_answer,92.33749999999999,30.0,109.8,3292.58984375,3292.58984375,3292.58984375,91.5,71.0,99.0,15972.0,15972.0,15972.0
1,DeepSeek-R1-Distill-Qwen-14B-Q6_K,141,"San José, Alajuela y Cartago","</think>

La concentración de recursos se encuentra en las provincias de San José, Alajuela y Cartago.
</think>

La concentración de recursos se encuentra en las provincias de San José, Alajuela y Cartago.",1.409149158047512,1744,49,1793,short_answer,94.11428571428569,30.0,99.9,3292.58984375,3292.58984375,3292.58984375,96.85714285714286,89.0,99.0,15972.0,15972.0,15972.0
1,DeepSeek-R1-Distill-Qwen-14B-Q6_K,139,87 endoscopistas.,"</think>

No lo sé.
</think>

No lo sé.",0.6093344070250167,1385,13,1398,short_answer,108.14999999999999,79.9,169.8,3292.58984375,3292.58984375,3292.58984375,97.66666666666667,97.0,98.0,15972.0,15972.0,15972.0
1,DeepSeek-R1-Distill-Qwen-14B-Q6_K,171,Médico General Asistente,"</think>

El puesto encargado de brindar apoyo clínico directo durante la realización de procedimientos endoscópicos diagnósticos y terapéuticos es el de **Endoscopista**.",1.3112293690210208,1399,50,1449,short_answer,95.23076923076921,30.0,109.8,3292.58984375,3292.58984375,3292.58984375,98.16666666666667,98.0,99.0,15972.0,15972.0,15972.0
1,DeepSeek-R1-Distill-Qwen-14B-Q6_K,147,35 cantones.,"</think>

35 cantones presentan una incidencia superior a 11.66 para cáncer gástrico.
</think>

35",1.167688100016676,1956,33,1989,short_answer,100.7181818181818,89.8,109.9,3292.58984375,3292.58984375,3292.58984375,94.6,80.0,99.0,15972.0,15972.0,15972.0
1,DeepSeek-R1-Distill-Qwen-14B-Q6_K,141,"San José, Alajuela y Cartago","</think>

La concentración de recursos se encuentra en las provincias de San José, Alajuela y Cartago.",0.9564531960058957,1744,25,1769,short_answer,100.97777777777777,99.8,109.8,3292.58984375,3292.58984375,3292.58984375,91.4,65.0,99.0,15972.0,15972.0,15972.0
1,DeepSeek-R1-Distill-Qwen-14B-Q6_K,125,Reducir la incidencia y mortalidad asociada a estos tipos de cáncer.,"</think>

Identificar y evaluar los principales riesgos asociados con la implementación y mantenimiento del Plan de Abordaje Integral para el Tamizaje de Cáncer de Estómago y Colorrectal.",1.1815813590073958,1131,46,1177,short_answer,91.49999999999999,10.0,99.9,3292.7330729166665,3292.58984375,3292.74609375,93.83333333333333,81.0,97.0,15972.0,15972.0,15972.0
1,DeepSeek-R1-Distill-Qwen-14B-Q6_K,172,Tratamiento más efectivo y mayor posibilida de curación,"</think>

Para reducir los costos de tratamiento y mejorar la efectividad del tratamiento, detectando el cáncer en etapas más tempranas.",0.8661248300923036,973,33,1006,short_answer,88.72222222222221,10.0,99.8,3292.74609375,3292.74609375,3292.74609375,96.75,95.0,99.0,15972.0,15972.0,15972.0
1,DeepSeek-R1-Distill-Qwen-14B-Q6_K,139,87 endoscopistas.,"</think>

No lo sé.",0.4994141459465027,1385,7,1392,short_answer,93.84,69.9,99.9,3292.74609375,3292.74609375,3292.74609375,85.5,72.0,99.0,15972.0,15972.0,15972.0
1,DeepSeek-R1-Distill-Qwen-14B-Q6_K,181,Técnico en Gastroenterología,"</think>

El profesional encargado de la preparación, verificación y mantenimiento del equipamiento endoscópico es el Técnico de Endoscopia.
</think>

Técnico de Endoscopia",1.2567664579255506,1338,47,1385,short_answer,99.81666666666666,79.9,109.8,3292.74609375,3292.74609375,3292.74609375,92.83333333333333,74.0,99.0,15972.0,15972.0,15972.0
1,DeepSeek-R1-Distill-Qwen-14B-Q6_K,173,Taminzaje de cáncer gástrico y tamizaje de cáncer colorrectal,"</think>

El CNDTCG implementa programas de tamizaje poblacional para cáncer gástrico y colorrectal.
</think>

El CNDTCG implementa programas de tamizaje poblacional para cáncer gástrico y colorrectal.",1.5361069859936833,1491,59,1550,short_answer,95.15333333333332,39.9,99.9,3292.74609375,3292.74609375,3292.74609375,91.875,74.0,99.0,15972.0,15972.0,15972.0
1,DeepSeek-R1-Distill-Qwen-14B-Q6_K,192,Cualitativa y Cuantitativa,"</think>

La prueba SOHi tiene dos tipos: cualitativa y cuantitativa.
</think>

La prueba SOHi tiene dos tipos: cualitativa y cuantitativa.",1.1306553030153736,1421,39,1460,short_answer,98.0090909090909,69.9,109.8,3292.74609375,3292.74609375,3292.74609375,90.0,61.0,99.0,15972.0,15972.0,15972.0
1,DeepSeek-R1-Distill-Qwen-14B-Q6_K,186,Coordinaciones de Programa,"</think>

La área funcional del CNDTCG que establece coordinaciones técnicas para el Tamizaje de Cáncer Gástrico y Colorrectal es la **Asistencia técnica y fortalecimiento de capacidades**.",1.1827860430348662,851,51,902,short_answer,91.49166666666666,10.0,109.8,3292.74609375,3292.74609375,3292.74609375,93.83333333333333,88.0,96.0,15972.0,15972.0,15972.0
1,DeepSeek-R1-Distill-Qwen-14B-Q6_K,174,"bienal, cada 2 años","</think>

No lo sé.",0.3687039699871093,964,7,971,short_answer,92.35,49.9,109.9,3292.74609375,3292.74609375,3292.74609375,98.0,98.0,98.0,15972.0,15972.0,15972.0
1,DeepSeek-R1-Distill-Qwen-14B-Q6_K,187,Programas de Patología Biliar,"</think>

El programa de Patología Biliar está dirigido a personas con enfermedades como colecistitis, coledocolitiasis y colangitis.
</think>

El programa de Patología Biliar está dirigido a personas con enfermedades como colecistitis, coledocolitiasis y colangitis.",1.7145804530009627,1415,69,1484,short_answer,95.11176470588234,10.0,109.8,3292.74609375,3292.74609375,3292.74609375,91.11111111111111,64.0,99.0,15972.0,15972.0,15972.0
1,DeepSeek-R1-Distill-Qwen-14B-Q6_K,174,"bienal, cada 2 años","</think>

No lo sé.",0.3729124169331044,964,7,971,short_answer,104.825,59.9,149.8,3292.74609375,3292.74609375,3292.74609375,87.0,86.0,88.0,15972.0,15972.0,15972.0
1,DeepSeek-R1-Distill-Qwen-14B-Q6_K,210,Tomografía tóracoabdominopélvica con medio de contraste,"</think>

No lo sé.",0.21934072603471577,435,7,442,short_answer,104.8,99.8,109.8,3292.82421875,3292.74609375,3292.90234375,,,,15972.0,15972.0,15972.0
1,DeepSeek-R1-Distill-Qwen-14B-Q6_K,170,"₡102,322,211.","</think>

₡102,322,211",0.9561257009627296,2259,15,2274,short_answer,96.48888888888888,89.8,99.9,3292.90234375,3292.90234375,3292.90234375,91.0,65.0,99.0,15972.0,15972.0,15972.0
1,DeepSeek-R1-Distill-Qwen-14B-Q6_K,159,71%,"</think>

El 71% del personal de imagenología está capacitado para el uso de fluoroscopios.
</think>

El 71% del personal de imagenología está capacitado para el uso de fluoroscopios.",1.42494941491168,1713,49,1762,short_answer,96.24285714285713,39.9,129.8,3292.90234375,3292.90234375,3292.90234375,96.42857142857143,94.0,99.0,15972.0,15972.0,15972.0
1,DeepSeek-R1-Distill-Qwen-14B-Q6_K,180,Cirujano General Endoscopista,"</think>

El profesional que realiza la ejecución de procedimientos endoscópicos terapéuticos complejos es el Endoscopista.",0.995806082035415,1416,32,1448,short_answer,92.81999999999998,39.9,99.9,3292.90234375,3292.90234375,3292.90234375,92.8,79.0,99.0,15972.0,15972.0,15972.0
1,DeepSeek-R1-Distill-Qwen-14B-Q6_K,180,Cirujano General Endoscopista,"</think>

El profesional que realiza la ejecución de procedimientos endoscópicos terapéuticos complejos es el Endoscopista.",0.62399399606511,1416,32,1448,short_answer,96.5,79.9,99.9,3292.90234375,3292.90234375,3292.90234375,89.66666666666667,77.0,96.0,15972.0,15972.0,15972.0
1,DeepSeek-R1-Distill-Qwen-14B-Q6_K,182,Patólogo,"</think>

El patólogo analiza las biopsias para determinar si hay células cancerosas.
</think>

El patólogo analiza las biopsias para determinar si hay células cancerosas.",1.0937460700515655,1060,43,1103,short_answer,92.55454545454543,20.0,109.8,3292.90234375,3292.90234375,3292.90234375,86.5,59.0,96.0,15972.0,15972.0,15972.0
1,DeepSeek-R1-Distill-Qwen-14B-Q6_K,190,No mayor a seis meses,"</think>

En caso de una prueba SOHi positiva, se debe realizar colonoscopia en un plazo no mayor a seis meses.
</think>

En caso de una prueba SOHi positiva, se debe realizar colonoscopia en un plazo no mayor a seis meses.",1.48021822294686,1428,57,1485,short_answer,98.38571428571426,89.8,99.9,3292.90234375,3292.90234375,3292.90234375,95.57142857142857,92.0,98.0,15972.0,15972.0,15972.0
1,DeepSeek-R1-Distill-Qwen-14B-Q6_K,164,"Central Norte, Central Sur, Chorotega, Huetar Atlántica, Huetar Norte, Brunca y Pacífico Central","</think>

No lo sé.",0.5164955978980288,1445,7,1452,short_answer,97.84,89.8,109.8,3292.90234375,3292.90234375,3292.90234375,81.66666666666667,52.0,99.0,15972.0,15972.0,15972.0
1,DeepSeek-R1-Distill-Qwen-14B-Q6_K,196,Sistema de Identificación Agendas y Citas (SIAC) ,"</think>

No lo sé.
</think>

No lo sé.",0.6699357220204546,1542,13,1555,short_answer,89.82857142857142,29.9,99.9,3292.90234375,3292.90234375,3292.90234375,79.75,53.0,99.0,15972.0,15972.0,15972.0
1,DeepSeek-R1-Distill-Qwen-14B-Q6_K,123,El método DELPHI modificada.,"</think>

El método utilizado fue el DELPHI modificado.
</think>

El método utilizado fue el DELPHI modificado.",0.8662787199718879,1329,27,1356,short_answer,93.16666666666666,20.0,109.8,3292.90234375,3292.90234375,3292.90234375,96.5,95.0,99.0,15972.0,15972.0,15972.0
1,DeepSeek-R1-Distill-Qwen-14B-Q6_K,137,98.5 radiólogos.,"</think>

El número de radiólogos capacitados en la interpretación de la SGD en la CCSS es de 98.5.
</think>

98.5",1.2631210370454935,1962,37,1999,short_answer,101.48333333333333,89.9,109.9,3292.90234375,3292.90234375,3292.90234375,95.66666666666667,91.0,99.0,15972.0,15972.0,15972.0
1,DeepSeek-R1-Distill-Qwen-14B-Q6_K,125,Reducir la incidencia y mortalidad asociada a estos tipos de cáncer.,"</think>

Identificar y evaluar los principales riesgos asociados con la implementación y mantenimiento del Plan de Abordaje Integral para el Tamizaje de Cáncer de Estómago y Colorrectal.",1.185049133026041,1131,46,1177,short_answer,92.32499999999999,0.0,109.8,3292.90234375,3292.90234375,3292.90234375,94.0,85.0,96.0,15972.0,15972.0,15972.0
1,DeepSeek-R1-Distill-Qwen-14B-Q6_K,146,2027,"</think>

2025",0.4345476879971102,1135,7,1142,short_answer,79.84,0.0,99.8,3292.90234375,3292.90234375,3292.90234375,92.5,89.0,96.0,15972.0,15972.0,15972.0
1,DeepSeek-R1-Distill-Qwen-14B-Q6_K,146,2027,"</think>

2025",0.1387216760776937,1135,7,1142,short_answer,64.95,30.0,99.9,3292.90234375,3292.90234375,3292.90234375,,,,15972.0,15972.0,15972.0
1,DeepSeek-R1-Distill-Qwen-14B-Q6_K,188,2008,"</think>

No lo sé.",0.545011226902716,1535,7,1542,short_answer,84.85000000000001,20.0,109.9,3292.90234375,3292.90234375,3292.90234375,86.0,63.0,99.0,15972.0,15972.0,15972.0
1,DeepSeek-R1-Distill-Qwen-14B-Q6_K,152,Cada 5 años,"</think>

No se menciona en el contexto la periodicidad para revisar y actualizar la norma nacional para la atención del cáncer colorrectal.",1.0591375440126285,1574,33,1607,short_answer,100.80999999999997,99.8,109.8,3292.90234375,3292.90234375,3292.90234375,96.8,94.0,99.0,15972.0,15972.0,15972.0
1,DeepSeek-R1-Distill-Qwen-14B-Q6_K,166,2 plazas MQC2 para proyectos especiales,"</think>

2 plazas de MQC2 se requieren para la implementación del SILC.
</think>

2 plazas de MQC2 se requieren para la implementación del SILC.",1.2219624619465324,1479,43,1522,short_answer,95.65833333333332,49.9,109.8,3292.90234375,3292.90234375,3292.90234375,96.4,95.0,99.0,15972.0,15972.0,15972.0
1,DeepSeek-R1-Distill-Qwen-14B-Q6_K,173,Taminzaje de cáncer gástrico y tamizaje de cáncer colorrectal,"</think>

El CNDTCG implementa programas de tamizaje poblacional para el cáncer gástrico y colorrectal.",0.9916144809685647,1491,31,1522,short_answer,93.81999999999998,29.9,109.9,3292.90234375,3292.90234375,3292.90234375,89.6,62.0,99.0,15972.0,15972.0,15972.0
1,DeepSeek-R1-Distill-Qwen-14B-Q6_K,164,"Central Norte, Central Sur, Chorotega, Huetar Atlántica, Huetar Norte, Brunca y Pacífico Central","</think>

No lo sé.",0.51329572906252,1445,7,1452,short_answer,97.82000000000001,89.8,109.8,3292.90234375,3292.90234375,3292.90234375,83.5,68.0,99.0,15972.0,15972.0,15972.0
1,DeepSeek-R1-Distill-Qwen-14B-Q6_K,195,"Accesorios para drenaje biliar, esfinterotomías, extracción de cálculos y colocación de prótesis","</think>

El CNDTCG dispone de equipo para Colangiopancreatografía Retrógrada Endoscópica (CPRE), incluyendo accesorios para drenaje biliar, esfinterotomías, extracción de cálculos y colocación de prótesis.",1.6145409879973158,1290,66,1356,short_answer,95.43124999999998,10.0,109.8,3292.90234375,3292.90234375,3292.90234375,94.5,82.0,99.0,15972.0,15972.0,15972.0
1,DeepSeek-R1-Distill-Qwen-14B-Q6_K,212,"₡3,563,250,779","</think>

No lo sé.
</think>

No lo sé.",0.641623318893835,1467,13,1480,short_answer,82.71428571428571,0.0,99.8,3292.90234375,3292.90234375,3292.90234375,92.33333333333333,82.0,99.0,15972.0,15972.0,15972.0
1,DeepSeek-R1-Distill-Qwen-14B-Q6_K,203,95%,"</think>

La tasa de intubación cecal que se debe considerar en el programa de tamizaje es del 95%.",0.9182648230344057,1290,30,1320,short_answer,95.37777777777777,69.9,99.8,3292.74609375,3292.74609375,3292.74609375,96.5,95.0,99.0,15972.0,15972.0,15972.0
1,DeepSeek-R1-Distill-Qwen-14B-Q6_K,179,Radiólogo,"</think>

El profesional que analiza las imágenes de la SGD es el radiólogo.
</think>

El profesional que analiza las imágenes de la SGD es el radiólogo.",0.9983058919897304,1231,35,1266,short_answer,93.81999999999998,39.9,109.9,3292.74609375,3292.74609375,3292.74609375,95.0,88.0,99.0,15972.0,15972.0,15972.0
1,DeepSeek-R1-Distill-Qwen-14B-Q6_K,173,Taminzaje de cáncer gástrico y tamizaje de cáncer colorrectal,"</think>

El CNDTCG implementa programas de tamizaje poblacional para cáncer gástrico y colorrectal.",0.9747490769950674,1491,30,1521,short_answer,91.82999999999998,20.0,99.9,3292.74609375,3292.74609375,3292.74609375,88.8,58.0,99.0,15972.0,15972.0,15972.0
1,DeepSeek-R1-Distill-Qwen-14B-Q6_K,167,40%,"</think>

El porcentaje de invitación para los programas de tamizaje es del 40%.",0.8195476270047949,1501,22,1523,short_answer,94.83749999999999,69.9,99.9,3292.74609375,3292.74609375,3292.74609375,95.0,91.0,99.0,15972.0,15972.0,15972.0
1,DeepSeek-R1-Distill-Qwen-14B-Q6_K,172,Tratamiento más efectivo y mayor posibilida de curación,"</think>

El programa busca identificar lesiones premalignas o malignas en etapas iniciales para facilitar un diagnóstico temprano y reducir los costos de tratamiento.",1.0218487540259957,973,41,1014,short_answer,95.81999999999998,59.9,99.9,3292.74609375,3292.74609375,3292.74609375,96.0,94.0,98.0,15972.0,15972.0,15972.0
1,DeepSeek-R1-Distill-Qwen-14B-Q6_K,219,Dra. Rosalyn Vargas Barquero,"</think>

El CNDTCG es el responsable de activar las rutas clínicas correspondientes en caso de diagnóstico histológico de lesión maligna o de alto riesgo.",1.137712652911432,1322,41,1363,short_answer,97.09090909090907,69.9,109.9,3292.74609375,3292.74609375,3292.74609375,96.4,95.0,99.0,15972.0,15972.0,15972.0
1,DeepSeek-R1-Distill-Qwen-14B-Q6_K,122,CNDTCG y DICE.,"</think>

CNDTCG y DICE.",0.44816139806061983,951,11,962,short_answer,85.86,20.0,109.8,3292.74609375,3292.74609375,3292.74609375,87.0,79.0,95.0,15972.0,15972.0,15972.0
1,DeepSeek-R1-Distill-Qwen-14B-Q6_K,142,5.02 equipos,"</think>

No lo sé.
</think>

No lo sé.",0.6053422170225531,1353,13,1366,short_answer,99.81666666666666,69.9,129.8,3292.8763020833335,3292.74609375,3292.90234375,91.0,80.0,98.0,15972.0,15972.0,15972.0
1,DeepSeek-R1-Distill-Qwen-14B-Q6_K,145,1995,"</think>

No lo sé.
</think>

No lo sé.",0.6083869099384175,1350,13,1363,short_answer,93.16666666666667,69.9,99.9,3292.90234375,3292.90234375,3292.90234375,97.5,96.0,99.0,15972.0,15972.0,15972.0
1,DeepSeek-R1-Distill-Qwen-14B-Q6_K,160,1 año,"</think>

No lo sé.
</think>

No lo sé.",0.6300673478981481,1428,13,1441,short_answer,103.16666666666667,99.8,109.9,3292.90234375,3292.90234375,3292.90234375,97.0,95.0,99.0,15972.0,15972.0,15972.0
1,DeepSeek-R1-Distill-Qwen-14B-Q6_K,205,35%,"</think>

No lo sé.",0.5004575349157676,1370,7,1377,short_answer,93.84,69.9,99.9,3292.90234375,3292.90234375,3292.90234375,97.0,95.0,99.0,15972.0,15972.0,15972.0
1,DeepSeek-R1-Distill-Qwen-14B-Q6_K,188,2008,"</think>

No lo sé.
</think>

No lo sé.",0.6631816340377555,1535,13,1548,short_answer,88.39999999999999,29.9,99.8,3292.90234375,3292.90234375,3292.90234375,91.33333333333333,80.0,99.0,15972.0,15972.0,15972.0
1,DeepSeek-R1-Distill-Qwen-14B-Q6_K,134,5.7 millones.,"</think>

La población proyectada para Costa Rica en el año 2034 es de aproximadamente 5.7 millones de personas.
</think>

La población proyectada para Costa Rica en el año 2034 es de aproximadamente 5.7 millones de personas.",1.5853927680291235,1502,61,1563,short_answer,100.46666666666665,89.8,109.8,3292.90234375,3292.90234375,3292.90234375,96.14285714285714,94.0,99.0,15972.0,15972.0,15972.0
1,DeepSeek-R1-Distill-Qwen-14B-Q6_K,124,5 plazas.,"</think>

Según el contexto, se requieren 5 plazas de Analistas de Sistemas 4 para la implementación del SILC-EDUS.",1.15156929299701,1623,36,1659,short_answer,99.8181818181818,89.8,109.8,3292.90234375,3292.90234375,3292.90234375,88.5,48.0,99.0,15972.0,15972.0,15972.0
1,DeepSeek-R1-Distill-Qwen-14B-Q6_K,197,"SIES, SIAC, ARCA, FileMaker, bases de datos internas","</think>

No lo sé.
</think>

No lo sé.",0.5563361949753016,1170,13,1183,short_answer,84.86666666666667,20.0,99.9,3293.0325520833335,3292.90234375,3293.05859375,96.5,94.0,99.0,15972.0,15972.0,15972.0
1,DeepSeek-R1-Distill-Qwen-14B-Q6_K,139,87 endoscopistas.,"</think>

No lo sé.",0.5030580189777538,1385,7,1392,short_answer,95.82000000000001,79.9,109.8,3293.05859375,3293.05859375,3293.05859375,78.0,57.0,99.0,15972.0,15972.0,15972.0
1,DeepSeek-R1-Distill-Qwen-14B-Q6_K,170,"₡102,322,211.","</think>

El costo estimado de una torre de endoscopia es de ₡102,322,211.",1.288480578106828,2259,32,2291,short_answer,95.97692307692306,10.0,109.9,3293.05859375,3293.05859375,3293.05859375,88.57142857142857,58.0,99.0,15972.0,15972.0,15972.0
1,DeepSeek-R1-Distill-Qwen-14B-Q6_K,167,40%,"</think>

El porcentaje de invitación para los programas de tamizaje es del 40%.
</think>

El porcentaje de invitación para los programas de tamizaje es del 40%.",1.254097616998479,1501,44,1545,short_answer,97.3,79.9,109.8,3292.90234375,3292.90234375,3292.90234375,96.33333333333333,94.0,99.0,15972.0,15972.0,15972.0
1,DeepSeek-R1-Distill-Qwen-14B-Q6_K,254,"El CNDTCG actúa como el ente rector y articulador de los programas de tamizaje de cáncer gástrico y colorrectal a nivel nacional. Su rol como coordinador nacional implica:

Captación estructurada: Asumir directamente la invitación y convocatoria de la población objetivo (50 a 74 años) a través de la adscripción en el EDUS.
Coordinación de la red: Gestionar la disponibilidad de cupos con laboratorios clínicos (para pruebas FIT) y servicios de imagenología (para Series Gastroduodenales) en el primer y segundo nivel.
Seguimiento y trazabilidad: Monitorear activamente la lectura de imágenes, el agendamiento de endoscopías, los resultados de biopsias y la derivación a tratamiento quirúrgico u oncológico.
Estandarización y apoyo técnico: Definir rutas clínicas, protocolos estandarizados y brindar asistencia técnica a los establecimientos de la red de la CCSS para asegurar un acceso oportuno y equitativo.","</think>

El CNDTCG actúa como coordinador nacional de los programas de tamizaje, integrando y articulando progresivamente la red de servicios de salud institucional. Su función principal es asegurar la implementación estandarizada de estrategias de captación, diagnóstico, tratamiento y seguimiento en todo el país, enfocándose en la detección temprana de cánceres gástrico y colorrectal en población asintomática. Además, articula la red de servicios para la ejecución nacional progresiva de estos programas, garantizando la continuidad en la atención, evaluación de resultados y mejora continua, como instrumento de apoyo para la toma de decisiones basadas en evidencia y el cumplimiento de metas institucionales.",3.7093099469784647,1420,173,1593,open_ended,99.80571428571434,79.9,109.8,3292.90234375,3292.90234375,3292.90234375,95.72222222222223,83.0,99.0,15972.0,15972.0,15972.0
1,DeepSeek-R1-Distill-Qwen-14B-Q6_K,232,"Dado que la incidencia de cáncer de estómago, colon y recto está estrechamente ligada a la edad, la mayor longevidad brinda más oportunidades para llegar a edades en donde el riesgo de desarrollar cáncer es más alto.
Implicaciones para el tamizaje: El incremento de población en edades de mayor riesgo hace indispensables los programas organizados de detección temprana (como la prueba FIT y la Serie Gastroduodenal) ya que pueden mejorar significativamente la detección temprana y, por ende, las tases de supervivencia.","</think>

El aumento de la esperanza de vida en Costa Rica está directamente relacionado con el incremento en la incidencia de cáncer de estómago y colorrectal. A medida que las personas viven más años, el riesgo de desarrollar enfermedades crónicas, incluyendo el cáncer, aumenta. Esto se refleja en datos que muestran un incremento en el número de casos y en la mortalidad por estos tipos de cáncer. 

Para los programas de tamizaje, esta relación implica la necesidad de implementar estrategias de prevención, detección temprana y seguimiento efectivas. El Plan de Abordaje Integral busca replicar modelos exitosos, como el Centro Nacional de Detección Temprana de Cáncer Gastrointestinal, para mejorar la atención y reducir la mortalidad. Esto incluye políticas institucionales específicas y la implementación gradual de servicios de salud que aborden la detección temprana y el tratamiento adecuado de estos cánceres.",4.705974984914064,1342,228,1570,open_ended,99.36444444444452,10.0,169.8,3292.90234375,3292.90234375,3292.90234375,95.29166666666667,57.0,99.0,15972.0,15972.0,15972.0
1,DeepSeek-R1-Distill-Qwen-14B-Q6_K,290,"El impacto económico del plan de tamizaje radica en que la detección temprana y el tratamiento de lesiones precancerosas reducen drásticamente los costos de atención para la CCSS en comparación con el manejo del cáncer avanzado:

Cáncer Gástrico: Tratar lesiones precancerosas representa solo el 8.3% del costo de un cáncer avanzado (23.3% en etapa temprana).
Cáncer de Colon: Atender lesiones precancerosas equivale al 3.3% del costo en etapa avanzada (9.0% en temprana).
Cáncer de Recto: Equivale al 3.0% en lesiones precancerosas (8.3% en temprana).","</think>

El impacto económico del plan de tamizaje propuesto se relaciona con la sostenibilidad institucional y la mejora continua de los programas. Se menciona la necesidad de asignar fondos para implementación y mantenimiento, adquisición de equipamiento y capacitación del personal. Además, se identifican oportunidades de eficiencia para sustentar decisiones presupuestarias y valorar el impacto económico. Sin embargo, en el contexto proporcionado, no se especifican cifras o detalles cuantitativos sobre el impacto económico directo del plan.",2.7532483929535374,1473,124,1597,open_ended,99.42692307692309,89.9,109.8,3292.90234375,3292.90234375,3292.90234375,97.84615384615384,97.0,99.0,15972.0,15972.0,15972.0
1,DeepSeek-R1-Distill-Qwen-14B-Q6_K,242,"El cálculo del número de salas teóricas de fluoroscopia ($EF$) se realiza mediante la ecuación E1:
$$EF = \frac{PO \cdot PI \cdot PP}{PS \cdot DH}$$
PO: Población objetivo en el periodo.
PI: Porcentaje de invitación.
PP: Porcentaje de participación.
PS: Pacientes diarios por sala (20 pacientes/día).
DH: Días hábiles de funcionamiento al año.
Implicación: Al extrapolar este cálculo a nivel nacional para el año 2025, se requerirían aproximadamente 12 salas de fluoroscopia (y su respectivo personal de imagenología) funcionando a tiempo completo durante todo el año. La principal implicación es que este requerimiento no es factible en la práctica, ya que representa más del 60% de la disponibilidad nacional actual (19 salas existentes), las cuales hoy están destinadas casi en su totalidad a la atención asistencial y diagnóstica.","</think>

Para calcular el número de salas de fluoroscopia necesarias, se utiliza la ecuación E1:  
EF = (PO * PI * PP) / (PS * DH)  
Donde:  
- EF: Número de equipos de salas  
- PO: Población objetivo  
- PI: Porcentaje de invitación  
- PP: Porcentaje de participación  
- PS: Número de pacientes diarios por sala  
- DH: Número de días hábiles  

El resultado obtenido indica la cantidad de salas y personal de imagenología requeridas para cubrir el programa de tamizaje. Este cálculo asegura que la capacidad instalada sea suficiente para atender a la población objetivo en el período establecido, garantizando la eficiencia y efectividad del programa.",3.673607497941703,1493,172,1665,open_ended,98.09428571428577,39.9,109.8,3292.90234375,3292.90234375,3292.90234375,96.38888888888889,76.0,99.0,15972.0,15972.0,15972.0
1,DeepSeek-R1-Distill-Qwen-14B-Q6_K,247,"La metodología evalúa cada riesgo multiplicando la Probabilidad (1 a 5) por el Impacto (1 a 5). La valoración se clasifica en: Bajo (5 o menos), Moderado (6 a 10), Alto (11 a 15) y Muy Alto (más de 15).Los riesgos con valoración más alta (Muy Alto: 20 y 16) son:
Normativa (20)
Formación y Dotación de Especialistas y Personal Técnico (20)
Disponibilidad y Adquisición de Equipamiento Médico (20)
Acceso Equitativo a los Servicios de Salud (20)
Disponibilidad de Datos Precisos y Actualizados (16)

Medidas mitigantes para los más críticos:
Normativa: Gestión de apoyo político e involucramiento de actores clave.
Formación/Dotación: Alinear la formación y asignación de especialistas según las zonas de mayor incidencia.
Equipamiento: Contratos de mantenimiento, actualización regular de equipos y reservas de emergencia.
Acceso Equitativo: Distribución adecuada de recursos e infraestructura en regiones necesitadas.
Datos: Sistemas de recolección y actualización continua de información.","</think>

La metodología para evaluar los riesgos incluye identificar ítems críticos como la disponibilidad de recursos, capacitación del personal, normativa, entre otros. Los riesgos con valoración más alta (entre 11 y 15) y muy alta (mayor a 15) son: Normativa, Disponibilidad de Recursos Financieros, Equipamiento Médico, Acceso Equitativo, Datos Precisos y Coordinación. Las medidas mitigantes propuestas son: desarrollar normativa clara, gestionar apoyo político, involucrar actores clave y comunicar con los interesados.",2.911308375070803,1079,138,1217,open_ended,98.38214285714288,30.0,109.9,3293.3376116071427,3292.90234375,3293.37109375,94.46666666666667,61.0,98.0,15972.0,15972.0,15972.0
1,DeepSeek-R1-Distill-Qwen-14B-Q6_K,244,"Para garantizar la captación y el seguimiento efectivo de los pacientes se requiere:

Captación: Acceso a datos de adscripción (cumpliendo la Ley 8968), invitación telefónica estructurada liderada por el CNDTCG mediante personal especializado y herramientas informáticas.
Seguimiento y trazabilidad: Adaptación del EDUS para permitir acceso centralizado e interoperable a imágenes de SGD, resultados de FIT (mediante la implementación del SILC), agendamiento de citas en SIAC (para controlar ausentismo) y biopsias en ARCA-Patología.

Desafíos del proceso:

Tecnológicos: El EDUS no fue diseñado para tamizaje, existe baja cobertura actual del SILC (16%) y falta personal técnico para soporte 24/7.
Operativos: Se debe contactar al menos al triple de personas respecto a la meta por baja localización o falta de respuesta.
Normativos: Ausencia de normativa institucional obligatoria entre niveles de atención.","</think>

Para garantizar la captación y el seguimiento efectivo de los pacientes en los programas de tamizaje, es esencial que el CNDTCG acceda a datos completos y actualizados de la población adscrita, incluyendo información personal y de localización. Además, se deben coordinar recursos como personal capacitado, insumos críticos y servicios multidisciplinarios (anestesia, endoscopía, etc.) para realizar las intervenciones oportunas. El seguimiento clínico postprocedimiento y el manejo de complicaciones son fundamentales, así como el acceso oportuno a resultados de biopsias y la activación de rutas clínicas. Un desafío es garantizar la disponibilidad de recursos y capacidades técnicas en los diferentes niveles de atención, especialmente en hospitales con menos recursos.",3.93116357200779,1369,187,1556,open_ended,99.80810810810817,89.9,109.9,3293.37109375,3293.37109375,3293.37109375,95.6,60.0,99.0,15972.0,15972.0,15972.0
1,DeepSeek-R1-Distill-Qwen-14B-Q6_K,265,"Brinda soporte técnico especializado en procedimientos endoscópicos diagnósticos y terapéuticos en coordinación con el personal médico y de enfermería.

Sus funciones principales incluyen:
Preparación y mantenimiento: Verificación de equipos, accesorios y sistemas de video endoscópicos en óptimas condiciones.
Asistencia intraprocedimiento: Apoyo directo al endoscopista en el manejo de equipos, toma de muestras, succión, irrigación y uso de instrumentos auxiliares.
Bioseguridad: Limpieza, desinfección de alto nivel, resguardo y trazabilidad del instrumental según normas de control de infecciones.
Gestión técnica: Control de inventario de insumos, listas de verificación, mantenimiento preventivo y reporte de fallos o averías.
Atención al usuario: Orientación clara, respetuosa y centrada en el bienestar del paciente.","</think>

El Técnico en Gastroenterología en el CNDTCG realiza actividades técnicas y de apoyo en el abordaje clínico de patologías gastrointestinales, incluyendo asesoría, formación del talento humano y transferencia metodológica. Coordina actividades como el tamizaje, diagnóstico, tratamiento y seguimiento de pacientes, garantizando la integración del centro en la red de servicios de salud. Asimismo, participa en la gestión de infraestructura, soporte tecnológico e informático, y apoyo administrativo y financiero, asegurando la optimización de recursos y el cumplimiento de los objetivos estratégicos en atención especializada.",3.2703458690084513,1347,153,1500,open_ended,99.16129032258068,59.9,109.8,3293.37109375,3293.37109375,3293.37109375,97.8125,97.0,99.0,15972.0,15972.0,15972.0
1,DeepSeek-R1-Distill-Qwen-14B-Q6_K,272,"El médico general asistente en el CNDTCG brinda apoyo clínico directo en procedimientos endoscópicos (diagnósticos y terapéuticos) e intervenciones quirúrgicas (percutáneas y mayores).
Sus funciones principales comprenden:

Atención clínica: Evalúa la condición previa del paciente, verifica consentimientos informados, monitorea signos vitales y parámetros clínicos, está capacitado para manejar la sedación profunda por vía aérea y vigila la recuperación postoperatoria inmediata.
Asistencia quirúrgica: Colabora directamente en las etapas del acto operatorio mediante exposición quirúrgica, manejo de instrumental y hemostasia básica.
Gestión administrativa y operativa: Coordina la programación y agendas de TAC (midiendo ausentismo y suspensiones), gestiona el flujo y seguimiento de biopsias, y actúa como gestor y evaluador de referencias clínicas.","</think>

El médico general asistente en el CNDTCG forma parte activa del equipo quirúrgico, colaborando como asistente en las etapas del acto operatorio. Su rol incluye preparar al paciente, asistir técnicamente durante la cirugía (exposición quirúrgica, manejo de instrumental y hemostasia básica), y realizar seguimiento clínico inmediato en la fase postquirúrgica. Además, coordina la programación de estudios de tomografía computarizada, gestionando agendas, priorizando casos, y asegurando el aprovechamiento óptimo de los recursos. También mide y analiza indicadores de ausentismo y suspensión de citas.",3.3500839020125572,1444,158,1602,open_ended,98.24687500000005,30.0,109.9,3293.37109375,3293.37109375,3293.37109375,97.75,97.0,99.0,15972.0,15972.0,15972.0
1,DeepSeek-R1-Distill-Qwen-14B-Q6_K,265,"Brinda soporte técnico especializado en procedimientos endoscópicos diagnósticos y terapéuticos en coordinación con el personal médico y de enfermería.

Sus funciones principales incluyen:
Preparación y mantenimiento: Verificación de equipos, accesorios y sistemas de video endoscópicos en óptimas condiciones.
Asistencia intraprocedimiento: Apoyo directo al endoscopista en el manejo de equipos, toma de muestras, succión, irrigación y uso de instrumentos auxiliares.
Bioseguridad: Limpieza, desinfección de alto nivel, resguardo y trazabilidad del instrumental según normas de control de infecciones.
Gestión técnica: Control de inventario de insumos, listas de verificación, mantenimiento preventivo y reporte de fallos o averías.
Atención al usuario: Orientación clara, respetuosa y centrada en el bienestar del paciente.","</think>

El Técnico en Gastroenterología en el CNDTCG realiza actividades técnicas y de apoyo en el área clínica, contribuyendo al diagnóstico y manejo de pacientes con patologías gastrointestinales. Coordina actividades como la programación de citas, el suministro de materiales promocionales y la gestión de muestras biológicas. Asimismo, participa en campañas de promoción y en la interacción con laboratorios clínicos para garantizar la adecuada planificación y ejecución de los programas de tamizaje y diagnóstico. Su labor es esencial para asegurar la eficiencia y continuidad en la atención especializada en cáncer gastrointestinal.",3.3963534160284325,1347,162,1509,open_ended,99.18750000000004,79.9,109.8,3293.37109375,3293.37109375,3293.37109375,97.625,97.0,99.0,15972.0,15972.0,15972.0
1,DeepSeek-R1-Distill-Qwen-14B-Q6_K,279,"Para realizar un inventario nacional detallado de los recursos disponibles para la realización de estudios endoscópicos, se debe incluir:

antidad y distribución de los equipos de endoscopia (equipos y torres de endoscopia alta y baja).
Disponibilidad de personal capacitado.
Capacidad operativa de los centros de salud, considerando la cantidad y distribución geográfica de las salas de endoscopía disponibles a nivel nacional y por centro de salud.

Contar con esta información permite identificar brechas y áreas de necesidad, facilitando la planificación, la evaluación de la infraestructura existente y la asignación estratégica de recursos para asegurar un acceso equitativo.","</think>

Para realizar un inventario nacional de los recursos disponibles para la realización de estudios endoscópicos, se debe incluir:

- La cantidad y distribución de los equipos de endoscopia existentes en los centros de salud.
- La disponibilidad de personal capacitado en endoscopia.
- La capacidad operativa de los centros de salud para realizar estudios endoscópicos adecuadamente.

Estos datos permitirán identificar brechas y áreas de necesidad, facilitando la planificación y asignación de recursos de manera estratégica.",2.630891483044252,1240,121,1361,open_ended,98.212,69.9,109.8,3293.37109375,3293.37109375,3293.37109375,96.6923076923077,85.0,99.0,15972.0,15972.0,15972.0
1,DeepSeek-R1-Distill-Qwen-14B-Q6_K,241,"Las metas de cobertura establecidas para los programas de tamizaje de cáncer gástrico y colorrectal son:
Porcentaje de invitación: 40% de la población objetivo para ambos tipos de cáncer.
Porcentaje de tamizaje: 65% de la población invitada participando en el programa.
Periodicidad: Bienal (aplicado cada dos años).

En cuanto a las endoscopias estimadas sobre la población tamizada:
Cáncer gástrico: Se estima que un 15% requerirá gastroscopia, derivado de las Series Gastroduodenales (SGD) alteradas.
Cáncer colorrectal: Se estima que un 12% requerirá colonoscopia, derivado de las pruebas de sangre oculta en heces (FIT) positivas.","</think>

**Respuesta:**

Los programas de tamizaje de cáncer gástrico y colorrectal tienen metas específicas establecidas para la invitación, tamizaje, periodicidad y endoscopias. Según el Cuadro No. 28, el porcentaje de invitación a la población objetivo es del 40%, y el porcentaje de participación efectiva en el tamizaje es del 65%. Para ambos tipos de cáncer, se estima un 65% de endoscopias, lo que refleja la importancia de la detección temprana y la planificación de recursos en centros de salud clave.",3.0300724239787087,1009,147,1156,open_ended,98.08275862068969,39.9,109.8,3293.37109375,3293.37109375,3293.37109375,97.71428571428571,97.0,98.0,15972.0,15972.0,15972.0
1,DeepSeek-R1-Distill-Qwen-14B-Q6_K,238,"La red de laboratorios clínicos representa una fortaleza estratégica porque la CCSS cuenta con 110 laboratorios distribuidos en todo el país, lo que brinda una infraestructura robusta para implementar la prueba de sangre oculta en heces (FIT) a nivel nacional.
Respecto a las diferencias:
Prueba cualitativa: Está disponible en todos los laboratorios de la red mediante compra centralizada y distribución de la Gerencia de Logística, siendo una alternativa de implementación con resultados digitales homologados.
Prueba cuantitativa: Solo está disponible en dos laboratorios. Requiere equipos automatizados que otorgan un resultado cuantificable para medir frente a un punto de corte de positividad, exigiendo una compra nacional y una red centralizada para su uso masivo, por lo que no es viable a corto plazo.","</think>

La red de laboratorios clínicos de la CCSS es una fortaleza para el programa de tamizaje de cáncer colorrectal debido a que cuenta con 110 laboratorios distribuidos en hospitales nacionales generales, regionales y periféricos, lo que permite un acceso amplio y eficiente a la prueba de sangre oculta en heces (FIT). Además, estos laboratorios están capacitados para manejar grandes volúmenes de pruebas, garantizando la calidad y confiabilidad de los resultados necesarios para el tamizaje.

La prueba de sangre oculta en heces cualitativa se realiza en todos los laboratorios clínicos del país, detectando la presencia de sangre en las heces. Por otro lado, la prueba cuantitativa solo se realiza en los laboratorios del Hospital México y el Hospital Max Peralta, y mide la cantidad de sangre, lo que puede influir en el número de colonoscopias necesarias para diagnosticar el cáncer colorrectal.",4.822179344017059,1360,234,1594,open_ended,98.28478260869574,20.0,109.8,3293.37109375,3293.37109375,3293.37109375,95.83333333333333,59.0,99.0,15972.0,15972.0,15972.0
1,DeepSeek-R1-Distill-Qwen-14B-Q6_K,297,"La clasificación endoscópica colorrectal internacional con imagen de banda estrecha NBI (NICE) se utiliza sin endoscopía de aumento. Es útil para predecir la invasión submucosa profunda y definir si una lesión es irresecable endoscópicamente. Se compone de tres subtipos:
    NICE 1: Pólipo hiperplásico.
    NICE 2: Pólipo adenomatoso.
    NICE 3: Lesión con invasión submucosa profunda o cáncer avanzado.","</think>

La clasificación NICE (por sus siglas en inglés) para pólipos colorrectales es una herramienta utilizada para predecir la invasión submucosa profunda y para identificar lesiones que no pueden ser resecadas endoscópicamente. Esta clasificación tiene tres subtipos:

1. **NICE 1**: Pólipo hiperplásico.
2. **NICE 2**: Pólipo adenomatoso.
3. **NICE 3**: Lesión con invasión submucosa profunda o cáncer avanzado.

Esta clasificación no requiere magnificación ni cromoendoscopía, lo que la hace útil en situaciones donde no se dispone de estas técnicas avanzadas.",3.5799199520843104,1504,167,1671,open_ended,99.21764705882359,59.9,109.8,3293.37109375,3293.37109375,3293.37109375,97.70588235294117,97.0,99.0,15972.0,15972.0,15972.0
1,DeepSeek-R1-Distill-Qwen-14B-Q6_K,303,"Los contactos oficiales del CNDTCG y los casos para consultar a cada uno son:
    Dirección General Dr. Marvin Yglesias Rosales: Consultas sobre aspectos estratégicos, políticas institucionales, articulación con la red, decisiones clínicas complejas y coordinación interinstitucional.
    Coordinación de Programas de Tamizaje Dra. Rosalyn Vargas Barquero: Consultas sobre rutas clínicas, protocolos de tamizaje, priorización de población objetivo, indicadores y procesos operativos del programa.
    Área de Planificación y Mejora Continua Ing. Balaam Brenes Navarro: Consultas sobre planificación operativa, indicadores de desempeño, evaluación de resultados, mejora continua y análisis de datos.","</think>

No lo sé.",0.499197261990048,1406,7,1413,open_ended,93.84,69.9,99.9,3293.37109375,3293.37109375,3293.37109375,79.5,60.0,99.0,15972.0,15972.0,15972.0
1,DeepSeek-R1-Distill-Qwen-14B-Q6_K,245,"La normativa institucional resulta indispensable al definir reglas y responsabilidades claras que obliguen ineludiblemente a los distintos niveles de atención (laboratorios, radiología y gastroenterología) a participar en el proceso, eliminando la cobertura desigual e inconsistente derivada de la falta de una norma obligatoria específica. Una normativa clara y específica debería incluir directrices detalladas sobre la función y participación de cada unidad en el proceso de tamizaje.","</think>

La normativa institucional desempeña un papel fundamental en el proceso de seguimiento a los pacientes, garantizando que se cumplan los estándares de confidencialidad, seguridad y resguardo de la información. Esto asegura que los datos sensibles de los pacientes sean protegidos de acuerdo con las normas legales y estatutarias vigentes. Además, la normativa institucional facilita la trazabilidad y calidad de la información, permitiendo un seguimiento adecuado y una coordinación eficiente entre los diferentes niveles de atención. Por medio de estos marcos normativos, se asegura que el cuidado continuo del paciente sea efectivo y que se respeten los derechos de privacidad y seguridad de los mismos.",3.372950368095189,1002,165,1167,open_ended,98.86875000000005,59.9,109.8,3293.37109375,3293.37109375,3293.37109375,95.23529411764706,59.0,98.0,15972.0,15972.0,15972.0
1,DeepSeek-R1-Distill-Qwen-14B-Q6_K,279,"Para realizar un inventario nacional detallado de los recursos disponibles para la realización de estudios endoscópicos, se debe incluir:

antidad y distribución de los equipos de endoscopia (equipos y torres de endoscopia alta y baja).
Disponibilidad de personal capacitado.
Capacidad operativa de los centros de salud, considerando la cantidad y distribución geográfica de las salas de endoscopía disponibles a nivel nacional y por centro de salud.

Contar con esta información permite identificar brechas y áreas de necesidad, facilitando la planificación, la evaluación de la infraestructura existente y la asignación estratégica de recursos para asegurar un acceso equitativo.","</think>

Para realizar un inventario nacional de los recursos disponibles para la realización de estudios endoscópicos, se debe incluir:

1. La cantidad y distribución de los equipos de endoscopia en los centros de salud.
2. La disponibilidad de personal capacitado en endoscopia.
3. La capacidad operativa de los centros de salud para realizar estudios endoscópicos.

Estos datos permitirán identificar brechas y áreas de necesidad, facilitando la planificación y asignación de recursos de manera estratégica.",2.591182345990091,1240,119,1359,open_ended,98.212,30.0,109.8,3293.37109375,3293.37109375,3293.37109375,96.38461538461539,79.0,98.0,15972.0,15972.0,15972.0
1,DeepSeek-R1-Distill-Qwen-14B-Q6_K,270,"El análisis FODA del CNDTCG evalúa los factores internos y externos del centro para orientar la planificación estratégica, la gestión de riesgos y la adaptación de su modelo de atención. Sus principales hallazgos incluyen:

Fortalezas: Centro especializado con alcance nacional autorizado por la CCSS, modelo clínico basado en tamizaje poblacional y atención resolutiva, personal altamente calificado, e integración con servicios de apoyo y evaluación.
Debilidades: Dependencia de infraestructura ajena, tiempos no estandarizados en procesos de referencia/contra-referencia y falta de sistematización uniforme de protocolos entre niveles.
Oportunidades: Inclusión en la Política Nacional de Cáncer, alianzas académicas para investigación, implementación de analítica avanzada e interés creciente en tamizaje poblacional.
Amenazas: Desigualdad regional en acceso, saturación de hospitales de referencia, limitaciones presupuestarias institucionales, resistencia al cambio y rotación de personal clave.","</think>

No lo sé.",0.4517810980323702,1219,7,1226,open_ended,87.86,30.0,109.9,3293.37109375,3293.37109375,3293.37109375,98.0,97.0,99.0,15972.0,15972.0,15972.0
1,DeepSeek-R1-Distill-Qwen-14B-Q6_K,267,"Torres de endoscopía de alta definición para tracto digestivo alto y bajo, con visualización y grabación digital.
Equipamiento para Resección Submucosa Endoscópica (ESD): cuchillos endoscópicos, inyectores submucosos, clips hemostáticos y unidades electroquirúrgicas.
Equipo de Ultrasonido Endoscópico (USE) para estadificación loco-regional y evaluación de lesiones subepiteliales.
Equipo para CPRE: accesorios para drenaje biliar, esfinterotomías, extracción de cálculos y prótesis biliares.
Fluoroscopio de alta resolución y tomógrafo (TAC) para guía de CPRE, cirugía percutánea y estadificación oncológica.
Ultrasonido convencional para guía de procedimientos e imagenología.
Monitores multiparámetros, bombas de infusión y soporte para sedación/recuperación anestésica.
Instrumental quirúrgico especializado para laparotomía, laparoscopía y cirugía percutánea.
Equipos de apoyo en recuperación y anestesia.
Sistemas informáticos clínicos articulados con los sistemas institucionales como el EDUS.","</think>

El CNDTCG cuenta con equipos médicos y tecnológicos de alta especialización, entre los cuales destacan:

1. Torres de endoscopía de alta definición para procedimientos digestivos altos y bajos, equipados con sistemas de visualización, iluminación, documentación y grabación digital.
2. Equipamiento para Resección Submucosa Endoscópica (ESD), que incluye cuchillos endoscópicos, inyectores submucosos, clips hemostáticos y unidades electroquirúrgicas.
3. Equipo de ultrasonido endoscópico (USE) para estadificación loco-regional, evaluación de lesiones subepiteliales y localización de estructuras profundas.

Estos recursos aseguran la ejecución de procedimientos diagnósticos, terapéuticos y quirúrgicos con altos estándares de seguridad y calidad técnica.",4.249865039950237,1429,203,1632,open_ended,100.30500000000008,89.9,109.8,3293.37109375,3293.37109375,3293.37109375,96.57142857142857,78.0,99.0,15972.0,15972.0,15972.0
1,DeepSeek-R1-Distill-Qwen-14B-Q6_K,228,"Durante el periodo 2017-2022, la incidencia total combinada de cáncer de estómago, colon y recto mostró una leve tendencia decreciente, pasando de 30,60 a 27,41 casos por 100.000 habitantes. Por tipo de cáncer:
- Estómago: Mantuvo estabilidad (12–13 casos por 100.000), disminuyendo hacia 2022.
- Colon: Presentó estabilidad, fluctuando entre 11 y 12 casos por 100.000.
- Recto: Permaneció constante (6–7 casos por 100.000).
Diferencias por sexo: La incidencia combinada fue consistentemente mayor en hombres (promedio de 32,62 por 100.000) que en mujeres (promedio de 27,16 por 100.000). Los hombres registraron mayor incidencia en cáncer de estómago (13,98 vs. 9,31) y de recto (6,98 vs. 5,12). En contraste, la incidencia de cáncer de colon fue levemente superior en mujeres (12,73 vs. 11,66).","</think>

No lo sé.",0.5245850019855425,1511,7,1518,open_ended,97.82000000000001,89.8,99.9,3293.37109375,3293.37109375,3293.37109375,89.5,80.0,99.0,15972.0,15972.0,15972.0
1,DeepSeek-R1-Distill-Qwen-14B-Q6_K,293,"Un programa organizado de tamizaje es una estrategia de salud pública estructurada, planificada y estandarizada orientada a la detección precoz de enfermedades en una población objetivo asintomática.
Se caracteriza por desarrollarse mediante procesos sistemáticos, continuos y con control de calidad en todas sus etapas, abarcando desde la captación e invitación activa de participantes hasta el diagnóstico, tratamiento y seguimiento continuo de los casos detectados.
Para su funcionamiento requiere de una planificación centralizada, recursos asignados, evaluación del desempeño y mecanismos que garanticen la equidad en el acceso y la adherencia de la población.","</think>

Un programa organizado de tamizaje es una estrategia de salud pública estructurada y estandarizada que busca la detección precoz de enfermedades en una población específica mediante procesos sistemáticos, continuos y con control de calidad en todas sus etapas, desde la captación hasta el tratamiento de los casos detectados. Requiere planificación centralizada, recursos asignados, seguimiento activo, evaluación de desempeño y mecanismos que aseguren la equidad en el acceso y la adherencia de la población objetivo.",2.6725470069795847,1334,122,1456,open_ended,96.35000000000001,0.0,109.9,3293.37109375,3293.37109375,3293.37109375,96.84615384615384,86.0,98.0,15972.0,15972.0,15972.0
1,DeepSeek-R1-Distill-Qwen-14B-Q6_K,231,"Aunque la incidencia del cáncer colorrectal es mayor que la del cáncer de estómago, la mortalidad del cáncer de estómago es proporcionalmente más alta (12,68 muertes por 100.000 habitantes frente a 9,28 en colon y 3,25 en recto).
Esta mayor tasa proporcional de mortalidad sugiere que el cáncer de estómago es una enfermedad potencialmente más letal o que suele diagnosticarse en etapas más avanzadas en comparación con los cánceres colorrectales.","</think>

La mortalidad del cáncer de estómago es proporcionalmente más alta que la de los cánceres colorrectales, a pesar de que su incidencia es menor, debido a que el cáncer de estómago tiende a diagnosticarse en etapas más avanzadas, lo que lo hace más letal. Además, la mortalidad por cáncer de estómago muestra una ligera variabilidad, pero se mantiene relativamente alta en hombres, mientras que en mujeres también disminuye, pero de manera más clara. Esto sugiere que, a pesar de las estrategias implementadas, el diagnóstico tardío y los tratamientos menos efectivos podrían estar influyendo en las tasas de mortalidad más altas del cáncer de estómago en comparación con los cánceres colorrectales.",3.9973205210408196,1623,186,1809,open_ended,99.8052631578948,49.9,109.9,3293.37109375,3293.37109375,3293.37109375,97.15,89.0,99.0,15972.0,15972.0,15972.0
1,DeepSeek-R1-Distill-Qwen-14B-Q6_K,278,"En la actualidad, la Caja Costarricense de Seguro Social (CCSS) cuenta con la siguiente red de instalaciones y establecimientos de salud distribuidos en sus tres niveles de atención:

    3 hospitales nacionales generales
    6 hospitales nacionales especializados
    8 hospitales regionales
    12 hospitales periféricos
    105 áreas de salud
    7 centros o unidades especializadas

Adicionalmente, la infraestructura del primer nivel se subdivide en sectores de salud que funcionan desde sedes de EBAIS (Equipos Básicos de Atención Integral en Salud) o se desplazan a Puestos de Visita Periódica (PVP) en localidades con problemas de accesibilidad.","</think>

La CCSS cuenta con 19 salas de fluoroscopia disponibles para procedimientos relacionados con la detección temprana de cáncer gastrointestinal. Además, el personal de imagenología en diferentes regiones del país está distribuido de la siguiente manera: 57 en Brunca Central, 108 en Norte, 143 en Central, 15 en Chorotega, 24 en Huetar Norte, 14 en Pacífico Central, y un total de 384 en todas las regiones.",2.6683314909460023,1403,121,1524,open_ended,101.00400000000002,99.8,109.8,3293.37109375,3293.37109375,3293.37109375,97.75,97.0,99.0,15972.0,15972.0,15972.0
1,DeepSeek-R1-Distill-Qwen-14B-Q6_K,284,"Ante un resultado positivo en la prueba SOHi (sangre oculta en heces por método inmunoquímico), se debe realizar una colonoscopia de calidad en un plazo no mayor a seis meses, efectuada por personal entrenado para la detección y tratamiento endoscópico de lesiones.
Durante el procedimiento se toman biopsias o se resecan pólipos si están presentes. El seguimiento posterior depende de los hallazgos:

    Pólipos que requieren vigilancia (como adenomas ≥10 mm, con displasia de alto grado, o ≥5 adenomas): se indica colonoscopia de vigilancia a los 3 años.
    Pólipos que no requieren vigilancia o exploraciones normales: el paciente retorna al programa de tamizaje poblacional con SOHi o a los controles correspondientes según las guías clínicas.","</think>

Para los casos con pruebas SOHi positivas, se procede a realizar una endoscopía intestinal para confirmar la presencia de lesiones y determinar su naturaleza, ya sean pólipos, displasia o cáncer. Posteriormente, se realizan biopsias si se detectan lesiones sospechosas. Los pacientes con resultados positivos son derivados al servicio de patología para el análisis definitivo y, en caso de diagnóstico positivo, se planifican intervenciones quirúrgicas o terapias complementarias según lo indicado.",2.7903915910283104,1416,127,1543,open_ended,98.70370370370372,20.0,109.8,3293.37109375,3293.37109375,3293.37109375,95.07142857142857,61.0,99.0,15972.0,15972.0,15972.0
1,DeepSeek-R1-Distill-Qwen-14B-Q6_K,302,"Los principales logros del Centro Nacional de Detección Temprana de Cáncer Gastrointestinal (CNDTCG) comprenden:
    Creación de un modelo único de Programa de Tamizaje Gástrico y Colorrectal.
    Liderazgo regional: Convertirse en el único país de la región y uno de los tres de Latinoamérica con un programa organizado de tamizaje de cáncer colorrectal.
    Efectividad en diagnóstico oportuno: Lograr la detección de más del 50% de cáncer temprano de colon.","</think>

El CNDTCG ha logrado fortalecer la estandarización, trazabilidad, eficiencia y calidad de sus actividades mediante la implementación de herramientas de información y modelos de coordinación interinstitucional. Esto ha permitido mejorar la gestión operativa, promover la calidad en la atención y asegurar una toma de decisiones basada en evidencia. Además, ha contribuido al cumplimiento de los objetivos estratégicos del centro, liderando procesos de mejora continua y garantizando la formulación de metas claras y medibles.",2.6774810729548335,1213,124,1337,open_ended,97.12307692307694,10.0,109.8,3293.37109375,3293.37109375,3293.37109375,97.07692307692308,90.0,99.0,15972.0,15972.0,15972.0
1,DeepSeek-R1-Distill-Qwen-14B-Q6_K,241,"Las metas de cobertura establecidas para los programas de tamizaje de cáncer gástrico y colorrectal son:
Porcentaje de invitación: 40% de la población objetivo para ambos tipos de cáncer.
Porcentaje de tamizaje: 65% de la población invitada participando en el programa.
Periodicidad: Bienal (aplicado cada dos años).

En cuanto a las endoscopias estimadas sobre la población tamizada:
Cáncer gástrico: Se estima que un 15% requerirá gastroscopia, derivado de las Series Gastroduodenales (SGD) alteradas.
Cáncer colorrectal: Se estima que un 12% requerirá colonoscopia, derivado de las pruebas de sangre oculta en heces (FIT) positivas.","</think>

Con base en los criterios para la cobertura establecidos en el Plan de Abordaje Integral, las metas para los programas de tamizaje de cáncer gástrico y colorrectal se centran en la invitación y participación de la población objetivo. Se espera un porcentaje del 40% para la invitación y un 65% para la participación en el tamizaje. No se menciona específicamente el porcentaje de endoscopias para cada tipo de cáncer en el contexto proporcionado.",2.4588278060546145,1009,117,1126,open_ended,101.54782608695652,99.8,109.8,3293.520550271739,3293.37109375,3293.52734375,97.75,97.0,99.0,15972.0,15972.0,15972.0
1,DeepSeek-R1-Distill-Qwen-14B-Q6_K,269,"El área de Gestión de Bases de Datos en el CNDTCG es responsable del diseño, mantenimiento, consolidación y análisis de los sistemas de información que contienen los datos clínicos, administrativos y operativos del centro.

Sus funciones principales incluyen:
Crear y mantener bases de datos estructuradas para almacenar y procesar información de tamizaje, endoscopía, consulta externa, procedimientos quirúrgicos y seguimiento clínico.
Validar, depurar y actualizar los datos, asegurando el control de calidad.
Generar reportes e informes analíticos para la toma de decisiones estratégicas, evaluación de desempeño y monitoreo de indicadores clave.
Garantizar la seguridad, confidencialidad y resguardo de información sensible mediante controles de acceso y rutinas de respaldo.","</think>

El área de gestión de bases de datos en el CNDTCG tiene la función de administrar y mantener las bases de datos necesarias para el funcionamiento del centro. Esto incluye la gestión de información relacionada con los servicios especializados, el tamizaje poblacional y la atención a pacientes con patologías gastrointestinales. Además, esta área asegura la estandarización, trazabilidad y calidad de los datos, lo que contribuye a la optimización de los recursos y al cumplimiento de los objetivos estratégicos de la CCSS. También participa en la implementación de indicadores clave, como el número de cirugías mayores realizadas y la tasa de complicaciones quirúrgicas, mediante el uso de fuentes de datos como el Registro Quirúrgico y el SIES.",3.7103302739560604,1363,176,1539,open_ended,100.09142857142864,69.9,109.8,3293.52734375,3293.52734375,3293.52734375,95.52631578947368,71.0,99.0,15972.0,15972.0,15972.0
1,DeepSeek-R1-Distill-Qwen-14B-Q6_K,253,"La elaboración del manual se realizó según el Manual Metodológico para la Construcción de un Manual de Gestión en la Dirección de Desarrollo de Servicios de Salud, mediante un enfoque participativo y técnico que comprendió:

Revisión documental: Análisis de antecedentes, normativa, planes estratégicos y modelos de atención.
Análisis organizativo: Evaluación de áreas funcionales, programas clínicos y servicios de soporte.
Consulta con actores clave: Sesiones técnicas de trabajo con personal del CNDTCG y áreas relacionadas.
Síntesis y sistematización: Estructuración técnica de la información bajo los apartados institucionales requeridos.
Validación preliminar: Revisión por instancias responsables y equipos operativos.
Validación final: Consenso estructurado mediante el método DELPHI modificada con expertos institucionales para garantizar su solidez, pertinencia y aplicabilidad.","</think>

La elaboración del Manual de Gestión del CNDTCG se realizó conforme a las indicaciones establecidas en el ""Manual Metodológico para la Construcción de un Manual de Gestión en la Dirección de Desarrollo de Servicios de Salud"", versión vigente. Este proceso se desarrolló bajo un enfoque participativo y técnico, que incluyó una revisión documental de antecedentes institucionales del CNDTCG, la identificación de información y modelos de coordinación interinstitucional, y la incorporación de herramientas que permitieron fortalecer la estandarización, trazabilidad, eficiencia y calidad de las actividades desarrolladas en el centro.",3.310559008968994,1464,153,1617,open_ended,99.50967741935489,89.9,109.9,3293.52734375,3293.52734375,3293.52734375,95.0625,55.0,99.0,15972.0,15972.0,15972.0
1,DeepSeek-R1-Distill-Qwen-14B-Q6_K,252,"La organización funcional del CNDTCG se estructura bajo un modelo programático e integrado con recursos compartidos y coordinación transversal. Sus principales áreas funcionales son:

Dirección General: Responsable de la conducción estratégica, técnica y operativa del centro.
Coordinaciones de Programa: Lideran la planificación y seguimiento técnico de líneas específicas (Tamizaje Gástrico y Colorrectal, Patología Biliar, Cirugía Percutánea, ESD, Ultrasonido Endoscópico, Cirugía Mayor y Endoscopía Diagnóstica/Terapéutica).
Área Clínica Asistencial: Ejecuta los procedimientos de tamizaje, diagnóstico, tratamiento y seguimiento (endoscopía alta/baja, consulta externa, sala de operaciones, recuperación, TAC y fluoroscopía).
Área de enfermería: brinda atención pre, intra y posterior al procedimiento apoyando los programas clínicos de forma transversal.
Área de Planificación, Investigación y Gestión de Datos: Integra Planificación y Mejora Continua, la Unidad de Investigación en Salud (UIS) y la Gestión de Bases de Datos.
Área Administrativa: Gestiona los recursos físicos, financieros, de talento humano y el soporte logístico.","</think>

La organización funcional del CNDTCG se estructura en un modelo programático con recursos compartidos y coordinación transversal de áreas de soporte. Su estructura permite una atención especializada, integral y resolutiva, alineada con los principios de atención centrada en las personas y los lineamientos estratégicos de la CCSS. 

Sus principales áreas incluyen:
- **Promoción de la salud**: Implementación de programas de tamizaje y diagnóstico temprano.
- **Prevención secundaria**: Atención a personas con patologías gastrointestinales.
- **Recuperación y rehabilitación**: Ofrece servicios de cirugía y seguimiento clínico.
- **Estructura organizacional**: Coordina equipos técnicos y administrativos para optimizar el desempeño y asegurar la correcta aplicación de lineamientos clínicos y normativos.

Esta organización fortalece la coordinación interna, articulación operativa con la red institucional y alineación con las políticas y normativas vigentes.",4.736990108038299,1307,230,1537,open_ended,99.1444444444445,39.9,109.8,3293.68359375,3293.68359375,3293.68359375,95.41666666666667,48.0,99.0,15972.0,15972.0,15972.0
1,DeepSeek-R1-Distill-Qwen-14B-Q6_K,313,"Fluoroscopio (para Serie Gastroduodenal - SGD):
    Costo unitario estimado: Entre ₡166,663,350 y ₡198,408,750 por equipo.
    Vida útil: 10 años
Torre de Endoscopía Alta (para Gastroscopía / EGD):
     Costo unitario estimado: ₡102,322,211
    Nota de uso: Es la misma torre básica utilizada para colonoscopías, variando únicamente las sondas.","</think>

Los costos para el equipamiento en el tamizaje de cáncer gástrico, según el contexto proporcionado, corresponden a los equipos adquiridos en el año 2020 por el Centro Nacional de Detección Temprana de Cáncer Gastrointestinal. Estos equipos incluyen un procesador, una fuente de luz, videoendoscopios, un carro de transporte, una unidad de mantenimiento, un insufliador de CO2 y varias pinzas y accesorios. El costo total de estos equipos es de $54,856,051.",2.973383524920792,1577,134,1711,open_ended,99.80714285714289,89.9,109.8,3293.68359375,3293.68359375,3293.68359375,96.66666666666667,81.0,99.0,15972.0,15972.0,15972.0
1,DeepSeek-R1-Distill-Qwen-14B-Q6_K,294,"FIT (Prueba Inmunoquímica Fecal): Es una prueba analítica realizada en laboratorio clínico para detectar la presencia de sangre oculta en heces, utilizada en el tamizaje de cáncer colorrectal.
SGD (Serie Gastroduodenal): Es un estudio radiológico por fluoroscopia con medio de contraste que permite evaluar la morfología del esófago, estómago y duodeno, utilizado en el tamizaje de cáncer gástrico.

Ambas pertenecen a la etapa de prueba inicial o tamizaje primario dentro del programa organizado de tamizaje. Se aplican a la población objetivo asintomática como filtro previo para identificar hallazgos sospechosos y determinar la necesidad de avanzar a la etapa de confirmación diagnóstica mediante procedimientos endoscópicos (gastroscopía para SGD alterada o colonoscopía para FIT positiva).","</think>

Las pruebas FIT y SGD son parte del tamizaje de cáncer colorrectal. La FIT (Fecal Immunological Test) es una prueba de sangre oculta en heces, utilizada como primera etapa para detectar sangre invisible en las heces, lo que puede indicar lesiones precancerosas o cancerosas. Por otro lado, la SGD (Serie Gastroduodenal) es una prueba endoscópica que incluye una gastroscopia y colonoscopia, utilizada en la etapa confirmatoria para visualizar y diagnosticar lesiones sospechosas detectadas en la primera etapa. Ambas pruebas son esenciales en el proceso de tamizaje, donde FIT actúa como primera línea de screening y SGD como herramienta diagnóstica en caso de resultados positivos en FIT.",3.8292407949920744,1493,180,1673,open_ended,100.35833333333339,89.9,109.8,3293.68359375,3293.68359375,3293.68359375,97.61111111111111,97.0,99.0,15972.0,15972.0,15972.0
1,DeepSeek-R1-Distill-Qwen-14B-Q6_K,248,"Las principales áreas críticas identificadas son:

Alta incidencia y mortalidad: Elevadas tasas nacionales que exigen intervenciones prioritarias.
Desigualdades geográficas: Concentración de la carga de enfermedad en provincias como San José, Cartago, Heredia y Alajuela.
Limitaciones de recursos: Escasez y distribución desigual de recursos humanos y tecnológicos, especialmente en radiología y endoscopia.
Trazabilidad y seguimiento: Necesidad de adaptar e integrar el EDUS con SILC, SIAC y ARCA-Patología para el seguimiento continuo del paciente.
Ausencia de normativa: Falta de una norma institucional específica que obligue a los distintos niveles de atención a participar de forma ineludible.
Investigación en salud: Necesidad de fortalecer la Unidad de Investigación en Salud (UIS) para fundamentar las estrategias en evidencia.","</think>

Las principales áreas críticas identificadas son:

1. La alta carga de enfermedad relacionada con el cáncer gástrico y colorrectal en Costa Rica.
2. La necesidad de un ente rector para impulsar estrategias nacionales de tamizaje, diagnóstico temprano, tratamiento oportuno y seguimiento.
3. La ausencia de normativas específicas que obliguen a los niveles de atención a participar en programas de tamizaje, lo que dificulta una implementación uniforme y efectiva.
4. La necesidad de fortalecer la Unidad de Investigación en Salud (UIS) para optimizar la ejecución del programa de tamizaje.",3.198208536952734,989,156,1145,open_ended,99.8266666666667,89.9,109.8,3293.68359375,3293.68359375,3293.68359375,97.0,88.0,98.0,15972.0,15972.0,15972.0
1,DeepSeek-R1-Distill-Qwen-14B-Q6_K,237,"Según las DRIPSS, existe una distribución desigual de recursos:
Recursos humanos: Hay 384 personas en imagenología, pero solo 139 capacitadas en Serie Gastroduodenal. Hay 98,5 radiólogos capacitados en SGD.
Recursos tecnológicos: Existen 19 salas de fluoroscopia.
Implicaciones: La disparidad geográfica y la limitada capacitación técnica en SGD (solo 36% del personal de imagenología) comprometen el acceso equitativo. Además, casi todos estos recursos están destinados al diagnóstico asistencial y enfrentan listas de espera, lo que limita seriamente su uso actual para tamizaje gástrico y demanda la expansión de infraestructura.","</think>

El contexto no proporciona suficiente información específica sobre la distribución de recursos humanos y tecnológicos de fluoroscopia en relación con las DRIPSS ni sus implicaciones para el tamizaje de cáncer gástrico. Por lo tanto, no puedo responder a esta pregunta con la información disponible.",1.5401809639297426,1022,68,1090,open_ended,95.17333333333333,39.9,99.9,3293.68359375,3293.68359375,3293.68359375,97.85714285714286,96.0,99.0,15972.0,15972.0,15972.0
1,DeepSeek-R1-Distill-Qwen-14B-Q6_K,272,"El médico general asistente en el CNDTCG brinda apoyo clínico directo en procedimientos endoscópicos (diagnósticos y terapéuticos) e intervenciones quirúrgicas (percutáneas y mayores).
Sus funciones principales comprenden:

Atención clínica: Evalúa la condición previa del paciente, verifica consentimientos informados, monitorea signos vitales y parámetros clínicos, está capacitado para manejar la sedación profunda por vía aérea y vigila la recuperación postoperatoria inmediata.
Asistencia quirúrgica: Colabora directamente en las etapas del acto operatorio mediante exposición quirúrgica, manejo de instrumental y hemostasia básica.
Gestión administrativa y operativa: Coordina la programación y agendas de TAC (midiendo ausentismo y suspensiones), gestiona el flujo y seguimiento de biopsias, y actúa como gestor y evaluador de referencias clínicas.","</think>

El médico general asistente en el CNDTCG forma parte activa del equipo quirúrgico, colaborando como asistente en las distintas etapas del acto operatorio. Su apoyo incluye la preparación del paciente, asistencia técnica durante la cirugía (como exposición quirúrgica, manejo de instrumental y hemostasia básica), y seguimiento clínico inmediato en la fase postquirúrgica. Además, coordina la programación de estudios de tomografía computarizada (TAC), lo cual incluye la apertura y cierre de agendas, priorización de casos, coordinación con recepcionistas, enfermería y técnicos, así como la verificación de disponibilidad de recursos e insumos. También mide y analiza los indicadores de ausentismo y suspensión de citas, asegurando el aprovechamiento óptimo de las agendas.",4.212147771962918,1444,201,1645,open_ended,98.55750000000008,39.9,109.8,3293.68359375,3293.68359375,3293.68359375,96.80952380952381,81.0,99.0,15972.0,15972.0,15972.0
1,DeepSeek-R1-Distill-Qwen-14B-Q6_K,250,"El proceso de tamizaje de cáncer gástrico sigue las siguientes etapas:

Invitación: Se convoca a personas asintomáticas (50 a 74 años) de la población objetivo.
Serie Gastroduodenal (SGD): Estudio de fluoroscopia donde el imagenólogo aplica el contraste y el radiólogo interpreta las imágenes para detectar anomalías.
Gastroscopia: Si la SGD resulta alterada, el endoscopista (asistido por el técnico) realiza una gastroscopia para evaluar directamente el estómago.
Biopsia: De hallarse lesiones sospechosas, se toma una muestra de tejido para análisis por parte del patólogo.
Resolución: Si la biopsia resulta positiva para cáncer, el paciente se remite a tratamiento. Si los resultados son negativos o no requieren gastroscopia, el usuario reingresa al programa para futuros controles bienales.","</think>

El proceso de tamizaje para el cáncer gástrico según el modelo del CNDTCG incluye la realización de pruebas como la serie gastroduodenal y la gastroscopía. Este tamizaje está dirigido a personas entre 50 y 74 años, con el objetivo de detectar precozmente el cáncer gástrico. El modelo operativo del CNDTCG articula esfuerzos multidisciplinarios, integrando rutas clínicas definidas y servicios especializados para garantizar una atención integral, preventiva y resolutiva.",2.8332587470067665,1158,133,1291,open_ended,97.5888888888889,59.9,99.8,3293.68359375,3293.68359375,3293.68359375,95.57142857142857,68.0,98.0,15972.0,15972.0,15972.0
1,DeepSeek-R1-Distill-Qwen-14B-Q6_K,297,"La clasificación endoscópica colorrectal internacional con imagen de banda estrecha NBI (NICE) se utiliza sin endoscopía de aumento. Es útil para predecir la invasión submucosa profunda y definir si una lesión es irresecable endoscópicamente. Se compone de tres subtipos:
    NICE 1: Pólipo hiperplásico.
    NICE 2: Pólipo adenomatoso.
    NICE 3: Lesión con invasión submucosa profunda o cáncer avanzado.","</think>

La clasificación NICE (Nice Endoscopic Criteria para pólipos colorrectales) se divide en tres subtipos:

1. **NICE 1**: Pólipo hiperplásico.
2. **NICE 2**: Pólipo adenomatoso.
3. **NICE 3**: Lesión con invasión submucosa profunda o cáncer avanzado.

Esta clasificación se utiliza para predecir la invasión submucosa profunda y para identificar lesiones que no son resecables endoscópicamente.",2.8001966018928215,1504,126,1630,open_ended,100.54814814814817,30.0,179.8,3293.68359375,3293.68359375,3293.68359375,94.64285714285714,56.0,99.0,15972.0,15972.0,15972.0
1,DeepSeek-R1-Distill-Qwen-14B-Q6_K,317,"Los objetivos específicos del Manual de Gestión del CNDTCG son:
    Definir la estructura organizativa y funcional del centro para facilitar la coordinación interna y la articulación con la red institucional.
    Establecer las responsabilidades operativas del personal técnico y administrativo para delimitar funciones y fortalecer la gestión por procesos.
    Describir de manera clara y estandarizada la oferta de servicios (tamizaje, diagnóstico endoscópico, cirugía y seguimiento).
    Alinear el funcionamiento del CNDTCG con las políticas, normativas técnicas y planes estratégicos de la CCSS.
    Servir de base para elaborar documentos normativos que guíen la implementación progresiva y sostenible del tamizaje a nivel nacional.
    Facilitar la planificación, gestión operativa, evaluación de resultados y mejora continua basada en evidencia.","</think>

El Manual de Gestión tiene como objetivo describir y organizar las funciones, estructura, oferta de servicios y responsabilidades del CNDTCG. Busca orientar de manera sistemática los procesos asistenciales, técnicos y administrativos del centro, garantizando la coherencia operativa, la eficiencia en la prestación de servicios y la alineación con los principios y lineamientos estratégicos de la CCSS. Además, establece un modelo de atención basado en programas de tamizaje poblacional y servicios especializados, y define indicadores y procesos operativos para el seguimiento y mejora continua de la gestión.",2.949672347982414,1085,140,1225,open_ended,98.74285714285716,59.9,109.9,3293.68359375,3293.68359375,3293.68359375,94.86666666666666,55.0,99.0,15972.0,15972.0,15972.0
1,DeepSeek-R1-Distill-Qwen-14B-Q6_K,226,"Pruebas de tamizaje: Incrementar la disponibilidad nacional de la Serie Gastroduodenal (SGD) para cáncer gástrico y la prueba inmunoquímica fecal (FIT) para cáncer de colon y recto, dirigidas a la población adscrita de 50 a 74 años.
Procedimientos endoscópicos derivados: Los casos con pruebas alteradas se someterán a gastroscopia (diagnóstico de cáncer gástrico) o colonoscopia (diagnóstico de cáncer de colon y recto) para confirmación y tratamiento oportuno.
Rol del CNDTCG: Articular y coordinar a todos los actores involucrados en los programas de tamizaje, garantizando la derivación oportuna de pacientes con lesiones detectadas a los centros correspondientes para su atención integral y la gestión eficaz del proceso.","</think>

El plan contempla pruebas de tamizaje para detectar tempranamente el cáncer gastrointestinal, asegurando la continuidad y oportunidad en el diagnóstico. Incluye procedimientos endoscópicos terapéuticos, como resecciones y biopsias, realizados directamente en el CNDTCG o en hospitales derivados, con seguimiento activo para garantizar la calidad de la atención. El CNDTCG coordina el proceso, gestionando la lectura de imágenes y resultados de biopsias, y lidera la mejora continua mediante evaluaciones y actualizaciones del Plan Anual Operativo, asegurando alineación con metas institucionales y principios de calidad en la atención.",3.538130680914037,1468,165,1633,open_ended,97.45882352941182,20.0,109.8,3293.68359375,3293.68359375,3293.68359375,95.66666666666667,71.0,99.0,15972.0,15972.0,15972.0
1,DeepSeek-R1-Distill-Qwen-14B-Q6_K,266,"La Unidad de Investigación en Salud (UIS) lidera el diseño, ejecución y gestión de procesos de investigación científica en el CNDTCG. Su papel principal es generar evidencia útil para fortalecer la toma de decisiones clínicas, administrativas y estratégicas, formulando investigación para los programas de tamizaje poblacional, la detección temprana, la eficiencia de recursos y los desenlaces clínicos del cáncer gastrointestinal.
Sus funciones clave incluyen:

Elaboración y gestión: Diseñar protocolos de investigación y gestionar avales éticos e institucionales.
Coordinación interinstitucional: Articular proyectos con servicios clínicos internos, universidades, centros de investigación y entidades financiadoras.
Desarrollo académico: Fomentar la cultura investigativa, la educación continua y la divulgación de resultados mediante publicaciones científicas.
Mejora continua: Colaborar con las áreas de Planificación y Mejora Continua para transformar datos en innovación y aprendizaje institucional.","</think>

La Unidad de Investigación en Salud (UIS) del CNDTCG tiene un papel fundamental en la investigación continua de cáncer gástrico y colorrectal. Ella debe liderar esfuerzos en la generación de evidencia, desarrollo de metodologías y en la comunicación formal con el establecimiento de origen. Además, la UIS juega un rol central en fortalecer la capacidad investigativa del centro, asegurando que los programas de tamizaje y atención sean basados en evidencia y estandarizados a nivel nacional.",2.620530408923514,1208,121,1329,open_ended,97.81200000000001,49.9,99.9,3293.68359375,3293.68359375,3293.68359375,97.75,96.0,99.0,15972.0,15972.0,15972.0
1,DeepSeek-R1-Distill-Qwen-14B-Q6_K,233,"Aunque el volumen total y la tasa de mortalidad por cáncer de estómago, colon y recto son mayores en los hombres (fallecen más hombres en términos absolutos), las mujeres que mueren por estas neoplasias lo hacen a edades más jóvenes en comparación con la edad de referencia.
Estadísticamente, la media de Años de Vida Potencialmente Perdidos (YPLL) por fallecimiento es mayor en las mujeres (16.49 años) que en los hombres (14.10 años). Esto demuestra que, cuando una mujer muere por estos tipos de cáncer, pierde en promedio más años de vida que un hombre.","</think>

El enunciado significa que, aunque los hombres tienen una mayor tasa de mortalidad por cáncer de estómago, colon y recto, las mujeres tienden a fallecer de estos tipos de cáncer a edades más jóvenes o en etapas prematuras de su vida en comparación con los hombres. Esto se refleja en las tasas de mortalidad específicas, donde las mujeres presentan tasas más altas en términos relativos, indicando que un porcentaje mayor de mujeres jóvenes fallecen debido a estos cánceres en comparación con los hombres.",2.914207077003084,1662,129,1791,open_ended,96.60000000000002,29.9,99.9,3293.68359375,3293.68359375,3293.68359375,97.71428571428571,97.0,99.0,15972.0,15972.0,15972.0
1,DeepSeek-R1-Distill-Qwen-14B-Q6_K,277,"El Director General del CNDTCG es responsable de liderar técnica y administrativamente el funcionamiento integral del centro. Le corresponde coordinar, supervisar y orientar la implementación del modelo de atención especializado en detección temprana, diagnóstico, tratamiento y seguimiento del cáncer gástrico y colorrectal, asegurando los objetivos estratégicos.
Sus funciones principales incluyen:

Representar al centro ante instancias superiores de la CCSS, la Gerencia Médica y redes de salud.
Supervisar todas las unidades funcionales clínicas y administrativas, promoviendo el uso eficiente de recursos y la mejora continua.
Impulsar la planificación operativa anual, liderar la gestión de indicadores de desempeño y promover la investigación aplicada.
Garantizar la correcta aplicación de la normativa técnica y administrativa vigente.","</think>

El Director General del CNDTCG tiene la responsabilidad de conducir estratégica, técnicamente y operativamente el centro. Coordina y supervisa todas las unidades funcionales, asegurando el cumplimiento de los objetivos estratégicos e institucionales. Además, lidera la planificación técnica y el seguimiento operativo de los procesos asistenciales, bajo su supervisión. También se encarga de establecer las responsabilidades operativas del personal, optimizar el desempeño y fortalecer la gestión por procesos. Por último, alinea las funciones del centro con las políticas institucionales en salud, modelos de atención y normativa técnica vigentes.",3.2166242270031944,1472,148,1620,open_ended,96.58709677419358,10.0,99.9,3293.68359375,3293.68359375,3293.68359375,97.375,93.0,99.0,15972.0,15972.0,15972.0
1,DeepSeek-R1-Distill-Qwen-14B-Q6_K,312,"La interoperabilidad de los sistemas de información es crucial para garantizar la trazabilidad continua del paciente a lo largo de todas las etapas del tamizaje: desde la captación e invitación inicial, el registro de pruebas (FIT y SGD), el agendamiento y hallazgos endoscópicos, hasta los resultados histopatológicos de biopsias y tratamientos.
La falta de integración fragmenta la información en sistemas independientes e impide un flujo automatizado de datos.","</think>

La interoperabilidad de los sistemas de información como SIAC, SIES, ARCA, SILC, Imágenes Médicas y SIFA es esencial para la trazabilidad de los pacientes en los programas de tamizaje. Estos sistemas permiten una comunicación y un intercambio de datos estandarizados, asegurando que toda la información médica de un paciente sea accesible, actualizada y consistente en cualquier punto del sistema. Esto facilita el seguimiento continuo de los pacientes, desde el tamizaje inicial hasta el diagnóstico, tratamiento y seguimiento posterior.

La falta de integración entre estos sistemas puede generar desafíos significativos. Puede resultar en datos dispersos, incompletos o inaccesibles, lo que dificulta la toma de decisiones oda en el proceso de atención. Además, sin una interoperabilidad adecuada, se pierde eficiencia en los flujos de información, lo que puede afectar la calidad de la atención y el monitoreo de los pacientes. Esto, a su vez, compromete la efectividad del Plan de Abordaje Integral, ya que la ausencia de datos integrales hace más difícil evaluar los resultados y mejorar los programas de salud.",5.369514303980395,1299,263,1562,open_ended,99.21372549019615,39.9,109.8,3293.68359375,3293.68359375,3293.68359375,96.51851851851852,73.0,99.0,15972.0,15972.0,15972.0
1,DeepSeek-R1-Distill-Qwen-14B-Q6_K,267,"Torres de endoscopía de alta definición para tracto digestivo alto y bajo, con visualización y grabación digital.
Equipamiento para Resección Submucosa Endoscópica (ESD): cuchillos endoscópicos, inyectores submucosos, clips hemostáticos y unidades electroquirúrgicas.
Equipo de Ultrasonido Endoscópico (USE) para estadificación loco-regional y evaluación de lesiones subepiteliales.
Equipo para CPRE: accesorios para drenaje biliar, esfinterotomías, extracción de cálculos y prótesis biliares.
Fluoroscopio de alta resolución y tomógrafo (TAC) para guía de CPRE, cirugía percutánea y estadificación oncológica.
Ultrasonido convencional para guía de procedimientos e imagenología.
Monitores multiparámetros, bombas de infusión y soporte para sedación/recuperación anestésica.
Instrumental quirúrgico especializado para laparotomía, laparoscopía y cirugía percutánea.
Equipos de apoyo en recuperación y anestesia.
Sistemas informáticos clínicos articulados con los sistemas institucionales como el EDUS.","</think>

El CNDTCG dispone de equipos médicos y tecnológicos de alta especialización, entre los cuales se encuentran:

1. Torres de endoscopía de alta definición para procedimientos digestivos altos y bajos, con sistemas de visualización, iluminación, documentación y grabación digital.
2. Equipamiento para Resección Submucosa Endoscópica (ESD), que incluye cuchillos endoscópicos, inyectores submucosos, clips hemostáticos y unidades electroquirúrgicas.
3. Equipo de ultrasonido endoscópico (USE) para estadificación loco-regional, evaluación de lesiones subepiteliales y localización de estructuras profundas.

Estos equipos permiten desarrollar los programas clínicos del centro con capacidad resolutiva y eficiencia operativa, respaldando procedimientos diagnósticos, terapéuticos y quirúrgicos con altos estándares de seguridad y calidad técnica.",4.636497762054205,1429,223,1652,open_ended,99.12954545454554,49.9,109.9,3293.68359375,3293.68359375,3293.68359375,96.91304347826087,84.0,99.0,15972.0,15972.0,15972.0
1,DeepSeek-R1-Distill-Qwen-14B-Q6_K,225,"Capacidad instalada: Los recursos actuales (personal, equipamiento e infraestructura) están dedicados a atenciones diagnósticas y terapéuticas ordinarias, lo que dificulta determinar la capacidad adicional disponible para absorber la nueva demanda del tamizaje.
Datos clínicos faltantes: No se dispone de datos sobre la cantidad de pacientes endoscópicos que requieren estudios complementarios (como ultrasonidos), vigilancia hemodinámica en gastroscopías, sedación especializada por anestesiología o requerimiento de biopsias, limitando el plan al cálculo de estudios básicos.
Falta de guías de seguimiento: Al no estar implementadas las guías de seguimiento endoscópico del Ministerio de Salud, no es posible estimar la demanda de procedimientos de control, afectando la determinación precisa de la capacidad instalada.","</think>

El plan enfrenta limitaciones en la disponibilidad de información sobre la capacidad instalada y los datos clínicos necesarios. Por un lado, el inventario existente no provee suficiente información para determinar la capacidad instalada disponible para soportar el aumento en la demanda de servicios específicos para los programas de tamizajes de cáncer gástrico y colorrectal. Esto incluye la disponibilidad de médicos endoscopistas, radiólogos, personal técnico y de apoyo adicional. Por otro lado, no se tienen datos sobre la cantidad de pacientes que requieren estudios complementarios, como ultrasonidos, lo que dificulta una planificación precisa. Además, la falta de datos clínicos necesarios para evaluar la capacidad adicional y gestionar eficientemente el presupuesto asignado complica la implementación del plan.",3.868227140046656,1218,186,1404,open_ended,98.18918918918925,20.0,109.8,3293.68359375,3293.68359375,3293.68359375,97.57894736842105,97.0,99.0,15972.0,15972.0,15972.0
1,DeepSeek-R1-Distill-Qwen-14B-Q6_K,315,"El radiólogo en el CNDTCG es el responsable de realizar, interpretar y validar estudios de imagen de alta calidad que apoyan el tamizaje, diagnóstico, estadificación y seguimiento clínico de los pacientes. Su rol es clave en el Programa de Tamizaje de Cáncer Gástrico mediante la realización e interpretación de la serie gastroduodenal (SGD) para identificar lesiones premalignas o sospechosas. Además, ejecuta e interpreta tomografías computarizadas (TAC), fluoroscopías, sonografías y radiología convencional; realiza procedimientos mínimamente invasivos guiados por imagen (como drenajes y biopsias dirigidas).","</think>

El radiólogo en el CNDTCG realiza interpretaciones de estudios de imagenología, como la Serie Gastroduodenal (SGD), utilizando fluoroscopios y salas de fluoroscopia. Además, contribuye a la toma de decisiones oportunas en pacientes con alteraciones detectadas, evitando retrasos en el diagnóstico. También participa en la capacitación y asesoría técnica para fortalecer las capacidades de otros establecimientos.",2.272718310006894,1147,104,1251,open_ended,97.54090909090907,30.0,109.9,3293.68359375,3293.68359375,3293.68359375,97.27272727272727,92.0,98.0,15972.0,15972.0,15972.0
1,DeepSeek-R1-Distill-Qwen-14B-Q6_K,274,"Protocolos y procedimientos normalizados: Instrucciones técnicas detalladas que estandarizan las tareas clínicas y administrativas.
Documentos técnicos normativos complementarios: Guías y manuales de procedimientos para operacionalizar y replicar el modelo de atención.
Sistemas de información institucionales: Plataformas (SIES, SIAC, ARCA, FileMaker) para registro, monitoreo, trazabilidad y análisis de datos.
Matrices de indicadores e instrumentos de evaluación: Mecanismos para el control de gestión y auditoría clínica continua.
Instancias de coordinación y supervisión: Comités técnicos y reuniones multidisciplinarias para ajuste y retroalimentación de procesos.
Capacitación e inducción interna: Programas de formación continua para el personal asistencial y administrativo.","</think>

El Manual de Gestión del CNDTCG incluye herramientas como indicadores de desempeño, formularios, guías operativas y protocolos. Estas herramientas buscan estandarizar, trazar y mejorar la calidad de las actividades del centro, promoviendo su aplicabilidad en el entorno operativo real. Se incorporan de manera progresiva, validando la experiencia operativa y identificando necesidades específicas de mejora o soporte técnico.",2.3827569640707225,1404,106,1510,open_ended,96.7695652173913,30.0,109.8,3293.68359375,3293.68359375,3293.68359375,97.9090909090909,97.0,99.0,15972.0,15972.0,15972.0
1,DeepSeek-R1-Distill-Qwen-14B-Q6_K,271,"La captación de pacientes la realiza de forma centralizada el CNDTCG sobre la población objetivo asintomática (de 50 a 74 años), utilizando los datos de adscripción del primer nivel de atención y respetando la normativa de protección de datos personales.
Se ejecuta mediante invitación telefónica personalizada y sistemática para convocar a los usuarios a realizarse las pruebas de tamizaje iniciales: la Serie Gastroduodenal (SGD) para cáncer gástrico o el Test Inmunológico Fecal (FIT) para cáncer colorrectal. Este proceso se repite de manera bienal. Debido a que se requiere contactar al menos al triple de personas proyectadas para alcanzar las metas y realizar múltiples reintentos de llamada, la captación utiliza herramientas informáticas y personal especializado.","</think>

La captación de pacientes en los programas de tamizaje es realizada por el CNDTCG, quien necesita acceso a datos personales de los pacientes adscritos, tales como nombre, apellidos, teléfonos, correo electrónico, provincia, cantón, distrito de residencia, Área de Salud de adscripción, entre otros. Estos datos son fundamentales para localizar a los pacientes y invitarlos a realizarse un FIT (Test Inmunológico Fecal) y/o una SGD (Serie Gastroduodenal). Se debe considerar la Ley de Protección de la Persona frente al tratamiento de sus datos personales, Ley No. 8968.",3.085506984964013,1121,147,1268,open_ended,99.46206896551728,89.9,109.8,3293.68359375,3293.68359375,3293.68359375,97.53333333333333,97.0,98.0,15972.0,15972.0,15972.0
1,DeepSeek-R1-Distill-Qwen-14B-Q6_K,232,"Dado que la incidencia de cáncer de estómago, colon y recto está estrechamente ligada a la edad, la mayor longevidad brinda más oportunidades para llegar a edades en donde el riesgo de desarrollar cáncer es más alto.
Implicaciones para el tamizaje: El incremento de población en edades de mayor riesgo hace indispensables los programas organizados de detección temprana (como la prueba FIT y la Serie Gastroduodenal) ya que pueden mejorar significativamente la detección temprana y, por ende, las tases de supervivencia.","</think>

El aumento de la esperanza de vida en Costa Rica está relacionado con un incremento en la incidencia de cáncer de estómago y colorrectal. Esto ocurre porque, con mayor longevidad, la población tiene una mayor probabilidad de desarrollar enfermedades crónicas, entre ellas el cáncer. Este incremento en la incidencia, sumado a las tasas de mortalidad ya elevadas, hace que los programas de tamizaje sean esenciales para detectar precozmente el cáncer, mejorar la prevención y el tratamiento, y reducir los años de vida potencialmente perdidos. Por lo tanto, el plan busca implementar estrategias que aborden estos desafíos, priorizando áreas con mayor necesidad y mejorando el acceso a servicios de salud.",3.7044167839922006,1342,176,1518,open_ended,98.95142857142862,69.9,109.8,3293.68359375,3293.68359375,3293.68359375,97.38888888888889,93.0,98.0,15972.0,15972.0,15972.0
1,DeepSeek-R1-Distill-Qwen-14B-Q6_K,272,"El médico general asistente en el CNDTCG brinda apoyo clínico directo en procedimientos endoscópicos (diagnósticos y terapéuticos) e intervenciones quirúrgicas (percutáneas y mayores).
Sus funciones principales comprenden:

Atención clínica: Evalúa la condición previa del paciente, verifica consentimientos informados, monitorea signos vitales y parámetros clínicos, está capacitado para manejar la sedación profunda por vía aérea y vigila la recuperación postoperatoria inmediata.
Asistencia quirúrgica: Colabora directamente en las etapas del acto operatorio mediante exposición quirúrgica, manejo de instrumental y hemostasia básica.
Gestión administrativa y operativa: Coordina la programación y agendas de TAC (midiendo ausentismo y suspensiones), gestiona el flujo y seguimiento de biopsias, y actúa como gestor y evaluador de referencias clínicas.","</think>

El médico general asistente en el CNDTCG forma parte activa del equipo quirúrgico, colaborando como asistente en las etapas del acto operatorio. Su rol incluye preparar al paciente, asistir técnicamente durante la cirugía (exposición quirúrgica, manejo de instrumental y hemostasia básica), y realizar seguimiento clínico inmediato en la fase postquirúrgica. Además, coordina la programación de estudios de tomografía computarizada, gestionando agendas, priorizando casos, y asegurando el aprovechamiento óptimo de los recursos. También mide y analiza indicadores de ausentismo y suspensión de citas.",3.3896817690692846,1444,158,1602,open_ended,99.81562500000004,79.8,109.8,3293.68359375,3293.68359375,3293.68359375,95.58823529411765,64.0,99.0,15972.0,15972.0,15972.0
1,DeepSeek-R1-Distill-Qwen-14B-Q6_K,221,"Sin programa nacional, es decir evolución natura, se mantendrá una mortalidad de 234 defunciones anuales. Con el programa nacional propuesto se proyecta una reducción del 35% en la mortalidad de la población objetivo y se alcanzará la detección de 40% a 50% de los casos de cáncer en etapa temprana. ","</think>

El impacto social y epidemiológico proyectado con la implementación del Programa Nacional del CNDTCG en 10 años incluye una reducción significativa en la incidencia y mortalidad de cánceres gástrico y colorrectal, especialmente en áreas con mayor riesgo. Sin el programa, se prevé un continuo aumento de casos y muertes debido a la falta de detección temprana. Con el programa, se espera mejorar la salud poblacional, reducir costos de atención futuros y aumentar la expectativa de vida, gracias a intervenciones preventivas y diagnósticas efectivas.",2.9699139849981293,1301,138,1439,open_ended,99.45000000000003,79.9,109.8,3293.68359375,3293.68359375,3293.68359375,97.71428571428571,97.0,99.0,15972.0,15972.0,15972.0
1,DeepSeek-R1-Distill-Qwen-14B-Q6_K,252,"La organización funcional del CNDTCG se estructura bajo un modelo programático e integrado con recursos compartidos y coordinación transversal. Sus principales áreas funcionales son:

Dirección General: Responsable de la conducción estratégica, técnica y operativa del centro.
Coordinaciones de Programa: Lideran la planificación y seguimiento técnico de líneas específicas (Tamizaje Gástrico y Colorrectal, Patología Biliar, Cirugía Percutánea, ESD, Ultrasonido Endoscópico, Cirugía Mayor y Endoscopía Diagnóstica/Terapéutica).
Área Clínica Asistencial: Ejecuta los procedimientos de tamizaje, diagnóstico, tratamiento y seguimiento (endoscopía alta/baja, consulta externa, sala de operaciones, recuperación, TAC y fluoroscopía).
Área de enfermería: brinda atención pre, intra y posterior al procedimiento apoyando los programas clínicos de forma transversal.
Área de Planificación, Investigación y Gestión de Datos: Integra Planificación y Mejora Continua, la Unidad de Investigación en Salud (UIS) y la Gestión de Bases de Datos.
Área Administrativa: Gestiona los recursos físicos, financieros, de talento humano y el soporte logístico.","</think>

La organización funcional del CNDTCG se basa en un modelo programático con recursos compartidos y coordinación transversal de áreas de soporte. Su estructura está alineada con el Mapa de Procesos Institucionales de la CCSS, particularmente en el Macroproceso Sustantivo de Atención de la Salud, enfocado en promoción, prevención, recuperación y rehabilitación. Los principales programas incluyen tamizaje, diagnóstico temprano, tratamiento quirúrgico y seguimiento clínico. La estructura permite una atención especializada, integral y de alta calidad, con un enfoque en la mejora continua y la toma de decisiones basadas en evidencia.",3.3916759970597927,1307,160,1467,open_ended,99.80625000000005,79.9,109.8,3293.68359375,3293.68359375,3293.68359375,97.6875,97.0,99.0,15972.0,15972.0,15972.0
1,DeepSeek-R1-Distill-Qwen-14B-Q6_K,293,"Un programa organizado de tamizaje es una estrategia de salud pública estructurada, planificada y estandarizada orientada a la detección precoz de enfermedades en una población objetivo asintomática.
Se caracteriza por desarrollarse mediante procesos sistemáticos, continuos y con control de calidad en todas sus etapas, abarcando desde la captación e invitación activa de participantes hasta el diagnóstico, tratamiento y seguimiento continuo de los casos detectados.
Para su funcionamiento requiere de una planificación centralizada, recursos asignados, evaluación del desempeño y mecanismos que garanticen la equidad en el acceso y la adherencia de la población.","</think>

Un programa organizado de tamizaje es una estrategia de salud pública estructurada y estandarizada que busca detectar precozmente enfermedades en una población específica mediante procesos sistemáticos, continuos y con control de calidad en todas sus etapas, desde la captación hasta el tratamiento de los casos detectados. Requiere planificación centralizada, recursos asignados, seguimiento activo, evaluación de desempeño y mecanismos que aseguren la equidad en el acceso y la adherencia de la población objetivo.",2.6363617710303515,1334,120,1454,open_ended,99.808,69.9,109.8,3293.68359375,3293.68359375,3293.68359375,95.46153846153847,67.0,99.0,15972.0,15972.0,15972.0
1,DeepSeek-R1-Distill-Qwen-14B-Q6_K,265,"Brinda soporte técnico especializado en procedimientos endoscópicos diagnósticos y terapéuticos en coordinación con el personal médico y de enfermería.

Sus funciones principales incluyen:
Preparación y mantenimiento: Verificación de equipos, accesorios y sistemas de video endoscópicos en óptimas condiciones.
Asistencia intraprocedimiento: Apoyo directo al endoscopista en el manejo de equipos, toma de muestras, succión, irrigación y uso de instrumentos auxiliares.
Bioseguridad: Limpieza, desinfección de alto nivel, resguardo y trazabilidad del instrumental según normas de control de infecciones.
Gestión técnica: Control de inventario de insumos, listas de verificación, mantenimiento preventivo y reporte de fallos o averías.
Atención al usuario: Orientación clara, respetuosa y centrada en el bienestar del paciente.","</think>

El Técnico en Gastroenterología en el CNDTCG realiza actividades técnicas y de apoyo en el abordaje clínico de patologías gastrointestinales, incluyendo asesoría, formación del talento humano y transferencia metodológica. Coordina actividades como el tamizaje, diagnóstico, tratamiento y seguimiento de pacientes con cáncer gastrointestinal. Participa en la programación de usuarios, gestión de muestras biológicas, suministro de materiales de promoción y coordinación de campañas. Asimismo, contribuye al monitoreo de indicadores clínicos y operativos para mejorar la calidad diagnóstica y seguridad del paciente.",3.307245017029345,1347,155,1502,open_ended,101.09354838709682,99.8,109.9,3293.68359375,3293.68359375,3293.68359375,97.3125,94.0,98.0,15972.0,15972.0,15972.0
1,DeepSeek-R1-Distill-Qwen-14B-Q6_K,305,"El Manual de Gestión tiene como propósito principal establecer y formalizar el marco organizativo, técnico y funcional del Centro Nacional de Detección Temprana de Cáncer Gastrointestinal (CNDTCG). Busca orientar de manera sistemática sus procesos asistenciales, técnicos y administrativos, describiendo sus funciones, estructura, oferta de servicios y responsabilidades.
Su finalidad es garantizar la coherencia operativa, la eficiencia en la prestación de servicios y la alineación con los lineamientos estratégicos de la CCSS para la prevención, detección temprana, diagnóstico oportuno, seguimiento clínico y control del cáncer gástrico y colorrectal a nivel nacional.","</think>

El fin del Manual de Gestión del CNDTCG es describir y organizar las funciones, estructura, oferta de servicios y responsabilidades del centro. Este documento orienta de manera sistemática los procesos asistenciales, técnicos y administrativos, garantizando la coherencia operativa, eficiencia en la prestación de servicios y alineación con los principios y lineamientos estratégicos de la CCSS. Además, busca integrar procedimientos avanzados y asegurar la calidad, oportunidad y seguridad en la atención, basándose en protocolos técnicos institucionales.",2.7939521470107134,1359,128,1487,open_ended,96.11111111111113,10.0,99.9,3293.68359375,3293.68359375,3293.68359375,96.64285714285714,80.0,99.0,15972.0,15972.0,15972.0
1,DeepSeek-R1-Distill-Qwen-14B-Q6_K,320,"Una lesión premaligna es una alteración patológica del tejido (como el del colon o el recto) que presenta un riesgo significativo de progresar a cáncer si no recibe tratamiento. Entre estas lesiones se incluyen principalmente los pólipos adenomatosos, la displasia y los pólipos serrados. Su identificación y eliminación oportuna mediante procedimientos endoscópicos es fundamental para prevenir el desarrollo de una neoplasia maligna.","</think>

Una lesión premaligna es una alteración en las células del tracto gastrointestinal que tiene el potencial de progresar hacia un carcinoma. Estas lesiones, aunque no son cancerosas en sí mismas, muestran características que las hacen más propensas a desarrollar malignidad si no son tratadas adecuadamente. En el contexto proporcionado, se menciona que procedimientos como la resección submucosa endoscópica (ESD) son utilizados para tratar lesiones precancerosas o neoplasias superficiales del tracto gastrointestinal, especialmente en el estómago o colon. Esto sugiere que las lesiones premalignas son lesiones que requieren intervención médica para evitar su progreso hacia el cáncer.",3.5995311570586637,1473,168,1641,open_ended,99.51176470588241,79.9,109.8,3293.68359375,3293.68359375,3293.68359375,97.58823529411765,96.0,99.0,15972.0,15972.0,15972.0
1,DeepSeek-R1-Distill-Qwen-14B-Q6_K,257,"El Programa de Cirugía Percutánea ofrece una alternativa terapéutica de mínima invasiónes. Utiliza técnicas quirúrgicas realizadas a través de pequeñas incisiones, guiadas por tecnologías de imagen como ecografía, tomografía axial computarizada (TAC) o fluoroscopía.
Entre los beneficios clave para los pacientes destacan:

Menor riesgo quirúrgico frente a la cirugía abierta convencional.
Reducción del tiempo de recuperación y estancias hospitalarias más cortas.
Menor impacto físico.","</think>

El Programa de Cirugía Percutánea está orientado a ofrecer atención especializada a pacientes con patologías gastrointestinales, biliares o neoplásicas que requieren intervenciones quirúrgicas de mínima invasión guiadas por imagen. Este programa permite realizar procedimientos quirúrgicos más precisos y menos invasivos, lo que reduce el riesgo de complicaciones, acelera la recuperación y mejora la calidad de vida de los pacientes. Además, garantiza la implementación de procedimientos percutáneos de acuerdo con los protocolos técnicos institucionales, asegurando un enfoque integral y resolutivo en la atención médica.",3.2403540440136567,1182,154,1336,open_ended,98.19677419354842,39.9,109.8,3293.68359375,3293.68359375,3293.68359375,95.0625,58.0,99.0,15972.0,15972.0,15972.0
1,DeepSeek-R1-Distill-Qwen-14B-Q6_K,239,"La CCSS dispone de 87 endoscopistas capacitados para la detección temprana de cáncer (tasa de 1,70 por 100.000 hab.):
Gastroenterólogos: 63,5 en total, de los cuales el 88% (56) está capacitado.
Cirujanos generales: 139 en total, pero solo el 22% (31) cuenta con dicha capacitación.
Técnicos en gastroenterología: 45,5 a nivel nacional; en centros donde faltan, el personal de enfermería asume sus funciones.
Salvo los del CNDTCG, este personal está dedicado casi en su totalidad al diagnóstico y no a programas de tamizaje.
Oportunidad de mejora: La baja proporción de cirujanos generales capacitados (22%) representa la principal brecha y la mayor oportunidad para fortalecer la formación continua e incrementar la capacidad nacional de detección temprana.","</think>

La situación actual de los recursos humanos para endoscopia en la CCSS se refleja en el Cuadro No. 3, donde se menciona que hay 4 médicos especialistas en Endoscopía con jornada completa. Esto indica que el centro cuenta con un equipo suficiente para abordar las necesidades en esta área. Sin embargo, se identifica una oportunidad de mejora en la capacitación del personal de imagenología en técnicas de SGD (Sistemas de Gestion Documental), lo cual es crucial para el éxito de los programas de tamizaje y la calidad de los servicios.",2.9620024029864,1478,133,1611,open_ended,99.09285714285717,79.9,109.8,3293.68359375,3293.68359375,3293.68359375,96.57142857142857,95.0,99.0,15972.0,15972.0,15972.0
1,DeepSeek-R1-Distill-Qwen-14B-Q6_K,224,"Etapa I (2024–2025): Elaboración de la normativa institucional, mecanismos de acceso en el EDUS a datos de población, FIT y biopsias, captación/invitación de participantes, capacitación en endoscopia de tamizaje y convenio CNDTCG-CICICA.
Etapa II (2025–2026): Diseño de indicadores de gestión, implementación nacional del FIT cuantitativo, campañas de comunicación/sensibilización, despliegue del SILC, y planes de formación, equipamiento, infraestructura e investigación en salud.
Etapa III (2026–2028): Interoperabilidad en EDUS, análisis de desafíos operativos, implementación de modelos predictivos con inteligencia artificial para priorización, entrega de infraestructura/equipamiento y puesta en marcha de programas de tamizaje.
Etapa IV (2028–2029): Evaluación integral del plan por la Auditoría Interna y ejecución de ajustes correspondientes.","</think>

El Plan de Abordaje Integral para el Tamizaje de Cáncer de Estómago y Colorrectal se articula en respuesta a la sesión No. 9414 de la Junta Directiva de la Caja Costarricense de Seguro Social, conformando el Centro Nacional de Detección Temprana de Cáncer Gastrointestinal (CNDTCG). El plan tiene un horizonte temporal de 10 años, desde 2025 a 2029, y se enfoca en la evaluación de la situación actual, recopilación de datos epidemiológicos y establecimiento de metas claras para la cobertura, invitación y participación de la población objetivo.

Las principales etapas del plan incluyen:

1. **Invitación a participar**: Se dirige a individuos que cumplen con los criterios de inclusión definidos por el programa, con un porcentaje meta del 40% de la población objetivo.

2. **Realización de pruebas de tamizaje**: Para el cáncer colorrectal, se utiliza la prueba FIT (Fecal Immunological Test) en laboratorios clínicos, con la participación de microbiólogos y personal de apoyo.

3. **Endoscopias y diagnóstico**: En caso de resultados positivos, se realizan endoscopias con la intervención de endoscopistas y técnicos de endoscopia, y se envían muestras al patólogo para análisis definitivo.

4. **Manejo y tratamiento**: Si se detecta cáncer, se coordina el tratamiento oportuno con los servicios médicos correspondientes.

El plan también contempla la capacitación y retención del personal de salud, la disponibilidad de recursos y la implementación de flujos de información integrados, como el Mapa Conceptual en el Anexo 2, para asegurar la efectividad y sostenibilidad del programa.",8.34583929402288,1262,418,1680,open_ended,99.04303797468367,10.0,109.8,3293.68359375,3293.68359375,3293.68359375,96.35714285714286,70.0,99.0,15972.0,15972.0,15972.0
1,DeepSeek-R1-Distill-Qwen-14B-Q6_K,299,"Un pólipo colorrectal es un abultamiento en el revestimiento interno del intestino grueso, cuyo tamaño varía desde algunos milímetros hasta varios centímetros. Generalmente es asintomático y es provocado por una combinación de factores hereditarios y ambientales, como tabaquismo, obesidad,  una dieta alta en grasas y baja en fibra.
Se clasifican principalmente en:
    Hiperplásicos o inflamatorios: Tienen un riesgo bajo o nulo de convertirse en cáncer.
    Adenomatosos (adenomas): A mayor tamaño, presentan mayor riesgo de progresar a cáncer tras un proceso de varios años.
    Serrados: Pueden presentar riesgo de cáncer según su tamaño y localización.","</think>

Un pólipo colorrectal es un abultamiento en el revestimiento interno del intestino grueso, cuyo tamaño puede variar desde algunos milímetros hasta varios centímetros. Generalmente, es asintomático y se origina por una combinación de factores hereditarios y ambientales, como el tabaquismo, la obesidad, una dieta alta en grasas y baja en fibra. Existen diferentes tipos de pólipos colorrectales:

1. **Hiperplásico o inflamatorio**: Presentan un bajo o nulo riesgo de cáncer.
2. **Adenomatosos (adenomas)**: El riesgo de cáncer aumenta con el tamaño del pólipo, siendo mayor en aquellos de mayor tamaño.
3. **Serrados**: Su riesgo de cáncer depende de su tamaño y ubicación.",4.052161025931127,1145,195,1340,open_ended,99.80263157894744,99.8,99.9,3293.68359375,3293.68359375,3293.68359375,96.35,93.0,98.0,15972.0,15972.0,15972.0
1,DeepSeek-R1-Distill-Qwen-14B-Q6_K,242,"El cálculo del número de salas teóricas de fluoroscopia ($EF$) se realiza mediante la ecuación E1:
$$EF = \frac{PO \cdot PI \cdot PP}{PS \cdot DH}$$
PO: Población objetivo en el periodo.
PI: Porcentaje de invitación.
PP: Porcentaje de participación.
PS: Pacientes diarios por sala (20 pacientes/día).
DH: Días hábiles de funcionamiento al año.
Implicación: Al extrapolar este cálculo a nivel nacional para el año 2025, se requerirían aproximadamente 12 salas de fluoroscopia (y su respectivo personal de imagenología) funcionando a tiempo completo durante todo el año. La principal implicación es que este requerimiento no es factible en la práctica, ya que representa más del 60% de la disponibilidad nacional actual (19 salas existentes), las cuales hoy están destinadas casi en su totalidad a la atención asistencial y diagnóstica.","</think>

Para calcular el número de salas de fluoroscopia necesarias, se utiliza la ecuación E1: 

EF = (PO * PI * PP) / (PS * DH)

Donde:
- EF: Número de equipos de salas de fluoroscopia.
- PO: Población objetivo en un periodo.
- PI: Porcentaje de invitación en un periodo.
- PP: Porcentaje de participación en un periodo.
- PS: Número de pacientes diarios por sala.
- DH: Número de días hábiles de funcionamiento.

El resultado obtenido indica el número de salas de fluoroscopia y, por consecuencia, el personal de imagenología requerido, ya que la relación es de un recurso por sala. Este cálculo asegura la capacidad necesaria para atender a todos los pacientes derivados del programa de tamizaje, garantizando la cobertura y eficiencia del servicio.",4.181851451983675,1493,198,1691,open_ended,98.06250000000007,10.0,109.8,3293.68359375,3293.68359375,3293.68359375,96.66666666666667,82.0,99.0,15972.0,15972.0,15972.0
1,DeepSeek-R1-Distill-Qwen-14B-Q6_K,313,"Fluoroscopio (para Serie Gastroduodenal - SGD):
    Costo unitario estimado: Entre ₡166,663,350 y ₡198,408,750 por equipo.
    Vida útil: 10 años
Torre de Endoscopía Alta (para Gastroscopía / EGD):
     Costo unitario estimado: ₡102,322,211
    Nota de uso: Es la misma torre básica utilizada para colonoscopías, variando únicamente las sondas.","</think>

Los costos para el equipamiento en el tamizaje de cáncer gástrico, según el contexto proporcionado, corresponden a los equipos adquiridos en el año 2020 por el Centro Nacional de Detección Temprana de Cáncer Gastrointestinal. Estos equipos incluyen un procesador, una fuente de luz, videoendoscopios, carros de transporte, unidades de mantenimiento, insufladores de CO2, manguiros, tubos de inyección, adaptadores de limpieza, pinzas de biopsia y agujas de inyección. El costo total de estos equipos es de $54,856,051.",3.417375574936159,1577,157,1734,open_ended,99.80625000000005,89.9,109.8,3293.68359375,3293.68359375,3293.68359375,97.625,97.0,99.0,15972.0,15972.0,15972.0
1,DeepSeek-R1-Distill-Qwen-14B-Q6_K,263,"Más allá de los programas de tamizaje, la oferta de servicios del CNDTCG abarca líneas clínicas, quirúrgicas, diagnósticas, docentes y de investigación especializada:

Patología Biliar: Abordaje integral mediante una combinación de herramientas clínicas, diagnósticas, quirúrgicas y endoscópicas,
articuladas dentro del modelo de atención especializada del CNDTCG.
Resección Submucosa Endoscópica (ESD): Extirpación endoscópica en bloque de lesiones precancerosas y neoplasias superficiales gástricas y colorrectales.
Cirugía Mayor: Intervenciones quirúrgicas principalmente para perosnas con diagnóstico confirmado o alta sospecha de cáncer gástrico u otras patologías complejas.
Cirugía Percutánea: Procedimientos de mínima invasión guiados por TAC, ecografía o fluoroscopía para drenajes, biopsias y control de colecciones.
Ultrasonido Endoscópico: Evaluación diagnóstica y terapéutica que permite visualizar y evaluar en profundidad las capas de la pared gastrointestinal y las estructuras adyacentes desde el interior del tracto digestivo.
Endoscopía Diagnóstica y de Control: Gastroscopías y colonoscopías para confirmación diagnóstica, toma de biopsias y seguimiento de lesiones.","</think>

El CNDTCG ofrece servicios complementarios más allá de los programas de tamizaje, incluyendo patología biliar, resección submucosa endoscópica (ESD), cirugía mayor, cirugía percutánea, ultrasonido endoscópico, y endoscopía diagnóstica y de control. Estos servicios amplían su capacidad resolutiva y consolidan su papel como centro especializado de referencia nacional.",2.3842588999541476,1521,104,1625,open_ended,97.2086956521739,30.0,109.8,3293.68359375,3293.68359375,3293.68359375,96.5,86.0,99.0,15972.0,15972.0,15972.0
1,DeepSeek-R1-Distill-Qwen-14B-Q6_K,300,"Los factores patológicos de riesgo para el cáncer colorrectal comprenden antecedentes de salud específicos del paciente:
    Personas con antecedentes de irradiación abdominal.
    Enfermedad inflamatoria intestinal (enfermedad de Crohn y colitis ulcerativa).
    Antecedentes de pólipos intestinales.
    Antecedente de cáncer colorrectal.","</think>

El contexto proporcionado no menciona específicamente los factores patológicos de riesgo para el cáncer colorrectal. Por lo tanto, no puedo proporcionar una respuesta basada en la información dada.

No lo sé.",1.1922688020858911,881,52,933,open_ended,93.15833333333332,10.0,109.8,3293.68359375,3293.68359375,3293.68359375,92.0,62.0,98.0,15972.0,15972.0,15972.0
1,DeepSeek-R1-Distill-Qwen-14B-Q6_K,268,"El indicador de cobertura de población objetivo en los programas de tamizaje de cáncer gástrico y colorrectal mide el porcentaje de personas de 50 a 74 años tamizadas con respecto a la población estimada en ese grupo.
Fórmula: (Número de personas tamizadas / Población objetivo entre 50-74 años) × 100.
Periodicidad: Trimestral.
Fuentes de datos: SIAC / SIES / Plataforma de Tamizaje.
Responsables: Coordinación de Programa / Área de Planificación.","</think>

El indicador de cobertura de población objetivo en los programas de tamizaje mide el porcentaje de personas entre 50-74 años que han sido tamizadas respecto a la población estimada en ese rango. Se calcula como (Número de personas tamizadas / Población objetivo entre 50-74 años) x 100. Los datos se obtienen de fuentes como SIAC, SIES y la Plataforma de Tamizaje, con una periodicidad trimestral. El responsable de esta métrica es la Coordinación de Programa o el Área de Planificación. Este indicador es crucial para evaluar la efectividad en la identificación y abordaje de personas en riesgo de cáncer gástrico.",3.5745089799165726,1398,168,1566,open_ended,99.21470588235299,49.9,109.8,3293.68359375,3293.68359375,3293.68359375,97.41176470588235,96.0,99.0,15972.0,15972.0,15972.0
1,DeepSeek-R1-Distill-Qwen-14B-Q6_K,307,"El acceso al sistema ARCA-Patología busca permitir que el Centro Nacional de Detección Temprana de Cáncer Gastrointestinal (CNDTCG) consulte de forma masiva los resultados de las biopsias de pacientes sometidos a endoscopias por tamizaje.
Este mecanismo es trascendental para:

    Tomar acciones clínicas adecuadas y oportunas sobre los pacientes.
    Evaluar el desempeño de los programas de tamizaje en la detección de lesiones premalignas y cáncer en etapas tempranas o avanzadas.","</think>

No se proporciona información específica sobre el acuerdo propuesto para el acceso a ARCA-Patología en el contexto suministrado.",0.9126488809706642,1243,31,1274,open_ended,94.27777777777777,59.9,99.9,3293.68359375,3293.68359375,3293.68359375,88.2,63.0,99.0,15972.0,15972.0,15972.0
1,DeepSeek-R1-Distill-Qwen-14B-Q6_K,288,"La Norma Nacional para la Atención del Cáncer Colorrectal se establece debido a que este cáncer representa el tercer tipo de cáncer más común en el mundo y es la segunda causa más común de muerte de cáncer.
Se pretende garantizar el acceso a servicios médicos de buena calidad y estandarizar los métodos de tamizaje, con el fin de reducir los niveles de incidencia y mortalidad de cáncer colorrectal en los próximos años.","</think>

La norma para la atención del cáncer colorrectal se establece para garantizar un manejo integral y multidisciplinario de la enfermedad, desde el diagnóstico hasta el tratamiento y pronóstico. Esto incluye proporcionar información completa al paciente sobre sus opciones terapéuticas, efectos secundarios y posibles consecuencias. Además, se enfoca en la detección precoz mediante tamizaje en la población de riesgo promedio, utilizando pruebas específicas como la FIT, y en la valoración multidisciplinaria en casos recurrentes o avanzados para asegurar un enfoque integral y personalizado.",3.0254541599424556,1154,143,1297,open_ended,97.74137931034485,30.0,109.8,3293.8344558189656,3293.68359375,3293.83984375,95.73333333333333,72.0,99.0,15972.0,15972.0,15972.0
1,DeepSeek-R1-Distill-Qwen-14B-Q6_K,257,"El Programa de Cirugía Percutánea ofrece una alternativa terapéutica de mínima invasiónes. Utiliza técnicas quirúrgicas realizadas a través de pequeñas incisiones, guiadas por tecnologías de imagen como ecografía, tomografía axial computarizada (TAC) o fluoroscopía.
Entre los beneficios clave para los pacientes destacan:

Menor riesgo quirúrgico frente a la cirugía abierta convencional.
Reducción del tiempo de recuperación y estancias hospitalarias más cortas.
Menor impacto físico.","</think>

El Programa de Cirugía Percutánea es una línea resolutiva del CNDTCG orientada a ofrecer atención especializada a pacientes con patologías gastrointestinales, biliares o neoplásicas que requieren intervenciones quirúrgicas de mínima invasión guiadas por imagen. Este programa utiliza técnicas avanzadas para realizar procedimientos percutáneos, asegurando la implementación de protocolos técnicos institucionales y estándares de calidad. Los beneficios para los pacientes incluyen menores intervenciones quirúrgicas, reducción de complicaciones, menor tiempo de hospitalización y una rápida integración al proceso de detección temprana del cáncer.",3.3570531309815124,1182,160,1342,open_ended,98.24375000000005,49.9,99.9,3293.83984375,3293.83984375,3293.83984375,97.375,96.0,99.0,15972.0,15972.0,15972.0
1,DeepSeek-R1-Distill-Qwen-14B-Q6_K,270,"El análisis FODA del CNDTCG evalúa los factores internos y externos del centro para orientar la planificación estratégica, la gestión de riesgos y la adaptación de su modelo de atención. Sus principales hallazgos incluyen:

Fortalezas: Centro especializado con alcance nacional autorizado por la CCSS, modelo clínico basado en tamizaje poblacional y atención resolutiva, personal altamente calificado, e integración con servicios de apoyo y evaluación.
Debilidades: Dependencia de infraestructura ajena, tiempos no estandarizados en procesos de referencia/contra-referencia y falta de sistematización uniforme de protocolos entre niveles.
Oportunidades: Inclusión en la Política Nacional de Cáncer, alianzas académicas para investigación, implementación de analítica avanzada e interés creciente en tamizaje poblacional.
Amenazas: Desigualdad regional en acceso, saturación de hospitales de referencia, limitaciones presupuestarias institucionales, resistencia al cambio y rotación de personal clave.","</think>

No lo sé.",0.4509971650550142,1219,7,1226,open_ended,89.84,29.9,109.9,3293.83984375,3293.83984375,3293.83984375,88.5,79.0,98.0,15972.0,15972.0,15972.0
1,DeepSeek-R1-Distill-Qwen-14B-Q6_K,285,"Las condiciones que determinan el riesgo aumentado para cáncer colorrectal en las personas se clasifican en:
Historia Personal:
        Adenoma o síndrome de poliposis serrada.
        Cáncer colorrectal (CCR).
        Enfermedad inflamatoria intestinal.
        Fibrosis Quística.
Historia Familiar:
        Historia familiar positiva en parientes de primer grado (padre, madre, hijos, hermanos) a una edad de 50 años o menos.
        Síndromes hereditarios asociados al cáncer colorrectal.","</think>

El riesgo aumentado para cáncer colorrectal se determina por factores como la edad entre 50-74 años, antecedentes heredofamiliares de cáncer colorrectal en primer grado, antecedentes patológicos personales y el uso de anticoagulantes.",1.5478975060395896,888,71,959,open_ended,96.47999999999999,49.9,99.9,3293.83984375,3293.83984375,3293.83984375,97.71428571428571,97.0,98.0,15972.0,15972.0,15972.0
1,DeepSeek-R1-Distill-Qwen-14B-Q6_K,308," La investigación científica, liderada por la Unidad de Investigación en Salud (UIS), busca mejorar la efectividad y los procedimientos de los programas de tamizaje, generando evidencia útil para la toma de decisiones clínicas, administrativas y estratégicas.
Sus fines principales comprenden:

    Fomentar la investigación en áreas básicas, clínicas, epidemiológicas y de servicios de salud.
    Divulgar hallazgos en revistas científicas nacionales e internacionales para aplicar el conocimiento ampliamente.
    Incorporar nuevas tecnologías y metodologías en los programas de tamizaje.","</think>

La investigación científica tiene como fin en la mejora continua de los programas el permitir la adaptación y optimización de las estrategias basadas en evidencias científicas. Esto asegura que los programas se mantengan actualizados tecnológicamente y clínicamente, incorporando avances recientes y mejorando su efectividad en el diagnóstico y manejo de pacientes. Además, contribuye a identificar áreas de mejora, evaluar la efectividad de los programas de tamizaje y adaptar las intervenciones en función de los resultados obtenidos, lo que conduce a una atención más resolutiva y eficiente.",2.9901768589625135,1454,137,1591,open_ended,96.36206896551727,0.0,99.9,3293.83984375,3293.83984375,3293.83984375,96.93333333333334,91.0,99.0,15972.0,15972.0,15972.0
1,DeepSeek-R1-Distill-Qwen-14B-Q6_K,251,"El proceso de tamizaje para cáncer colorrectal sigue las siguientes etapas:

Invitación: Se convoca a personas asintomáticas (50 a 74 años) de la población objetivo.
Prueba FIT: El participante se realiza la prueba inmunoquímica fecal en un laboratorio clínico para detectar sangre oculta en heces, analizada por microbiólogos y personal técnico.
Colonoscopia: Si el resultado del FIT es positivo, un endoscopista (asistido por el técnico) realiza una colonoscopia para evaluar el colon y remover lesiones como adenomas.
Biopsia: De hallarse lesiones sospechosas de malignidad, se toma una muestra de tejido para análisis por parte del patólogo.
Resolución: Si la biopsia resulta positiva para cáncer, el paciente se remite a tratamiento (cirugía, quimioterapia, etc.). Si los resultados son negativos, el usuario reingresa al programa de tamizaje bienal.","</think>

El proceso de tamizaje para el cáncer colorrectal según el modelo del CNDTCG incluye varias etapas. Primero, se invita a los individuos que cumplen con los criterios de inclusión. Luego, los participantes realizan una prueba FIT en un laboratorio clínico para detectar sangre oculta en las heces. En caso de resultado positivo, se procede a una endoscopia intestinal para confirmar el diagnóstico. Si se detecta displasia de alto grado o cáncer, el paciente recibe tratamiento adecuado. Los profesionales involucrados son el microbiólogo, personal de laboratorio, endoscopista, técnico de endoscopia y patólogo.",3.2384638549992815,867,160,1027,open_ended,97.87419354838714,30.0,109.8,3293.83984375,3293.83984375,3293.83984375,97.3125,96.0,99.0,15972.0,15972.0,15972.0
1,DeepSeek-R1-Distill-Qwen-14B-Q6_K,287,"La evaluación de la norma está a cargo del Ministerio de Salud, el cual ejecuta la vigilancia y valora los resultados del cumplimiento mediante los siguientes indicadores oficiales:
    Tasa de incidencia de cáncer colorrectal.
    Porcentaje de diferentes estadios del cáncer colorrectal en el momento del diagnóstico.
    Tasa de mortalidad por cáncer colorrectal.

El Ministerio de Salud debe garantizar información estadística actualizada y de calidad, con la facultad de utilizar indicadores adicionales según su criterio técnico como ente rector. Los resultados de esta evaluación deben ser publicados cada 5 años.","</think>

La norma para el tamizaje del cáncer colorrectal se evalúa considerando la población de riesgo promedio, que incluye hombres y mujeres entre 50-74 años, cada dos años. Se utiliza la prueba específica de SOHi, cualitativa con un punto de corte no mayor a 30 ng/ml o cuantitativa y automatizada con un punto de corte de 100 ng/ml, siendo esta última la recomendada. Además, para solicitar una colonoscopia, se deben incluir los siguientes datos mínimos: edad, antecedentes heredofamiliares de cáncer colorrectal de primer grado, antecedentes patológicos personales y uso de anticoagulantes.",3.240772882010788,634,164,798,open_ended,98.85161290322584,30.0,109.9,3293.83984375,3293.83984375,3293.83984375,95.875,76.0,98.0,15972.0,15972.0,15972.0
1,DeepSeek-R1-Distill-Qwen-14B-Q6_K,264,"El Anestesiólogo en el CNDTCG es responsable de la evaluación preanestésica, administración y monitoreo de la anestesia en procedimientos de alta complejidad, como la Resección Submucosa Endoscópica (ESD), cirugía percutánea, cirugía mayor y CPRE. Su objetivo es garantizar la seguridad, estabilidad clínica y bienestar del paciente.
En procedimientos prolongados como la CPRE, desempeña un rol determinante en el manejo de la vía aérea, el control hemodinámico y la sedación sostenida. Además, supervisa la recuperación anestésica, gestiona el dolor postoperatorio inmediato y vela por la estabilidad del paciente al egreso.
También participa en la definición de protocolos anestésicos y criterios de seguridad, capacita al personal en sedación segura y contribuye en proyectos de investigación clínica sobre anestesia ambulatoria y recuperación acelerada.","</think>

El Anestesiólogo en el CNDTCG tiene un papel esencial en los procedimientos médicos. Evalúa, administra y monitorea la anestesia durante diagnósticos y terapias, asegurando la seguridad y estabilidad clínica de los pacientes. Interviene en procedimientos de endoscopía de alta complejidad, cirugía ambulatoria, resección submucosa endoscópica (ESD), cirugía percutánea, cirugía mayor y colangiopancreatografía retrógrada endoscópica (CPRE), utilizando sedación profunda o anestesia general según el caso. Coordina con el equipo médico para garantizar un abordaje seguro y eficiente, alineado con los estándares de calidad institucionales.",3.8741829859791324,1449,183,1632,open_ended,98.20000000000006,30.0,109.8,3293.83984375,3293.83984375,3293.83984375,96.63157894736842,83.0,99.0,15972.0,15972.0,15972.0
1,DeepSeek-R1-Distill-Qwen-14B-Q6_K,320,"Una lesión premaligna es una alteración patológica del tejido (como el del colon o el recto) que presenta un riesgo significativo de progresar a cáncer si no recibe tratamiento. Entre estas lesiones se incluyen principalmente los pólipos adenomatosos, la displasia y los pólipos serrados. Su identificación y eliminación oportuna mediante procedimientos endoscópicos es fundamental para prevenir el desarrollo de una neoplasia maligna.","</think>

Una lesión premaligna es una alteración en las células del tracto gastrointestinal que puede evolucionar hacia un carcinoma si no es tratada oportunamente. Estas lesiones, aunque no son cancerosas en sí mismo, presentan características que las hacen más propensas a desarrollar malignidad. En el contexto proporcionado, se menciona que procedimientos como la resección submucosa endoscópica (ESD) son utilizados para tratar lesiones precancerosas o neoplasias superficiales del tracto gastrointestinal, especialmente en el estómago o colon. Por lo tanto, una lesión premaligna se refiere a estas alteraciones que requieren intervención médica para prevenir su progreso hacia el cáncer.",3.565873772953637,1473,166,1639,open_ended,98.63235294117652,39.9,109.9,3293.83984375,3293.83984375,3293.83984375,94.83333333333333,50.0,99.0,15972.0,15972.0,15972.0
1,DeepSeek-R1-Distill-Qwen-14B-Q6_K,318,"Ámbito Territorial: Es de alcance nacional, ya que opera como una unidad especializada que se articula con la red institucional de la CCSS en sus tres niveles de atención.
Ámbito Funcional: Cubre todos los programas y servicios desarrollados por el centro, desde el tamizaje poblacional hasta la atención diagnóstica, terapéutica, quirúrgica y de seguimiento clínico, además de los procesos de planificación, evaluación, formación e investigación.
Ámbito Temporal: Posee una vigencia indefinida, sujeta a revisiones y actualizaciones periódicas según se presenten cambios sustanciales en su estructura u operación.","</think>

El CNDTCG opera dentro del Macroproceso Sustantivo de Atención de la Salud, enfocándose en áreas específicas como la promoción de la salud, prevención secundaria, recuperación y rehabilitación. Esto se lleva a cabo mediante programas de tamizaje, diagnóstico temprano, tratamiento quirúrgico y seguimiento clínico para personas con patologías gastrointestinales. Además, utiliza herramientas como indicadores y modelos de coordinación interinstitucional para mejorar la estandarización, trazabilidad, eficiencia y calidad de sus actividades, alineando su operación con los principios de la Caja Costarricense de Seguro Social.",3.317525096004829,1160,158,1318,open_ended,97.00312500000005,10.0,109.8,3293.83984375,3293.83984375,3293.83984375,94.70588235294117,57.0,98.0,15972.0,15972.0,15972.0
1,DeepSeek-R1-Distill-Qwen-14B-Q6_K,268,"El indicador de cobertura de población objetivo en los programas de tamizaje de cáncer gástrico y colorrectal mide el porcentaje de personas de 50 a 74 años tamizadas con respecto a la población estimada en ese grupo.
Fórmula: (Número de personas tamizadas / Población objetivo entre 50-74 años) × 100.
Periodicidad: Trimestral.
Fuentes de datos: SIAC / SIES / Plataforma de Tamizaje.
Responsables: Coordinación de Programa / Área de Planificación.","</think>

El indicador de cobertura de población objetivo en los programas de tamizaje mide el porcentaje de personas entre 50-74 años que han sido tamizadas respecto a la población estimada en ese rango. Se calcula como (Número de personas tamizadas / Población objetivo entre 50-74 años) x 100. Los datos se obtienen de fuentes como SIAC, SIES y la Plataforma de Tamizaje, con una periodicidad trimestral. El responsable de esta métrica es la Coordinación de Programa o el Área de Planificación. Este indicador es crucial para evaluar la efectividad en la identificación y abordaje de personas en riesgo de cáncer gástrico.",3.5778046809136868,1398,168,1566,open_ended,99.22058823529417,59.9,109.8,3293.83984375,3293.83984375,3293.83984375,96.05555555555556,74.0,99.0,15972.0,15972.0,15972.0
1,DeepSeek-R1-Distill-Qwen-14B-Q6_K,266,"La Unidad de Investigación en Salud (UIS) lidera el diseño, ejecución y gestión de procesos de investigación científica en el CNDTCG. Su papel principal es generar evidencia útil para fortalecer la toma de decisiones clínicas, administrativas y estratégicas, formulando investigación para los programas de tamizaje poblacional, la detección temprana, la eficiencia de recursos y los desenlaces clínicos del cáncer gastrointestinal.
Sus funciones clave incluyen:

Elaboración y gestión: Diseñar protocolos de investigación y gestionar avales éticos e institucionales.
Coordinación interinstitucional: Articular proyectos con servicios clínicos internos, universidades, centros de investigación y entidades financiadoras.
Desarrollo académico: Fomentar la cultura investigativa, la educación continua y la divulgación de resultados mediante publicaciones científicas.
Mejora continua: Colaborar con las áreas de Planificación y Mejora Continua para transformar datos en innovación y aprendizaje institucional.","</think>

La Unidad de Investigación en Salud (UIS) del CNDTCG tiene un papel fundamental en la investigación continua de cáncer gástrico y colorrectal. Ella debe liderar esfuerzos en la generación de evidencia, desarrollo institucional y comunicación formal con el establecimiento de origen. Además, la UIS juega un rol central en la articulación de la red de servicios de salud institucional, asegurando la implementación estandarizada de estrategias de captación, diagnóstico, tratamiento y seguimiento en todo el país. Su fortalecimiento es esencial para que el CNDTCG cumpla con sus funciones de manera efectiva y sostenible.",3.2768472109455615,1208,155,1363,open_ended,99.80967741935488,69.9,109.9,3293.83984375,3293.83984375,3293.83984375,97.375,96.0,99.0,15972.0,15972.0,15972.0
1,DeepSeek-R1-Distill-Qwen-14B-Q6_K,298," La colonoscopia incompleta es la exploración endoscópica del colon en la que no se logra avanzar el colonoscopio hasta alcanzar el ciego, por lo que no se visualiza la totalidad del órgano. Esta situación puede ser causada por diversos factores:
    Preparación intestinal insuficiente.
    Dolor o mala tolerancia del paciente durante la prueba.
    Características anatómicas como un colon demasiado largo, vólvulo intestinal, presencia de tejido cicatricial o diverticulosis.
    Factores individuales como bajo peso corporal o ciertas condiciones en mujeres jóvenes","</think>

La colonoscopia incompleta ocurre cuando el profesional de salud no puede avanzar el colonoscopio por completo a través del colon para llegar al ciego. Esto puede deberse a una preparación intestinal insuficiente, dolor, mala tolerancia del paciente, características anatómicas como colon largo, vólvulo, tejido cicatricial o diverticulosis, así como factores individuales como bajo peso corporal o ciertas condiciones en mujeres jóvenes.",2.403303259052336,1524,105,1629,open_ended,98.5086956521739,49.9,109.8,3293.83984375,3293.83984375,3293.83984375,95.91666666666667,75.0,99.0,15972.0,15972.0,15972.0
1,DeepSeek-R1-Distill-Qwen-14B-Q6_K,316,"La secretaria en el CNDTCG brinda soporte administrativo y logístico a la Dirección General y al equipo técnico para asegurar el funcionamiento ordenado de los procesos internos y la fluidez en la comunicación. Sus responsabilidades principales incluyen organizar la agenda, coordinar reuniones y eventos, colabora en la elaboración y formato de informes y otras tareas administrativas.","</think>

No se menciona el rol de la secretaria en el contexto proporcionado.",0.7162040980765595,1351,19,1370,open_ended,98.39999999999999,79.9,109.8,3293.60546875,3293.60546875,3293.60546875,85.75,49.0,99.0,15972.0,15972.0,15972.0
1,DeepSeek-R1-Distill-Qwen-14B-Q6_K,260,"El ultrasonido endoscópico es una herramienta diagnóstica y terapéutica de alta especialización que combina técnicas de alta resolución con acceso endoscópico interno. Permite evaluar lesiones del tracto gastrointestinal, estructuras perigestivas y sistema pancreatobiliar.","</think>

El ultrasonido endoscópico es una herramienta diagnóstica avanzada que combina la endoscopía con la ecografía de alta resolución. Su papel en el diagnóstico del cáncer gastrointestinal consiste en permitir una visualización detallada de las capas de la pared gastrointestinal y las estructuras adyacentes desde el interior del tracto digestivo. Esto es especialmente útil para evaluar lesiones sospechosas detectadas en los programas de tamizaje, proporcionando una imagen más precisa de la extensión, localización y características de dichas lesiones. Además, puede utilizarse para guiar procedimientos diagnósticos como biopsias con aguja fina o para planificar intervenciones quirúrgicas y terapéuticas complejas.",3.582071639946662,1082,173,1255,open_ended,98.04705882352947,49.9,109.8,3294.0466452205883,3293.60546875,3294.07421875,97.23529411764706,96.0,98.0,15972.0,15972.0,15972.0
1,DeepSeek-R1-Distill-Qwen-14B-Q6_K,286,"Una vez confirmado el diagnóstico de cáncer colorrectal (vía endoscópica o por biopsia), se deben llevar a cabo las siguientes acciones:

Referencia prioritaria: Referir con carácter prioritario al especialista médico para continuar con la estadificación y manejo.
Atención e información integral: Brindar al paciente información completa sobre el manejo, pronóstico, tratamiento y efectos secundarios, además de evaluar su estado funcional, nutricional y comorbilidades.
Estadificación: Realizar tomografía tóracotóraco-abdominopélvica con medio de contraste (y ultrasonido endoscópico o resonancia magnética si la lesión es en el recto).
Definición de ruta terapéutica: Establecer el tratamiento según el estadio (resección endoscópica, cirugía, quimioterapia o radioterapia neoadyuvante/adyuvante).","</think>

Si se confirma el diagnóstico de cáncer colorrectal, la persona debe recibir toda la información relacionada con el manejo, tratamiento y pronóstico de su enfermedad, incluyendo las alternativas disponibles y los posibles efectos secundarios o secuelas. En los estadios recurrentes, avanzados y metastásicos, se debe considerar un manejo multidisciplinario, valorando a la persona con las especialidades necesarias para garantizar un manejo integral, como gastroenterología, cirugía oncológica médica, oncología radioterápica, medicina paliativa, nutrición, psicología, trabajo social u otras, según el criterio del médico tratante.",3.1925020820926875,699,160,859,open_ended,99.47333333333337,89.9,109.8,3294.07421875,3294.07421875,3294.07421875,95.125,62.0,98.0,15972.0,15972.0,15972.0
1,DeepSeek-R1-Distill-Qwen-14B-Q6_K,292,"La Clasificación JNET (Japan NBI Expert Team) es una clasificación para pólipos colorrectales que se divide en cuatro subtipos:
    JNET 1: Pólipo hiperplásico.
    JNET 2A: Pólipo con neoplasia intramucosa de bajo grado.
    JNET 2B: Pólipo con neoplasia intramucosa de alto grado o invasión superficial de la submucosa.
    JNET 3: Lesión con cáncer invasor en la submucosa profunda.","</think>

La Clasificación JNET para pólipos colorrectales es una sistema de categorización que divide los pólipos en cuatro subtipos basados en su naturaleza y grado de malignidad. Fue desarrollado por el Japan NBI Expert Team (JNET). Los subtipos son:

1. **JNET 1**: Pólipo hiperplásico, que es benigno.
2. **JNET 2A**: Pólipo con neoplasia intramucosa de bajo grado.
3. **JNET 2B**: Pólipo con neoplasia intramucosa de alto grado o invasión superficial de la submucosa.
4. **JNET 3**: Lesión con cáncer invasor en la submucosa profunda.

Esta clasificación ayuda en el diagnóstico y management de los pólipos colorrectales, permitiendo预decir el riesgo de invasión y progresión maligna.",4.48539185593836,1506,214,1720,open_ended,101.01428571428579,99.8,109.8,3294.07421875,3294.07421875,3294.07421875,97.4090909090909,97.0,99.0,15972.0,15972.0,15972.0
1,DeepSeek-R1-Distill-Qwen-14B-Q6_K,295,"Sin Programa Nacional (Evolución Natural)
    Mortalidad: Se mantiene una tendencia con un promedio de 234 muertes anuales atribuibles al cáncer colorrectal.
Con el Programa Nacional Propuesto
    Reducción de la mortalidad: Se alcanza una disminución del 35% en la tasa de mortalidad en la población objetivo.
    Vidas salvadas: La reducción en la mortalidad se traduce en 82 muertes menos cada año por cáncer colorrectal.
    Detección oportuna: Se logra la detección de 40% a 50% de los casos en etapas tempranas o precancerosas, permitiendo abordajes terapéuticos menos invasivos y más efectivos.
    Ahorro económico: Se genera un impacto económico positivo con un ahorro anual estimado de ₡3.563.250.779 para la institución, al reducir la necesidad de tratamientos oncológicos complejos y hospitalizaciones prolongadas.","</think>

Sin el Programa Nacional de tamizaje propuesto, se proyectan 234 muertes anuales debido al cáncer colorrectal. Con el programa implementado, se espera una disminución del 35% en la mortalidad de la población objetivo, lo que resulta en 82 muertes menos cada año. Además, se logra la detección de más del 40% a 50% de los casos tempranos del cáncer, y se genera un ahorro económico anual de ₡3 563 250 779.",2.9371827049180865,1189,138,1327,open_ended,99.80714285714289,59.9,109.9,3294.07421875,3294.07421875,3294.07421875,97.42857142857143,96.0,99.0,15972.0,15972.0,15972.0
1,DeepSeek-R1-Distill-Qwen-14B-Q6_K,233,"Aunque el volumen total y la tasa de mortalidad por cáncer de estómago, colon y recto son mayores en los hombres (fallecen más hombres en términos absolutos), las mujeres que mueren por estas neoplasias lo hacen a edades más jóvenes en comparación con la edad de referencia.
Estadísticamente, la media de Años de Vida Potencialmente Perdidos (YPLL) por fallecimiento es mayor en las mujeres (16.49 años) que en los hombres (14.10 años). Esto demuestra que, cuando una mujer muere por estos tipos de cáncer, pierde en promedio más años de vida que un hombre.","</think>

En el contexto proporcionado, se menciona que aunque los hombres tienen una mayor tasa de mortalidad por cáncer de estómago, colon y recto, las mujeres tienden a morir de manera más prematura. Esto se refleja en las tasas de mortalidad específicas, donde los hombres presentan tasas más altas (por ejemplo, 15.75 por 100,000 habitantes para el cáncer de estómago) en comparación con las mujeres (9.57 por 100,000 habitantes). Sin embargo, la mortalidad más prematura en mujeres podría indicar que ellas fallecen a edades más jóvenes o en etapas tempranas de la enfermedad, a pesar de tener tasas de mortalidad relativamente menores.",3.9202666110359137,1662,181,1843,open_ended,99.26486486486493,69.9,109.8,3294.07421875,3294.07421875,3294.07421875,96.57894736842105,82.0,99.0,15972.0,15972.0,15972.0
1,DeepSeek-R1-Distill-Qwen-14B-Q6_K,319,"El cáncer gástrico es una neoplasia maligna que se origina en el revestimiento o en los tejidos del estómago. Se caracteriza por ser uno de los tipos de cáncer más comunes y representa una causa significativa de mortalidad, especialmente en etapas avanzadas.
El cáncer colorrectal es una neoplasia maligna que se origina en el colon o en el recto. Puede desarrollarse a partir de pólipos en el intestino grueso, por lo que su detección temprana es fundamental para recibir un tratamiento eficaz.","</think>

El cáncer gástrico es una enfermedad en la que se forman células malignas en los tejidos del estómago, según el NIH en 2022. Por otro lado, el cáncer colorrectal se define como un estudio radiológico con contraste que permite observar la morfología del estómago y el duodeno, según SERAM en 2020.",1.9212596400175241,714,93,807,open_ended,100.92777777777775,89.9,109.9,3294.07421875,3294.07421875,3294.07421875,93.2,55.0,98.0,15972.0,15972.0,15972.0
1,DeepSeek-R1-Distill-Qwen-14B-Q6_K,305,"El Manual de Gestión tiene como propósito principal establecer y formalizar el marco organizativo, técnico y funcional del Centro Nacional de Detección Temprana de Cáncer Gastrointestinal (CNDTCG). Busca orientar de manera sistemática sus procesos asistenciales, técnicos y administrativos, describiendo sus funciones, estructura, oferta de servicios y responsabilidades.
Su finalidad es garantizar la coherencia operativa, la eficiencia en la prestación de servicios y la alineación con los lineamientos estratégicos de la CCSS para la prevención, detección temprana, diagnóstico oportuno, seguimiento clínico y control del cáncer gástrico y colorrectal a nivel nacional.","</think>

El fin del Manual de Gestión del CNDTCG es describir y organizar las funciones, estructura, oferta de servicios y responsabilidades del centro, orientando de manera sistemática los procesos asistenciales, técnicos y administrativos. Busca garantizar la coherencia operativa, eficiencia en la prestación de servicios y alineación con los principios y lineamientos estratégicos de la CCSS. Además, actúa como una herramienta técnica esencial para orientar y guiar los procesos del centro, asegurando la calidad, oportunidad y seguridad en la prestación de servicios.",2.9076279229484503,1359,134,1493,open_ended,97.66785714285717,20.0,109.8,3294.07421875,3294.07421875,3294.07421875,97.64285714285714,97.0,99.0,15972.0,15972.0,15972.0
1,DeepSeek-R1-Distill-Qwen-14B-Q6_K,232,"Dado que la incidencia de cáncer de estómago, colon y recto está estrechamente ligada a la edad, la mayor longevidad brinda más oportunidades para llegar a edades en donde el riesgo de desarrollar cáncer es más alto.
Implicaciones para el tamizaje: El incremento de población en edades de mayor riesgo hace indispensables los programas organizados de detección temprana (como la prueba FIT y la Serie Gastroduodenal) ya que pueden mejorar significativamente la detección temprana y, por ende, las tases de supervivencia.","</think>

El aumento de la esperanza de vida en Costa Rica está directamente relacionado con el incremento en la incidencia de cáncer de estómago y colorrectal. A medida que la población vive más años, el riesgo de desarrollar enfermedades crónicas, como el cáncer, aumenta. Esto se refleja en datos que muestran un incremento en el número de casos y en la mortalidad por estos tipos de cáncer. 

Para los programas de tamizaje, esta relación implica la necesidad de implementar estrategias de prevención, detección temprana y seguimiento efectivas. Es fundamental adaptar modelos exitosos, como el del Centro Nacional de Detección Temprana de Cáncer Gastrointestinal, para abordar las áreas con mayor necesidad y reducir la mortalidad. Además, es esencial mejorar el acceso a servicios de salud y optimizar recursos para garantizar que las intervenciones lleguen a la población objetivo y disminuyan los años de vida potencialmente perdidos debido al cáncer.",4.845142853097059,1342,235,1577,open_ended,98.50217391304355,39.9,109.8,3294.07421875,3294.07421875,3294.07421875,97.33333333333333,96.0,98.0,15972.0,15972.0,15972.0
1,DeepSeek-R1-Distill-Qwen-14B-Q6_K,286,"Una vez confirmado el diagnóstico de cáncer colorrectal (vía endoscópica o por biopsia), se deben llevar a cabo las siguientes acciones:

Referencia prioritaria: Referir con carácter prioritario al especialista médico para continuar con la estadificación y manejo.
Atención e información integral: Brindar al paciente información completa sobre el manejo, pronóstico, tratamiento y efectos secundarios, además de evaluar su estado funcional, nutricional y comorbilidades.
Estadificación: Realizar tomografía tóracotóraco-abdominopélvica con medio de contraste (y ultrasonido endoscópico o resonancia magnética si la lesión es en el recto).
Definición de ruta terapéutica: Establecer el tratamiento según el estadio (resección endoscópica, cirugía, quimioterapia o radioterapia neoadyuvante/adyuvante).","</think>

Si se confirma el diagnóstico de cáncer colorrectal, la persona debe recibir toda la información relacionada con el manejo, tratamiento y pronóstico de su enfermedad, incluyendo las alternativas disponibles y los posibles efectos secundarios o secuelas. En los estadios recurrentes, avanzados y metastásicos, se debe considerar un manejo multidisciplinario, valorando a la persona con las especialidades necesarias para garantizar un manejo integral, como gastroenterología, cirugía oncológica médica, oncología radioterápica, medicina paliativa, nutrición, psicología y trabajo social, según el criterio del médico tratante.",3.152064064983278,699,158,857,open_ended,99.14000000000004,49.9,109.9,3294.07421875,3294.07421875,3294.07421875,97.4,96.0,98.0,15972.0,15972.0,15972.0
1,DeepSeek-R1-Distill-Qwen-14B-Q6_K,279,"Para realizar un inventario nacional detallado de los recursos disponibles para la realización de estudios endoscópicos, se debe incluir:

antidad y distribución de los equipos de endoscopia (equipos y torres de endoscopia alta y baja).
Disponibilidad de personal capacitado.
Capacidad operativa de los centros de salud, considerando la cantidad y distribución geográfica de las salas de endoscopía disponibles a nivel nacional y por centro de salud.

Contar con esta información permite identificar brechas y áreas de necesidad, facilitando la planificación, la evaluación de la infraestructura existente y la asignación estratégica de recursos para asegurar un acceso equitativo.","</think>

Para realizar un inventario nacional de los recursos disponibles para la realización de estudios endoscópicos, se debe incluir:

- La cantidad y distribución de los equipos de endoscopia existentes en los centros de salud.
- La disponibilidad de personal capacitado en endoscopia.
- La capacidad operativa de los centros de salud para realizar estudios endoscópicos adecuadamente.

Estos datos permitirán identificar brechas y áreas de necesidad, facilitando la planificación y asignación de recursos de manera estratégica.",2.634500179090537,1240,121,1361,open_ended,98.212,69.9,109.8,3294.07421875,3294.07421875,3294.07421875,93.92307692307692,50.0,99.0,15972.0,15972.0,15972.0
1,DeepSeek-R1-Distill-Qwen-14B-Q6_K,260,"El ultrasonido endoscópico es una herramienta diagnóstica y terapéutica de alta especialización que combina técnicas de alta resolución con acceso endoscópico interno. Permite evaluar lesiones del tracto gastrointestinal, estructuras perigestivas y sistema pancreatobiliar.","</think>

El ultrasonido endoscópico actúa como una herramienta diagnóstica avanzada en el contexto del cáncer gastrointestinal. Combina la tecnología de la endoscopía con la ecografía de alta resolución, permitiendo una visualización detallada de las capas de la pared gastrointestinal y las estructuras adyacentes desde el interior del tracto digestivo. Este procedimiento es esencial para evaluar lesiones sospechosas detectadas en los programas de tamizaje o en rutas clínicas alternativas. Además, facilita una evaluación más precisa de la extensión, localización y características de dichas lesiones, lo que resulta fundamental para guiar procedimientos diagnósticos como biopsias y para planificar intervenciones quirúrgicas y terapéuticas complejas.",3.7113856950309128,1082,180,1262,open_ended,99.80571428571434,79.9,109.8,3294.07421875,3294.07421875,3294.07421875,96.16666666666667,76.0,98.0,15972.0,15972.0,15972.0
1,DeepSeek-R1-Distill-Qwen-14B-Q6_K,238,"La red de laboratorios clínicos representa una fortaleza estratégica porque la CCSS cuenta con 110 laboratorios distribuidos en todo el país, lo que brinda una infraestructura robusta para implementar la prueba de sangre oculta en heces (FIT) a nivel nacional.
Respecto a las diferencias:
Prueba cualitativa: Está disponible en todos los laboratorios de la red mediante compra centralizada y distribución de la Gerencia de Logística, siendo una alternativa de implementación con resultados digitales homologados.
Prueba cuantitativa: Solo está disponible en dos laboratorios. Requiere equipos automatizados que otorgan un resultado cuantificable para medir frente a un punto de corte de positividad, exigiendo una compra nacional y una red centralizada para su uso masivo, por lo que no es viable a corto plazo.","</think>

La red de laboratorios clínicos de la CCSS es una fortaleza para el programa de tamizaje de cáncer colorrectal debido a su extensa distribución, con 110 laboratorios ubicados en hospitales generales, regionales, periféricos y áreas de salud, lo que permite un acceso más fácil y oportuno a la realización de pruebas FIT (sangre oculta en heces). Además, estos laboratorios tienen la capacidad para manejar grandes volúmenes de muestras, garantizando la calidad y confiabilidad de los resultados necesarios para el tamizaje.

La prueba de sangre oculta en heces cualitativa se realiza en todos los laboratorios clínicos del país, detectando la presencia de sangre en las heces de manera general. Por otro lado, la prueba cuantitativa solo se realiza en los laboratorios del Hospital México y el Hospital Max Peralta, y mide la cantidad de sangre, lo que puede influir en el número de colonoscopias necesarias para diagnosticar el cáncer colorrectal.",5.083931899047457,1360,247,1607,open_ended,99.59583333333342,59.9,109.8,3294.07421875,3294.07421875,3294.07421875,97.24,96.0,99.0,15972.0,15972.0,15972.0
1,DeepSeek-R1-Distill-Qwen-14B-Q6_K,226,"Pruebas de tamizaje: Incrementar la disponibilidad nacional de la Serie Gastroduodenal (SGD) para cáncer gástrico y la prueba inmunoquímica fecal (FIT) para cáncer de colon y recto, dirigidas a la población adscrita de 50 a 74 años.
Procedimientos endoscópicos derivados: Los casos con pruebas alteradas se someterán a gastroscopia (diagnóstico de cáncer gástrico) o colonoscopia (diagnóstico de cáncer de colon y recto) para confirmación y tratamiento oportuno.
Rol del CNDTCG: Articular y coordinar a todos los actores involucrados en los programas de tamizaje, garantizando la derivación oportuna de pacientes con lesiones detectadas a los centros correspondientes para su atención integral y la gestión eficaz del proceso.","</think>

El plan del CNDTCG incluye pruebas de tamizaje para detectar tempranamente el cáncer gastrointestinal, asegurando la continuidad y oportunidad en el diagnóstico. Realiza procedimientos endoscópicos terapéuticos, como resecciones y biopsias, y coordina con otros hospitales para el seguimiento de casos derivados. El centro lidera la gestión integral, desde la detección hasta el seguimiento clínico, y promueve la mejora continua para garantizar una atención eficiente y de calidad.",2.834925393108278,1468,128,1596,open_ended,98.70000000000002,59.9,109.8,3294.07421875,3294.07421875,3294.07421875,96.5,82.0,99.0,15972.0,15972.0,15972.0
1,DeepSeek-R1-Distill-Qwen-14B-Q6_K,265,"Brinda soporte técnico especializado en procedimientos endoscópicos diagnósticos y terapéuticos en coordinación con el personal médico y de enfermería.

Sus funciones principales incluyen:
Preparación y mantenimiento: Verificación de equipos, accesorios y sistemas de video endoscópicos en óptimas condiciones.
Asistencia intraprocedimiento: Apoyo directo al endoscopista en el manejo de equipos, toma de muestras, succión, irrigación y uso de instrumentos auxiliares.
Bioseguridad: Limpieza, desinfección de alto nivel, resguardo y trazabilidad del instrumental según normas de control de infecciones.
Gestión técnica: Control de inventario de insumos, listas de verificación, mantenimiento preventivo y reporte de fallos o averías.
Atención al usuario: Orientación clara, respetuosa y centrada en el bienestar del paciente.","</think>

El Técnico en Gastroenterología en el CNDTCG realiza actividades técnicas y de apoyo en el abordaje clínico de patologías gastrointestinales, incluyendo asesoría, formación del talento humano y transferencia metodológica. Coordina actividades como el tamizaje, diagnóstico, tratamiento y seguimiento de pacientes con cáncer gastrointestinal. Participa en la planificación, evaluación y monitoreo de indicadores clínicos y operativos para mejorar la calidad diagnóstica y seguridad del paciente. Asimismo, colabora en la gestión de infraestructura, soporte tecnológico e informático, y apoyo administrativo y financiero del centro.",3.369139687041752,1347,156,1503,open_ended,98.87187500000005,69.9,109.8,3294.07421875,3294.07421875,3294.07421875,96.4375,96.0,99.0,15972.0,15972.0,15972.0
1,DeepSeek-R1-Distill-Qwen-14B-Q6_K,286,"Una vez confirmado el diagnóstico de cáncer colorrectal (vía endoscópica o por biopsia), se deben llevar a cabo las siguientes acciones:

Referencia prioritaria: Referir con carácter prioritario al especialista médico para continuar con la estadificación y manejo.
Atención e información integral: Brindar al paciente información completa sobre el manejo, pronóstico, tratamiento y efectos secundarios, además de evaluar su estado funcional, nutricional y comorbilidades.
Estadificación: Realizar tomografía tóracotóraco-abdominopélvica con medio de contraste (y ultrasonido endoscópico o resonancia magnética si la lesión es en el recto).
Definición de ruta terapéutica: Establecer el tratamiento según el estadio (resección endoscópica, cirugía, quimioterapia o radioterapia neoadyuvante/adyuvante).","</think>

Si se confirma el diagnóstico de cáncer colorrectal, la persona debe recibir toda la información relacionada con el manejo, tratamiento y pronóstico de su enfermedad, incluyendo las alternativas disponibles y sus posibles efectos secundarios o secuelas. En los estadios recurrentes, avanzados y metastásicos, se debe considerar un manejo multidisciplinario, valorando a la persona con las especialidades necesarias para garantizar un manejo integral, como gastroenterología, cirugía oncológica médica, oncología radioterápica, medicina paliativa, nutrición, psicología, trabajo social u otras, según el criterio del médico tratante.",3.2033426190027967,699,160,859,open_ended,100.48666666666671,99.7,109.9,3294.07421875,3294.07421875,3294.07421875,96.8,95.0,98.0,15972.0,15972.0,15972.0
1,DeepSeek-R1-Distill-Qwen-14B-Q6_K,252,"La organización funcional del CNDTCG se estructura bajo un modelo programático e integrado con recursos compartidos y coordinación transversal. Sus principales áreas funcionales son:

Dirección General: Responsable de la conducción estratégica, técnica y operativa del centro.
Coordinaciones de Programa: Lideran la planificación y seguimiento técnico de líneas específicas (Tamizaje Gástrico y Colorrectal, Patología Biliar, Cirugía Percutánea, ESD, Ultrasonido Endoscópico, Cirugía Mayor y Endoscopía Diagnóstica/Terapéutica).
Área Clínica Asistencial: Ejecuta los procedimientos de tamizaje, diagnóstico, tratamiento y seguimiento (endoscopía alta/baja, consulta externa, sala de operaciones, recuperación, TAC y fluoroscopía).
Área de enfermería: brinda atención pre, intra y posterior al procedimiento apoyando los programas clínicos de forma transversal.
Área de Planificación, Investigación y Gestión de Datos: Integra Planificación y Mejora Continua, la Unidad de Investigación en Salud (UIS) y la Gestión de Bases de Datos.
Área Administrativa: Gestiona los recursos físicos, financieros, de talento humano y el soporte logístico.","</think>

La organización funcional del CNDTCG se basa en un modelo programático con recursos compartidos y coordinación transversal de áreas de soporte. Su estructura está alineada con el Mapa de Procesos Institucionales de la CCSS, contribuyendo al Macroproceso Sustantivo de Atención de la Salud, especialmente en promoción, prevención, recuperación y rehabilitación. Los principales programas incluyen tamizaje, diagnóstico temprano, tratamiento quirúrgico y seguimiento clínico. La estructura permite una atención especializada, integral y de alta calidad, con un enfoque en la mejora continua y la toma de decisiones basadas en evidencia.",3.3694513230584566,1307,159,1466,open_ended,99.49375000000005,59.9,109.8,3294.07421875,3294.07421875,3294.07421875,97.75,97.0,99.0,15972.0,15972.0,15972.0
1,DeepSeek-R1-Distill-Qwen-14B-Q6_K,256,"La Resección Submucosa Endoscópica (ESD) es una técnica endoscópica avanzada y de mínima invasión que permite resecar lesiones en bloque con precisión de margen y profundidad, especialmente en estómago y colon.
Su importancia radica en que ofrece una alternativa terapéutica  para tratar lesiones en etapa temprana que no pueden abordarse mediante polipectomía convencional. La ESD evita cirugías mayores invasivas, reduce los tiempos de recuperación, disminuye los costos de atención y mejora la calidad de vida de los pacientes.","</think>

La Resección Submucosa Endoscópica (ESD) es un procedimiento minimamente invasivo utilizado para resecar lesiones neoplásicas superficiales del tracto gastrointestinal. Es importante en el tratamiento del cáncer gastrointestinal ya que permite eliminar lesiones premalignas como metaplasia, displasia de bajo grado y displasia de alto grado (Cáncer in Situ). Este método resulta en un menor costo en comparación con el tratamiento de etapas avanzadas del cáncer, reduciendo así la carga económica y el riesgo quirúrgico. Además, contribuye a la detección temprana y al seguimiento adecuado de los pacientes, asegurando una mejor recuperación y evitando complicaciones futuras.",3.6470878310501575,1411,172,1583,open_ended,98.38000000000005,10.0,109.8,3294.07421875,3294.07421875,3294.07421875,97.5,96.0,99.0,15972.0,15972.0,15972.0
1,DeepSeek-R1-Distill-Qwen-14B-Q6_K,225,"Capacidad instalada: Los recursos actuales (personal, equipamiento e infraestructura) están dedicados a atenciones diagnósticas y terapéuticas ordinarias, lo que dificulta determinar la capacidad adicional disponible para absorber la nueva demanda del tamizaje.
Datos clínicos faltantes: No se dispone de datos sobre la cantidad de pacientes endoscópicos que requieren estudios complementarios (como ultrasonidos), vigilancia hemodinámica en gastroscopías, sedación especializada por anestesiología o requerimiento de biopsias, limitando el plan al cálculo de estudios básicos.
Falta de guías de seguimiento: Al no estar implementadas las guías de seguimiento endoscópico del Ministerio de Salud, no es posible estimar la demanda de procedimientos de control, afectando la determinación precisa de la capacidad instalada.","</think>

El plan enfrenta limitaciones debido a la falta de información sobre la capacidad instalada, lo que dificulta evaluar la disponibilidad de recursos como médicos, técnicos y equipamiento necesarios para expandir los servicios de tamizaje y tratamiento. Además, no se cuenta con datos suficientes sobre pacientes que requieren estudios complementarios, como ultrasonidos, lo que complica la planificación y ejecución efectiva del programa.",2.12678719102405,1218,95,1313,open_ended,100.80999999999997,89.9,109.8,3294.07421875,3294.07421875,3294.07421875,97.9,97.0,99.0,15972.0,15972.0,15972.0
1,DeepSeek-R1-Distill-Qwen-14B-Q6_K,276,"Antecedentes de familiares de primer grado (padre, madre, hijos y hermanos) diagnosticados con cáncer colorrectal a la edad de 50 años o menos.

Síndromes hereditarios asociados al cáncer colorrectal, entre los cuales se destacan:
    Síndrome de Lynch
    Poliposis adenomatosa familiar
    Poliposis adenomatosa familiar atenuada
    Poliposis asociada a MUTYH
    Síndrome de Peutz-Jeghers
    Síndrome de poliposis juvenil
    Síndrome de Cowden","</think>

Los principales factores de riesgo de antecedentes familiares para cáncer colorrectal, según la norma, son:

a) Antecedentes heredofamiliares de cáncer colorrectal de primer grado (madre, padre, hermanos, hijos).",1.6400382129941133,1578,64,1642,open_ended,97.31249999999999,39.9,109.9,3294.07421875,3294.07421875,3294.07421875,93.25,60.0,99.0,15972.0,15972.0,15972.0
1,DeepSeek-R1-Distill-Qwen-14B-Q6_K,269,"El área de Gestión de Bases de Datos en el CNDTCG es responsable del diseño, mantenimiento, consolidación y análisis de los sistemas de información que contienen los datos clínicos, administrativos y operativos del centro.

Sus funciones principales incluyen:
Crear y mantener bases de datos estructuradas para almacenar y procesar información de tamizaje, endoscopía, consulta externa, procedimientos quirúrgicos y seguimiento clínico.
Validar, depurar y actualizar los datos, asegurando el control de calidad.
Generar reportes e informes analíticos para la toma de decisiones estratégicas, evaluación de desempeño y monitoreo de indicadores clave.
Garantizar la seguridad, confidencialidad y resguardo de información sensible mediante controles de acceso y rutinas de respaldo.","</think>

El área de gestión de bases de datos en el CNDTCG tiene la función de administrar e integrar información clave relacionada con los procesos asistenciales, técnicos y administrativos del centro. Esto incluye el manejo de datos necesarios para la implementación de programas de tamizaje, diagnóstico temprano y seguimiento clínico de pacientes con patologías gastrointestinales. Además, contribuye a la estandarización, trazabilidad y calidad de las actividades desarrolladas en el centro, asegurando la coherencia operativa y la eficiencia en la prestación de servicios.",2.965526801999659,1363,137,1500,open_ended,99.45000000000003,79.9,109.8,3294.07421875,3294.07421875,3294.07421875,97.85714285714286,97.0,99.0,15972.0,15972.0,15972.0
1,DeepSeek-R1-Distill-Qwen-14B-Q6_K,305,"El Manual de Gestión tiene como propósito principal establecer y formalizar el marco organizativo, técnico y funcional del Centro Nacional de Detección Temprana de Cáncer Gastrointestinal (CNDTCG). Busca orientar de manera sistemática sus procesos asistenciales, técnicos y administrativos, describiendo sus funciones, estructura, oferta de servicios y responsabilidades.
Su finalidad es garantizar la coherencia operativa, la eficiencia en la prestación de servicios y la alineación con los lineamientos estratégicos de la CCSS para la prevención, detección temprana, diagnóstico oportuno, seguimiento clínico y control del cáncer gástrico y colorrectal a nivel nacional.","</think>

El fin del Manual de Gestión es describir y organizar las funciones, estructura, oferta de servicios y responsabilidades del CNDTCG, orientando de manera sistemática los procesos asistenciales, técnicos y administrativos del centro. Busca garantizar la coherencia operativa, eficiencia en la prestación de servicios y alineación con los principios y lineamientos estratégicos de la CCSS. Además, constituye una herramienta técnica esencial que refleja las funciones, responsabilidades y procesos operativos del centro, actualizados y validados mediante un método de consenso entre expertos.",2.9655128499725834,1359,137,1496,open_ended,99.45357142857145,79.9,109.8,3294.07421875,3294.07421875,3294.07421875,95.2,59.0,99.0,15972.0,15972.0,15972.0
1,DeepSeek-R1-Distill-Qwen-14B-Q6_K,277,"El Director General del CNDTCG es responsable de liderar técnica y administrativamente el funcionamiento integral del centro. Le corresponde coordinar, supervisar y orientar la implementación del modelo de atención especializado en detección temprana, diagnóstico, tratamiento y seguimiento del cáncer gástrico y colorrectal, asegurando los objetivos estratégicos.
Sus funciones principales incluyen:

Representar al centro ante instancias superiores de la CCSS, la Gerencia Médica y redes de salud.
Supervisar todas las unidades funcionales clínicas y administrativas, promoviendo el uso eficiente de recursos y la mejora continua.
Impulsar la planificación operativa anual, liderar la gestión de indicadores de desempeño y promover la investigación aplicada.
Garantizar la correcta aplicación de la normativa técnica y administrativa vigente.","</think>

El Director General del CNDTCG tiene la responsabilidad de conducir estratégica, técnicamente y operativamente el centro. Coordina y supervisa todas las unidades funcionales, asegurando el cumplimiento de los objetivos estratégicos e institucionales. Además, lidera la planificación técnica y el seguimiento operativo de los procesos asistenciales, y se encarga de la articulación operativa con la red institucional de la CCSS. También alinea las funciones del centro con las políticas institucionales en salud, modelos de atención y normativa técnica vigentes.",2.87424666294828,1472,130,1602,open_ended,100.54444444444447,99.8,109.9,3294.07421875,3294.07421875,3294.07421875,97.85714285714286,97.0,99.0,15972.0,15972.0,15972.0
2,DeepSeek-R1-Distill-Qwen-14B-Q6_K,67,Sí,sí,0.48928603203967214,1142,10,1152,yes_no,93.84,59.9,109.8,3294.07421875,3294.07421875,3294.07421875,97.5,96.0,99.0,15972.0,15972.0,15972.0
2,DeepSeek-R1-Distill-Qwen-14B-Q6_K,32,Sí,no,1.5549376730341462,2092,51,2143,yes_no,98.48666666666665,69.9,109.8,3294.07421875,3294.07421875,3294.07421875,98.28571428571429,98.0,99.0,15972.0,15972.0,15972.0
2,DeepSeek-R1-Distill-Qwen-14B-Q6_K,71,Sí,sí,0.5217189219547436,1271,10,1281,yes_no,99.84,99.8,99.9,3294.07421875,3294.07421875,3294.07421875,98.0,97.0,99.0,15972.0,15972.0,15972.0
2,DeepSeek-R1-Distill-Qwen-14B-Q6_K,63,Sí,no,1.3090259860036895,1370,51,1421,yes_no,94.43846153846152,20.0,109.8,3294.07421875,3294.07421875,3294.07421875,98.0,97.0,99.0,15972.0,15972.0,15972.0
2,DeepSeek-R1-Distill-Qwen-14B-Q6_K,85,Sí,no,0.7078557370696217,1979,8,1987,yes_no,94.14285714285714,69.9,109.8,3294.07421875,3294.07421875,3294.07421875,90.33333333333333,73.0,99.0,15972.0,15972.0,15972.0
2,DeepSeek-R1-Distill-Qwen-14B-Q6_K,39,No,no,0.3304179349215701,726,8,734,yes_no,74.875,10.0,99.8,3294.07421875,3294.07421875,3294.07421875,77.5,70.0,85.0,15972.0,15972.0,15972.0
2,DeepSeek-R1-Distill-Qwen-14B-Q6_K,96,Sí,no,1.0975224990397692,1429,38,1467,yes_no,91.65454545454544,30.0,99.8,3294.07421875,3294.07421875,3294.07421875,98.2,98.0,99.0,15972.0,15972.0,15972.0
2,DeepSeek-R1-Distill-Qwen-14B-Q6_K,53,Sí,no,1.340021876967512,1476,51,1527,yes_no,98.28461538461536,59.9,109.9,3294.07421875,3294.07421875,3294.07421875,95.83333333333333,85.0,99.0,15972.0,15972.0,15972.0
2,DeepSeek-R1-Distill-Qwen-14B-Q6_K,83,Sí,sí,0.5454509470146149,1361,10,1371,yes_no,88.18333333333334,10.0,109.9,3294.07421875,3294.07421875,3294.07421875,84.33333333333333,57.0,99.0,15972.0,15972.0,15972.0
2,DeepSeek-R1-Distill-Qwen-14B-Q6_K,62,Sí,sí,0.5160011349944398,1260,10,1270,yes_no,97.84,89.9,99.9,3294.07421875,3294.07421875,3294.07421875,98.0,97.0,99.0,15972.0,15972.0,15972.0
2,DeepSeek-R1-Distill-Qwen-14B-Q6_K,118,No,no,0.46996474906336516,1235,8,1243,yes_no,89.86,49.9,109.8,3294.07421875,3294.07421875,3294.07421875,90.0,82.0,98.0,15972.0,15972.0,15972.0
2,DeepSeek-R1-Distill-Qwen-14B-Q6_K,96,Sí,no,1.0965214120224118,1429,38,1467,yes_no,94.37272727272726,30.0,109.8,3294.07421875,3294.07421875,3294.07421875,98.0,97.0,99.0,15972.0,15972.0,15972.0
2,DeepSeek-R1-Distill-Qwen-14B-Q6_K,11,Sí,sí,0.48384821496438235,1463,5,1468,yes_no,93.84,59.9,109.8,3294.07421875,3294.07421875,3294.07421875,86.0,73.0,99.0,15972.0,15972.0,15972.0
2,DeepSeek-R1-Distill-Qwen-14B-Q6_K,52,No,no,0.5645136850653217,1543,8,1551,yes_no,89.83333333333333,29.9,109.8,3294.07421875,3294.07421875,3294.07421875,82.66666666666667,52.0,99.0,15972.0,15972.0,15972.0
2,DeepSeek-R1-Distill-Qwen-14B-Q6_K,44,Sí,no,1.2794462509918956,1265,51,1316,yes_no,101.47499999999998,99.8,109.8,3294.07421875,3294.07421875,3294.07421875,94.16666666666667,76.0,98.0,15972.0,15972.0,15972.0
2,DeepSeek-R1-Distill-Qwen-14B-Q6_K,46,Sí,sí,0.4340878389775753,1305,5,1310,yes_no,81.86,10.0,99.9,3294.07421875,3294.07421875,3294.07421875,86.0,73.0,99.0,15972.0,15972.0,15972.0
2,DeepSeek-R1-Distill-Qwen-14B-Q6_K,65,No,sí,0.5514746070839465,1374,10,1384,yes_no,86.55000000000001,20.0,109.8,3294.07421875,3294.07421875,3294.07421875,82.0,52.0,99.0,15972.0,15972.0,15972.0
2,DeepSeek-R1-Distill-Qwen-14B-Q6_K,73,Sí,sí,0.5521638368954883,1374,10,1384,yes_no,84.86666666666666,20.0,99.9,3294.07421875,3294.07421875,3294.07421875,86.0,64.0,99.0,15972.0,15972.0,15972.0
2,DeepSeek-R1-Distill-Qwen-14B-Q6_K,115,No,no,0.4089616929413751,1025,8,1033,yes_no,94.85,79.9,99.9,3294.07421875,3294.07421875,3294.07421875,91.0,86.0,96.0,15972.0,15972.0,15972.0
2,DeepSeek-R1-Distill-Qwen-14B-Q6_K,105,No,no,0.4661181130213663,1198,8,1206,yes_no,83.88000000000001,30.0,99.9,3294.07421875,3294.07421875,3294.07421875,96.5,94.0,99.0,15972.0,15972.0,15972.0
2,DeepSeek-R1-Distill-Qwen-14B-Q6_K,4,Sí,sí,0.7499944259179757,1991,10,2001,yes_no,87.35,10.0,99.9,3294.07421875,3294.07421875,3294.07421875,90.0,75.0,99.0,15972.0,15972.0,15972.0
2,DeepSeek-R1-Distill-Qwen-14B-Q6_K,55,No,no,1.353372019017115,1480,51,1531,yes_no,99.8153846153846,79.9,109.8,3294.07421875,3294.07421875,3294.07421875,94.66666666666667,84.0,99.0,15972.0,15972.0,15972.0
2,DeepSeek-R1-Distill-Qwen-14B-Q6_K,7,Sí,sí,0.6063101289328188,1542,10,1552,yes_no,98.16666666666667,69.9,109.9,3294.07421875,3294.07421875,3294.07421875,96.0,94.0,99.0,15972.0,15972.0,15972.0
2,DeepSeek-R1-Distill-Qwen-14B-Q6_K,104,No,no,0.29718564299400896,935,4,939,yes_no,123.13333333333334,89.8,169.8,3294.07421875,3294.07421875,3294.07421875,94.0,94.0,94.0,15972.0,15972.0,15972.0
2,DeepSeek-R1-Distill-Qwen-14B-Q6_K,77,No,no,0.4935324059333652,1276,8,1284,yes_no,93.84,69.9,99.9,3293.91796875,3293.91796875,3293.91796875,77.0,50.0,99.0,15972.0,15972.0,15972.0
2,DeepSeek-R1-Distill-Qwen-14B-Q6_K,77,No,no,0.1698650090256706,1276,8,1284,yes_no,79.9,59.9,99.9,3293.91796875,3293.91796875,3293.91796875,,,,15972.0,15972.0,15972.0
2,DeepSeek-R1-Distill-Qwen-14B-Q6_K,29,Sí,sí,0.4840800859965384,1102,10,1112,yes_no,91.84,59.9,109.8,3293.91796875,3293.91796875,3293.91796875,91.5,84.0,99.0,15972.0,15972.0,15972.0
2,DeepSeek-R1-Distill-Qwen-14B-Q6_K,99,Sí,sí,0.531560885021463,1281,10,1291,yes_no,99.82000000000001,99.8,99.9,3293.91796875,3293.91796875,3293.91796875,80.0,46.0,99.0,15972.0,15972.0,15972.0
2,DeepSeek-R1-Distill-Qwen-14B-Q6_K,15,No,no,0.6877885770518333,1910,8,1918,yes_no,86.97142857142856,49.9,99.8,3293.91796875,3293.91796875,3293.91796875,85.25,60.0,99.0,15972.0,15972.0,15972.0
2,DeepSeek-R1-Distill-Qwen-14B-Q6_K,53,Sí,no,1.3574498490197584,1476,51,1527,yes_no,97.5,69.9,109.8,3293.91796875,3293.91796875,3293.91796875,96.5,96.0,99.0,15972.0,15972.0,15972.0
2,DeepSeek-R1-Distill-Qwen-14B-Q6_K,22,No,no,0.685153338010423,1881,8,1889,yes_no,91.25714285714285,49.9,99.9,3293.91796875,3293.91796875,3293.91796875,87.33333333333333,65.0,99.0,15972.0,15972.0,15972.0
2,DeepSeek-R1-Distill-Qwen-14B-Q6_K,58,Sí,sí,1.2978815389797091,1238,50,1288,yes_no,95.2153846153846,10.0,109.9,3293.91796875,3293.91796875,3293.91796875,96.0,94.0,99.0,15972.0,15972.0,15972.0
2,DeepSeek-R1-Distill-Qwen-14B-Q6_K,60,No,no,0.607904089963995,1615,8,1623,yes_no,94.85000000000001,79.9,99.9,3293.91796875,3293.91796875,3293.91796875,96.33333333333333,95.0,99.0,15972.0,15972.0,15972.0
2,DeepSeek-R1-Distill-Qwen-14B-Q6_K,97,Sí,no,0.6420872600283474,1462,13,1475,yes_no,85.55714285714285,0.0,109.8,3293.91796875,3293.91796875,3293.91796875,96.33333333333333,94.0,99.0,15972.0,15972.0,15972.0
2,DeepSeek-R1-Distill-Qwen-14B-Q6_K,41,Sí,sí,0.5929187630536034,1505,10,1515,yes_no,96.5,59.9,109.8,3293.91796875,3293.91796875,3293.91796875,91.66666666666667,82.0,99.0,15972.0,15972.0,15972.0
2,DeepSeek-R1-Distill-Qwen-14B-Q6_K,114,No,no,0.5100253550335765,1347,8,1355,yes_no,95.84,89.8,109.8,3293.91796875,3293.91796875,3293.91796875,79.5,60.0,99.0,15972.0,15972.0,15972.0
2,DeepSeek-R1-Distill-Qwen-14B-Q6_K,17,No,no,0.5162670309655368,1388,8,1396,yes_no,99.82000000000001,89.8,109.8,3293.91796875,3293.91796875,3293.91796875,84.5,70.0,99.0,15972.0,15972.0,15972.0
2,DeepSeek-R1-Distill-Qwen-14B-Q6_K,8,No,no,1.4641495780088007,1775,51,1826,yes_no,98.38571428571427,79.9,99.9,3293.91796875,3293.91796875,3293.91796875,96.33333333333333,94.0,99.0,15972.0,15972.0,15972.0
2,DeepSeek-R1-Distill-Qwen-14B-Q6_K,88,No,no,0.677368575008586,1864,8,1872,yes_no,91.25714285714285,39.9,99.9,3293.91796875,3293.91796875,3293.91796875,95.66666666666667,89.0,99.0,15972.0,15972.0,15972.0
2,DeepSeek-R1-Distill-Qwen-14B-Q6_K,19,No,no,0.5473714029649271,1467,8,1475,yes_no,84.86666666666666,20.0,99.9,3293.91796875,3293.91796875,3293.91796875,97.5,96.0,99.0,15972.0,15972.0,15972.0
2,DeepSeek-R1-Distill-Qwen-14B-Q6_K,63,Sí,no,0.5205982408951968,1370,8,1378,yes_no,97.82000000000001,89.8,99.9,3293.91796875,3293.91796875,3293.91796875,86.0,73.0,99.0,15972.0,15972.0,15972.0
2,DeepSeek-R1-Distill-Qwen-14B-Q6_K,106,No,no,0.6985597340390086,1935,8,1943,yes_no,95.54285714285713,59.9,109.8,3293.91796875,3293.91796875,3293.91796875,91.33333333333333,77.0,99.0,15972.0,15972.0,15972.0
2,DeepSeek-R1-Distill-Qwen-14B-Q6_K,71,Sí,sí,0.5302576320245862,1271,10,1281,yes_no,97.82000000000001,89.9,99.8,3293.91796875,3293.91796875,3293.91796875,83.0,68.0,98.0,15972.0,15972.0,15972.0
2,DeepSeek-R1-Distill-Qwen-14B-Q6_K,71,Sí,sí,0.1974232770735398,1271,10,1281,yes_no,89.80000000000001,79.9,99.7,3293.91796875,3293.91796875,3293.91796875,72.0,72.0,72.0,15972.0,15972.0,15972.0
2,DeepSeek-R1-Distill-Qwen-14B-Q6_K,97,Sí,no,1.3583441190421581,1462,51,1513,yes_no,97.5153846153846,79.9,109.9,3293.91796875,3293.91796875,3293.91796875,96.5,96.0,99.0,15972.0,15972.0,15972.0
2,DeepSeek-R1-Distill-Qwen-14B-Q6_K,1,Sí,no,0.3501092550577596,813,8,821,yes_no,82.375,20.0,109.9,3293.91796875,3293.91796875,3293.91796875,79.0,63.0,95.0,15972.0,15972.0,15972.0
2,DeepSeek-R1-Distill-Qwen-14B-Q6_K,93,No,no,0.5220385349821299,1403,8,1411,yes_no,97.82000000000001,89.8,99.9,3293.91796875,3293.91796875,3293.91796875,97.5,96.0,99.0,15972.0,15972.0,15972.0
2,DeepSeek-R1-Distill-Qwen-14B-Q6_K,39,No,no,0.33340530400164425,726,8,734,yes_no,74.875,10.0,99.8,3293.91796875,3293.91796875,3293.91796875,96.0,96.0,96.0,15972.0,15972.0,15972.0
2,DeepSeek-R1-Distill-Qwen-14B-Q6_K,78,Sí,sí,0.6355742369778454,1307,15,1322,yes_no,99.8,89.8,109.8,3293.91796875,3293.91796875,3293.91796875,83.33333333333333,57.0,99.0,15972.0,15972.0,15972.0
2,DeepSeek-R1-Distill-Qwen-14B-Q6_K,104,No,no,0.30161452596075833,935,4,939,yes_no,93.2,79.9,99.9,3293.91796875,3293.91796875,3293.91796875,92.0,92.0,92.0,15972.0,15972.0,15972.0
2,DeepSeek-R1-Distill-Qwen-14B-Q6_K,120,No,no,0.5332129510352388,1421,8,1429,yes_no,84.85000000000001,0.0,109.9,3293.91796875,3293.91796875,3293.91796875,84.0,68.0,99.0,15972.0,15972.0,15972.0
2,DeepSeek-R1-Distill-Qwen-14B-Q6_K,2,No,no,0.5764791509136558,1568,8,1576,yes_no,91.5,49.9,109.8,3293.91796875,3293.91796875,3293.91796875,91.33333333333333,86.0,99.0,15972.0,15972.0,15972.0
2,DeepSeek-R1-Distill-Qwen-14B-Q6_K,23,No,sí,0.4858863929985091,1098,10,1108,yes_no,91.84,59.9,99.9,3293.91796875,3293.91796875,3293.91796875,97.0,95.0,99.0,15972.0,15972.0,15972.0
2,DeepSeek-R1-Distill-Qwen-14B-Q6_K,90,Sí,no,0.5204645720077679,1389,8,1397,yes_no,101.82000000000001,89.8,109.8,3293.91796875,3293.91796875,3293.91796875,94.5,91.0,98.0,15972.0,15972.0,15972.0
2,DeepSeek-R1-Distill-Qwen-14B-Q6_K,7,Sí,sí,0.6137502180645241,1542,10,1552,yes_no,94.83333333333333,79.9,99.8,3293.91796875,3293.91796875,3293.91796875,90.0,76.0,99.0,15972.0,15972.0,15972.0
2,DeepSeek-R1-Distill-Qwen-14B-Q6_K,14,No,no,0.6150615430669858,1650,8,1658,yes_no,98.16666666666667,79.9,109.8,3293.91796875,3293.91796875,3293.91796875,95.33333333333333,88.0,99.0,15972.0,15972.0,15972.0
2,DeepSeek-R1-Distill-Qwen-14B-Q6_K,117,No,no,0.5781999870669097,1568,8,1576,yes_no,91.5,39.9,109.8,3293.91796875,3293.91796875,3293.91796875,89.0,69.0,99.0,15972.0,15972.0,15972.0
2,DeepSeek-R1-Distill-Qwen-14B-Q6_K,22,No,no,0.6863626780686901,1881,8,1889,yes_no,94.11428571428571,49.9,109.8,3293.91796875,3293.91796875,3293.91796875,82.0,48.0,99.0,15972.0,15972.0,15972.0
2,DeepSeek-R1-Distill-Qwen-14B-Q6_K,70,Sí,sí,0.5343073820695281,1290,10,1300,yes_no,83.18333333333334,0.0,99.9,3293.91796875,3293.91796875,3293.91796875,97.0,95.0,99.0,15972.0,15972.0,15972.0
2,DeepSeek-R1-Distill-Qwen-14B-Q6_K,119,No,no,0.40922463906463236,1265,4,1269,yes_no,99.825,89.8,109.8,3293.91796875,3293.91796875,3293.91796875,77.5,56.0,99.0,15972.0,15972.0,15972.0
2,DeepSeek-R1-Distill-Qwen-14B-Q6_K,102,No,no,0.3895089749712497,976,8,984,yes_no,94.85,69.9,109.8,3293.91796875,3293.91796875,3293.91796875,91.5,91.0,92.0,15972.0,15972.0,15972.0
2,DeepSeek-R1-Distill-Qwen-14B-Q6_K,68,Sí,sí,0.5859592549968511,1461,10,1471,yes_no,91.5,49.9,99.9,3293.91796875,3293.91796875,3293.91796875,97.5,96.0,99.0,15972.0,15972.0,15972.0
2,DeepSeek-R1-Distill-Qwen-14B-Q6_K,74,No,no,0.6291561860125512,1427,13,1440,yes_no,96.46666666666665,89.8,109.8,3293.91796875,3293.91796875,3293.91796875,90.66666666666667,79.0,99.0,15972.0,15972.0,15972.0
2,DeepSeek-R1-Distill-Qwen-14B-Q6_K,39,No,no,0.33275891200173646,726,8,734,yes_no,74.875,0.0,99.9,3293.91796875,3293.91796875,3293.91796875,77.5,71.0,84.0,15972.0,15972.0,15972.0
2,DeepSeek-R1-Distill-Qwen-14B-Q6_K,115,No,no,0.33654157805722207,1025,4,1029,yes_no,77.375,10.0,99.9,3293.91796875,3293.91796875,3293.91796875,78.5,74.0,83.0,15972.0,15972.0,15972.0
2,DeepSeek-R1-Distill-Qwen-14B-Q6_K,35,No,no,0.5086967130191624,1336,8,1344,yes_no,97.82000000000001,89.8,99.9,3293.91796875,3293.91796875,3293.91796875,97.0,95.0,99.0,15972.0,15972.0,15972.0
2,DeepSeek-R1-Distill-Qwen-14B-Q6_K,21,Sí,sí,0.5153027420165017,1227,10,1237,yes_no,97.84,89.8,109.8,3293.91796875,3293.91796875,3293.91796875,89.5,83.0,96.0,15972.0,15972.0,15972.0
2,DeepSeek-R1-Distill-Qwen-14B-Q6_K,67,Sí,sí,0.49498608603607863,1142,10,1152,yes_no,97.84,69.9,109.8,3293.91796875,3293.91796875,3293.91796875,78.0,53.0,98.0,15972.0,15972.0,15972.0
2,DeepSeek-R1-Distill-Qwen-14B-Q6_K,43,No,no,0.5556866129627452,1523,8,1531,yes_no,84.86666666666667,20.0,109.9,3293.91796875,3293.91796875,3293.91796875,97.5,96.0,99.0,15972.0,15972.0,15972.0
2,DeepSeek-R1-Distill-Qwen-14B-Q6_K,37,No,no,1.0130923800170422,1284,35,1319,yes_no,95.81999999999998,49.9,109.8,3293.91796875,3293.91796875,3293.91796875,90.2,66.0,99.0,15972.0,15972.0,15972.0
2,DeepSeek-R1-Distill-Qwen-14B-Q6_K,60,No,no,0.6100397710688412,1615,8,1623,yes_no,98.16666666666667,79.9,109.9,3293.91796875,3293.91796875,3293.91796875,96.66666666666667,94.0,99.0,15972.0,15972.0,15972.0
2,DeepSeek-R1-Distill-Qwen-14B-Q6_K,13,Sí,sí,0.727076172013767,1921,10,1931,yes_no,98.39999999999999,89.9,109.8,3293.91796875,3293.91796875,3293.91796875,98.0,96.0,99.0,15972.0,15972.0,15972.0
2,DeepSeek-R1-Distill-Qwen-14B-Q6_K,77,No,no,0.49221737403422594,1276,8,1284,yes_no,93.84,69.9,99.9,3293.91796875,3293.91796875,3293.91796875,91.0,86.0,96.0,15972.0,15972.0,15972.0
2,DeepSeek-R1-Distill-Qwen-14B-Q6_K,62,Sí,sí,0.5223575549898669,1260,10,1270,yes_no,99.82000000000001,89.8,109.8,3293.91796875,3293.91796875,3293.91796875,80.0,61.0,99.0,15972.0,15972.0,15972.0
2,DeepSeek-R1-Distill-Qwen-14B-Q6_K,25,Sí,sí,0.6502373849507421,1622,10,1632,yes_no,88.41428571428571,20.0,99.9,3293.91796875,3293.91796875,3293.91796875,90.66666666666667,75.0,99.0,15972.0,15972.0,15972.0
2,DeepSeek-R1-Distill-Qwen-14B-Q6_K,60,No,no,0.6086833680747078,1615,8,1623,yes_no,99.83333333333333,79.9,109.8,3293.91796875,3293.91796875,3293.91796875,96.66666666666667,93.0,99.0,15972.0,15972.0,15972.0
2,DeepSeek-R1-Distill-Qwen-14B-Q6_K,60,No,no,0.16006411495618522,1615,8,1623,yes_no,74.9,49.9,99.9,3293.91796875,3293.91796875,3293.91796875,,,,15972.0,15972.0,15972.0
2,DeepSeek-R1-Distill-Qwen-14B-Q6_K,58,Sí,sí,1.2951546249678358,1238,51,1289,yes_no,93.66923076923075,10.0,109.8,3293.91796875,3293.91796875,3293.91796875,96.0,94.0,99.0,15972.0,15972.0,15972.0
2,DeepSeek-R1-Distill-Qwen-14B-Q6_K,21,Sí,sí,0.5153252630261704,1227,10,1237,yes_no,93.84,79.9,99.8,3294.07421875,3294.07421875,3294.07421875,81.33333333333333,57.0,99.0,15972.0,15972.0,15972.0
2,DeepSeek-R1-Distill-Qwen-14B-Q6_K,4,Sí,sí,0.7535495209740474,1991,10,2001,yes_no,87.33749999999999,10.0,99.9,3294.07421875,3294.07421875,3294.07421875,85.0,47.0,99.0,15972.0,15972.0,15972.0
2,DeepSeek-R1-Distill-Qwen-14B-Q6_K,55,No,no,0.5482360130408778,1480,8,1488,yes_no,84.85000000000001,10.0,99.9,3294.07421875,3294.07421875,3294.07421875,97.5,96.0,99.0,15972.0,15972.0,15972.0
2,DeepSeek-R1-Distill-Qwen-14B-Q6_K,104,No,no,0.37804413004778326,935,8,943,yes_no,87.35,49.9,99.9,3294.07421875,3294.07421875,3294.07421875,96.0,96.0,96.0,15972.0,15972.0,15972.0
2,DeepSeek-R1-Distill-Qwen-14B-Q6_K,77,No,no,0.49333944299723953,1276,8,1284,yes_no,93.84,59.9,109.8,3294.07421875,3294.07421875,3294.07421875,96.0,93.0,99.0,15972.0,15972.0,15972.0
2,DeepSeek-R1-Distill-Qwen-14B-Q6_K,78,Sí,sí,0.596061642980203,1307,13,1320,yes_no,94.83333333333333,59.9,109.9,3294.07421875,3294.07421875,3294.07421875,97.0,95.0,99.0,15972.0,15972.0,15972.0
2,DeepSeek-R1-Distill-Qwen-14B-Q6_K,100,No,no,0.22858855896629393,604,4,608,yes_no,73.23333333333333,10.0,109.8,3294.07421875,3294.07421875,3294.07421875,62.0,62.0,62.0,15972.0,15972.0,15972.0
2,DeepSeek-R1-Distill-Qwen-14B-Q6_K,89,Sí,no,1.3107111799763516,1324,51,1375,yes_no,93.66153846153846,29.9,99.8,3294.07421875,3294.07421875,3294.07421875,89.57142857142857,52.0,99.0,15972.0,15972.0,15972.0
2,DeepSeek-R1-Distill-Qwen-14B-Q6_K,56,Sí,sí,0.5924889170564711,1520,10,1530,yes_no,93.16666666666667,59.9,109.8,3294.07421875,3294.07421875,3294.07421875,97.5,96.0,99.0,15972.0,15972.0,15972.0
2,DeepSeek-R1-Distill-Qwen-14B-Q6_K,112,No,no,0.4852100209100172,1253,8,1261,yes_no,95.8,59.9,109.8,3294.07421875,3294.07421875,3294.07421875,76.33333333333333,47.0,99.0,15972.0,15972.0,15972.0
2,DeepSeek-R1-Distill-Qwen-14B-Q6_K,12,No,no,0.5755442819790914,1559,8,1567,yes_no,89.83333333333333,39.9,109.9,3294.07421875,3294.07421875,3294.07421875,97.5,96.0,99.0,15972.0,15972.0,15972.0
2,DeepSeek-R1-Distill-Qwen-14B-Q6_K,64,No,no,1.3215727489441633,1338,51,1389,yes_no,93.66153846153846,39.9,99.8,3294.07421875,3294.07421875,3294.07421875,90.14285714285714,55.0,99.0,15972.0,15972.0,15972.0
2,DeepSeek-R1-Distill-Qwen-14B-Q6_K,95,No,no,0.5215910939732566,1405,8,1413,yes_no,95.84,89.8,99.9,3294.07421875,3294.07421875,3294.07421875,97.0,95.0,99.0,15972.0,15972.0,15972.0
2,DeepSeek-R1-Distill-Qwen-14B-Q6_K,33,No,no,0.5176808779360726,1380,8,1388,yes_no,97.82000000000001,89.8,99.9,3294.07421875,3294.07421875,3294.07421875,91.0,84.0,98.0,15972.0,15972.0,15972.0
2,DeepSeek-R1-Distill-Qwen-14B-Q6_K,18,Sí,sí,0.6588211589260028,1672,10,1682,yes_no,92.68571428571428,20.0,109.8,3294.07421875,3294.07421875,3294.07421875,86.0,63.0,99.0,15972.0,15972.0,15972.0
2,DeepSeek-R1-Distill-Qwen-14B-Q6_K,61,Sí,sí,0.6058907730039209,1338,13,1351,yes_no,91.5,69.9,99.9,3294.07421875,3294.07421875,3294.07421875,84.0,59.0,99.0,15972.0,15972.0,15972.0
2,DeepSeek-R1-Distill-Qwen-14B-Q6_K,26,No,no,0.4839247449999675,1253,8,1261,yes_no,89.84,59.9,99.8,3294.07421875,3294.07421875,3294.07421875,97.5,96.0,99.0,15972.0,15972.0,15972.0
2,DeepSeek-R1-Distill-Qwen-14B-Q6_K,79,Sí,sí,0.5062932070577517,1199,10,1209,yes_no,93.84,79.9,99.9,3293.91796875,3293.91796875,3293.91796875,97.0,95.0,99.0,15972.0,15972.0,15972.0
2,DeepSeek-R1-Distill-Qwen-14B-Q6_K,43,No,no,0.5553291658870876,1523,8,1531,yes_no,86.51666666666667,20.0,99.9,3293.91796875,3293.91796875,3293.91796875,87.33333333333333,65.0,99.0,15972.0,15972.0,15972.0
2,DeepSeek-R1-Distill-Qwen-14B-Q6_K,104,No,no,0.37558724300470203,935,8,943,yes_no,87.35,49.9,99.9,3293.91796875,3293.91796875,3293.91796875,96.0,96.0,96.0,15972.0,15972.0,15972.0
2,DeepSeek-R1-Distill-Qwen-14B-Q6_K,67,Sí,sí,0.5518582770600915,1142,13,1155,yes_no,88.18333333333334,20.0,109.9,3293.91796875,3293.91796875,3293.91796875,85.66666666666667,65.0,96.0,15972.0,15972.0,15972.0
2,DeepSeek-R1-Distill-Qwen-14B-Q6_K,114,No,no,0.42967663099989295,1347,4,1351,yes_no,81.86,10.0,109.8,3293.91796875,3293.91796875,3293.91796875,89.0,80.0,98.0,15972.0,15972.0,15972.0
2,DeepSeek-R1-Distill-Qwen-14B-Q6_K,147,35 cantones.,"</think>

35 cantones presentan una incidencia superior a 11.66 para cáncer gástrico.
</think>

35",1.1865843479754403,1956,33,1989,short_answer,94.82499999999999,20.0,109.9,3293.91796875,3293.91796875,3293.91796875,88.83333333333333,48.0,99.0,15972.0,15972.0,15972.0
2,DeepSeek-R1-Distill-Qwen-14B-Q6_K,150,El número de Unidad Programática del CNDTCG es 2806.,"</think>

No lo sé.
</think>

No lo sé.",0.4443021679762751,791,13,804,short_answer,83.86,10.0,109.8,3293.91796875,3293.91796875,3293.91796875,85.0,75.0,95.0,15972.0,15972.0,15972.0
2,DeepSeek-R1-Distill-Qwen-14B-Q6_K,152,Cada 5 años,"</think>

No se especifica en el contexto la frecuencia de revisión o actualización de la norma nacional para la atención del cáncer colorrectal.",1.097232031985186,1574,35,1609,short_answer,95.27272727272725,29.9,109.8,3293.91796875,3293.91796875,3293.91796875,96.6,96.0,99.0,15972.0,15972.0,15972.0
2,DeepSeek-R1-Distill-Qwen-14B-Q6_K,148,2 salas de endoscopia.,"</think>

La pregunta se refiere a cuántas salas de endoscopia puede contar la unidad móvil de endoscopía propuesta. 

Revisando el contexto proporcionado, no se menciona directamente el número de salas de endoscopia que una unidad móvil podría tener. Sin embargo, se habla de salas de fluoroscopia y personal de imagenología, pero no hay información específica sobre salas de endoscopia móviles.

Por lo tanto, no se puede determinar el número exacto de salas de endoscopia para la unidad móvil basado en el contexto proporcionado.

Respuesta: No lo sé.
</think>

No lo sé.",3.2511085890000686,1808,142,1950,short_answer,97.54838709677423,49.9,99.9,3293.91796875,3293.91796875,3293.91796875,96.625,95.0,99.0,15972.0,15972.0,15972.0
2,DeepSeek-R1-Distill-Qwen-14B-Q6_K,137,98.5 radiólogos.,"</think>

Según el contexto, hay aproximadamente 98.5 radiólogos capacitados en la interpretación de la SGD en la CCSS.
</think>

98.5",1.3060718049528077,1962,40,2002,short_answer,93.66923076923075,30.0,99.9,3293.91796875,3293.91796875,3293.91796875,98.33333333333333,98.0,99.0,15972.0,15972.0,15972.0
2,DeepSeek-R1-Distill-Qwen-14B-Q6_K,217,Enfermero(a) Profesional,"</think>

El profesional responsable es el médico gastroenterólogo o cirujano digestivo, quien coordina y supervisa los procedimientos y el seguimiento clínico de los pacientes.
</think>

El profesional responsable es el médico gastroenterólogo o cirujano digestivo, quien coordina y supervisa los procedimientos y el seguimiento clínico de los pacientes.",1.8029386720154432,1312,77,1389,short_answer,99.81764705882351,89.9,109.9,3293.91796875,3293.91796875,3293.91796875,98.0,97.0,99.0,15972.0,15972.0,15972.0
2,DeepSeek-R1-Distill-Qwen-14B-Q6_K,132,44.58 casos.,"</think>

No lo sé.
</think>

No lo sé.",0.8105690520023928,2006,13,2019,short_answer,97.3625,59.9,109.9,3293.91796875,3293.91796875,3293.91796875,92.5,75.0,99.0,15972.0,15972.0,15972.0
2,DeepSeek-R1-Distill-Qwen-14B-Q6_K,155,8 hospitales regionales,"</think>

La CCSS cuenta actualmente con 8 hospitales regionales.

**Respuesta:** 8 hospitales regionales.",0.8252402798971162,1067,30,1097,short_answer,94.83749999999999,69.9,99.9,3293.91796875,3293.91796875,3293.91796875,96.25,91.0,99.0,15972.0,15972.0,15972.0
2,DeepSeek-R1-Distill-Qwen-14B-Q6_K,122,CNDTCG y DICE.,"</think>

CNDTCG y DICE.",0.4410594990476966,951,11,962,short_answer,81.86,10.0,99.9,3293.91796875,3293.91796875,3293.91796875,70.0,56.0,97.0,15972.0,15972.0,15972.0
2,DeepSeek-R1-Distill-Qwen-14B-Q6_K,173,Taminzaje de cáncer gástrico y tamizaje de cáncer colorrectal,"</think>

El CNDTCG implementa programas de tamizaje poblacional para el cáncer gástrico y colorrectal.
</think>

El CNDTCG implementa programas de tamizaje poblacional para el cáncer gástrico y colorrectal.",1.5535392579622567,1491,61,1552,short_answer,97.83333333333333,49.9,109.8,3293.91796875,3293.91796875,3293.91796875,93.125,60.0,99.0,15972.0,15972.0,15972.0
2,DeepSeek-R1-Distill-Qwen-14B-Q6_K,200,"Cirugía para extirpar el ano, el recto y parte del colorrectal sigmoide","</think>

La resección abdominoperineal es una cirugía que elimina el recto, el colon sigmoide y el perineo, realizada por incisión en abdomen y perineo, generalmente por cáncer.",1.357365292031318,1275,54,1329,short_answer,97.5153846153846,79.9,99.9,3293.91796875,3293.91796875,3293.91796875,94.14285714285714,80.0,98.0,15972.0,15972.0,15972.0
2,DeepSeek-R1-Distill-Qwen-14B-Q6_K,126, Los 81 cantones originales previos a 2019.,"</think>

El plan utiliza la estructura de los 81 cantones originales previos al 2019 para sus proyecciones, debido a que la creación de nuevos cantones genera distorsión en los datos.",1.1720126840518788,887,51,938,short_answer,99.8090909090909,99.8,99.9,3293.91796875,3293.91796875,3293.91796875,90.16666666666667,52.0,98.0,15972.0,15972.0,15972.0
2,DeepSeek-R1-Distill-Qwen-14B-Q6_K,157,El 88% de los gastroenterólogos,"</think>

No lo sé.
</think>

No lo sé.",0.6222280859947205,1441,13,1454,short_answer,96.51666666666667,89.9,99.9,3293.91796875,3293.91796875,3293.91796875,97.33333333333333,95.0,99.0,15972.0,15972.0,15972.0
2,DeepSeek-R1-Distill-Qwen-14B-Q6_K,165,7 debilidades,"</think>

Según el análisis FODA del CNDTCG, se identifican 5 debilidades.",0.890383381047286,1524,26,1550,short_answer,92.04444444444442,29.9,109.8,3293.91796875,3293.91796875,3293.91796875,98.0,97.0,99.0,15972.0,15972.0,15972.0
2,DeepSeek-R1-Distill-Qwen-14B-Q6_K,203,95%,"</think>

La tasa de intubación cecal a considerar es del 95% en el programa de tamizaje.",0.8828883600654079,1290,29,1319,short_answer,92.04444444444442,29.9,99.9,3293.91796875,3293.91796875,3293.91796875,85.4,66.0,99.0,15972.0,15972.0,15972.0
2,DeepSeek-R1-Distill-Qwen-14B-Q6_K,196,Sistema de Identificación Agendas y Citas (SIAC) ,"</think>

No lo sé.
</think>

No lo sé.",0.6616203170269728,1542,13,1555,short_answer,91.27142857142857,30.0,109.8,3293.91796875,3293.91796875,3293.91796875,97.0,94.0,99.0,15972.0,15972.0,15972.0
2,DeepSeek-R1-Distill-Qwen-14B-Q6_K,164,"Central Norte, Central Sur, Chorotega, Huetar Atlántica, Huetar Norte, Brunca y Pacífico Central","</think>

No lo sé.",0.5066071479814127,1445,7,1452,short_answer,85.9,69.9,89.9,3294.07421875,3294.07421875,3294.07421875,98.5,98.0,99.0,15972.0,15972.0,15972.0
2,DeepSeek-R1-Distill-Qwen-14B-Q6_K,145,1995,"</think>

No lo sé.
</think>

No lo sé.",0.5969857160234823,1350,13,1363,short_answer,94.83333333333333,59.9,109.9,3294.07421875,3294.07421875,3294.07421875,95.66666666666667,92.0,98.0,15972.0,15972.0,15972.0
2,DeepSeek-R1-Distill-Qwen-14B-Q6_K,126, Los 81 cantones originales previos a 2019.,"</think>

El plan utiliza la estructura de los 81 cantones originales previos al 2019 para sus proyecciones debido a que la creación de nuevos cantones distorsiona los datos.",1.1058952250750735,887,48,935,short_answer,94.36363636363635,39.9,109.8,3294.07421875,3294.07421875,3294.07421875,96.6,92.0,98.0,15972.0,15972.0,15972.0
2,DeepSeek-R1-Distill-Qwen-14B-Q6_K,178,Técnico en Imágenes Médicas / Imagenólogo,"</think>

El profesional que administra el medio de contraste y realiza las imágenes fluoroscópicas en la SGD es el radiólogo.",0.9314599570352584,1380,30,1410,short_answer,97.58888888888887,79.8,99.9,3294.07421875,3294.07421875,3294.07421875,88.6,51.0,99.0,15972.0,15972.0,15972.0
2,DeepSeek-R1-Distill-Qwen-14B-Q6_K,142,5.02 equipos,"</think>

No lo sé.",0.4821148869814351,1353,7,1360,short_answer,93.84,59.9,109.8,3294.07421875,3294.07421875,3294.07421875,98.5,98.0,99.0,15972.0,15972.0,15972.0
2,DeepSeek-R1-Distill-Qwen-14B-Q6_K,177,FIT,"</think>

La prueba inicial de tamizaje para el cáncer colorrectal es la prueba FIT (Sangre oculta en heces).",0.931421771994792,1242,32,1274,short_answer,95.37777777777777,69.9,99.8,3294.07421875,3294.07421875,3294.07421875,98.0,97.0,99.0,15972.0,15972.0,15972.0
2,DeepSeek-R1-Distill-Qwen-14B-Q6_K,128,11.66 casos.,"</think>

No lo sé.
</think>

No lo sé.",0.7787009539315476,1923,13,1936,short_answer,88.6125,30.0,99.9,3294.07421875,3294.07421875,3294.07421875,98.33333333333333,97.0,99.0,15972.0,15972.0,15972.0
2,DeepSeek-R1-Distill-Qwen-14B-Q6_K,207,Escala de Preparación Intestinal de Boston,"</think>

No se menciona una escala específica para evaluar la calidad de la preparación intestinal en el contexto proporcionado.
</think>

No se menciona una escala específica para evaluar la calidad de la preparación intestinal en el contexto proporcionado.",1.3512435879092666,1315,53,1368,short_answer,97.5076923076923,69.9,99.9,3294.07421875,3294.07421875,3294.07421875,93.85714285714286,79.0,99.0,15972.0,15972.0,15972.0
2,DeepSeek-R1-Distill-Qwen-14B-Q6_K,127,"Análisis demográfico, herramientas GIS y MS-Excel.","</think>

MS-Excel y herramientas de GIS.
</think>

MS-Excel y herramientas de GIS.",0.7368599539622664,1151,23,1174,short_answer,101.24285714285713,99.8,109.8,3294.07421875,3294.07421875,3294.07421875,98.0,97.0,99.0,15972.0,15972.0,15972.0
2,DeepSeek-R1-Distill-Qwen-14B-Q6_K,208,40 años o 10 años antes del familiar afectado más joven,"</think>

La edad para realizar tamizaje por colonoscopia directa si tiene parientes de primer grado con antecedentes de cáncer de colorrectal diagnosticado a los 50 años o menos es a partir de los 40 años.

**Respuesta:** A los 40 años.",1.714406334911473,1661,66,1727,short_answer,94.52941176470586,10.0,109.9,3294.07421875,3294.07421875,3294.07421875,98.125,97.0,99.0,15972.0,15972.0,15972.0
2,DeepSeek-R1-Distill-Qwen-14B-Q6_K,167,40%,"</think>

El porcentaje de invitación para los programas de tamizaje es del 40%.
</think>

El porcentaje de invitación para los programas de tamizaje es del 40%.",1.2340555300470444,1501,44,1545,short_answer,96.49166666666666,59.9,109.8,3294.07421875,3294.07421875,3294.07421875,92.16666666666667,64.0,99.0,15972.0,15972.0,15972.0
2,DeepSeek-R1-Distill-Qwen-14B-Q6_K,189,Nacional,"</think>

No lo sé.
</think>

No lo sé.",0.5433633270440624,1130,13,1143,short_answer,79.86666666666667,0.0,99.8,3294.07421875,3294.07421875,3294.07421875,87.0,67.0,98.0,15972.0,15972.0,15972.0
2,DeepSeek-R1-Distill-Qwen-14B-Q6_K,207,Escala de Preparación Intestinal de Boston,"</think>

No se menciona una escala específica para evaluar la calidad de la preparación intestinal en el contexto proporcionado.",0.856955423951149,1315,27,1342,short_answer,89.84444444444443,10.0,109.8,3294.07421875,3294.07421875,3294.07421875,82.8,50.0,99.0,15972.0,15972.0,15972.0
2,DeepSeek-R1-Distill-Qwen-14B-Q6_K,194,Cáncer de colon,"</think>

El código C18 en la clasificación CIE-10 corresponde a tumores malignos del colon, incluyendo el apéndice y diferentes partes del colon.
</think>

El código C18 en la clasificación CIE-10 corresponde a tumores malignos del colon.",1.6142351429443809,1314,67,1381,short_answer,94.19999999999997,10.0,109.8,3294.07421875,3294.07421875,3294.07421875,97.5,94.0,98.0,15972.0,15972.0,15972.0
2,DeepSeek-R1-Distill-Qwen-14B-Q6_K,147,35 cantones.,"</think>

35 cantones presentan una incidencia superior a 11.66 para cáncer gástrico.
</think>

35",1.17317219695542,1956,33,1989,short_answer,93.15833333333332,0.0,109.9,3294.07421875,3294.07421875,3294.07421875,94.16666666666667,74.0,99.0,15972.0,15972.0,15972.0
2,DeepSeek-R1-Distill-Qwen-14B-Q6_K,152,Cada 5 años,"</think>

No se menciona en el contexto la periodicidad para revisar y actualizar la norma nacional para la atención del cáncer colorrectal.

Respuesta: No lo sé.
</think>

No lo sé.",1.2951328000053763,1574,46,1620,short_answer,94.39999999999999,10.0,109.8,3294.07421875,3294.07421875,3294.07421875,89.85714285714286,53.0,99.0,15972.0,15972.0,15972.0
2,DeepSeek-R1-Distill-Qwen-14B-Q6_K,171,Médico General Asistente,"</think>

El puesto encargado de brindar apoyo clínico directo durante la realización de procedimientos endoscópicos diagnósticos y terapéuticos es el de Endoscopista.",1.273553979001008,1399,48,1447,short_answer,98.9833333333333,89.9,99.9,3294.07421875,3294.07421875,3294.07421875,98.0,98.0,98.0,15972.0,15972.0,15972.0
2,DeepSeek-R1-Distill-Qwen-14B-Q6_K,130,35.79 casos.,"</think>

No lo sé.",0.5979332369752228,1689,7,1696,short_answer,93.18333333333334,69.9,99.9,3294.07421875,3294.07421875,3294.07421875,93.0,83.0,99.0,15972.0,15972.0,15972.0
2,DeepSeek-R1-Distill-Qwen-14B-Q6_K,146,2027,"</think>

2025",0.4280961869517341,1135,7,1142,short_answer,99.825,99.8,99.9,3294.07421875,3294.07421875,3294.07421875,99.0,99.0,99.0,15972.0,15972.0,15972.0
2,DeepSeek-R1-Distill-Qwen-14B-Q6_K,197,"SIES, SIAC, ARCA, FileMaker, bases de datos internas","</think>

No lo sé.
</think>

No lo sé.",0.5480255149304867,1170,13,1183,short_answer,88.18333333333334,10.0,109.9,3294.07421875,3294.07421875,3294.07421875,87.0,65.0,98.0,15972.0,15972.0,15972.0
2,DeepSeek-R1-Distill-Qwen-14B-Q6_K,194,Cáncer de colon,"</think>

El código C18 en la clasificación CIE-10 corresponde a tumores malignos del colon.
</think>

El código C18 en la clasificación CIE-10 corresponde a tumores malignos del colon.",1.3463488740380856,1314,53,1367,short_answer,97.5076923076923,59.9,109.9,3294.07421875,3294.07421875,3294.07421875,96.33333333333333,88.0,98.0,15972.0,15972.0,15972.0
2,DeepSeek-R1-Distill-Qwen-14B-Q6_K,195,"Accesorios para drenaje biliar, esfinterotomías, extracción de cálculos y colocación de prótesis","</think>

El CNDTCG dispone de un equipo para Colangiopancreatografía Retrógrada Endoscópica (CPRE), incluyendo accesorios para drenaje biliar, esfinterotomías, extracción de cálculos y colocación de prótesis.",1.6102709800470618,1290,67,1357,short_answer,96.06874999999998,10.0,109.9,3294.07421875,3294.07421875,3294.07421875,94.5,70.0,99.0,15972.0,15972.0,15972.0
2,DeepSeek-R1-Distill-Qwen-14B-Q6_K,219,Dra. Rosalyn Vargas Barquero,"</think>

Se debe contactar al CNDTCG para consultas sobre rutas clínicas y protocolos de tamizaje.",0.892683800891973,1322,29,1351,short_answer,97.59999999999998,39.9,119.9,3294.07421875,3294.07421875,3294.07421875,98.25,98.0,99.0,15972.0,15972.0,15972.0
2,DeepSeek-R1-Distill-Qwen-14B-Q6_K,128,11.66 casos.,"</think>

No lo sé.",0.6608395020011812,1923,7,1930,short_answer,88.41428571428571,20.0,109.8,3294.07421875,3294.07421875,3294.07421875,91.33333333333333,76.0,99.0,15972.0,15972.0,15972.0
2,DeepSeek-R1-Distill-Qwen-14B-Q6_K,186,Coordinaciones de Programa,"</think>

La área funcional del CNDTCG que establece coordinaciones técnicas para el Tamizaje de Cáncer Gástrico y Colorrectal es la **Asistencia técnica y fortalecimiento de capacidades**.",1.1611329619772732,851,51,902,short_answer,99.8181818181818,89.9,109.8,3294.07421875,3294.07421875,3294.07421875,98.0,98.0,98.0,15972.0,15972.0,15972.0
2,DeepSeek-R1-Distill-Qwen-14B-Q6_K,141,"San José, Alajuela y Cartago","</think>

La concentración de recursos se encuentra en las provincias de San José, Alajuela y Cartago.
</think>

La concentración de recursos se encuentra en las provincias de San José, Alajuela y Cartago.",1.4121478609740734,1744,49,1793,short_answer,94.11428571428569,30.0,99.9,3294.07421875,3294.07421875,3294.07421875,95.42857142857143,80.0,99.0,15972.0,15972.0,15972.0
2,DeepSeek-R1-Distill-Qwen-14B-Q6_K,194,Cáncer de colon,"</think>

El código C18 en la clasificación CIE-10 corresponde a tumores malignos del colon, incluyendo el apéndice y diferentes partes del colon.
</think>

El código C18 en la clasificación CIE-10 corresponde a tumores malignos del colon.",1.6157717750174925,1314,67,1381,short_answer,96.06874999999998,30.0,109.8,3294.07421875,3294.07421875,3294.07421875,95.5,78.0,99.0,15972.0,15972.0,15972.0
2,DeepSeek-R1-Distill-Qwen-14B-Q6_K,127,"Análisis demográfico, herramientas GIS y MS-Excel.","</think>

Para analizar la población adscrita por provincia, cantón, sexo y edad, se utilizan herramientas de GIS y MS-Excel.
</think>

Para analizar la población adscrita por provincia, cantón, sexo y edad, se utilizan herramientas de GIS y MS-Excel.",1.53087700298056,1151,65,1216,short_answer,97.15333333333332,30.0,109.9,3294.07421875,3294.07421875,3294.07421875,93.0,64.0,98.0,15972.0,15972.0,15972.0
2,DeepSeek-R1-Distill-Qwen-14B-Q6_K,192,Cualitativa y Cuantitativa,"</think>

La prueba SOHi tiene dos tipos: cualitativa y cuantitativa.
</think>

La prueba SOHi tiene dos tipos: cualitativa y cuantitativa.",1.1146602620137855,1421,39,1460,short_answer,99.81818181818181,49.9,109.9,3294.07421875,3294.07421875,3294.07421875,98.0,97.0,99.0,15972.0,15972.0,15972.0
2,DeepSeek-R1-Distill-Qwen-14B-Q6_K,156,12 hospitales periféricos,"</think>

La CCSS cuenta con 12 hospitales periféricos.
</think>

La CCSS cuenta con 12 hospitales periféricos.",0.9973941830685363,1135,37,1172,short_answer,94.82999999999998,30.0,109.8,3294.07421875,3294.07421875,3294.07421875,89.6,56.0,99.0,15972.0,15972.0,15972.0
2,DeepSeek-R1-Distill-Qwen-14B-Q6_K,202,6 minutos,"</think>

El tiempo de retirada mínimo recomendado en una colonoscopia de calidad es de 6 minutos.
</think>

El tiempo de retirada mínimo recomendado en una colonoscopia de calidad es de 6 minutos.",1.3002665179083124,1529,47,1576,short_answer,93.66923076923075,20.0,109.8,3294.07421875,3294.07421875,3294.07421875,90.0,52.0,99.0,15972.0,15972.0,15972.0
2,DeepSeek-R1-Distill-Qwen-14B-Q6_K,190,No mayor a seis meses,"</think>

En caso de una prueba SOHi positiva, se debe realizar colonoscopia en un plazo no mayor a seis meses.
</think>

En caso de una prueba SOHi positiva, se debe realizar colonoscopia en un plazo no mayor a seis meses.",1.3225903150159863,1428,57,1485,short_answer,95.9923076923077,39.9,109.8,3294.07421875,3294.07421875,3294.07421875,98.0,97.0,99.0,15972.0,15972.0,15972.0
2,DeepSeek-R1-Distill-Qwen-14B-Q6_K,158,19 salas,"</think>

La CCSS cuenta con 19 salas de fluoroscopia disponibles para estos procedimientos.",0.7995325439842417,1390,23,1413,short_answer,98.57499999999999,59.9,109.8,3294.07421875,3294.07421875,3294.07421875,96.5,93.0,98.0,15972.0,15972.0,15972.0
2,DeepSeek-R1-Distill-Qwen-14B-Q6_K,147,35 cantones.,"</think>

35 cantones presentan una incidencia superior a 11.66 para cáncer gástrico.
</think>

35",1.1746996560832486,1956,33,1989,short_answer,91.49166666666666,0.0,99.9,3294.07421875,3294.07421875,3294.07421875,95.16666666666667,79.0,99.0,15972.0,15972.0,15972.0
2,DeepSeek-R1-Distill-Qwen-14B-Q6_K,210,Tomografía tóracoabdominopélvica con medio de contraste,"</think>

No lo sé.",0.21636528300587088,435,7,442,short_answer,99.85,99.8,99.9,3294.07421875,3294.07421875,3294.07421875,,,,15972.0,15972.0,15972.0
2,DeepSeek-R1-Distill-Qwen-14B-Q6_K,135,"1,203,483 personas.","</think>

La población objetivo total proyectada para el año 2025 es de aproximadamente 1.2 millones de personas.
</think>

La población objetivo total proyectada para el año 2025 es de aproximadamente 1.2 millones de personas.",1.481010108953342,1372,59,1431,short_answer,98.39285714285712,89.9,99.9,3294.07421875,3294.07421875,3294.07421875,97.28571428571429,93.0,98.0,15972.0,15972.0,15972.0
2,DeepSeek-R1-Distill-Qwen-14B-Q6_K,161,1 mes,"</think>

No se menciona un plazo específico para definir la estructura organizacional del CNDTCG en el contexto proporcionado.
</think>

No lo sé.
</think>

No se menciona un plazo específico para definir la estructura organizacional del CNDTCG en el contexto proporcionado.
</think>

No lo sé.
</think>

No lo sé.
</think>

No lo sé.
</think>

No lo sé.
</think>

No lo sé.
</think>

No lo sé.
</think>

No lo sé.
</think>

No lo sé.
</think>

No lo sé.
</think>

No lo sé.
</think>

No lo sé.
</think>

No lo sé.
</think>

No lo sé.
</think>

No lo sé.
</think>

No lo sé.
</think>

No lo sé.
</think>

No lo sé.
</think>

No lo sé.
</think>

No lo sé.
</think>

No lo sé.
</think>

No lo sé.
</think>

No lo sé.
</think>

No lo",4.178853275021538,1367,201,1568,short_answer,98.05750000000008,20.0,109.8,3294.07421875,3294.07421875,3294.07421875,96.66666666666667,78.0,99.0,15972.0,15972.0,15972.0
2,DeepSeek-R1-Distill-Qwen-14B-Q6_K,195,"Accesorios para drenaje biliar, esfinterotomías, extracción de cálculos y colocación de prótesis","</think>

El CNDTCG dispone de un equipo para Colangiopancreatografía Retrógrada Endoscópica (CPRE), incluyendo accesorios para drenaje biliar, esfinterotomías, extracción de cálculos y colocación de prótesis.",1.6121963809709998,1290,67,1357,short_answer,94.20624999999998,10.0,99.9,3294.07421875,3294.07421875,3294.07421875,96.5,86.0,98.0,15972.0,15972.0,15972.0
2,DeepSeek-R1-Distill-Qwen-14B-Q6_K,166,2 plazas MQC2 para proyectos especiales,"</think>

Según el contexto, se requieren 2 plazas de MQC2 para la implementación del SILC.
</think>

2 plazas de MQC2",1.1259735899511722,1479,38,1517,short_answer,96.19999999999999,69.9,99.9,3294.07421875,3294.07421875,3294.07421875,89.0,49.0,99.0,15972.0,15972.0,15972.0
2,DeepSeek-R1-Distill-Qwen-14B-Q6_K,170,"₡102,322,211.","</think>

₡102,322,211",0.9485829430632293,2259,15,2274,short_answer,99.82222222222221,89.9,109.9,3294.07421875,3294.07421875,3294.07421875,98.0,95.0,99.0,15972.0,15972.0,15972.0
2,DeepSeek-R1-Distill-Qwen-14B-Q6_K,165,7 debilidades,"</think>

Según el análisis FODA del CNDTCG, se identifican 5 debilidades en el centro.",0.9631105690496041,1524,29,1553,short_answer,88.86999999999999,0.0,99.9,3294.07421875,3294.07421875,3294.07421875,92.0,82.0,99.0,15972.0,15972.0,15972.0
2,DeepSeek-R1-Distill-Qwen-14B-Q6_K,126, Los 81 cantones originales previos a 2019.,"</think>

El plan utiliza la estructura de los 81 cantones originales previos al 2019 para sus proyecciones, debido a que la creación de nuevos cantones genera distorsión en los datos.",1.1874706509988757,887,51,938,short_answer,92.32499999999999,10.0,99.9,3294.07421875,3294.07421875,3294.07421875,93.33333333333333,76.0,99.0,15972.0,15972.0,15972.0
2,DeepSeek-R1-Distill-Qwen-14B-Q6_K,179,Radiólogo,"</think>

El profesional que analiza las imágenes de la SGD es el radiólogo especialista en interpretación de imágenes médicas.
</think>

El profesional que analiza las imágenes de la SGD es el radiólogo especialista en interpretación de imágenes médicas.",1.3443567900685593,1231,53,1284,short_answer,95.2076923076923,59.9,99.8,3294.07421875,3294.07421875,3294.07421875,96.83333333333333,96.0,99.0,15972.0,15972.0,15972.0
2,DeepSeek-R1-Distill-Qwen-14B-Q6_K,161,1 mes,"</think>

No se menciona un plazo específico para definir la estructura organizacional del CNDTCG en el contexto proporcionado.
</think>

No lo sé.",1.0563454549992457,1367,36,1403,short_answer,101.80999999999997,89.8,109.9,3294.07421875,3294.07421875,3294.07421875,93.2,81.0,98.0,15972.0,15972.0,15972.0
2,DeepSeek-R1-Distill-Qwen-14B-Q6_K,127,"Análisis demográfico, herramientas GIS y MS-Excel.","</think>

Para analizar la población adscrita por provincia, cantón, sexo y edad, se utilizan herramientas de GIS y MS-Excel.
</think>

Para analizar la población adscrita por provincia, cantón, sexo y edad, se utilizan herramientas de GIS y MS-Excel.",1.5559458399657158,1151,65,1216,short_answer,97.14,59.9,109.9,3294.07421875,3294.07421875,3294.07421875,96.28571428571429,95.0,99.0,15972.0,15972.0,15972.0
2,DeepSeek-R1-Distill-Qwen-14B-Q6_K,160,1 año,"</think>

No se menciona el plazo máximo para la Gerencia de Logística en el contexto proporcionado.
</think>

No lo sé.",0.9542320889886469,1428,30,1458,short_answer,99.81111111111109,99.8,99.9,3294.07421875,3294.07421875,3294.07421875,92.0,79.0,99.0,15972.0,15972.0,15972.0
2,DeepSeek-R1-Distill-Qwen-14B-Q6_K,200,"Cirugía para extirpar el ano, el recto y parte del colorrectal sigmoide","</think>

La resección abdominoperineal es una cirugía que elimina el recto, el colon sigmoide y el perineo, generalmente por cáncer, requiriendo una colostomía.",1.3245994809549304,1275,51,1326,short_answer,94.43076923076923,39.9,109.8,3294.07421875,3294.07421875,3294.07421875,96.0,94.0,99.0,15972.0,15972.0,15972.0
2,DeepSeek-R1-Distill-Qwen-14B-Q6_K,147,35 cantones.,"</think>

35 cantones presentan una incidencia superior a 11.66 para cáncer gástrico.
</think>

35",1.1859230300178751,1956,33,1989,short_answer,93.15833333333332,10.0,109.8,3294.07421875,3294.07421875,3294.07421875,89.16666666666667,50.0,99.0,15972.0,15972.0,15972.0
2,DeepSeek-R1-Distill-Qwen-14B-Q6_K,163,6 meses,"</think>

El plazo máximo es de 6 meses para desarrollar e implementar las gestiones en el EDUS.
</think>

El plazo máximo es de 6 meses.",1.02607776701916,1119,38,1157,short_answer,95.81999999999998,59.9,99.9,3294.07421875,3294.07421875,3294.07421875,96.25,94.0,99.0,15972.0,15972.0,15972.0
2,DeepSeek-R1-Distill-Qwen-14B-Q6_K,160,1 año,"</think>

No se menciona el plazo máximo para la Gerencia de Logística en el contexto proporcionado.
</think>

No lo sé.",0.9181558749405668,1428,30,1458,short_answer,94.26666666666665,59.9,99.9,3294.07421875,3294.07421875,3294.07421875,96.5,95.0,99.0,15972.0,15972.0,15972.0
2,DeepSeek-R1-Distill-Qwen-14B-Q6_K,211,Ultrasonido endoscópico o Resonancia Magnética Nuclear,"</think>

No lo sé.",0.25231276999693364,564,7,571,short_answer,73.2,29.9,99.8,3294.07421875,3294.07421875,3294.07421875,95.0,95.0,95.0,15972.0,15972.0,15972.0
2,DeepSeek-R1-Distill-Qwen-14B-Q6_K,159,71%,"</think>

El 71% del personal de imagenología está capacitado para el uso de fluoroscopios.
</think>

El 71% del personal de imagenología está capacitado para el uso de fluoroscopios.",1.4204180489759894,1713,49,1762,short_answer,98.38571428571427,39.9,109.9,3294.07421875,3294.07421875,3294.07421875,95.0,84.0,99.0,15972.0,15972.0,15972.0
2,DeepSeek-R1-Distill-Qwen-14B-Q6_K,198,"Precisión quirúrgica, conocimientos endoscópicos avanzados y toma de decisiones clínicas","</think>

La técnica de ESD demanda la resección submucosa de lesiones neoplásicas superficiales del tracto gastrointestinal.",1.053705631988123,1547,33,1580,short_answer,99.80999999999997,99.8,99.9,3294.07421875,3294.07421875,3294.07421875,96.75,96.0,99.0,15972.0,15972.0,15972.0
2,DeepSeek-R1-Distill-Qwen-14B-Q6_K,143,"₡1,413.","</think>

No lo sé.",0.6682670220034196,1907,7,1914,short_answer,91.25714285714285,29.9,109.8,3294.07421875,3294.07421875,3294.07421875,87.66666666666667,65.0,99.0,15972.0,15972.0,15972.0
2,DeepSeek-R1-Distill-Qwen-14B-Q6_K,149,16%,"</think>

No lo sé.",0.48946968698874116,1342,7,1349,short_answer,95.84,69.9,109.9,3294.07421875,3294.07421875,3294.07421875,90.0,82.0,98.0,15972.0,15972.0,15972.0
2,DeepSeek-R1-Distill-Qwen-14B-Q6_K,211,Ultrasonido endoscópico o Resonancia Magnética Nuclear,"</think>

No lo sé.",0.2542863709386438,564,7,571,short_answer,76.53333333333333,29.9,99.9,3294.07421875,3294.07421875,3294.07421875,75.0,75.0,75.0,15972.0,15972.0,15972.0
2,DeepSeek-R1-Distill-Qwen-14B-Q6_K,165,7 debilidades,"</think>

Según el análisis FODA del CNDTCG, se identifican 5 debilidades en el centro.
</think>

5",1.0241078470135108,1524,32,1556,short_answer,95.81999999999998,59.9,99.9,3294.07421875,3294.07421875,3294.07421875,91.6,74.0,99.0,15972.0,15972.0,15972.0
2,DeepSeek-R1-Distill-Qwen-14B-Q6_K,141,"San José, Alajuela y Cartago","</think>

La concentración de recursos se encuentra en las provincias de San José, Alajuela y Cartago.
</think>

La concentración de recursos se encuentra en las provincias de San José, Alajuela y Cartago.",1.431380569934845,1744,49,1793,short_answer,97.67142857142856,49.9,109.8,3294.07421875,3294.07421875,3294.07421875,96.71428571428571,95.0,99.0,15972.0,15972.0,15972.0
2,DeepSeek-R1-Distill-Qwen-14B-Q6_K,151,52 salas,"</think>

Existen 52 salas de endoscopia a nivel nacional.
</think>

52 salas de endoscopia existen a nivel nacional.",0.9030437269248068,1215,34,1249,short_answer,94.26666666666665,49.9,99.9,3294.07421875,3294.07421875,3294.07421875,96.25,94.0,99.0,15972.0,15972.0,15972.0
2,DeepSeek-R1-Distill-Qwen-14B-Q6_K,126, Los 81 cantones originales previos a 2019.,"</think>

El plan utiliza la estructura de los 81 cantones originales previos al 2019 para sus proyecciones, debido a que la creación de nuevos cantones genera distorsión en los datos.",1.1925236961105838,887,51,938,short_answer,92.33333333333331,20.0,99.9,3294.07421875,3294.07421875,3294.07421875,92.5,76.0,96.0,15972.0,15972.0,15972.0
2,DeepSeek-R1-Distill-Qwen-14B-Q6_K,204,45%,"</think>

No lo sé.
</think>

No lo sé.",0.6164576080627739,1369,13,1382,short_answer,98.16666666666667,79.9,109.8,3294.07421875,3294.07421875,3294.07421875,92.0,83.0,98.0,15972.0,15972.0,15972.0
2,DeepSeek-R1-Distill-Qwen-14B-Q6_K,164,"Central Norte, Central Sur, Chorotega, Huetar Atlántica, Huetar Norte, Brunca y Pacífico Central","</think>

No lo sé.",0.516449135961011,1445,7,1452,short_answer,95.82000000000001,89.8,99.9,3294.07421875,3294.07421875,3294.07421875,97.5,96.0,99.0,15972.0,15972.0,15972.0
2,DeepSeek-R1-Distill-Qwen-14B-Q6_K,157,El 88% de los gastroenterólogos,"</think>

No lo sé.
</think>

No lo sé.",0.6318998659262433,1441,13,1454,short_answer,99.81666666666666,99.8,99.9,3294.07421875,3294.07421875,3294.07421875,97.5,96.0,99.0,15972.0,15972.0,15972.0
2,DeepSeek-R1-Distill-Qwen-14B-Q6_K,137,98.5 radiólogos.,"</think>

El número de radiólogos capacitados en la interpretación de la SGD en la CCSS es de 98.5.
</think>

98.5",1.2680809680605307,1962,37,1999,short_answer,99.81666666666665,89.9,109.8,3294.07421875,3294.07421875,3294.07421875,89.33333333333333,51.0,99.0,15972.0,15972.0,15972.0
2,DeepSeek-R1-Distill-Qwen-14B-Q6_K,192,Cualitativa y Cuantitativa,"</think>

La prueba SOHi tiene dos tipos: cualitativa y cuantitativa.
</think>

La prueba SOHi tiene dos tipos: cualitativa y cuantitativa.",1.1307974929222837,1421,39,1460,short_answer,97.09090909090907,59.9,109.8,3294.07421875,3294.07421875,3294.07421875,88.5,49.0,99.0,15972.0,15972.0,15972.0
2,DeepSeek-R1-Distill-Qwen-14B-Q6_K,170,"₡102,322,211.","</think>

₡102,322,211",0.9556089109973981,2259,15,2274,short_answer,93.81999999999998,0.0,139.8,3294.07421875,3294.07421875,3294.07421875,97.75,95.0,99.0,15972.0,15972.0,15972.0
2,DeepSeek-R1-Distill-Qwen-14B-Q6_K,214,3%,"</think>

El costo de atención de lesiones precancerosas respecto a cáncer avanzado es del 3% para el cáncer de colon y recto, y del 3.3% para el cáncer de colon.",1.2923940919572487,1078,52,1130,short_answer,92.13076923076922,10.0,99.8,3294.4708533653848,3294.07421875,3294.54296875,95.83333333333333,94.0,98.0,15972.0,15972.0,15972.0
2,DeepSeek-R1-Distill-Qwen-14B-Q6_K,169,12 colonoscopías diarias por sala,"</think>

No lo sé.
</think>

No lo sé.",0.7363622200209647,1734,13,1747,short_answer,99.8142857142857,89.8,109.8,3294.54296875,3294.54296875,3294.54296875,90.66666666666667,77.0,99.0,15972.0,15972.0,15972.0
2,DeepSeek-R1-Distill-Qwen-14B-Q6_K,177,FIT,"</think>

La prueba inicial de tamizaje para el cáncer colorrectal es la prueba FIT (Sangre oculta en heces).",0.9428234579972923,1242,32,1274,short_answer,96.47777777777776,89.8,99.8,3294.54296875,3294.54296875,3294.54296875,89.4,62.0,99.0,15972.0,15972.0,15972.0
2,DeepSeek-R1-Distill-Qwen-14B-Q6_K,132,44.58 casos.,"</think>

No lo sé.
</think>

No lo sé.",0.8170427019940688,2006,13,2019,short_answer,97.32499999999999,69.9,109.8,3294.54296875,3294.54296875,3294.54296875,97.25,96.0,99.0,15972.0,15972.0,15972.0
2,DeepSeek-R1-Distill-Qwen-14B-Q6_K,197,"SIES, SIAC, ARCA, FileMaker, bases de datos internas","</think>

No lo sé.
</think>

No lo sé.",0.5569420009851456,1170,13,1183,short_answer,86.51666666666667,20.0,99.9,3294.54296875,3294.54296875,3294.54296875,86.0,64.0,99.0,15972.0,15972.0,15972.0
2,DeepSeek-R1-Distill-Qwen-14B-Q6_K,215,40% a 50%,"</think>

No lo sé.",0.698576333001256,2001,7,2008,short_answer,92.68571428571428,59.9,99.9,3294.6768973214284,3294.54296875,3294.69921875,97.66666666666667,95.0,99.0,15972.0,15972.0,15972.0
2,DeepSeek-R1-Distill-Qwen-14B-Q6_K,158,19 salas,"</think>

La CCSS cuenta con 19 salas de fluoroscopia disponibles para realizar los procedimientos necesarios.",0.8692160899518059,1390,26,1416,short_answer,88.72222222222221,10.0,99.9,3294.69921875,3294.69921875,3294.69921875,96.75,96.0,99.0,15972.0,15972.0,15972.0
2,DeepSeek-R1-Distill-Qwen-14B-Q6_K,123,El método DELPHI modificada.,"</think>

El método utilizado fue el DELPHI modificado.
</think>

El método utilizado fue el DELPHI modificado.",0.8701311949407683,1329,27,1356,short_answer,89.83333333333331,20.0,99.9,3294.69921875,3294.69921875,3294.69921875,82.8,61.0,99.0,15972.0,15972.0,15972.0
2,DeepSeek-R1-Distill-Qwen-14B-Q6_K,177,FIT,"</think>

La prueba inicial de tamizaje para el cáncer colorrectal es la prueba FIT (Sangre oculta en heces).",0.9455176659394056,1242,32,1274,short_answer,97.58888888888887,89.8,99.8,3294.69921875,3294.69921875,3294.69921875,96.75,96.0,99.0,15972.0,15972.0,15972.0
2,DeepSeek-R1-Distill-Qwen-14B-Q6_K,199,Monitoreo de signos vitales y parámetros clínicos,"</think>

El médico general asistente participa activamente en tareas clínicas, como la toma de signos vitales, preparación de materiales, acompañamiento durante la sedación y cuidado post procedimiento.",1.2486183530418202,1157,49,1206,short_answer,95.64999999999999,79.9,99.8,3294.69921875,3294.69921875,3294.69921875,90.0,59.0,98.0,15972.0,15972.0,15972.0
2,DeepSeek-R1-Distill-Qwen-14B-Q6_K,186,Coordinaciones de Programa,"</think>

La área funcional del CNDTCG que establece coordinaciones técnicas para el Tamizaje de Cáncer Gástrico y Colorrectal es la **Asistencia técnica y fortalecimiento de capacidades**.",1.1825381939997897,851,51,902,short_answer,91.49166666666666,0.0,99.9,3294.69921875,3294.69921875,3294.69921875,89.5,58.0,96.0,15972.0,15972.0,15972.0
2,DeepSeek-R1-Distill-Qwen-14B-Q6_K,158,19 salas,"</think>

La CCSS cuenta con 19 salas de fluoroscopia disponibles para estos procedimientos.",0.8082419970305635,1390,23,1413,short_answer,96.07499999999999,59.9,109.9,3294.69921875,3294.69921875,3294.69921875,84.0,46.0,99.0,15972.0,15972.0,15972.0
2,DeepSeek-R1-Distill-Qwen-14B-Q6_K,191,100 ng/ml,"</think>

No lo sé.",0.46508867107331753,1253,7,1260,short_answer,91.84,39.9,109.8,3294.69921875,3294.69921875,3294.69921875,91.0,86.0,96.0,15972.0,15972.0,15972.0
2,DeepSeek-R1-Distill-Qwen-14B-Q6_K,123,El método DELPHI modificada.,"</think>

El método utilizado fue el DELPHI modificado para la validación técnica del Manual de Gestión en 2025.
</think>

El método utilizado fue el DELPHI modificado.
</think>

El método utilizado fue el DELPHI modificado.
</think>

El método utilizado fue el DELPHI modificado.
</think>

El método utilizado fue el DELPHI modificado.
</think>

El método utilizado fue el DELPHI modificado.
</think>

El método utilizado fue el DELPHI modificado.
</think>

El método utilizado fue el DELPHI modificado.
```",2.706279634032398,1329,122,1451,short_answer,98.65769230769232,39.9,109.8,3294.69921875,3294.69921875,3294.69921875,92.64285714285714,70.0,98.0,15972.0,15972.0,15972.0
2,DeepSeek-R1-Distill-Qwen-14B-Q6_K,151,52 salas,"</think>

Existen 52 salas de endoscopia a nivel nacional.
</think>

52 salas de endoscopia existen a nivel nacional.",0.9604830460157245,1215,34,1249,short_answer,100.9222222222222,99.8,109.8,3294.54296875,3294.54296875,3294.54296875,89.6,56.0,99.0,15972.0,15972.0,15972.0
2,DeepSeek-R1-Distill-Qwen-14B-Q6_K,171,Médico General Asistente,"</think>

El puesto encargado de brindar apoyo clínico directo durante la realización de procedimientos endoscópicos diagnósticos y terapéuticos es el de **""Médico Endoscopista""**.
</think>

Médico Endoscopista",1.5799627209780738,1399,64,1463,short_answer,100.47999999999999,79.9,109.8,3294.54296875,3294.54296875,3294.54296875,98.14285714285714,98.0,99.0,15972.0,15972.0,15972.0
2,DeepSeek-R1-Distill-Qwen-14B-Q6_K,145,1995,"</think>

No lo sé.
</think>

No lo sé.",0.5978722779545933,1350,13,1363,short_answer,98.16666666666667,69.9,109.8,3294.54296875,3294.54296875,3294.54296875,98.0,97.0,99.0,15972.0,15972.0,15972.0
2,DeepSeek-R1-Distill-Qwen-14B-Q6_K,171,Médico General Asistente,"</think>

El puesto encargado de brindar apoyo clínico directo durante la realización de procedimientos endoscópicos diagnósticos y terapéuticos es el de **Endoscopista**.",1.3125240500085056,1399,50,1449,short_answer,95.97692307692306,30.0,109.8,3294.54296875,3294.54296875,3294.54296875,91.14285714285714,54.0,99.0,15972.0,15972.0,15972.0
2,DeepSeek-R1-Distill-Qwen-14B-Q6_K,284,"Ante un resultado positivo en la prueba SOHi (sangre oculta en heces por método inmunoquímico), se debe realizar una colonoscopia de calidad en un plazo no mayor a seis meses, efectuada por personal entrenado para la detección y tratamiento endoscópico de lesiones.
Durante el procedimiento se toman biopsias o se resecan pólipos si están presentes. El seguimiento posterior depende de los hallazgos:

    Pólipos que requieren vigilancia (como adenomas ≥10 mm, con displasia de alto grado, o ≥5 adenomas): se indica colonoscopia de vigilancia a los 3 años.
    Pólipos que no requieren vigilancia o exploraciones normales: el paciente retorna al programa de tamizaje poblacional con SOHi o a los controles correspondientes según las guías clínicas.","</think>

Para los casos con pruebas SOHi positivas, se procede a realizar una endoscopía intestinal para verificar la presencia de lesiones en el colon o recto. Si se detectan pólipos o lesiones precancerosas/malignas, se realizarán biopsias y, en caso de ser necesaria, intervenciones quirúrgicas o terapias complementarias. Además, se monitorea y analiza el seguimiento clínico de estos pacientes, evaluando la respuesta terapéutica y programando controles endoscópicos.",2.7698440479580313,1416,126,1542,open_ended,100.18846153846155,99.8,109.8,3294.54296875,3294.54296875,3294.54296875,97.84615384615384,97.0,99.0,15972.0,15972.0,15972.0
2,DeepSeek-R1-Distill-Qwen-14B-Q6_K,306,"El acuerdo propuesto instruye a las Gerencias Médica, Administrativa y Financiera a gestionar, en un plazo no mayor a tres meses, por un período de un año (mientras se aprueban como plazas ordinarias), la creación de 8 plazas necesarias para la implementación y operación del Sistema Integrado de Laboratorios Clínicos (SILC).
Las plazas requeridas están conformadas por:

    1 plaza MQC3 (Especialista en calidad)
    2 plazas MQC2
    5 plazas de Analistas de Sistemas 4 en TIC

El objetivo es asegurar el recurso humano técnico especializado para la dirección, soporte ininterrumpido (24/7) y sostenibilidad de la plataforma informática que procesará las pruebas del programa de tamizaje.","</think>

El acuerdo propuesto para las plazas del SILC instruye a las gerencias Médica, Administrativa y Financiera para gestionar, en un plazo de 3 meses, la creación de 8 plazas mediante la modalidad de proyectos especiales. Estas plazas serán para la implementación y operación del SILC por un año, hasta que puedan ser cubiertas por plazas ordinarias.",2.185522914980538,1327,97,1424,open_ended,96.96666666666667,39.9,99.9,3294.54296875,3294.54296875,3294.54296875,94.72727272727273,63.0,99.0,15972.0,15972.0,15972.0
2,DeepSeek-R1-Distill-Qwen-14B-Q6_K,231,"Aunque la incidencia del cáncer colorrectal es mayor que la del cáncer de estómago, la mortalidad del cáncer de estómago es proporcionalmente más alta (12,68 muertes por 100.000 habitantes frente a 9,28 en colon y 3,25 en recto).
Esta mayor tasa proporcional de mortalidad sugiere que el cáncer de estómago es una enfermedad potencialmente más letal o que suele diagnosticarse en etapas más avanzadas en comparación con los cánceres colorrectales.","</think>

La mortalidad del cáncer de estómago es proporcionalmente más alta que la de los cánceres colorrectales, a pesar de que su incidencia es menor, debido a que el cáncer de estómago tiende a diagnosticarse en etapas más avanzadas, lo que lo hace más letal. Además, las tasas de mortalidad del cáncer de estómago son significativamente mayores en hombres que en mujeres, lo que sugiere una diferencia en la detección y tratamiento en este grupo poblacional.",2.733056458993815,1623,120,1743,open_ended,98.65769230769232,59.9,109.8,3294.54296875,3294.54296875,3294.54296875,97.92307692307692,97.0,99.0,15972.0,15972.0,15972.0
2,DeepSeek-R1-Distill-Qwen-14B-Q6_K,308," La investigación científica, liderada por la Unidad de Investigación en Salud (UIS), busca mejorar la efectividad y los procedimientos de los programas de tamizaje, generando evidencia útil para la toma de decisiones clínicas, administrativas y estratégicas.
Sus fines principales comprenden:

    Fomentar la investigación en áreas básicas, clínicas, epidemiológicas y de servicios de salud.
    Divulgar hallazgos en revistas científicas nacionales e internacionales para aplicar el conocimiento ampliamente.
    Incorporar nuevas tecnologías y metodologías en los programas de tamizaje.","</think>

La investigación científica tiene como fin en la mejora continua de los programas el permitir el desarrollo de estrategias basadas en evidencia, adaptando y mejorando las intervenciones en función de los hallazgos científicos. Esto asegura que los programas de tamizaje y diagnóstico sean más efectivos y eficientes, incorporando avances tecnológicos y metodológicos. Además, contribuye a la formación de alianzas académicas y científicas, promoviendo la innovación y el fortalecimiento institucional, lo que resulta en un mejor posicionamiento del centro como referente técnico nacional e internacional.",3.0481858130078763,1454,140,1594,open_ended,99.11724137931039,59.9,109.8,3294.54296875,3294.54296875,3294.54296875,97.8,97.0,99.0,15972.0,15972.0,15972.0
2,DeepSeek-R1-Distill-Qwen-14B-Q6_K,228,"Durante el periodo 2017-2022, la incidencia total combinada de cáncer de estómago, colon y recto mostró una leve tendencia decreciente, pasando de 30,60 a 27,41 casos por 100.000 habitantes. Por tipo de cáncer:
- Estómago: Mantuvo estabilidad (12–13 casos por 100.000), disminuyendo hacia 2022.
- Colon: Presentó estabilidad, fluctuando entre 11 y 12 casos por 100.000.
- Recto: Permaneció constante (6–7 casos por 100.000).
Diferencias por sexo: La incidencia combinada fue consistentemente mayor en hombres (promedio de 32,62 por 100.000) que en mujeres (promedio de 27,16 por 100.000). Los hombres registraron mayor incidencia en cáncer de estómago (13,98 vs. 9,31) y de recto (6,98 vs. 5,12). En contraste, la incidencia de cáncer de colon fue levemente superior en mujeres (12,73 vs. 11,66).","</think>

No lo sé.",0.527688593021594,1511,7,1518,open_ended,99.82000000000001,99.8,99.9,3294.54296875,3294.54296875,3294.54296875,97.0,95.0,99.0,15972.0,15972.0,15972.0
2,DeepSeek-R1-Distill-Qwen-14B-Q6_K,299,"Un pólipo colorrectal es un abultamiento en el revestimiento interno del intestino grueso, cuyo tamaño varía desde algunos milímetros hasta varios centímetros. Generalmente es asintomático y es provocado por una combinación de factores hereditarios y ambientales, como tabaquismo, obesidad,  una dieta alta en grasas y baja en fibra.
Se clasifican principalmente en:
    Hiperplásicos o inflamatorios: Tienen un riesgo bajo o nulo de convertirse en cáncer.
    Adenomatosos (adenomas): A mayor tamaño, presentan mayor riesgo de progresar a cáncer tras un proceso de varios años.
    Serrados: Pueden presentar riesgo de cáncer según su tamaño y localización.","</think>

Un pólipo colorrectal es un abultamiento en el revestimiento interno del intestino grueso, cuyo tamaño puede variar desde algunos milímetros hasta varios centímetros. Generalmente, es asintomático y se origina por una combinación de factores hereditarios y ambientales, como el tabaquismo, la obesidad, una dieta alta en grasas y baja en fibra. Existen diferentes tipos de pólipos colorrectales:

1. **Hiperplásico o inflamatorio**: Presentan un bajo o nulo riesgo de cáncer.
2. **Adenomatosos (adenomas)**: El riesgo de cáncer aumenta con el tamaño del pólipo, ya que puede progresar a través de varias etapas que requieren años.
3. **Serrados**: Reciben este nombre por su aspecto en la biopsia y pueden tener riesgo de cáncer según su tamaño y ubicación.",4.418766079004854,1145,216,1361,open_ended,98.85238095238103,29.9,109.8,3294.54296875,3294.54296875,3294.54296875,97.4090909090909,96.0,98.0,15972.0,15972.0,15972.0
2,DeepSeek-R1-Distill-Qwen-14B-Q6_K,303,"Los contactos oficiales del CNDTCG y los casos para consultar a cada uno son:
    Dirección General Dr. Marvin Yglesias Rosales: Consultas sobre aspectos estratégicos, políticas institucionales, articulación con la red, decisiones clínicas complejas y coordinación interinstitucional.
    Coordinación de Programas de Tamizaje Dra. Rosalyn Vargas Barquero: Consultas sobre rutas clínicas, protocolos de tamizaje, priorización de población objetivo, indicadores y procesos operativos del programa.
    Área de Planificación y Mejora Continua Ing. Balaam Brenes Navarro: Consultas sobre planificación operativa, indicadores de desempeño, evaluación de resultados, mejora continua y análisis de datos.","</think>

No lo sé.",0.4988305539591238,1406,7,1413,open_ended,99.84,69.9,119.9,3294.54296875,3294.54296875,3294.54296875,98.0,97.0,99.0,15972.0,15972.0,15972.0
2,DeepSeek-R1-Distill-Qwen-14B-Q6_K,288,"La Norma Nacional para la Atención del Cáncer Colorrectal se establece debido a que este cáncer representa el tercer tipo de cáncer más común en el mundo y es la segunda causa más común de muerte de cáncer.
Se pretende garantizar el acceso a servicios médicos de buena calidad y estandarizar los métodos de tamizaje, con el fin de reducir los niveles de incidencia y mortalidad de cáncer colorrectal en los próximos años.","</think>

La norma para la atención del cáncer colorrectal se establece para garantizar un manejo integral y multidisciplinario de la enfermedad, desde el diagnóstico hasta el tratamiento y pronóstico. Esto incluye proporcionar información completa al paciente sobre sus opciones terapéuticas, efectos secundarios y pronóstico. Además, se enfoca en la prevención mediante tamizaje en población de riesgo promedio, utilizando pruebas específicas como la FIT, y en la coordinación de profesionales de salud para un abordaje conjunto en casos complejos.",2.7549900449812412,1154,129,1283,open_ended,99.80769230769232,79.9,109.9,3294.54296875,3294.54296875,3294.54296875,94.85714285714286,55.0,99.0,15972.0,15972.0,15972.0
2,DeepSeek-R1-Distill-Qwen-14B-Q6_K,253,"La elaboración del manual se realizó según el Manual Metodológico para la Construcción de un Manual de Gestión en la Dirección de Desarrollo de Servicios de Salud, mediante un enfoque participativo y técnico que comprendió:

Revisión documental: Análisis de antecedentes, normativa, planes estratégicos y modelos de atención.
Análisis organizativo: Evaluación de áreas funcionales, programas clínicos y servicios de soporte.
Consulta con actores clave: Sesiones técnicas de trabajo con personal del CNDTCG y áreas relacionadas.
Síntesis y sistematización: Estructuración técnica de la información bajo los apartados institucionales requeridos.
Validación preliminar: Revisión por instancias responsables y equipos operativos.
Validación final: Consenso estructurado mediante el método DELPHI modificada con expertos institucionales para garantizar su solidez, pertinencia y aplicabilidad.","</think>

La elaboración del Manual de Gestión del CNDTCG se realizó conforme a las indicaciones establecidas en el ""Manual Metodológico para la Construcción de un Manual de Gestión en la Dirección de Desarrollo de Servicios de Salud"", versión vigente. Este proceso se desarrolló bajo un enfoque participativo y técnico, que incluyó una revisión documental de antecedentes institucionales del CNDTCG, incluyendo información, modelos de coordinación interinstitucional y de procesos. Además, se consideraron los indicadores y responsables de cada uno, como el ""Número de cirugías mayores realizadas"" y la ""Tasa de complicaciones quirúrgicas"". La metodología aseguró la estandarización, coherencia técnica y alineación con la normativa institucional de la Caja Costarricense de Seguro Social.",4.1727926570456475,1464,198,1662,open_ended,97.81000000000007,10.0,109.8,3294.54296875,3294.54296875,3294.54296875,96.61904761904762,83.0,99.0,15972.0,15972.0,15972.0
2,DeepSeek-R1-Distill-Qwen-14B-Q6_K,288,"La Norma Nacional para la Atención del Cáncer Colorrectal se establece debido a que este cáncer representa el tercer tipo de cáncer más común en el mundo y es la segunda causa más común de muerte de cáncer.
Se pretende garantizar el acceso a servicios médicos de buena calidad y estandarizar los métodos de tamizaje, con el fin de reducir los niveles de incidencia y mortalidad de cáncer colorrectal en los próximos años.","</think>

La norma para la atención del cáncer colorrectal se establece para garantizar un manejo integral y multidisciplinario de la enfermedad, desde el diagnóstico hasta el tratamiento y pronóstico. Esto incluye proporcionar información completa al paciente sobre sus opciones terapéuticas, efectos secundarios y posibles consecuencias. Además, se enfoca en la detección precoz mediante tamizaje en población de riesgo promedio, utilizando pruebas específicas como la FIT, y en la valoración multidisciplinaria en estadios avanzados para asegurar un enfoque integral que abarque aspectos médicos, quirúrgicos, nutricionales y de apoyo psicológico y social.",3.4455663099652156,1154,165,1319,open_ended,97.68787878787884,30.0,99.9,3294.54296875,3294.54296875,3294.54296875,97.52941176470588,96.0,99.0,15972.0,15972.0,15972.0
2,DeepSeek-R1-Distill-Qwen-14B-Q6_K,231,"Aunque la incidencia del cáncer colorrectal es mayor que la del cáncer de estómago, la mortalidad del cáncer de estómago es proporcionalmente más alta (12,68 muertes por 100.000 habitantes frente a 9,28 en colon y 3,25 en recto).
Esta mayor tasa proporcional de mortalidad sugiere que el cáncer de estómago es una enfermedad potencialmente más letal o que suele diagnosticarse en etapas más avanzadas en comparación con los cánceres colorrectales.","</think>

La mortalidad del cáncer de estómago es proporcionalmente más alta que la de los cánceres colorrectales, a pesar de que su incidencia es menor, debido a que el cáncer de estómago tiende a diagnosticarse en etapas más avanzadas, lo que lo hace más letal. Además, las tasas de mortalidad del cáncer de estómago son significativamente mayores en hombres que en mujeres, lo que sugiere una diferencia en la detección o en los factores de riesgo.",2.7582889780169353,1623,121,1744,open_ended,99.4192307692308,89.8,109.8,3294.54296875,3294.54296875,3294.54296875,97.23076923076923,90.0,99.0,15972.0,15972.0,15972.0
2,DeepSeek-R1-Distill-Qwen-14B-Q6_K,235,"Eficiencia y optimización de recursos: Permite focalizar la inversión, el personal capacitado y la infraestructura médica en las zonas más vulnerables con mayor carga combinada de ambas neoplasias.
Programas integrados de tamizaje: Facilita el abordaje simultáneo de ambas enfermedades ya que la población objetivo es la misma para ambos programas de tamizaje.
Asignación precisa: Permite una mejor asignación de recursos y un enfoque más preciso en áreas con mayor necesidad de intervención","</think>

Identificar los cantones con altas incidencias en ambos tipos de cáncer (gástrico y colorrectal) es relevante porque permite focalizar recursos y esfuerzos en áreas con mayor carga de enfermedad. Esto mejora la eficiencia de los programas de tamizaje, ya que se pueden abordar simultáneamente ambos tipos de cáncer, optimizando la detección temprana y reduciendo la carga de enfermedad. Además, facilita la implementación de estrategias específicas de salud pública para estas regiones, promoviendo un enfoque integral y oportuno en la prevención y control de los cánceres gástrico y colorrectal.",3.362412906019017,1404,157,1561,open_ended,99.18125000000005,49.9,109.9,3294.54296875,3294.54296875,3294.54296875,97.6875,96.0,99.0,15972.0,15972.0,15972.0
2,DeepSeek-R1-Distill-Qwen-14B-Q6_K,294,"FIT (Prueba Inmunoquímica Fecal): Es una prueba analítica realizada en laboratorio clínico para detectar la presencia de sangre oculta en heces, utilizada en el tamizaje de cáncer colorrectal.
SGD (Serie Gastroduodenal): Es un estudio radiológico por fluoroscopia con medio de contraste que permite evaluar la morfología del esófago, estómago y duodeno, utilizado en el tamizaje de cáncer gástrico.

Ambas pertenecen a la etapa de prueba inicial o tamizaje primario dentro del programa organizado de tamizaje. Se aplican a la población objetivo asintomática como filtro previo para identificar hallazgos sospechosos y determinar la necesidad de avanzar a la etapa de confirmación diagnóstica mediante procedimientos endoscópicos (gastroscopía para SGD alterada o colonoscopía para FIT positiva).","</think>

Las pruebas FIT y SGD son parte del tamizaje de cáncer colorrectal. La FIT (Fecal Immunological Test) es una prueba de sangre oculta en heces, utilizada como primera etapa para detectar sangre en las heces, lo que puede indicar lesiones precancerosas o cancerosas. Por otro lado, la SGD (Serie Gastroduodenal) es una prueba endoscópica que incluye una gastroscopia y colonoscopia, utilizada en la etapa confirmatoria para diagnosticar lesiones sospechosas identificadas en la FIT. Ambas pruebas son esenciales en el proceso de tamizaje, donde FIT actúa como primer nivel de screening y SGD como diagnóstico confirmatorio.",3.5817961369175464,1493,167,1660,open_ended,98.92647058823535,49.9,109.8,3294.54296875,3294.54296875,3294.54296875,96.83333333333333,83.0,99.0,15972.0,15972.0,15972.0
2,DeepSeek-R1-Distill-Qwen-14B-Q6_K,292,"La Clasificación JNET (Japan NBI Expert Team) es una clasificación para pólipos colorrectales que se divide en cuatro subtipos:
    JNET 1: Pólipo hiperplásico.
    JNET 2A: Pólipo con neoplasia intramucosa de bajo grado.
    JNET 2B: Pólipo con neoplasia intramucosa de alto grado o invasión superficial de la submucosa.
    JNET 3: Lesión con cáncer invasor en la submucosa profunda.","</think>

La Clasificación JNET para pólipos colorrectales es una sistema de categorización que divide los pólipos en cuatro subtipos basados en su características endoscópicas y grado de neoplasia. 

1. **JNET 1**: Pólipo hiperplásico.  
2. **JNET 2A**: Pólipo con neoplasia intramucosa de bajo grado.  
3. **JNET 2B**: Pólipo con neoplasia intramucosa de alto grado o invasión superficial de la submucosa.  
4. **JNET 3**: Lesión con cáncer invasor en la submucosa profunda.  

Esta clasificación ayuda a evaluar el riesgo de progreso maligno y guía la decisión terapéutica.",3.9468854510923848,1506,186,1692,open_ended,100.61621621621629,89.9,109.8,3294.54296875,3294.54296875,3294.54296875,97.6842105263158,97.0,99.0,15972.0,15972.0,15972.0
2,DeepSeek-R1-Distill-Qwen-14B-Q6_K,221,"Sin programa nacional, es decir evolución natura, se mantendrá una mortalidad de 234 defunciones anuales. Con el programa nacional propuesto se proyecta una reducción del 35% en la mortalidad de la población objetivo y se alcanzará la detección de 40% a 50% de los casos de cáncer en etapa temprana. ","</think>

El impacto social y epidemiológico proyectado con la implementación del Programa Nacional del CNDTCG en 10 años incluye una reducción significativa en la incidencia y mortalidad de cánceres gástrico y colorrectal, especialmente en áreas con mayor riesgo. Se espera mejorar la detección temprana, disminuyendo las tasas de mortalidad y mejorando la calidad de vida de los pacientes. Sin el programa, se mantendría la actual carga epidemiológica, con tasas más altas de incidencia y mortalidad, y menor acceso a servicios de detección y tratamiento oportuno.",3.0082679099868983,1301,140,1441,open_ended,97.39655172413796,20.0,109.9,3294.54296875,3294.54296875,3294.54296875,97.6,95.0,98.0,15972.0,15972.0,15972.0
2,DeepSeek-R1-Distill-Qwen-14B-Q6_K,234,"El desplazamiento de la pirámide poblacional hacia edades más avanzadas afecta la epidemiología y la planificación de la siguiente manera:
Efectos epidemiológicos: Dado que el riesgo y la prevalencia del cáncer gástrico y colorrectal aumentan con la edad, el envejecimiento de la población genera un incremento directo en el número absoluto de casos nuevos (incidencia) y en la mortalidad por estas neoplasias.
Implicaciones para la planificación en salud pública:
        - Crecimiento de la población objetivo (50 a 74 años), la cual pasará de aproximadamente 1 millón en 2025 a 1,4 millones en 2034.
        - Necesidad de expandir y adaptar la capacidad instalada para satisfacer la creciente demanda.","</think>

El desplazamiento de la pirámide poblacional hacia grupos de mayor edad incrementa la incidencia y mortalidad de cánceres como el gástrico y colorrectal, debido a que estos tumores son más prevalentes en personas mayores. Esto obliga a la planificación de salud pública a considerar estrategias de detección temprana y programas de tamizaje específicos para estos grupos, priorizando zonas con alta incidencia y factores como edad, sexo y antecedentes heredofamiliares. Además, el crecimiento de la población objetivo (50-74 años) hasta 1.4 millones en 2034 demanda recursos adecuados para abordar la carga de enfermedad y reducir la mortalidad.",3.6007996670668945,1433,169,1602,open_ended,99.2382352941177,69.9,109.8,3294.54296875,3294.54296875,3294.54296875,97.58823529411765,96.0,99.0,15972.0,15972.0,15972.0
2,DeepSeek-R1-Distill-Qwen-14B-Q6_K,263,"Más allá de los programas de tamizaje, la oferta de servicios del CNDTCG abarca líneas clínicas, quirúrgicas, diagnósticas, docentes y de investigación especializada:

Patología Biliar: Abordaje integral mediante una combinación de herramientas clínicas, diagnósticas, quirúrgicas y endoscópicas,
articuladas dentro del modelo de atención especializada del CNDTCG.
Resección Submucosa Endoscópica (ESD): Extirpación endoscópica en bloque de lesiones precancerosas y neoplasias superficiales gástricas y colorrectales.
Cirugía Mayor: Intervenciones quirúrgicas principalmente para perosnas con diagnóstico confirmado o alta sospecha de cáncer gástrico u otras patologías complejas.
Cirugía Percutánea: Procedimientos de mínima invasión guiados por TAC, ecografía o fluoroscopía para drenajes, biopsias y control de colecciones.
Ultrasonido Endoscópico: Evaluación diagnóstica y terapéutica que permite visualizar y evaluar en profundidad las capas de la pared gastrointestinal y las estructuras adyacentes desde el interior del tracto digestivo.
Endoscopía Diagnóstica y de Control: Gastroscopías y colonoscopías para confirmación diagnóstica, toma de biopsias y seguimiento de lesiones.","</think>

El CNDTCG ofrece servicios complementarios más allá de los programas de tamizaje, incluyendo patología biliar, resección submucosa endoscópica (ESD), cirugía mayor, cirugía percutánea, ultrasonido endoscópico, y endoscopía diagnóstica y de control. Estos servicios amplían su capacidad resolutiva y consolidan su papel como centro especializado de referencia nacional.",2.380305813974701,1521,104,1625,open_ended,96.7695652173913,30.0,109.8,3294.54296875,3294.54296875,3294.54296875,97.63636363636364,97.0,99.0,15972.0,15972.0,15972.0
2,DeepSeek-R1-Distill-Qwen-14B-Q6_K,295,"Sin Programa Nacional (Evolución Natural)
    Mortalidad: Se mantiene una tendencia con un promedio de 234 muertes anuales atribuibles al cáncer colorrectal.
Con el Programa Nacional Propuesto
    Reducción de la mortalidad: Se alcanza una disminución del 35% en la tasa de mortalidad en la población objetivo.
    Vidas salvadas: La reducción en la mortalidad se traduce en 82 muertes menos cada año por cáncer colorrectal.
    Detección oportuna: Se logra la detección de 40% a 50% de los casos en etapas tempranas o precancerosas, permitiendo abordajes terapéuticos menos invasivos y más efectivos.
    Ahorro económico: Se genera un impacto económico positivo con un ahorro anual estimado de ₡3.563.250.779 para la institución, al reducir la necesidad de tratamientos oncológicos complejos y hospitalizaciones prolongadas.","</think>

Sin el Programa Nacional de tamizaje propuesto, se proyectan 234 muertes anuales debido al cáncer colorrectal. Con el programa implementado, se espera una disminución del 35% en la mortalidad de la población objetivo, lo que resulta en 82 muertes menos cada año. Además, se logra la detección de más del 40% a 50% de los casos tempranos del cáncer. Económicamente, el programa genera un ahorro anual de ₡3 563 250 779.",3.0120381779270247,1189,142,1331,open_ended,97.74137931034485,20.0,109.9,3294.54296875,3294.54296875,3294.54296875,96.86666666666666,87.0,98.0,15972.0,15972.0,15972.0
2,DeepSeek-R1-Distill-Qwen-14B-Q6_K,271,"La captación de pacientes la realiza de forma centralizada el CNDTCG sobre la población objetivo asintomática (de 50 a 74 años), utilizando los datos de adscripción del primer nivel de atención y respetando la normativa de protección de datos personales.
Se ejecuta mediante invitación telefónica personalizada y sistemática para convocar a los usuarios a realizarse las pruebas de tamizaje iniciales: la Serie Gastroduodenal (SGD) para cáncer gástrico o el Test Inmunológico Fecal (FIT) para cáncer colorrectal. Este proceso se repite de manera bienal. Debido a que se requiere contactar al menos al triple de personas proyectadas para alcanzar las metas y realizar múltiples reintentos de llamada, la captación utiliza herramientas informáticas y personal especializado.","</think>

La captación de pacientes en los programas de tamizaje es realizada por el CNDTCG, quien necesita acceso a datos personales de la población adscrita, como nombre, apellidos, teléfonos, correo electrónico, provincia, cantón, distrito y Área de Salud de residencia, respetando la Ley No. 8968 sobre protección de datos. Con esta información, se invita a los pacientes a realizarse un FIT o una SGD, asegurando una captación efectiva y oportuna.",2.5355267530540004,1121,118,1239,open_ended,98.97916666666667,79.9,109.9,3294.54296875,3294.54296875,3294.54296875,96.16666666666667,78.0,98.0,15972.0,15972.0,15972.0
2,DeepSeek-R1-Distill-Qwen-14B-Q6_K,222,"El artículo 11 de la Ley del EDUS clasifica toda su información como privada y sensible, exigiendo secreto profesional continuo (reglado con sanciones administrativas, civiles y penales). El EDUS no fue estructurado originalmente para la gestión de programas de tamizaje. Se señala el antecedente del ataque cibernético a la CCSS en 2022. El manejo masivo de datos de localización para la captación representa un riesgo de seguridad de la información si no se aplican controles rigurosos de perfilamiento y gestión de accesos.","</think>

Las limitaciones y riesgos de seguridad informática relacionados con la privacidad de datos sensibles de los pacientes bajo el sistema EDUS, según la legislación costarricense, incluyen:

1. **Violación del secreto profesional**: Los usuarios autorizados tienen la obligación de mantener el secreto profesional, incluso después de finalizar su relación con el sistema. Su incumplimiento puede acarrear consecuencias disciplinarias, administrativas, civiles y penales.

2. **Acceso no autorizado**: El acceso a los datos del EDUS está restringido y requiere autorización escrita del titular de los datos. Cualquier acceso ilegitimo puede comprometer la confidencialidad de la información.

3. **Sanciones por violación**: El Reglamento del EDUS establece un régimen sancionatorio para aquellos que violen las normas de confidencialidad, lo que incluye a los usuarios que, por su labor, tienen acceso a la información.

4. **Responsabilidad en transferencias**: Según la Ley 8968, los responsables de bases de datos solo pueden transferir datos personales con autorización del titular, garantizando su protección.

5. **Gestión de accesos**: La administración de seguridad en los accesos a los usuarios autorizados se realiza a través de roles y responsabilidades definidos, con control y seguimiento continuo para garantizar la protección de los derechos de las personas usuarias.",6.39509252901189,1209,318,1527,open_ended,100.30333333333344,89.8,119.8,3294.54296875,3294.54296875,3294.54296875,95.78125,48.0,99.0,15972.0,15972.0,15972.0
2,DeepSeek-R1-Distill-Qwen-14B-Q6_K,233,"Aunque el volumen total y la tasa de mortalidad por cáncer de estómago, colon y recto son mayores en los hombres (fallecen más hombres en términos absolutos), las mujeres que mueren por estas neoplasias lo hacen a edades más jóvenes en comparación con la edad de referencia.
Estadísticamente, la media de Años de Vida Potencialmente Perdidos (YPLL) por fallecimiento es mayor en las mujeres (16.49 años) que en los hombres (14.10 años). Esto demuestra que, cuando una mujer muere por estos tipos de cáncer, pierde en promedio más años de vida que un hombre.","</think>

En el contexto proporcionado, se menciona que los hombres tienen tasas de mortalidad más altas que las mujeres para los tipos de cáncer de estómago, colon y recto. Sin embargo, también se señala que las mujeres sufren muertes más prematuras, lo que sugiere que, aunque las tasas de mortalidad son mayores en hombres, las mujeres tienden a fallecer a edades más jóvenes o en etapas iniciales de la enfermedad. Esto refleja una diferencia en la evolución y prognosis de la enfermedad entre los sexos.",2.8956626469735056,1662,127,1789,open_ended,97.31428571428573,20.0,109.8,3294.54296875,3294.54296875,3294.54296875,96.57142857142857,91.0,99.0,15972.0,15972.0,15972.0
2,DeepSeek-R1-Distill-Qwen-14B-Q6_K,255,"Planificación y seguimiento: Elaborar y actualizar el Plan Anual Operativo, establecer metas medibles y realizar el seguimiento sistemático de los indicadores clínicos y administrativos.
Gestión de la calidad: Liderar la mejora continua mediante el análisis de brechas, auditorías técnicas, evaluaciones internas y la formulación de acciones correctivas y preventivas.
Análisis avanzado de datos y costeo: Implementar herramientas de Big Data, Minería de Datos e Inteligencia de Negocios (BI) para orientar decisiones estratégicas, además de coordinar el costeo de servicios para evaluar la eficiencia y sostenibilidad económica.
Gestión de demanda y capacidad: Monitorear continuamente la demanda asistencial para formular requerimientos de talento humano, equipamiento e infraestructura, sirviendo como enlace técnico con instancias regionales y centrales de la CCSS.","</think>

El área de Planificación y Mejora Continua en el CNDTCG tiene funciones clave como la elaboración, revisión y actualización del Plan Anual Operativo, asegurando que las metas sean claras, medibles y pertinentes. Además, acompaña técnicamente a las unidades funcionales y programas, lidera procesos de mejora continua mediante metodologías de gestión de la calidad, análisis de brechas y auditorías técnicas. También realiza el seguimiento sistemático de indicadores clínicos, administrativos e institucionales, elaborando informes técnicos para la toma de decisiones. Por último, promueve la calidad en el centro y asegura una gestión eficiente y alineada con los objetivos estratégicos.",3.4830103900749236,1472,162,1634,open_ended,98.89393939393943,59.9,109.7,3294.54296875,3294.54296875,3294.54296875,97.17647058823529,89.0,99.0,15972.0,15972.0,15972.0
2,DeepSeek-R1-Distill-Qwen-14B-Q6_K,308," La investigación científica, liderada por la Unidad de Investigación en Salud (UIS), busca mejorar la efectividad y los procedimientos de los programas de tamizaje, generando evidencia útil para la toma de decisiones clínicas, administrativas y estratégicas.
Sus fines principales comprenden:

    Fomentar la investigación en áreas básicas, clínicas, epidemiológicas y de servicios de salud.
    Divulgar hallazgos en revistas científicas nacionales e internacionales para aplicar el conocimiento ampliamente.
    Incorporar nuevas tecnologías y metodologías en los programas de tamizaje.","</think>

La investigación científica busca mejorar continuamente los programas mediante la adaptación de estrategias basadas en evidencias científicas. Esto permite evaluar la efectividad de los programas de tamizaje, incorporar nuevas tecnologías y metodologías, y asegurar un diagnóstico y estadiamento más preciso. Además, fomenta la colaboración con instituciones académicas y científicas, lo que contribuye a desarrollar técnicas avanzadas y mejorar la atención médica. La investigación también ayuda a identificar desafíos y oportunidades, permitiendo una adaptación constante para optimizar recursos y procesos, asegurando así un enfoque innovador y eficiente en la salud pública.",3.2962862729327753,1454,153,1607,open_ended,100.45483870967746,89.9,109.9,3294.54296875,3294.54296875,3294.54296875,97.375,94.0,99.0,15972.0,15972.0,15972.0
2,DeepSeek-R1-Distill-Qwen-14B-Q6_K,221,"Sin programa nacional, es decir evolución natura, se mantendrá una mortalidad de 234 defunciones anuales. Con el programa nacional propuesto se proyecta una reducción del 35% en la mortalidad de la población objetivo y se alcanzará la detección de 40% a 50% de los casos de cáncer en etapa temprana. ","</think>

El impacto social y epidemiológico proyectado con la implementación del Programa Nacional del CNDTCG en 10 años incluye una reducción significativa en la incidencia y mortalidad de cánceres gástrico y colorrectal, especialmente en áreas con mayor riesgo. Sin el programa, se prevé un aumento continuado de casos y muertes debido a la falta de detección temprana. Con el programa, se espera mejorar la salud poblacional, reducir costos de atención futuros y aumentar la expectativa de vida, gracias a intervenciones preventivas y tempranas en la población objetivo (50-74 años).",3.1444111799355596,1301,147,1448,open_ended,98.47333333333337,49.9,109.8,3294.54296875,3294.54296875,3294.54296875,97.73333333333333,97.0,99.0,15972.0,15972.0,15972.0
2,DeepSeek-R1-Distill-Qwen-14B-Q6_K,242,"El cálculo del número de salas teóricas de fluoroscopia ($EF$) se realiza mediante la ecuación E1:
$$EF = \frac{PO \cdot PI \cdot PP}{PS \cdot DH}$$
PO: Población objetivo en el periodo.
PI: Porcentaje de invitación.
PP: Porcentaje de participación.
PS: Pacientes diarios por sala (20 pacientes/día).
DH: Días hábiles de funcionamiento al año.
Implicación: Al extrapolar este cálculo a nivel nacional para el año 2025, se requerirían aproximadamente 12 salas de fluoroscopia (y su respectivo personal de imagenología) funcionando a tiempo completo durante todo el año. La principal implicación es que este requerimiento no es factible en la práctica, ya que representa más del 60% de la disponibilidad nacional actual (19 salas existentes), las cuales hoy están destinadas casi en su totalidad a la atención asistencial y diagnóstica.","</think>

Para calcular el número de salas de fluoroscopia necesarias, se utiliza la ecuación E1: 

EF = (PO * PI * PP) / (PS * DH)

Donde:
- EF: Número de equipos de salas de fluoroscopia.
- PO: Población objetivo en un periodo.
- PI: Porcentaje de invitación en un periodo.
- PP: Porcentaje de participación en un periodo.
- PS: Número de pacientes diarios por sala.
- DH: Número de días hábiles de funcionamiento.

El resultado obtenido indica el número de salas de fluoroscopia y, por consiguiente, el número de profesionales de imagenología requeridos para cubrir la demanda del programa de tamizaje. Este cálculo asegura que la capacidad instalada sea suficiente para atender a toda la población objetivo en el tiempo establecido, optimizando recursos y garantizando la eficiencia del programa.",4.292501800926402,1493,204,1697,open_ended,98.5902439024391,20.0,109.8,3294.54296875,3294.54296875,3294.54296875,94.95454545454545,61.0,99.0,15972.0,15972.0,15972.0
2,DeepSeek-R1-Distill-Qwen-14B-Q6_K,287,"La evaluación de la norma está a cargo del Ministerio de Salud, el cual ejecuta la vigilancia y valora los resultados del cumplimiento mediante los siguientes indicadores oficiales:
    Tasa de incidencia de cáncer colorrectal.
    Porcentaje de diferentes estadios del cáncer colorrectal en el momento del diagnóstico.
    Tasa de mortalidad por cáncer colorrectal.

El Ministerio de Salud debe garantizar información estadística actualizada y de calidad, con la facultad de utilizar indicadores adicionales según su criterio técnico como ente rector. Los resultados de esta evaluación deben ser publicados cada 5 años.","</think>

La norma para el tamizaje del cáncer colorrectal se evalúa considerando la población de riesgo promedio, que incluye hombres y mujeres entre 50-74 años, cada dos años. Se utiliza la prueba específica de SOHi, cualitativa con un punto de corte no mayor a 30 ng/ml o cuantitativa y automatizada con un punto de corte de 100 ng/ml, siendo esta última la recomendada. Además, para solicitar una colonoscopia, se debe incluir información mínima: edad, antecedentes heredofamiliares de cáncer colorrectal de primer grado, antecedentes patológicos personales y uso de anticoagulantes.",3.1993952799821272,634,162,796,open_ended,100.14000000000004,89.9,109.8,3294.54296875,3294.54296875,3294.54296875,95.0625,59.0,98.0,15972.0,15972.0,15972.0
2,DeepSeek-R1-Distill-Qwen-14B-Q6_K,222,"El artículo 11 de la Ley del EDUS clasifica toda su información como privada y sensible, exigiendo secreto profesional continuo (reglado con sanciones administrativas, civiles y penales). El EDUS no fue estructurado originalmente para la gestión de programas de tamizaje. Se señala el antecedente del ataque cibernético a la CCSS en 2022. El manejo masivo de datos de localización para la captación representa un riesgo de seguridad de la información si no se aplican controles rigurosos de perfilamiento y gestión de accesos.","</think>

Las limitaciones y riesgos de seguridad informática relacionados con la privacidad de datos sensibles de los pacientes bajo el sistema EDUS, según la legislación costarricense, incluyen:

1. **Acceso no autorizado**: Los usuarios autorizados con acceso al sistema deben cumplir con estrictas normas de confidencialidad. Su violación puede resultar en consecuencias disciplinarias, administrativas, civiles y penales.

2. **Recolección y manejo de datos**: La información contenida en el EDUS es considerada privada y sensible. Cualquier transferencia o tratamiento de estos datos debe ajustarse a las regulaciones legales, como la Ley 8968, que establece que los responsables de bases de datos solo pueden realizar transferencias con autorización del titular.

3. **Confidencialidad y secreto profesional**: Los profesionales y usuarios del sistema están obligados al secreto profesional incluso después de finalizada su relación laboral. Esto se refuerza con el régimen sancionatorio establecido en el Reglamento del EDUS.

4. **Acceso restringido a terceros**: El acceso a datos de terceros requiere autorización escrita del titular, conservando la solicitud y la autorización por un plazo de 10 años.

5. **Seguridad en accesos**: El sistema implementa roles y responsabilidades claras para la gestión de accesos, asegurando la protección de derechos de las personas usuarias titulares de los datos.

Estos riesgos y limitaciones buscan garantizar la protección de los datos sensibles de los pacientes, evitando violaciones a su privacidad y asegurando el cumplimiento de las normativas legales vigentes.",7.505303165991791,1209,375,1584,open_ended,99.38309859154941,30.0,109.8,3294.54296875,3294.54296875,3294.54296875,97.10810810810811,96.0,98.0,15972.0,15972.0,15972.0
2,DeepSeek-R1-Distill-Qwen-14B-Q6_K,274,"Protocolos y procedimientos normalizados: Instrucciones técnicas detalladas que estandarizan las tareas clínicas y administrativas.
Documentos técnicos normativos complementarios: Guías y manuales de procedimientos para operacionalizar y replicar el modelo de atención.
Sistemas de información institucionales: Plataformas (SIES, SIAC, ARCA, FileMaker) para registro, monitoreo, trazabilidad y análisis de datos.
Matrices de indicadores e instrumentos de evaluación: Mecanismos para el control de gestión y auditoría clínica continua.
Instancias de coordinación y supervisión: Comités técnicos y reuniones multidisciplinarias para ajuste y retroalimentación de procesos.
Capacitación e inducción interna: Programas de formación continua para el personal asistencial y administrativo.","</think>

El Manual de Gestión del CNDTCG incluye herramientas como indicadores, formularios, protocolos y guías operativas que aseguran la estandarización, trazabilidad y calidad de las actividades del centro. Estas herramientas se integran progresivamente en el entorno operativo, basándose en la revisión documental, la metodología institucional y el enfoque participativo. Además, el manual utiliza modelos de coordinación interinstitucional y asistencia técnica para fortalecer capacidades y monitorear el desempeño, garantizando la alineación con los principios de la CCSS.",3.052664317074232,1404,141,1545,open_ended,98.77241379310348,59.9,109.8,3294.54296875,3294.54296875,3294.54296875,97.4,94.0,98.0,15972.0,15972.0,15972.0
2,DeepSeek-R1-Distill-Qwen-14B-Q6_K,281,"El Área de Enfermería en el CNDTCG brinda atención transversal a todos los programas clínicos durante las etapas pre, intra y postprocedimiento. También lidera la gestión de insumos médicos, la supervisión de auxiliares de enfermería y asistentes de pacientes, y participa activamente en los procesos de mejora de la atención.","</think>

El Área de Enfermería en el CNDTCG tiene la responsabilidad de completar y asistir en el manejo de pacientes, garantizando la calidad de la atención. Esto incluye realizar actividades de enfermería graduada, como la administración de medicamentos, monitoreo de signos vitales, y el cuidado postoperatorio de los pacientes. Además, participan en actividades formativas y en sesiones clínicas para compartir conocimientos y mejorar la práctica. Su trabajo contribuye a la continuidad asistencial y al fortalecimiento de la red resolutiva del sistema de salud.",2.944984095986001,1462,134,1596,open_ended,98.37857142857146,59.9,99.9,3294.54296875,3294.54296875,3294.54296875,97.78571428571429,97.0,99.0,15972.0,15972.0,15972.0
2,DeepSeek-R1-Distill-Qwen-14B-Q6_K,263,"Más allá de los programas de tamizaje, la oferta de servicios del CNDTCG abarca líneas clínicas, quirúrgicas, diagnósticas, docentes y de investigación especializada:

Patología Biliar: Abordaje integral mediante una combinación de herramientas clínicas, diagnósticas, quirúrgicas y endoscópicas,
articuladas dentro del modelo de atención especializada del CNDTCG.
Resección Submucosa Endoscópica (ESD): Extirpación endoscópica en bloque de lesiones precancerosas y neoplasias superficiales gástricas y colorrectales.
Cirugía Mayor: Intervenciones quirúrgicas principalmente para perosnas con diagnóstico confirmado o alta sospecha de cáncer gástrico u otras patologías complejas.
Cirugía Percutánea: Procedimientos de mínima invasión guiados por TAC, ecografía o fluoroscopía para drenajes, biopsias y control de colecciones.
Ultrasonido Endoscópico: Evaluación diagnóstica y terapéutica que permite visualizar y evaluar en profundidad las capas de la pared gastrointestinal y las estructuras adyacentes desde el interior del tracto digestivo.
Endoscopía Diagnóstica y de Control: Gastroscopías y colonoscopías para confirmación diagnóstica, toma de biopsias y seguimiento de lesiones.","</think>

El CNDTCG ofrece servicios complementarios más allá de los programas de tamizaje, incluyendo patología biliar, resección submucosa endoscópica (ESD), cirugía mayor, cirugía percutánea, ultrasonido endoscópico, y endoscopía diagnóstica y de control. Estos servicios amplían su capacidad resolutiva y consolidan su papel como centro especializado de referencia nacional.",2.3816315970616415,1521,104,1625,open_ended,98.50434782608696,29.9,109.9,3294.54296875,3294.54296875,3294.54296875,96.41666666666667,81.0,99.0,15972.0,15972.0,15972.0
2,DeepSeek-R1-Distill-Qwen-14B-Q6_K,308," La investigación científica, liderada por la Unidad de Investigación en Salud (UIS), busca mejorar la efectividad y los procedimientos de los programas de tamizaje, generando evidencia útil para la toma de decisiones clínicas, administrativas y estratégicas.
Sus fines principales comprenden:

    Fomentar la investigación en áreas básicas, clínicas, epidemiológicas y de servicios de salud.
    Divulgar hallazgos en revistas científicas nacionales e internacionales para aplicar el conocimiento ampliamente.
    Incorporar nuevas tecnologías y metodologías en los programas de tamizaje.","</think>

La investigación científica tiene como fin en la mejora continua de los programas el permitir el desarrollo de estrategias basadas en evidencia, adaptando y mejorando las intervenciones en función de los hallazgos científicos. Esto asegura que los programas de tamizaje y diagnóstico sean más efectivos y eficientes, incorporando avances tecnológicos y metodológicos. Además, contribuye a la formación de alianzas académicas y científicas, promoviendo la innovación y el fortalecimiento institucional, lo que resulta en un mejor posicionamiento del centro como referente técnico nacional e internacional.",3.0517861450789496,1454,140,1594,open_ended,98.77241379310348,59.9,109.8,3294.54296875,3294.54296875,3294.54296875,97.73333333333333,97.0,99.0,15972.0,15972.0,15972.0
2,DeepSeek-R1-Distill-Qwen-14B-Q6_K,228,"Durante el periodo 2017-2022, la incidencia total combinada de cáncer de estómago, colon y recto mostró una leve tendencia decreciente, pasando de 30,60 a 27,41 casos por 100.000 habitantes. Por tipo de cáncer:
- Estómago: Mantuvo estabilidad (12–13 casos por 100.000), disminuyendo hacia 2022.
- Colon: Presentó estabilidad, fluctuando entre 11 y 12 casos por 100.000.
- Recto: Permaneció constante (6–7 casos por 100.000).
Diferencias por sexo: La incidencia combinada fue consistentemente mayor en hombres (promedio de 32,62 por 100.000) que en mujeres (promedio de 27,16 por 100.000). Los hombres registraron mayor incidencia en cáncer de estómago (13,98 vs. 9,31) y de recto (6,98 vs. 5,12). En contraste, la incidencia de cáncer de colon fue levemente superior en mujeres (12,73 vs. 11,66).","</think>

No lo sé.",0.5295711199287325,1511,7,1518,open_ended,101.82000000000001,99.8,109.8,3294.54296875,3294.54296875,3294.54296875,99.0,99.0,99.0,15972.0,15972.0,15972.0
2,DeepSeek-R1-Distill-Qwen-14B-Q6_K,224,"Etapa I (2024–2025): Elaboración de la normativa institucional, mecanismos de acceso en el EDUS a datos de población, FIT y biopsias, captación/invitación de participantes, capacitación en endoscopia de tamizaje y convenio CNDTCG-CICICA.
Etapa II (2025–2026): Diseño de indicadores de gestión, implementación nacional del FIT cuantitativo, campañas de comunicación/sensibilización, despliegue del SILC, y planes de formación, equipamiento, infraestructura e investigación en salud.
Etapa III (2026–2028): Interoperabilidad en EDUS, análisis de desafíos operativos, implementación de modelos predictivos con inteligencia artificial para priorización, entrega de infraestructura/equipamiento y puesta en marcha de programas de tamizaje.
Etapa IV (2028–2029): Evaluación integral del plan por la Auditoría Interna y ejecución de ajustes correspondientes.","</think>

El Plan de Abordaje Integral para el Tamizaje de Cáncer de Estómago y Colorrectal se articula en respuesta a acuerdos de la Junta Directiva, con un horizonte temporal de 10 años (2025-2029). Incluye etapas como la evaluación de la situación actual, recopilación de datos epidemiológicos, diseño de estrategias, implementación de programas de tamizaje, capacitación del personal, y monitoreo y evaluación. Las actividades clave comprenden la invitación a participar, realización de pruebas FIT, endoscopias, diagnóstico, tratamiento y seguimiento de pacientes, además de la capacitación y retención del personal de salud involucrado.",3.5312811359763145,1262,168,1430,open_ended,97.75000000000006,10.0,109.8,3294.54296875,3294.54296875,3294.54296875,95.55555555555556,71.0,98.0,15972.0,15972.0,15972.0
2,DeepSeek-R1-Distill-Qwen-14B-Q6_K,268,"El indicador de cobertura de población objetivo en los programas de tamizaje de cáncer gástrico y colorrectal mide el porcentaje de personas de 50 a 74 años tamizadas con respecto a la población estimada en ese grupo.
Fórmula: (Número de personas tamizadas / Población objetivo entre 50-74 años) × 100.
Periodicidad: Trimestral.
Fuentes de datos: SIAC / SIES / Plataforma de Tamizaje.
Responsables: Coordinación de Programa / Área de Planificación.","</think>

El indicador de cobertura de población objetivo en los programas de tamizaje mide el porcentaje de personas entre 50-74 años que han sido tamizadas respecto a la población estimada en ese rango. Se calcula como (Número de personas tamizadas / Población objetivo entre 50-74 años) × 100. Los datos se obtienen de fuentes como SIAC, SIES y la Plataforma de Tamizaje, con periodicidad trimestral. Es responsabilidad de la Coordinación de Programa y el Área de Planificación.",2.8437046399340034,1398,130,1528,open_ended,98.70740740740744,59.9,109.8,3294.54296875,3294.54296875,3294.54296875,96.92857142857143,84.0,99.0,15972.0,15972.0,15972.0
2,DeepSeek-R1-Distill-Qwen-14B-Q6_K,302,"Los principales logros del Centro Nacional de Detección Temprana de Cáncer Gastrointestinal (CNDTCG) comprenden:
    Creación de un modelo único de Programa de Tamizaje Gástrico y Colorrectal.
    Liderazgo regional: Convertirse en el único país de la región y uno de los tres de Latinoamérica con un programa organizado de tamizaje de cáncer colorrectal.
    Efectividad en diagnóstico oportuno: Lograr la detección de más del 50% de cáncer temprano de colon.","</think>

El CNDTCG ha logrado fortalecer la estandarización, trazabilidad, eficiencia y calidad de sus actividades mediante la implementación de herramientas de información y modelos de coordinación interinstitucional. Además, ha promovido la gestión eficiente basada en evidencia, asegurando el alineamiento con los objetivos estratégicos del centro. Ha mejorado la operación integral del centro, liderando procesos de mejora continua con metodologías de gestión de la calidad y análisis de brechas. También ha fortalecido la rendición de cuentas y la transparencia en la gestión, contribuyendo al cumplimiento de metas institucionales y al desarrollo de indicadores clave para la toma de decisiones.",3.4454783149994905,1213,164,1377,open_ended,97.38484848484853,20.0,99.9,3294.54296875,3294.54296875,3294.54296875,97.52941176470588,97.0,99.0,15972.0,15972.0,15972.0
2,DeepSeek-R1-Distill-Qwen-14B-Q6_K,225,"Capacidad instalada: Los recursos actuales (personal, equipamiento e infraestructura) están dedicados a atenciones diagnósticas y terapéuticas ordinarias, lo que dificulta determinar la capacidad adicional disponible para absorber la nueva demanda del tamizaje.
Datos clínicos faltantes: No se dispone de datos sobre la cantidad de pacientes endoscópicos que requieren estudios complementarios (como ultrasonidos), vigilancia hemodinámica en gastroscopías, sedación especializada por anestesiología o requerimiento de biopsias, limitando el plan al cálculo de estudios básicos.
Falta de guías de seguimiento: Al no estar implementadas las guías de seguimiento endoscópico del Ministerio de Salud, no es posible estimar la demanda de procedimientos de control, afectando la determinación precisa de la capacidad instalada.","</think>

El plan enfrenta principales limitaciones relacionadas con la falta de información sobre la capacidad instalada y los datos clínicos necesarios. Por un lado, el inventario existente no proporciona suficiente información para determinar la capacidad adicional necesaria para expandir los servicios de tamizaje, diagnóstico y tratamiento, especialmente en lo que respecta a la disponibilidad de médicos endoscopistas, radiólogos, personal técnico y de apoyo. Por otro lado, no se cuenta con datos sobre la cantidad de pacientes que requieren estudios complementarios, como ultrasonidos, lo que dificulta una planificación adecuada. Además, la ausencia de información detallada sobre la demanda de servicios específicos para los programas de tamizaje de cáncer gástrico y colorrectal complica la toma de decisiones para implementar el plan de manera efectiva.",3.997339306981303,1218,193,1411,open_ended,97.96578947368428,39.9,99.9,3294.54296875,3294.54296875,3294.54296875,96.9,84.0,99.0,15972.0,15972.0,15972.0
2,DeepSeek-R1-Distill-Qwen-14B-Q6_K,314,"Salas de Fluoroscopia: se tomará en consideración únicamente la sala de estudio y de comando la cual es de 47.7 m2, por lo que su costo sería de ₡100,950,372
Salas de Endoscopía: se tomará en consideración únicamente el puesto de trabajo y procedimiento la cual es de 25.92 m2, por lo que su costo sería de ₡54,856,051","</think>

El costo para la infraestructura en el tamizaje de cáncer gástrico es de $54,856,051, correspondiente al puesto de trabajo y procedimiento de 25.92 m².",1.2943175990367308,991,56,1047,open_ended,93.66923076923075,10.0,109.8,3294.54296875,3294.54296875,3294.54296875,97.83333333333333,97.0,98.0,15972.0,15972.0,15972.0
2,DeepSeek-R1-Distill-Qwen-14B-Q6_K,249,"Las sugerencias adicionales para fortalecer el plan incluyen:

Tamizaje por EGD directa: Evaluar su viabilidad en zonas prioritarias con recursos disponibles.
Estandarización por edad: Ajustar las tasas epidemiológicas por edad para evitar sesgos demográficos al priorizar cantones.
Unidad móvil de endoscopía: Crear una unidad móvil (con dos salas) mediante alianzas público-privadas, operada por médicos en servicio social o contrato de retribución.
Red de voluntarios: Integrar estudiantes de áreas de la salud y miembros comunitarios para apoyo logístico y difusión.
Telemedicina: Implementar preconsultas y seguimiento en regiones alejadas.
Alianzas privadas e internacionales: Obtener financiamiento, equipamiento y transferencia de tecnología.
Educación preventiva: Promover estilos de vida saludables.","</think>

Las principales sugerencias propuestas para fortalecer la implementación y efectividad del plan son:

1. Realizar una evaluación exhaustiva de la viabilidad de implementar programas de tamizaje de cáncer gástrico mediante EGD en zonas prioritarias con recursos necesarios, debido a la alta incidencia y mortalidad.

2. Establecer un sistema de seguimiento y evaluación continua para monitorear el progreso, identificar áreas de mejora y ajustar estrategias.

3. Garantizar la transparencia en la presentación de avances y resultados para mantener la responsabilidad y compromiso de todas las partes involucradas.

4. Considerar supuestos esenciales como disponibilidad de recursos financieros, capacitación y retención de personal, y adquisición de equipamiento médico.

5. Proponer acciones de mejora continua, implementación de acciones piloto, monitoreo y evaluación constante para asegurar el éxito del plan.",4.460506615927443,1488,213,1701,open_ended,99.10238095238103,79.9,109.8,3294.54296875,3294.54296875,3294.54296875,97.5,97.0,99.0,15972.0,15972.0,15972.0
2,DeepSeek-R1-Distill-Qwen-14B-Q6_K,260,"El ultrasonido endoscópico es una herramienta diagnóstica y terapéutica de alta especialización que combina técnicas de alta resolución con acceso endoscópico interno. Permite evaluar lesiones del tracto gastrointestinal, estructuras perigestivas y sistema pancreatobiliar.","</think>

El ultrasonido endoscópico es una herramienta diagnóstica avanzada que combina la tecnología de la endoscopía con la ecografía de alta resolución. Su papel en el diagnóstico del cáncer gastrointestinal consiste en permitir una visualización en profundidad de las capas de la pared gastrointestinal y de las estructuras adyacentes desde el interior del tracto digestivo. Esto es especialmente útil para evaluar lesiones sospechosas detectadas en los programas de tamizaje o en rutas clínicas, proporcionando una evaluación más precisa de la extensión, localización y características de dichas lesiones. Además, puede utilizarse para guiar procedimientos diagnósticos como biopsias por aspiración con aguja fina o para planificar abordajes quirúrgicos y terapéuticos complejos.",3.8585249339230354,1082,188,1270,open_ended,97.65405405405411,10.0,109.8,3294.37109375,3294.37109375,3294.37109375,97.57894736842105,97.0,99.0,15972.0,15972.0,15972.0
2,DeepSeek-R1-Distill-Qwen-14B-Q6_K,257,"El Programa de Cirugía Percutánea ofrece una alternativa terapéutica de mínima invasiónes. Utiliza técnicas quirúrgicas realizadas a través de pequeñas incisiones, guiadas por tecnologías de imagen como ecografía, tomografía axial computarizada (TAC) o fluoroscopía.
Entre los beneficios clave para los pacientes destacan:

Menor riesgo quirúrgico frente a la cirugía abierta convencional.
Reducción del tiempo de recuperación y estancias hospitalarias más cortas.
Menor impacto físico.","</think>

El Programa de Cirugía Percutánea es una línea resolutiva del CNDTCG orientada a ofrecer atención especializada a pacientes con patologías gastrointestinales, biliares o neoplásicas que requieren intervenciones quirúrgicas de mínima invasión guiadas por imagen. Este programa utiliza técnicas avanzadas para realizar procedimientos percutáneos, asegurando la implementación de protocolos técnicos institucionales, estándares de calidad y criterios de seguridad establecidos por la CCSS. Los beneficios para los pacientes incluyen menores intervenciones quirúrgicas, reducción de complicaciones, menor tiempo de hospitalización y una rápida integración en el proceso de detección temprana.",3.5207679499872024,1182,169,1351,open_ended,100.10606060606067,99.8,109.9,3294.37109375,3294.37109375,3294.37109375,95.23529411764706,58.0,99.0,15972.0,15972.0,15972.0
2,DeepSeek-R1-Distill-Qwen-14B-Q6_K,266,"La Unidad de Investigación en Salud (UIS) lidera el diseño, ejecución y gestión de procesos de investigación científica en el CNDTCG. Su papel principal es generar evidencia útil para fortalecer la toma de decisiones clínicas, administrativas y estratégicas, formulando investigación para los programas de tamizaje poblacional, la detección temprana, la eficiencia de recursos y los desenlaces clínicos del cáncer gastrointestinal.
Sus funciones clave incluyen:

Elaboración y gestión: Diseñar protocolos de investigación y gestionar avales éticos e institucionales.
Coordinación interinstitucional: Articular proyectos con servicios clínicos internos, universidades, centros de investigación y entidades financiadoras.
Desarrollo académico: Fomentar la cultura investigativa, la educación continua y la divulgación de resultados mediante publicaciones científicas.
Mejora continua: Colaborar con las áreas de Planificación y Mejora Continua para transformar datos en innovación y aprendizaje institucional.","</think>

La Unidad de Investigación en Salud (UIS) del CNDTCG tiene un papel fundamental en la investigación continua de cáncer gástrico y colorrectal. Ella debe liderar esfuerzos en la generación de evidencia, desarrollo institucional y comunicación formal con el establecimiento de origen. Además, la UIS juega un rol central en la articulación de la red de servicios de salud institucional, asegurando la implementación estandarizada de estrategias de captación, diagnóstico, tratamiento y seguimiento en todo el país. Su fortalecimiento es esencial para la efectividad de los programas del CNDTCG.",3.1142589210066944,1208,147,1355,open_ended,96.81000000000003,10.0,99.9,3296.9544270833335,3294.37109375,3299.21484375,94.625,50.0,99.0,15972.0,15972.0,15972.0
2,DeepSeek-R1-Distill-Qwen-14B-Q6_K,276,"Antecedentes de familiares de primer grado (padre, madre, hijos y hermanos) diagnosticados con cáncer colorrectal a la edad de 50 años o menos.

Síndromes hereditarios asociados al cáncer colorrectal, entre los cuales se destacan:
    Síndrome de Lynch
    Poliposis adenomatosa familiar
    Poliposis adenomatosa familiar atenuada
    Poliposis asociada a MUTYH
    Síndrome de Peutz-Jeghers
    Síndrome de poliposis juvenil
    Síndrome de Cowden","</think>

Según la norma, los principales factores de riesgo de antecedentes familiares para cáncer colorrectal son:

a) Antecedentes heredofamiliares de cáncer colorrectal de primer grado (madre, padre, hermanos, hijos).",1.6358494960004464,1578,64,1642,open_ended,96.69374999999998,30.0,109.8,3298.953125,3298.953125,3298.953125,95.5,78.0,99.0,15972.0,15972.0,15972.0
2,DeepSeek-R1-Distill-Qwen-14B-Q6_K,240,"La demanda para los programas de tamizaje corresponde a la población objetivo (personas entre 50 y 74 años).
El criterio para priorizar los cantones consiste en seleccionar aquellos cuya tasa de incidencia media (2017-2022) se ubica por encima de la media nacional respectiva:
Cáncer gástrico: Se priorizan 35 cantones con una tasa de incidencia superior a la media nacional de 11,66 por 100.000 habitantes.
Cáncer colorrectal: Se priorizan 36 cantones con una tasa de incidencia superior a la media nacional de 18,25 por 100.000 habitantes.
","</think>

La demanda para los programas de tamizaje de cáncer gástrico y colorrectal se identifica mediante la incidencia de estos cánceres en los cantones, utilizando datos del Ministerio de Salud. Los cantones con tasas superiores a la media nacional son prioritarios, como se muestra en el Cuadro No. 6, que lista los 20 cantones con las tasas más altas de incidencia de cáncer colorrectal. Para priorizar, se consideran las tasas de incidencia y la necesidad de enfoques específicos de salud pública en esas áreas.",2.8879602890228853,1169,136,1305,open_ended,97.66785714285717,0.0,109.8,3299.1037946428573,3298.953125,3299.109375,97.14285714285714,92.0,98.0,15972.0,15972.0,15972.0
2,DeepSeek-R1-Distill-Qwen-14B-Q6_K,229,"La incidencia combinada de cáncer de estómago, colon y recto muestra un incremento exponencial conforme aumenta la edad. Se mantiene baja en grupos jóvenes, pero se eleva notablemente a partir de los 50 años: 41,74 casos por 100.000 habitantes en el grupo de 50–54 años, 63,46 en 55–59, 91,18 en 60–64, 133,15 en 65–69, 181,71 en 70–74, y alcanza su máximo en el grupo de 75 años y más con 229,46.
Implicaciones: Esta concentración del riesgo fundamenta la delimitación de la población objetivo de los programas de tamizaje al rango de 50 a 74 años. Asimismo, subraya la necesidad urgente de priorizar la captación e intervención oportuna en los segmentos de mayor edad.","</think>

La incidencia combinada de cáncer de estómago, colon y recto aumenta significativamente con la edad, especialmente en personas mayores de 50 años. Según el gráfico presentado, la tasa de incidencia es baja en los grupos etarios más jóvenes, pero se eleva notablemente en las personas de 75 años o más, alcanzando 229.46 casos por cada 100,000 habitantes. Esta tendencia subraya la vulnerabilidad de la población en el rango de 50 a 74 años, lo que implica que los programas de tamizaje y prevención deben priorizar estos grupos de edad. Además, la disminución en la incidencia del cáncer de estómago en los últimos años, de 37.35 a 25.82 casos por 100,000 habitantes entre 2017 y 2022, sugiere una mejora en los programas de prevención y diagnóstico temprano.",4.865421331021935,1544,233,1777,open_ended,99.58913043478267,59.9,109.8,3301.008152173913,3299.109375,3305.828125,96.91666666666667,83.0,99.0,15972.0,15972.0,15972.0
2,DeepSeek-R1-Distill-Qwen-14B-Q6_K,301," Los requisitos mínimos de calidad que debe cumplir la colonoscopia de tamizaje comprenden:
    Ejecución del estudio:
        Inspección completa de colon y recto, documentando ciego, válvula ileocecal y orificio apendicular (se recomienda fotografía).
        Tiempo de retirada mínimo de 6 minutos.
        Limpieza colónica adecuada (evaluada mediante la Escala de Boston).
    Informe endoscópico: Debe precisar número, tamaño, localización, morfología, caracterización (JNET, NICE, Kudo), método y completitud de extirpación de los pólipos.
    Reporte de anatomía patológica: Debe incluir total de adenomas/pólipos serrados, diagnóstico histopatológico, componente velloso y grado de displasia.","</think>

Los requisitos mínimos de calidad que una colonoscopia de tamizaje debe cumplir son:

1. **Inspección completa**: Debe realizarse una inspección total del colon y el recto, asegurando la visualización y documentación adecuada del ciego, la válvula ileocecal y el orificio apendicular.

2. **Tiempo de retirada**: El tiempo de retirada del colonoscopio no debe ser menor a 6 minutos.

3. **Documentación visual**: Se recomienda adjuntar fotografías para respaldar la visualización de los segmentos mencionados.

Estos requisitos aseguran que la colonoscopia sea efectiva y cumpla con los estándares necesarios para reducir el riesgo de cáncer colorrectal posterior.",3.7372280589770526,1503,175,1678,open_ended,100.1228571428572,89.9,109.8,3305.828125,3305.828125,3305.828125,95.26315789473684,54.0,99.0,15972.0,15972.0,15972.0
2,DeepSeek-R1-Distill-Qwen-14B-Q6_K,246,"La colaboración académica fortalece los programas de tamizaje:

UCR/CICICA: Aporta dos salas de endoscopía e integra Inteligencia Artificial para priorizar la lectura de Series Gastroduodenales (SGD) alteradas.
TEC: Desarrolla modelos predictivos de riesgo, optimiza procesos y define requerimientos en el EDUS para mejorar el flujo de información y la gobernanza.

La desvinculación del Hospital Max Peralta (HMP) implica gestionar un proceso ordenado de coexistencia. Tras 29 años de codependencia, el CNDTCG posee su propia Unidad Programática, pero aún carece de la estructura administrativa para asumir de forma independiente recursos financieros, talento humano, soporte de TIC, mantenimiento y servicios clínicos compartidos.","</think>

La colaboración con la academia, como la UCR/CICICA y el TEC, es fundamental para los programas de tamizaje ya que aporta conocimientos y avances tecnológicos que mejoran la detección temprana del cáncer. Además, fomenta la capacitación de profesionales, asegurando que el CNDTCG cuente con la más alta calidad en sus servicios. Por otro lado, la desvinculación administrativa del CNDTCG del Hospital Max Peralta Jiménez implica una mayor autonomía operativa, lo que puede optimizar recursos y procesos, pero también requiere un fortalecimiento en la planificación y gestión interna para mantener la continuidad y calidad de la atención.",3.4717424469999973,1374,163,1537,open_ended,100.10909090909097,59.9,109.9,3305.64453125,3305.64453125,3305.64453125,97.70588235294117,97.0,99.0,15972.0,15972.0,15972.0
2,DeepSeek-R1-Distill-Qwen-14B-Q6_K,303,"Los contactos oficiales del CNDTCG y los casos para consultar a cada uno son:
    Dirección General Dr. Marvin Yglesias Rosales: Consultas sobre aspectos estratégicos, políticas institucionales, articulación con la red, decisiones clínicas complejas y coordinación interinstitucional.
    Coordinación de Programas de Tamizaje Dra. Rosalyn Vargas Barquero: Consultas sobre rutas clínicas, protocolos de tamizaje, priorización de población objetivo, indicadores y procesos operativos del programa.
    Área de Planificación y Mejora Continua Ing. Balaam Brenes Navarro: Consultas sobre planificación operativa, indicadores de desempeño, evaluación de resultados, mejora continua y análisis de datos.","</think>

No lo sé.",0.4968297790037468,1406,7,1413,open_ended,93.85999999999999,69.9,109.9,3305.64453125,3305.64453125,3305.64453125,97.0,95.0,99.0,15972.0,15972.0,15972.0
2,DeepSeek-R1-Distill-Qwen-14B-Q6_K,259,"Según la clasificación CIE-10, los principales diagnósticos nosológicos que atiende el CNDTCG incluyen:

Tumores malignos: Estómago (C16.0–C16.9), colon (C18.0–C18.9), unión rectosigmoidea (C19) y recto (C20).
Lesiones precancerosas, benignas o neoplasias de comportamiento incierto: Lesiones gástricas precancerosas (D00.2), adenomas colorrectales avanzados (D12.6), pólipos gástricos (D13.1), tumores subepiteliales del tracto digestivo (D13.2) y sospecha de tumores pancreáticos (D13.6).
Patologías gástricas, hepáticas, biliares y digestivas: Gastritis crónica atrófica (K29.4), abscesos hepáticos (K75.0), coledocolitiasis (K80.5), colecistitis (K81.0), colangitis (K83.0) y sangrado digestivo (K92.2).
Complicaciones postoperatorias: Recurrencias postquirúrgicas digestivas (T81.4).","</think>

El CNDTCG atiende diagnósticos nosológicos relacionados con el cáncer gástrico y el cáncer colorrectal, entre otros, basándose en la clasificación CIE-10 de la OMS de 2021.",1.5066699580056593,1237,62,1299,open_ended,94.48666666666665,10.0,109.8,3312.5091145833335,3312.36328125,3312.51953125,97.85714285714286,97.0,99.0,15972.0,15972.0,15972.0
2,DeepSeek-R1-Distill-Qwen-14B-Q6_K,261,"El Programa de Patología Biliar del CNDTCG brinda un abordaje diagnóstico y terapéutico especializado, mediante técnicas mínimamente invasivas. Este programa es de alcance nacional y recibe referidos de todos los centros hospitalarios de la CCSS. Los pacientes son priorizados según criterios clínicos definidos, que incluyen sintomatología sugestiva, hallazgos incidentales en estudios de imagen, complicaciones biliares y necesidad de procedimientos terapéuticos especializados no disponibles en su hospital de origen.","</think>

El Programa de Patología Biliar del CNDTCG tiene como objetivo abordar de manera integral, oportuna y resolutiva a pacientes con enfermedades complejas del árbol biliar. Utiliza herramientas clínicas, diagnósticas, quirúrgicas y endoscópicas, articuladas en el modelo de atención especializada del centro. Incluye procedimientos como endoscopias, valoraciones clínicas, imagenología y, en algunos casos, intervenciones quirúrgicas, dependiendo de la naturaleza de la patología. Se enfoca en casos que requieren un enfoque multidisciplinario y está organizado en torno a rutas clínicas definidas y criterios técnicos estandarizados para la confirmación diagnóstica y tratamiento.",3.6141708800569177,949,178,1127,open_ended,99.514705882353,89.9,109.9,3312.51953125,3312.51953125,3312.51953125,97.55555555555556,97.0,99.0,15972.0,15972.0,15972.0
2,DeepSeek-R1-Distill-Qwen-14B-Q6_K,296,"La clasificación KUDO para pólipos colorrectales es un sistema de evaluación que requiere magnificación y cromoendoscopía, empleado para la caracterización de las lesiones y como predictor de invasión submucosa. Se divide en los siguientes patrones:

    Patrones I y II: Corresponden a pólipos hiperplásicos.
    Patrones III-L, III-S y IV: Corresponden a adenomas.
    Patrones V a y V n: Describen neoplasia con invasión profunda.","</think>

La clasificación KUDO para pólipos colorrectales utiliza la magnificación y la cromoendoscopía para caracterizar los pólipos y predecir su invasión submucosa. Los patrones se dividen en:

1. **KUDO I y II**: Corresponden a pólipos hiperplásicos, con bajo riesgo de invasión.
2. **KUDO III-L, III-S y IV**: Son adenomas, con mayor riesgo de progresión.
3. **KUDO V a y V n**: Indican neoplasia con invasión submucosa profunda, sugiriendo lesiones irresecables endoscópicamente.

Esta clasificación ayuda en la determinación del riesgo de cáncer y en la planificación del tratamiento.",3.8440299220383167,1715,176,1891,open_ended,100.3583333333334,99.8,109.9,3312.51953125,3312.51953125,3312.51953125,97.36842105263158,94.0,99.0,15972.0,15972.0,15972.0
2,DeepSeek-R1-Distill-Qwen-14B-Q6_K,313,"Fluoroscopio (para Serie Gastroduodenal - SGD):
    Costo unitario estimado: Entre ₡166,663,350 y ₡198,408,750 por equipo.
    Vida útil: 10 años
Torre de Endoscopía Alta (para Gastroscopía / EGD):
     Costo unitario estimado: ₡102,322,211
    Nota de uso: Es la misma torre básica utilizada para colonoscopías, variando únicamente las sondas.","</think>

Los costos para el equipamiento en el tamizaje de cáncer gástrico, según el contexto proporcionado, corresponden a los equipos adquiridos en el año 2020 por el Centro Nacional de Detección Temprana de Cáncer Gastrointestinal. Los equipos incluyen un procesador, una fuente de luz, videoendoscopios, carros de transporte, unidades de mantenimiento, insuflador de CO2, manguires, tubos, adaptadores, pinzas de biopsia y agujas de inyección. El costo total de estos equipos es de $54,856,051, considerando el área de trabajo y el procedimiento de 25.92 m².",3.628189373994246,1577,168,1745,open_ended,100.42058823529418,89.9,109.8,3317.8825827205883,3312.51953125,3319.23828125,97.6470588235294,96.0,99.0,15972.0,15972.0,15972.0
2,DeepSeek-R1-Distill-Qwen-14B-Q6_K,252,"La organización funcional del CNDTCG se estructura bajo un modelo programático e integrado con recursos compartidos y coordinación transversal. Sus principales áreas funcionales son:

Dirección General: Responsable de la conducción estratégica, técnica y operativa del centro.
Coordinaciones de Programa: Lideran la planificación y seguimiento técnico de líneas específicas (Tamizaje Gástrico y Colorrectal, Patología Biliar, Cirugía Percutánea, ESD, Ultrasonido Endoscópico, Cirugía Mayor y Endoscopía Diagnóstica/Terapéutica).
Área Clínica Asistencial: Ejecuta los procedimientos de tamizaje, diagnóstico, tratamiento y seguimiento (endoscopía alta/baja, consulta externa, sala de operaciones, recuperación, TAC y fluoroscopía).
Área de enfermería: brinda atención pre, intra y posterior al procedimiento apoyando los programas clínicos de forma transversal.
Área de Planificación, Investigación y Gestión de Datos: Integra Planificación y Mejora Continua, la Unidad de Investigación en Salud (UIS) y la Gestión de Bases de Datos.
Área Administrativa: Gestiona los recursos físicos, financieros, de talento humano y el soporte logístico.","</think>

La organización funcional del CNDTCG se estructura en un modelo programático con recursos compartidos y coordinación transversal de áreas de soporte. Su estructura permite una atención especializada, integral y eficiente, alineada con los principios de atención centrada en las personas y los lineamientos estratégicos de la CCSS. Los principales programas incluyen tamizaje, diagnóstico endoscópico, cirugía y seguimiento clínico, contribuyendo al Macroproceso Sustantivo de Atención de la Salud, especialmente en promoción, prevención, recuperación y rehabilitación.",2.953445899998769,1307,137,1444,open_ended,99.47142857142862,79.9,109.9,3319.23828125,3319.23828125,3319.23828125,95.86666666666666,69.0,99.0,15972.0,15972.0,15972.0
2,DeepSeek-R1-Distill-Qwen-14B-Q6_K,253,"La elaboración del manual se realizó según el Manual Metodológico para la Construcción de un Manual de Gestión en la Dirección de Desarrollo de Servicios de Salud, mediante un enfoque participativo y técnico que comprendió:

Revisión documental: Análisis de antecedentes, normativa, planes estratégicos y modelos de atención.
Análisis organizativo: Evaluación de áreas funcionales, programas clínicos y servicios de soporte.
Consulta con actores clave: Sesiones técnicas de trabajo con personal del CNDTCG y áreas relacionadas.
Síntesis y sistematización: Estructuración técnica de la información bajo los apartados institucionales requeridos.
Validación preliminar: Revisión por instancias responsables y equipos operativos.
Validación final: Consenso estructurado mediante el método DELPHI modificada con expertos institucionales para garantizar su solidez, pertinencia y aplicabilidad.","</think>

La elaboración del Manual de Gestión del CNDTCG se realizó conforme a las indicaciones establecidas en el ""Manual Metodológico para la Construcción de un Manual de Gestión en la Dirección de Desarrollo de Servicios de Salud"", versión vigente. Este proceso se desarrolló bajo un enfoque participativo y técnico, que incluyó una revisión documental de antecedentes institucionales, la identificación de información y modelos de coordinación interinstitucional. Además, se consideraron los indicadores y fuentes de datos necesarias para garantizar la estandarización, coherencia técnica y alineación con la normativa institucional de la Caja Costarricense de Seguro Social.",3.482314164051786,1464,162,1626,open_ended,99.80606060606065,59.9,109.9,3319.23828125,3319.23828125,3319.23828125,97.3529411764706,93.0,99.0,15972.0,15972.0,15972.0
2,DeepSeek-R1-Distill-Qwen-14B-Q6_K,284,"Ante un resultado positivo en la prueba SOHi (sangre oculta en heces por método inmunoquímico), se debe realizar una colonoscopia de calidad en un plazo no mayor a seis meses, efectuada por personal entrenado para la detección y tratamiento endoscópico de lesiones.
Durante el procedimiento se toman biopsias o se resecan pólipos si están presentes. El seguimiento posterior depende de los hallazgos:

    Pólipos que requieren vigilancia (como adenomas ≥10 mm, con displasia de alto grado, o ≥5 adenomas): se indica colonoscopia de vigilancia a los 3 años.
    Pólipos que no requieren vigilancia o exploraciones normales: el paciente retorna al programa de tamizaje poblacional con SOHi o a los controles correspondientes según las guías clínicas.","</think>

Para los casos con pruebas SOHi positivas, se procede a realizar una endoscopía intestinal para confirmar la presencia de lesiones y determinar su naturaleza, ya sean pólipos, displasia o cáncer. Posteriormente, se evalúan los resultados histopatológicos para establecer la necesidad de intervenciones quirúrgicas o tratamientos complementarios. Se garantiza el seguimiento clínico de los pacientes, monitoreando su evolución y programando controles necesarios.",2.5842931830557063,1416,116,1532,open_ended,98.212,20.0,109.9,3324.18828125,3319.08203125,3325.80078125,97.83333333333333,97.0,99.0,15972.0,15972.0,15972.0
2,DeepSeek-R1-Distill-Qwen-14B-Q6_K,254,"El CNDTCG actúa como el ente rector y articulador de los programas de tamizaje de cáncer gástrico y colorrectal a nivel nacional. Su rol como coordinador nacional implica:

Captación estructurada: Asumir directamente la invitación y convocatoria de la población objetivo (50 a 74 años) a través de la adscripción en el EDUS.
Coordinación de la red: Gestionar la disponibilidad de cupos con laboratorios clínicos (para pruebas FIT) y servicios de imagenología (para Series Gastroduodenales) en el primer y segundo nivel.
Seguimiento y trazabilidad: Monitorear activamente la lectura de imágenes, el agendamiento de endoscopías, los resultados de biopsias y la derivación a tratamiento quirúrgico u oncológico.
Estandarización y apoyo técnico: Definir rutas clínicas, protocolos estandarizados y brindar asistencia técnica a los establecimientos de la red de la CCSS para asegurar un acceso oportuno y equitativo.","</think>

El CNDTCG actúa como coordinador nacional de los programas de tamizaje, integrando y articulando progresivamente la red de servicios de salud institucional. Su función principal es asegurar la implementación estandarizada de estrategias de captación, diagnóstico, tratamiento y seguimiento en todo el país, enfocándose en la detección temprana de cáncer gástrico y colorrectal en población asintomática. Además, articula la red de servicios para la ejecución nacional progresiva de estos programas, garantizando la continuidad, evaluación de resultados y mejora continua como instrumento de apoyo para la toma de decisiones basadas en evidencia y el cumplimiento de metas institucionales.",3.601155295036733,1420,169,1589,open_ended,99.22058823529417,79.9,109.8,3325.80078125,3325.80078125,3325.80078125,95.77777777777777,65.0,99.0,15972.0,15972.0,15972.0
2,DeepSeek-R1-Distill-Qwen-14B-Q6_K,279,"Para realizar un inventario nacional detallado de los recursos disponibles para la realización de estudios endoscópicos, se debe incluir:

antidad y distribución de los equipos de endoscopia (equipos y torres de endoscopia alta y baja).
Disponibilidad de personal capacitado.
Capacidad operativa de los centros de salud, considerando la cantidad y distribución geográfica de las salas de endoscopía disponibles a nivel nacional y por centro de salud.

Contar con esta información permite identificar brechas y áreas de necesidad, facilitando la planificación, la evaluación de la infraestructura existente y la asignación estratégica de recursos para asegurar un acceso equitativo.","</think>

Para realizar un inventario nacional de los recursos disponibles para la realización de estudios endoscópicos, se debe incluir:

- La cantidad y distribución de los equipos de endoscopia existentes en los centros de salud.
- La disponibilidad de personal capacitado en cada centro de salud.
- La capacidad operativa de los centros de salud para realizar estudios endoscópicos adecuadamente.

Estos datos permitirán identificar brechas y áreas de necesidad, facilitando la planificación y asignación de recursos de manera estratégica.",2.650412095943466,1240,122,1362,open_ended,99.85600000000002,89.9,109.8,3325.80078125,3325.80078125,3325.80078125,97.66666666666667,96.0,99.0,15972.0,15972.0,15972.0
2,DeepSeek-R1-Distill-Qwen-14B-Q6_K,268,"El indicador de cobertura de población objetivo en los programas de tamizaje de cáncer gástrico y colorrectal mide el porcentaje de personas de 50 a 74 años tamizadas con respecto a la población estimada en ese grupo.
Fórmula: (Número de personas tamizadas / Población objetivo entre 50-74 años) × 100.
Periodicidad: Trimestral.
Fuentes de datos: SIAC / SIES / Plataforma de Tamizaje.
Responsables: Coordinación de Programa / Área de Planificación.","</think>

El indicador de cobertura de población objetivo en los programas de tamizaje mide el porcentaje de personas entre 50-74 años que han sido tamizadas respecto a la población estimada en ese rango. Se calcula como (Número de personas tamizadas / Población objetivo entre 50-74 años) × 100. Los datos se obtienen de fuentes como SIAC, SIES y la Plataforma de Tamizaje, con una periodicidad trimestral. El responsable de esta métrica es la Coordinación de Programa o el Área de Planificación. Este indicador es crucial para evaluar el alcance y efectividad del programa en alcanzar a la población objetivo.",3.3980429819785063,1398,159,1557,open_ended,100.43125000000005,89.9,109.8,3330.0,3325.80078125,3332.51953125,97.625,96.0,99.0,15972.0,15972.0,15972.0
2,DeepSeek-R1-Distill-Qwen-14B-Q6_K,229,"La incidencia combinada de cáncer de estómago, colon y recto muestra un incremento exponencial conforme aumenta la edad. Se mantiene baja en grupos jóvenes, pero se eleva notablemente a partir de los 50 años: 41,74 casos por 100.000 habitantes en el grupo de 50–54 años, 63,46 en 55–59, 91,18 en 60–64, 133,15 en 65–69, 181,71 en 70–74, y alcanza su máximo en el grupo de 75 años y más con 229,46.
Implicaciones: Esta concentración del riesgo fundamenta la delimitación de la población objetivo de los programas de tamizaje al rango de 50 a 74 años. Asimismo, subraya la necesidad urgente de priorizar la captación e intervención oportuna en los segmentos de mayor edad.","</think>

La incidencia combinada de cáncer de estómago, colon y recto aumenta significativamente con la edad, especialmente en personas mayores de 50 años. Según el gráfico presentado, la tasa de incidencia es baja en los grupos etarios más jóvenes, pero se eleva notablemente en las personas de 75 años o más, alcanzando 229.46 casos por cada 100,000 habitantes. Esta tendencia subraya la vulnerabilidad de la población en el rango de 50 a 74 años, lo que implica que los programas de tamizaje y prevención deben priorizar estos grupos etarios. Además, la mayor incidencia en hombres frente a mujeres sugiere la necesidad de estrategias específicas adaptadas a cada sexo para abordar eficazmente la prevención y detección temprana de estos cánceres.",4.287135658087209,1544,203,1747,open_ended,98.10243902439032,20.0,109.8,3332.51953125,3332.51953125,3332.51953125,94.77272727272727,67.0,99.0,15972.0,15972.0,15972.0
2,DeepSeek-R1-Distill-Qwen-14B-Q6_K,278,"En la actualidad, la Caja Costarricense de Seguro Social (CCSS) cuenta con la siguiente red de instalaciones y establecimientos de salud distribuidos en sus tres niveles de atención:

    3 hospitales nacionales generales
    6 hospitales nacionales especializados
    8 hospitales regionales
    12 hospitales periféricos
    105 áreas de salud
    7 centros o unidades especializadas

Adicionalmente, la infraestructura del primer nivel se subdivide en sectores de salud que funcionan desde sedes de EBAIS (Equipos Básicos de Atención Integral en Salud) o se desplazan a Puestos de Visita Periódica (PVP) en localidades con problemas de accesibilidad.","</think>

La CCSS cuenta con 19 salas de fluoroscopia disponibles para procedimientos médicos. Además, el inventario de recursos incluye personal de imagenología distribuido en diferentes regiones del país: Brunca Central (57), Norte (108), Central (143), Sur Chorotega (15), Huetar Norte (24), Pacífico Central (384), y en total suman 384 profesionales.",2.3253500170540065,1403,103,1506,open_ended,99.36363636363635,79.9,109.8,3332.51953125,3332.51953125,3332.51953125,97.81818181818181,97.0,99.0,15972.0,15972.0,15972.0
2,DeepSeek-R1-Distill-Qwen-14B-Q6_K,228,"Durante el periodo 2017-2022, la incidencia total combinada de cáncer de estómago, colon y recto mostró una leve tendencia decreciente, pasando de 30,60 a 27,41 casos por 100.000 habitantes. Por tipo de cáncer:
- Estómago: Mantuvo estabilidad (12–13 casos por 100.000), disminuyendo hacia 2022.
- Colon: Presentó estabilidad, fluctuando entre 11 y 12 casos por 100.000.
- Recto: Permaneció constante (6–7 casos por 100.000).
Diferencias por sexo: La incidencia combinada fue consistentemente mayor en hombres (promedio de 32,62 por 100.000) que en mujeres (promedio de 27,16 por 100.000). Los hombres registraron mayor incidencia en cáncer de estómago (13,98 vs. 9,31) y de recto (6,98 vs. 5,12). En contraste, la incidencia de cáncer de colon fue levemente superior en mujeres (12,73 vs. 11,66).","</think>

No lo sé.",0.5276712970808148,1511,7,1518,open_ended,101.82000000000001,99.8,109.9,3332.51953125,3332.51953125,3332.51953125,82.5,66.0,99.0,15972.0,15972.0,15972.0
2,DeepSeek-R1-Distill-Qwen-14B-Q6_K,228,"Durante el periodo 2017-2022, la incidencia total combinada de cáncer de estómago, colon y recto mostró una leve tendencia decreciente, pasando de 30,60 a 27,41 casos por 100.000 habitantes. Por tipo de cáncer:
- Estómago: Mantuvo estabilidad (12–13 casos por 100.000), disminuyendo hacia 2022.
- Colon: Presentó estabilidad, fluctuando entre 11 y 12 casos por 100.000.
- Recto: Permaneció constante (6–7 casos por 100.000).
Diferencias por sexo: La incidencia combinada fue consistentemente mayor en hombres (promedio de 32,62 por 100.000) que en mujeres (promedio de 27,16 por 100.000). Los hombres registraron mayor incidencia en cáncer de estómago (13,98 vs. 9,31) y de recto (6,98 vs. 5,12). En contraste, la incidencia de cáncer de colon fue levemente superior en mujeres (12,73 vs. 11,66).","</think>

No lo sé.",0.13757397001609206,1511,7,1518,open_ended,64.9,29.9,99.9,3339.23828125,3339.23828125,3339.23828125,61.0,61.0,61.0,15972.0,15972.0,15972.0
2,DeepSeek-R1-Distill-Qwen-14B-Q6_K,253,"La elaboración del manual se realizó según el Manual Metodológico para la Construcción de un Manual de Gestión en la Dirección de Desarrollo de Servicios de Salud, mediante un enfoque participativo y técnico que comprendió:

Revisión documental: Análisis de antecedentes, normativa, planes estratégicos y modelos de atención.
Análisis organizativo: Evaluación de áreas funcionales, programas clínicos y servicios de soporte.
Consulta con actores clave: Sesiones técnicas de trabajo con personal del CNDTCG y áreas relacionadas.
Síntesis y sistematización: Estructuración técnica de la información bajo los apartados institucionales requeridos.
Validación preliminar: Revisión por instancias responsables y equipos operativos.
Validación final: Consenso estructurado mediante el método DELPHI modificada con expertos institucionales para garantizar su solidez, pertinencia y aplicabilidad.","</think>

La elaboración del Manual de Gestión del CNDTCG se realizó conforme a las indicaciones establecidas en el ""Manual Metodológico para la Construcción de un Manual de Gestión en la Dirección de Desarrollo de Servicios de Salud"", versión vigente. Este proceso se desarrolló bajo un enfoque participativo y técnico, que incluyó una revisión documental de antecedentes institucionales del CNDTCG, incluyendo información, modelos de coordinación interinstitucional y antecedentes relevantes. Además, se consideraron los principios y lineamientos estratégicos de la Caja Costarricense de Seguro Social (CCSS), asegurando la estandarización, coherencia técnica y alineación con la normativa institucional.",3.710225789924152,1464,174,1638,open_ended,99.80857142857148,79.9,109.8,3339.23828125,3339.23828125,3339.23828125,97.55555555555556,96.0,99.0,15972.0,15972.0,15972.0
2,DeepSeek-R1-Distill-Qwen-14B-Q6_K,260,"El ultrasonido endoscópico es una herramienta diagnóstica y terapéutica de alta especialización que combina técnicas de alta resolución con acceso endoscópico interno. Permite evaluar lesiones del tracto gastrointestinal, estructuras perigestivas y sistema pancreatobiliar.","</think>

El ultrasonido endoscópico es una herramienta diagnóstica avanzada que combina la tecnología de la endoscopía con la ecografía de alta resolución. Su papel en el diagnóstico del cáncer gastrointestinal consiste en permitir una visualización en profundidad de las capas de la pared gastrointestinal y de las estructuras adyacentes desde el interior del tracto digestivo. Esto es especialmente útil para evaluar lesiones sospechosas detectadas en los programas de tamizaje o en rutas clínicas, proporcionando una evaluación más precisa de la extensión, localización y características de dichas lesiones. Además, puede utilizarse para guiar procedimientos diagnósticos como biopsias por aspiración con aguja fina o para planificar abordajes quirúrgicos y terapéuticos complejos.",3.8626181930303574,1082,188,1270,open_ended,98.45945945945952,20.0,109.8,3339.23828125,3339.23828125,3339.23828125,93.95,56.0,98.0,15972.0,15972.0,15972.0
2,DeepSeek-R1-Distill-Qwen-14B-Q6_K,304,"La colaboración entre el Instituto Tecnológico de Costa Rica (TEC) y el CNDTCG se centra en las siguientes áreas estratégicas:

    Modelos predictivos con IA: Desarrollo e implementación de modelos de inteligencia artificial para priorizar e identificar pacientes y grupos poblacionales con mayor probabilidad de desarrollar cáncer gástrico y colorrectal.
    Análisis de desafíos operativos: Evaluación de los retos para la implementación del CNDTCG a nivel nacional.","</think>

No lo sé.",0.47693678992800415,1313,7,1320,open_ended,89.84,49.9,99.9,3339.23828125,3339.23828125,3339.23828125,76.0,49.0,99.0,15972.0,15972.0,15972.0
2,DeepSeek-R1-Distill-Qwen-14B-Q6_K,252,"La organización funcional del CNDTCG se estructura bajo un modelo programático e integrado con recursos compartidos y coordinación transversal. Sus principales áreas funcionales son:

Dirección General: Responsable de la conducción estratégica, técnica y operativa del centro.
Coordinaciones de Programa: Lideran la planificación y seguimiento técnico de líneas específicas (Tamizaje Gástrico y Colorrectal, Patología Biliar, Cirugía Percutánea, ESD, Ultrasonido Endoscópico, Cirugía Mayor y Endoscopía Diagnóstica/Terapéutica).
Área Clínica Asistencial: Ejecuta los procedimientos de tamizaje, diagnóstico, tratamiento y seguimiento (endoscopía alta/baja, consulta externa, sala de operaciones, recuperación, TAC y fluoroscopía).
Área de enfermería: brinda atención pre, intra y posterior al procedimiento apoyando los programas clínicos de forma transversal.
Área de Planificación, Investigación y Gestión de Datos: Integra Planificación y Mejora Continua, la Unidad de Investigación en Salud (UIS) y la Gestión de Bases de Datos.
Área Administrativa: Gestiona los recursos físicos, financieros, de talento humano y el soporte logístico.","</think>

La organización funcional del CNDTCG se basa en un modelo programático con recursos compartidos y coordinación transversal de áreas de soporte. Está alineada con el Mapa de Procesos Institucionales de la CCSS, contribuyendo al Macroproceso Sustantivo de Atención de la Salud, especialmente en promoción, prevención, recuperación y rehabilitación. Su estructura incluye programas de tamizaje, diagnóstico endoscópico, cirugía y seguimiento clínico. Cada área tiene puestos clave con responsabilidades específicas, asegurando la correcta aplicación de lineamientos clínicos y administrativos. Esto permite una atención especializada, integral y de alta calidad, alineada con los principios de atención centrada en las personas y los lineamientos estratégicos de la CCSS.",3.952233145944774,1307,189,1496,open_ended,97.17631578947375,0.0,99.9,3343.7119654605262,3339.39453125,3345.95703125,97.52631578947368,97.0,99.0,15972.0,15972.0,15972.0
2,DeepSeek-R1-Distill-Qwen-14B-Q6_K,290,"El impacto económico del plan de tamizaje radica en que la detección temprana y el tratamiento de lesiones precancerosas reducen drásticamente los costos de atención para la CCSS en comparación con el manejo del cáncer avanzado:

Cáncer Gástrico: Tratar lesiones precancerosas representa solo el 8.3% del costo de un cáncer avanzado (23.3% en etapa temprana).
Cáncer de Colon: Atender lesiones precancerosas equivale al 3.3% del costo en etapa avanzada (9.0% en temprana).
Cáncer de Recto: Equivale al 3.0% en lesiones precancerosas (8.3% en temprana).","</think>

El impacto económico del plan de tamizaje propuesto se relaciona con la sostenibilidad institucional y la mejora continua de los programas. Se menciona la necesidad de asignar fondos para la implementación y mantenimiento del plan, incluyendo equipamiento, infraestructura y capacitación del personal. Además, se destaca la importancia de realizar proyecciones de población y evaluar los costos reales, identificar eficiencias y sustentar decisiones presupuestarias. Sin embargo, en el contexto proporcionado no se especifican cifras o detalles monetarios específicos sobre el impacto económico directo del plan.",3.046327800955624,1473,139,1612,open_ended,99.80689655172418,59.9,109.8,3345.95703125,3345.95703125,3345.95703125,94.93333333333334,55.0,99.0,15972.0,15972.0,15972.0
2,DeepSeek-R1-Distill-Qwen-14B-Q6_K,310,"El manejo posterior a un tratamiento curativo de cáncer colorrectal comprende vigilancia clínica, junto con vigilancia endoscópica para la detección de CCR metacrónico o recurrente.
    Sin colonoscopia preoperatoria completa: Se debe realizar una colonoscopia en los primeros 6 meses posteriores al tratamiento.
    Con colonoscopia preoperatoria completa (o tras el estudio de los 6 meses):
        Colonoscopia al 1 año de la cirugía o resección.
        Colonoscopia a los 3 años de la previa.
        Colonoscopia a los 5 años de la previa.","</think>

El manejo posterior a un tratamiento curativo de CCR incluye una vigilancia clínica y endoscópica. Se recomienda una colonoscopia de vigilancia después de la resección quirúrgica o endoscópica con intención curativa. Esta colonoscopia tiene como objetivo detectar recurrencias o metástasis, mejorar los alcances en la reducción de morbilidad y mortalidad por cáncer colorrectal. Además, se realiza un control bioquímico y de imágenes correspondiente. El seguimiento debe ser estructurado y periódico, según el riesgo clínico del paciente, para facilitar la detección oportuna de recurrencias o progresiones.",3.453528784913942,1516,160,1676,open_ended,98.29393939393944,30.0,109.8,3345.95703125,3345.95703125,3345.95703125,96.23529411764706,74.0,99.0,15972.0,15972.0,15972.0
2,DeepSeek-R1-Distill-Qwen-14B-Q6_K,261,"El Programa de Patología Biliar del CNDTCG brinda un abordaje diagnóstico y terapéutico especializado, mediante técnicas mínimamente invasivas. Este programa es de alcance nacional y recibe referidos de todos los centros hospitalarios de la CCSS. Los pacientes son priorizados según criterios clínicos definidos, que incluyen sintomatología sugestiva, hallazgos incidentales en estudios de imagen, complicaciones biliares y necesidad de procedimientos terapéuticos especializados no disponibles en su hospital de origen.","</think>

El Programa de Patología Biliar tiene como propósito abordar de manera integral, oportuna y resolutiva a pacientes con enfermedades complejas del árbol biliar. Utiliza herramientas clínicas, diagnósticas, quirúrgicas y endoscópicas, articuladas en el modelo de atención especializada del CNDTCG. Incluye procedimientos como endoscopía, laboratorios clínicos, radiología y patología, organizados en una red funcional. Se enfoca en casos que requieren un enfoque especializado y multidisciplinario, priorizando a pacientes con base en criterios clínicos y comorbilidades.",3.1143247958971187,949,152,1101,open_ended,97.14333333333337,20.0,99.9,3351.1080729166665,3345.95703125,3352.67578125,94.625,74.0,98.0,15972.0,15972.0,15972.0
2,DeepSeek-R1-Distill-Qwen-14B-Q6_K,247,"La metodología evalúa cada riesgo multiplicando la Probabilidad (1 a 5) por el Impacto (1 a 5). La valoración se clasifica en: Bajo (5 o menos), Moderado (6 a 10), Alto (11 a 15) y Muy Alto (más de 15).Los riesgos con valoración más alta (Muy Alto: 20 y 16) son:
Normativa (20)
Formación y Dotación de Especialistas y Personal Técnico (20)
Disponibilidad y Adquisición de Equipamiento Médico (20)
Acceso Equitativo a los Servicios de Salud (20)
Disponibilidad de Datos Precisos y Actualizados (16)

Medidas mitigantes para los más críticos:
Normativa: Gestión de apoyo político e involucramiento de actores clave.
Formación/Dotación: Alinear la formación y asignación de especialistas según las zonas de mayor incidencia.
Equipamiento: Contratos de mantenimiento, actualización regular de equipos y reservas de emergencia.
Acceso Equitativo: Distribución adecuada de recursos e infraestructura en regiones necesitadas.
Datos: Sistemas de recolección y actualización continua de información.","</think>

La metodología para evaluar los riesgos incluye identificar ítems críticos como la disponibilidad de recursos, capacitación del personal, normativa, entre otros. Los riesgos con valoración más alta (entre 11 y 15) y muy alta (mayor a 15) son: Normativa, Disponibilidad de Recursos Financieros, Disponibilidad y Adquisición de Equipamiento Médico, Acceso Equitativo a los Servicios de Salud, Disponibilidad de Datos Precisos y Actualizados, y Eficiencia en la Coordinación y Gestión. Las medidas mitigantes propuestas para los más críticos, como la Normativa, incluyen gestionar el apoyo político, involucrar a los actores clave y comunicar efectivamente con los interesados.",3.686640962958336,1079,179,1258,open_ended,98.94857142857148,49.9,109.9,3352.67578125,3352.67578125,3352.67578125,97.61111111111111,97.0,99.0,15972.0,15972.0,15972.0
2,DeepSeek-R1-Distill-Qwen-14B-Q6_K,270,"El análisis FODA del CNDTCG evalúa los factores internos y externos del centro para orientar la planificación estratégica, la gestión de riesgos y la adaptación de su modelo de atención. Sus principales hallazgos incluyen:

Fortalezas: Centro especializado con alcance nacional autorizado por la CCSS, modelo clínico basado en tamizaje poblacional y atención resolutiva, personal altamente calificado, e integración con servicios de apoyo y evaluación.
Debilidades: Dependencia de infraestructura ajena, tiempos no estandarizados en procesos de referencia/contra-referencia y falta de sistematización uniforme de protocolos entre niveles.
Oportunidades: Inclusión en la Política Nacional de Cáncer, alianzas académicas para investigación, implementación de analítica avanzada e interés creciente en tamizaje poblacional.
Amenazas: Desigualdad regional en acceso, saturación de hospitales de referencia, limitaciones presupuestarias institucionales, resistencia al cambio y rotación de personal clave.","</think>

No lo sé.",0.45079182798508555,1219,7,1226,open_ended,83.86,20.0,99.9,3352.67578125,3352.67578125,3352.67578125,98.0,97.0,99.0,15972.0,15972.0,15972.0
2,DeepSeek-R1-Distill-Qwen-14B-Q6_K,255,"Planificación y seguimiento: Elaborar y actualizar el Plan Anual Operativo, establecer metas medibles y realizar el seguimiento sistemático de los indicadores clínicos y administrativos.
Gestión de la calidad: Liderar la mejora continua mediante el análisis de brechas, auditorías técnicas, evaluaciones internas y la formulación de acciones correctivas y preventivas.
Análisis avanzado de datos y costeo: Implementar herramientas de Big Data, Minería de Datos e Inteligencia de Negocios (BI) para orientar decisiones estratégicas, además de coordinar el costeo de servicios para evaluar la eficiencia y sostenibilidad económica.
Gestión de demanda y capacidad: Monitorear continuamente la demanda asistencial para formular requerimientos de talento humano, equipamiento e infraestructura, sirviendo como enlace técnico con instancias regionales y centrales de la CCSS.","</think>

El área de Planificación y Mejora Continua en el CNDTCG tiene funciones clave como la elaboración, revisión y actualización del Plan Anual Operativo, asegurando que las metas sean claras, medibles y pertinentes. Además, acompaña técnicamente a las unidades funcionales y programas del centro. Realiza el seguimiento sistemático de indicadores clínicos, administrativos e institucionales, y elabora informes técnicos que respaldan la toma de decisiones de la Dirección. También lidera procesos de mejora continua mediante metodologías de gestión de la calidad, análisis de brechas, auditorías técnicas y evaluaciones internas. Finalmente, contribuye a la formulación de estrategias para fortalecer la calidad y eficiencia en el centro.",3.7520536659285426,1472,176,1648,open_ended,98.42222222222227,20.0,109.9,3353.53515625,3352.67578125,3357.83203125,96.10526315789474,80.0,99.0,15972.0,15972.0,15972.0
2,DeepSeek-R1-Distill-Qwen-14B-Q6_K,237,"Según las DRIPSS, existe una distribución desigual de recursos:
Recursos humanos: Hay 384 personas en imagenología, pero solo 139 capacitadas en Serie Gastroduodenal. Hay 98,5 radiólogos capacitados en SGD.
Recursos tecnológicos: Existen 19 salas de fluoroscopia.
Implicaciones: La disparidad geográfica y la limitada capacitación técnica en SGD (solo 36% del personal de imagenología) comprometen el acceso equitativo. Además, casi todos estos recursos están destinados al diagnóstico asistencial y enfrentan listas de espera, lo que limita seriamente su uso actual para tamizaje gástrico y demanda la expansión de infraestructura.","</think>

El contexto no proporciona suficiente información específica sobre la distribución de recursos humanos y tecnológicos de fluoroscopia según las DRIPSS ni sus implicaciones para el tamizaje de cáncer gástrico. Por lo tanto, no puedo responder a esta pregunta con la información disponible.",1.5016481300117448,1022,66,1088,open_ended,92.49333333333331,0.0,99.9,3357.9778645833335,3357.83203125,3357.98828125,91.25,63.0,98.0,15972.0,15972.0,15972.0
2,DeepSeek-R1-Distill-Qwen-14B-Q6_K,236,"En Costa Rica (2017-2022), la incidencia media nacional por cada 100.000 habitantes es de 11,66 para el cáncer de estómago y de 18,25 para el cáncer colorrectal, alcanzando una tasa combinada de 29,91. Por su parte, la mortalidad nacional combinada es de 25,21 por 100.000 habitantes, siendo el cáncer de estómago el más letal (12,68), seguido del cáncer de colon (9,28) y recto (3,25).
Los cantones más vulnerables por mayor incidencia combinada son San José (63,31), Tilarán (56,14), San Isidro (51,95), Pérez Zeledón (49,30), Bagaces (43,84) y Coto Brus (43,33). En mortalidad combinada destacan San Mateo (44,58), Acosta (36,54), Cartago (35,08), Osa (34,90) y Escazú (34,20), mientras que Dota registra la mayor mortalidad por cáncer gástrico (23,14)","</think>

El estado nacional en cuanto a incidencia y mortalidad del cáncer muestra que los cantones con mayores tasas se encuentran en varias provincias, sin confinarse a una región específica. Los cantones más vulnerables incluyen San José, Pérez Zeledón, Dota, El Guarco, Aserrí, Turrubares, Santo Domingo, Turrialba, Atenas, Naranjo, Valverde Vega, San Rafael, Paraíso, Bagaces, Heredia, Flores, San Isidro, Coto Brus, Tilarán, San Isidro, Heredia, Belén, Atenas, San Mateo, Bagaces, Liberia, Carrillo, Montes de Oro, San Pablo, San Ramón, y Pococí. Estas áreas presentan tasas de mortalidad y incidencia significativamente superiores a la media nacional, lo que subraya la necesidad de intervenciones focalizadas en salud pública.",4.50274285802152,1620,213,1833,open_ended,97.71860465116286,20.0,109.8,3357.98828125,3357.98828125,3357.98828125,95.21739130434783,59.0,99.0,15972.0,15972.0,15972.0
2,DeepSeek-R1-Distill-Qwen-14B-Q6_K,280,"A nivel nacional, la CCSS dispone de 52 salas de endoscopia, lo que representa una tasa ajustada de 1,02 salas por cada 100.000 habitantes.
Existe una marcada concentración geográfica de estos recursos en las provincias de San José, Alajuela y Cartago, principalmente en hospitales nacionales y regionales (destacando el Hospital México con 4 salas y el Hospital Rafael Ángel Calderón Guardia con 3 salas).
La disponibilidad actual es insuficiente para cubrir la demanda proyectada de los programas de tamizaje. Las salas de endoscopia del país se encuentran dedicadas casi en su totalidad a la atención de procedimientos diagnósticos rutinarios, y no a tareas de tamizaje poblacional.","</think>

La situación nacional de disponibilidad de salas de endoscopia muestra una concentración de recursos en centros de salud clave, especialmente en provincias como San José, Cartago, Heredia y Alajuela, que presentan tasas más elevadas. Esto subraya la necesidad de enfoques regionalizados para garantizar un acceso equitativo y eficiente a los servicios de diagnóstico endoscópico en todo el país. Además, se identifican limitaciones en la disponibilidad de recursos humanos y tecnológicos, particularmente en el área de endoscopia, lo cual afecta la capacidad de realizar diagnósticos tempranos y tratamientos efectivos. La capacidad diagnóstica actual es insuficiente para manejar la demanda proyectada, especialmente ante un incremento en los programas de tamizaje.",3.7523386270040646,1175,181,1356,open_ended,97.31111111111117,10.0,99.9,3357.98828125,3357.98828125,3357.98828125,96.05263157894737,71.0,98.0,15972.0,15972.0,15972.0
2,DeepSeek-R1-Distill-Qwen-14B-Q6_K,318,"Ámbito Territorial: Es de alcance nacional, ya que opera como una unidad especializada que se articula con la red institucional de la CCSS en sus tres niveles de atención.
Ámbito Funcional: Cubre todos los programas y servicios desarrollados por el centro, desde el tamizaje poblacional hasta la atención diagnóstica, terapéutica, quirúrgica y de seguimiento clínico, además de los procesos de planificación, evaluación, formación e investigación.
Ámbito Temporal: Posee una vigencia indefinida, sujeta a revisiones y actualizaciones periódicas según se presenten cambios sustanciales en su estructura u operación.","</think>

El CNDTCG opera dentro del Macroproceso Sustantivo de Atención de la Salud, específicamente en las áreas de promoción de la salud, prevención secundaria, recuperación y rehabilitación. Esto se logra a través de la implementación de programas de tamizaje, diagnóstico temprano, tratamiento quirúrgico y seguimiento clínico para personas con patologías gastrointestinales.",2.1638498809188604,1160,98,1258,open_ended,96.4952380952381,20.0,109.8,3357.98828125,3357.98828125,3357.98828125,95.81818181818181,85.0,98.0,15972.0,15972.0,15972.0
2,DeepSeek-R1-Distill-Qwen-14B-Q6_K,273,"EDUS (Expediente Digital Único en Salud): Registro clínico oficial para la atención de pacientes y la trazabilidad del proceso asistencial.
SIAC (Sistema Integrado de Adscripción, Agendas y Citas): Módulo del EDUS utilizado para verificar la adscripción de la población, gestionar citas/procedimientos y medir el ausentismo.
SIES: Plataforma para la consolidación de información clínica, seguimiento de usuarios y evaluación de indicadores.
ARCA (ARCA-Patología): Sistema para consultar y monitorear masivamente los resultados de biopsias.
SILC (Sistema de Información de Laboratorios Clínicos): Plataforma para integrar y consultar resultados de laboratorio, como las pruebas FIT.
Sistemas de Imagenología y Bases Internas (FileMaker/bases estructuradas): Para el seguimiento de estudios de imagen (SGD/TAC) y análisis analítico especializado.","</think>

El CNDTCG utiliza sistemas de información institucionales que incluyen el expediente digital, la imagenología, las bases de datos y el soporte tecnológico e informático.",1.0959412769880148,1418,41,1459,open_ended,93.46363636363635,30.0,99.9,3357.98828125,3357.98828125,3357.98828125,98.0,97.0,99.0,15972.0,15972.0,15972.0
2,DeepSeek-R1-Distill-Qwen-14B-Q6_K,255,"Planificación y seguimiento: Elaborar y actualizar el Plan Anual Operativo, establecer metas medibles y realizar el seguimiento sistemático de los indicadores clínicos y administrativos.
Gestión de la calidad: Liderar la mejora continua mediante el análisis de brechas, auditorías técnicas, evaluaciones internas y la formulación de acciones correctivas y preventivas.
Análisis avanzado de datos y costeo: Implementar herramientas de Big Data, Minería de Datos e Inteligencia de Negocios (BI) para orientar decisiones estratégicas, además de coordinar el costeo de servicios para evaluar la eficiencia y sostenibilidad económica.
Gestión de demanda y capacidad: Monitorear continuamente la demanda asistencial para formular requerimientos de talento humano, equipamiento e infraestructura, sirviendo como enlace técnico con instancias regionales y centrales de la CCSS.","</think>

El área de Planificación y Mejora Continua en el CNDTCG tiene funciones clave como la elaboración, revisión y actualización del Plan Anual Operativo, asegurando que las metas sean claras, medibles y pertinentes. Además, acompaña técnicamente a las unidades funcionales y programas del centro. Realiza el seguimiento sistemático de indicadores clínicos, administrativos e institucionales, y elabora informes técnicos para respaldar la toma de decisiones. También lidera procesos de mejora continua mediante metodologías de gestión de la calidad, análisis de brechas, auditorías técnicas y evaluaciones internas. Esto contribuye a fortalecer la operación eficiente y alineada con los objetivos estratégicos del centro.",3.634820607025176,1472,170,1642,open_ended,97.81142857142862,10.0,109.8,3357.98828125,3357.98828125,3357.98828125,96.61111111111111,83.0,99.0,15972.0,15972.0,15972.0
2,DeepSeek-R1-Distill-Qwen-14B-Q6_K,233,"Aunque el volumen total y la tasa de mortalidad por cáncer de estómago, colon y recto son mayores en los hombres (fallecen más hombres en términos absolutos), las mujeres que mueren por estas neoplasias lo hacen a edades más jóvenes en comparación con la edad de referencia.
Estadísticamente, la media de Años de Vida Potencialmente Perdidos (YPLL) por fallecimiento es mayor en las mujeres (16.49 años) que en los hombres (14.10 años). Esto demuestra que, cuando una mujer muere por estos tipos de cáncer, pierde en promedio más años de vida que un hombre.","</think>

El enunciado significa que, aunque los hombres tienen una tasa de mortalidad más alta por cáncer de estómago, colon y recto, las mujeres tienden a fallecer de estos tipos de cáncer a edades más jóvenes o en etapas prematuras de la vida. Esto se refleja en que, a pesar de que las tasas de mortalidad son mayores en hombres, la mortalidad en mujeres ocurre con más frecuencia en edades más tempranas, lo que hace que el impacto de la enfermedad sea significativo en ambos sexos, aunque de manera diferente.",2.999014161061496,1662,133,1795,open_ended,97.74137931034485,10.0,109.8,3357.98828125,3357.98828125,3357.98828125,96.13333333333334,73.0,99.0,15972.0,15972.0,15972.0
2,DeepSeek-R1-Distill-Qwen-14B-Q6_K,304,"La colaboración entre el Instituto Tecnológico de Costa Rica (TEC) y el CNDTCG se centra en las siguientes áreas estratégicas:

    Modelos predictivos con IA: Desarrollo e implementación de modelos de inteligencia artificial para priorizar e identificar pacientes y grupos poblacionales con mayor probabilidad de desarrollar cáncer gástrico y colorrectal.
    Análisis de desafíos operativos: Evaluación de los retos para la implementación del CNDTCG a nivel nacional.","</think>

No lo sé.",0.4735363880172372,1313,7,1320,open_ended,91.84,39.9,109.9,3357.98828125,3357.98828125,3357.98828125,93.0,88.0,98.0,15972.0,15972.0,15972.0
2,DeepSeek-R1-Distill-Qwen-14B-Q6_K,233,"Aunque el volumen total y la tasa de mortalidad por cáncer de estómago, colon y recto son mayores en los hombres (fallecen más hombres en términos absolutos), las mujeres que mueren por estas neoplasias lo hacen a edades más jóvenes en comparación con la edad de referencia.
Estadísticamente, la media de Años de Vida Potencialmente Perdidos (YPLL) por fallecimiento es mayor en las mujeres (16.49 años) que en los hombres (14.10 años). Esto demuestra que, cuando una mujer muere por estos tipos de cáncer, pierde en promedio más años de vida que un hombre.","</think>

En el contexto proporcionado, se menciona que aunque mueren más hombres por cáncer de estómago, colon y recto, las mujeres fallecen de manera más prematura. Esto se refleja en las tasas de mortalidad, donde los hombres tienen tasas más altas (111.0 por 100,000 habitantes), mientras que las mujeres, aunque tienen tasas ligeramente menores (98.6 por 100,000 habitantes), experimentan un aumento en la mortalidad prematura, especialmente en tipos de cáncer como el de recto, donde la tasa ha aumentado de 2.12 a 3.00 en el periodo 2017-2022.",3.747060372959823,1662,172,1834,open_ended,97.86666666666673,20.0,109.8,3357.98828125,3357.98828125,3357.98828125,96.0,78.0,99.0,15972.0,15972.0,15972.0
2,DeepSeek-R1-Distill-Qwen-14B-Q6_K,317,"Los objetivos específicos del Manual de Gestión del CNDTCG son:
    Definir la estructura organizativa y funcional del centro para facilitar la coordinación interna y la articulación con la red institucional.
    Establecer las responsabilidades operativas del personal técnico y administrativo para delimitar funciones y fortalecer la gestión por procesos.
    Describir de manera clara y estandarizada la oferta de servicios (tamizaje, diagnóstico endoscópico, cirugía y seguimiento).
    Alinear el funcionamiento del CNDTCG con las políticas, normativas técnicas y planes estratégicos de la CCSS.
    Servir de base para elaborar documentos normativos que guíen la implementación progresiva y sostenible del tamizaje a nivel nacional.
    Facilitar la planificación, gestión operativa, evaluación de resultados y mejora continua basada en evidencia.","</think>

El Manual de Gestión tiene como objetivo describir y organizar las funciones, estructura, oferta de servicios y responsabilidades del CNDTCG. Busca orientar de manera sistemática los procesos asistenciales, técnicos y administrativos del centro, garantizando la coherencia operativa, la eficiencia en la prestación de servicios y la alineación con los principios y lineamientos estratégicos de la CCSS. Además, establece un modelo de atención basado en programas de tamizaje poblacional y servicios especializados, y define indicadores y procesos operativos para el seguimiento y mejora continua de la gestión.",2.950200586928986,1085,140,1225,open_ended,99.0964285714286,69.9,109.8,3357.98828125,3357.98828125,3357.98828125,97.71428571428571,97.0,99.0,15972.0,15972.0,15972.0
2,DeepSeek-R1-Distill-Qwen-14B-Q6_K,298," La colonoscopia incompleta es la exploración endoscópica del colon en la que no se logra avanzar el colonoscopio hasta alcanzar el ciego, por lo que no se visualiza la totalidad del órgano. Esta situación puede ser causada por diversos factores:
    Preparación intestinal insuficiente.
    Dolor o mala tolerancia del paciente durante la prueba.
    Características anatómicas como un colon demasiado largo, vólvulo intestinal, presencia de tejido cicatricial o diverticulosis.
    Factores individuales como bajo peso corporal o ciertas condiciones en mujeres jóvenes","</think>

La colonoscopia incompleta ocurre cuando el profesional de salud no puede avanzar el colonoscopio a través de todo el colon para llegar al ciego. Esto puede deberse a una preparación intestinal insuficiente, dolor, mala tolerancia del paciente, características anatómicas como colon largo, vólvulo, tejido cicatricial o diverticulosis, o factores individuales como bajo peso corporal o ciertas condiciones en mujeres jóvenes.",2.381961217033677,1524,104,1628,open_ended,96.77391304347825,30.0,109.8,3357.98828125,3357.98828125,3357.98828125,94.5,58.0,99.0,15972.0,15972.0,15972.0
2,DeepSeek-R1-Distill-Qwen-14B-Q6_K,233,"Aunque el volumen total y la tasa de mortalidad por cáncer de estómago, colon y recto son mayores en los hombres (fallecen más hombres en términos absolutos), las mujeres que mueren por estas neoplasias lo hacen a edades más jóvenes en comparación con la edad de referencia.
Estadísticamente, la media de Años de Vida Potencialmente Perdidos (YPLL) por fallecimiento es mayor en las mujeres (16.49 años) que en los hombres (14.10 años). Esto demuestra que, cuando una mujer muere por estos tipos de cáncer, pierde en promedio más años de vida que un hombre.","</think>

El enunciado significa que, aunque los hombres tienen una tasa de mortalidad más alta por cáncer de estómago, colon y recto, las mujeres tienden a fallecer de estos tipos de cáncer a edades más jóvenes o en etapas prematuras de la vida en comparación con los hombres. Esto se refleja en las tasas de mortalidad específicas por sexo, donde los hombres presentan tasas más elevadas, pero las mujeres muestran una tendencia a morir más temprano, lo que indica una mayor gravedad o impacto en la población femenina a nivel poblacional.",3.1115467010531574,1662,139,1801,open_ended,97.1466666666667,10.0,109.8,3357.98828125,3357.98828125,3357.98828125,94.75,57.0,99.0,15972.0,15972.0,15972.0
2,DeepSeek-R1-Distill-Qwen-14B-Q6_K,237,"Según las DRIPSS, existe una distribución desigual de recursos:
Recursos humanos: Hay 384 personas en imagenología, pero solo 139 capacitadas en Serie Gastroduodenal. Hay 98,5 radiólogos capacitados en SGD.
Recursos tecnológicos: Existen 19 salas de fluoroscopia.
Implicaciones: La disparidad geográfica y la limitada capacitación técnica en SGD (solo 36% del personal de imagenología) comprometen el acceso equitativo. Además, casi todos estos recursos están destinados al diagnóstico asistencial y enfrentan listas de espera, lo que limita seriamente su uso actual para tamizaje gástrico y demanda la expansión de infraestructura.","</think>

El contexto no proporciona información específica sobre la distribución de recursos humanos y tecnológicos de fluoroscopia según las DRIPSS ni sus implicaciones para el tamizaje de cáncer gástrico. Por lo tanto, no puedo responder a esta pregunta.",1.3864412219263613,1022,60,1082,open_ended,99.79999999999998,99.7,99.9,3357.98828125,3357.98828125,3357.98828125,97.83333333333333,97.0,98.0,15972.0,15972.0,15972.0
2,DeepSeek-R1-Distill-Qwen-14B-Q6_K,224,"Etapa I (2024–2025): Elaboración de la normativa institucional, mecanismos de acceso en el EDUS a datos de población, FIT y biopsias, captación/invitación de participantes, capacitación en endoscopia de tamizaje y convenio CNDTCG-CICICA.
Etapa II (2025–2026): Diseño de indicadores de gestión, implementación nacional del FIT cuantitativo, campañas de comunicación/sensibilización, despliegue del SILC, y planes de formación, equipamiento, infraestructura e investigación en salud.
Etapa III (2026–2028): Interoperabilidad en EDUS, análisis de desafíos operativos, implementación de modelos predictivos con inteligencia artificial para priorización, entrega de infraestructura/equipamiento y puesta en marcha de programas de tamizaje.
Etapa IV (2028–2029): Evaluación integral del plan por la Auditoría Interna y ejecución de ajustes correspondientes.","</think>

El Plan de Abordaje Integral para el Tamizaje de Cáncer de Estómago y Colorrectal se articula en respuesta a los acuerdos de la sesión No. 9414 de la Junta Directiva de la Caja Costarricense de Seguro Social. Incluye etapas como la evaluación de la situación actual, recopilación de datos epidemiológicos, diseño de estrategias, implementación de programas de tamizaje, capacitación del personal, y monitoreo y evaluación. Las actividades clave comprenden la invitación a participar, realización de pruebas FIT, endoscopias, diagnóstico, tratamiento y seguimiento de pacientes.",3.2267459189752117,1262,152,1414,open_ended,97.55483870967745,20.0,109.8,3357.98828125,3357.98828125,3357.98828125,96.625,82.0,98.0,15972.0,15972.0,15972.0
2,DeepSeek-R1-Distill-Qwen-14B-Q6_K,289,"El Plan de Abordaje Integral propone transformar la atención del cáncer gástrico y colorrectal pasando de un abordaje reactivo a uno preventivo y de detección temprana:

Paradigma actual: Se activa cuando el paciente presenta síntomas gastrointestinales y consulta en EBAIS o emergencias. Conlleva la realización de endoscopía (en lista de espera), biopsia, diagnóstico de cáncer, cirugía, estadificación, hospitalización, quimio/radioterapia y control.
Paradigma propuesto: Se orienta a personas sanas identificadas dentro de una población objetivo (según zona geográfica, incidencia y edad). Aplica campañas y pruebas de tamizaje cada dos años, realizando endoscopías únicamente a quienes presentan pruebas alteradas. Esto permite detectar lesiones premalignas o cáncer en etapas tempranas, tratarlas mediante procedimientos mínimamente invasivos y dar seguimiento/control.","</think>

El cambio de paradigma propuesto por el Plan de Abordaje Integral se centra en la implementación de programas de tamizaje integrados para el cáncer gástrico y colorrectal, en lugar del enfoque tradicional que los trataba de manera separada. Mientras que antes se enfocaba en abordar cada tipo de cáncer de manera individual, ahora se prioriza la eficiencia y efectividad mediante la integración de ambos programas, lo que permite una atención más holística y optimizada de los recursos. Este enfoque busca reducir las brechas operativas y mejorar la detección temprana, incorporando un flujo de información integrado y un modelo funcional que sustenta la formulación estratégica de los programas dentro del CNDTCG.",3.5608662880258635,983,175,1158,open_ended,98.92352941176476,39.9,109.9,3357.98828125,3357.98828125,3357.98828125,96.22222222222223,84.0,98.0,15972.0,15972.0,15972.0
2,DeepSeek-R1-Distill-Qwen-14B-Q6_K,287,"La evaluación de la norma está a cargo del Ministerio de Salud, el cual ejecuta la vigilancia y valora los resultados del cumplimiento mediante los siguientes indicadores oficiales:
    Tasa de incidencia de cáncer colorrectal.
    Porcentaje de diferentes estadios del cáncer colorrectal en el momento del diagnóstico.
    Tasa de mortalidad por cáncer colorrectal.

El Ministerio de Salud debe garantizar información estadística actualizada y de calidad, con la facultad de utilizar indicadores adicionales según su criterio técnico como ente rector. Los resultados de esta evaluación deben ser publicados cada 5 años.","</think>

La norma para el tamizaje del cáncer colorrectal se evalúa considerando la población de riesgo promedio, que incluye hombres y mujeres entre 50-74 años, cada dos años. Se utiliza la prueba específica de SOHi, cualitativa con un punto de corte no mayor a 30 ng/ml o cuantitativa y automatizada con un punto de corte de 100 ng/ml, siendo esta última la recomendada. Además, para solicitar una colonoscopia, se debe incluir la información mínima: edad, antecedentes heredofamiliares de cáncer colorrectal de primer grado, antecedentes patológicos personales y uso de anticoagulantes.",3.2158520059892908,634,163,797,open_ended,97.22903225806456,0.0,109.8,3357.98828125,3357.98828125,3357.98828125,97.3125,94.0,98.0,15972.0,15972.0,15972.0
2,DeepSeek-R1-Distill-Qwen-14B-Q6_K,252,"La organización funcional del CNDTCG se estructura bajo un modelo programático e integrado con recursos compartidos y coordinación transversal. Sus principales áreas funcionales son:

Dirección General: Responsable de la conducción estratégica, técnica y operativa del centro.
Coordinaciones de Programa: Lideran la planificación y seguimiento técnico de líneas específicas (Tamizaje Gástrico y Colorrectal, Patología Biliar, Cirugía Percutánea, ESD, Ultrasonido Endoscópico, Cirugía Mayor y Endoscopía Diagnóstica/Terapéutica).
Área Clínica Asistencial: Ejecuta los procedimientos de tamizaje, diagnóstico, tratamiento y seguimiento (endoscopía alta/baja, consulta externa, sala de operaciones, recuperación, TAC y fluoroscopía).
Área de enfermería: brinda atención pre, intra y posterior al procedimiento apoyando los programas clínicos de forma transversal.
Área de Planificación, Investigación y Gestión de Datos: Integra Planificación y Mejora Continua, la Unidad de Investigación en Salud (UIS) y la Gestión de Bases de Datos.
Área Administrativa: Gestiona los recursos físicos, financieros, de talento humano y el soporte logístico.","</think>

La organización funcional del CNDTCG se estructura en un modelo programático con recursos compartidos y coordinación transversal de áreas de soporte. Su estructura permite una atención especializada, integral y eficiente, alineada con los principios de atención centrada en las personas y los lineamientos estratégicos de la CCSS. Las principales áreas incluyen la implementación de programas de tamizaje, diagnóstico endoscópico, cirugía y seguimiento clínico, contribuyendo al Macroproceso Sustantivo de Atención de la Salud, especialmente en promoción, prevención, recuperación y rehabilitación. La estructura también define responsabilidades operativas y funciones clave, asegurando la correcta aplicación de lineamientos clínicos y administrativos, y fortaleciendo la coordinación interna y articulación operativa con la red institucional.",4.101861665025353,1307,197,1504,open_ended,98.26923076923084,39.9,109.8,3357.98828125,3357.98828125,3357.98828125,97.1,88.0,98.0,15972.0,15972.0,15972.0
2,DeepSeek-R1-Distill-Qwen-14B-Q6_K,258,"La evolución histórica del CNDTCG inició en 1995 como un proyecto piloto mediante un convenio de cooperación entre la CCSS, la Universidad de Costa Rica (UCR) y la Agencia Japonesa de Cooperación Internacional (JICA).
En 2008, se adscribió formalmente como un servicio hospitalario del Hospital Dr. Maximiliano Peralta Jiménez. En 2017, se avalaron programas técnicos clave como el Tamizaje de Cáncer Colorrectal, y entre 2019 y 2021 se implementaron mejoras organizativas e inició su traslado hacia la Dirección de Centros Especializados.
Finalmente, en marzo de 2024, la Junta Directiva de la CCSS aprobó oficialmente su creación como centro nacional especializado, otorgándole la Unidad Programática 2806 propia y definiendo su estructura funcional y operativa.","</think>

No lo sé.",0.4350209109252319,1153,7,1160,open_ended,81.86,10.0,99.9,3357.98828125,3357.98828125,3357.98828125,94.5,90.0,99.0,15972.0,15972.0,15972.0
2,DeepSeek-R1-Distill-Qwen-14B-Q6_K,243,"La metodología (ejercicio del CNDTCG en 2019) consistió en:

Identificar las atenciones aplicadas a cada tipo de lesión en un horizonte de 5 años.
Estimar la frecuencia más probable de cada atención.
Asignar costos según el modelo tarifario de la CCSS.
Identificar el tipo de medicamento oncológico, frecuencia y costo para cada tipo de cáncer.
Calcular el costo total acumulado para cada tipo de lesión de los tipos de cáncer.

Conclusiones: Atender lesiones en etapas tempranas o premalignas es drásticamente menos costoso que en etapas avanzadas. La atención preventiva/temprana representa entre el 3,0% y 9,0% del costo de un cáncer avanzado en colon y recto, y entre el 8,3% y 23,3% en cáncer gástrico. Esto demuestra que la detección temprana optimiza el uso de los recursos institucionales y reduce significativamente la carga económica y social del cáncer.","</think>

La metodología para estimar los costos de atención según el tipo de lesión incluye identificar las atenciones médicas aplicadas a cada tipo de lesión en un horizonte de 5 años, estimar la frecuencia más probable de cada atención, asignar el costo de acuerdo al modelo tarifario de la CCSS, identificar el tipo de medicamento oncológico, su frecuencia y costo para cada tipo de cáncer, y estimar el costo total para cada tipo de lesión de los diferentes tipos de cáncer. De este análisis se desprende que detectar el cáncer gástrico en etapas tempranas y tratarlo con ESD resulta en un menor costo y una mejor calidad de atención, evitando intervenciones quirúrgicas más invasivas.",3.709091058000922,1155,179,1334,open_ended,100.37714285714291,69.9,109.8,3357.98828125,3357.98828125,3357.98828125,96.72222222222223,83.0,98.0,15972.0,15972.0,15972.0
2,DeepSeek-R1-Distill-Qwen-14B-Q6_K,229,"La incidencia combinada de cáncer de estómago, colon y recto muestra un incremento exponencial conforme aumenta la edad. Se mantiene baja en grupos jóvenes, pero se eleva notablemente a partir de los 50 años: 41,74 casos por 100.000 habitantes en el grupo de 50–54 años, 63,46 en 55–59, 91,18 en 60–64, 133,15 en 65–69, 181,71 en 70–74, y alcanza su máximo en el grupo de 75 años y más con 229,46.
Implicaciones: Esta concentración del riesgo fundamenta la delimitación de la población objetivo de los programas de tamizaje al rango de 50 a 74 años. Asimismo, subraya la necesidad urgente de priorizar la captación e intervención oportuna en los segmentos de mayor edad.","</think>

La incidencia combinada de cáncer de estómago, colon y recto aumenta significativamente con la edad, especialmente en personas mayores de 50 años. Según el gráfico presentado, la tasa de incidencia es baja en los grupos etarios más jóvenes, pero se eleva notablemente en las personas de 75 años o más, alcanzando 229.46 casos por cada 100,000 habitantes. Esta tendencia subraya la vulnerabilidad de la población objetivo (50-74 años) y destaca la importancia de enfocar los programas de tamizaje y prevención en estos grupos de edad. La disminución en la incidencia del cáncer de estómago, observada en el período 2017-2022, sugiere mejoras en programas de prevención y diagnóstico temprano, lo que debe ser considerado en las estrategias futuras.",4.496001393999904,1544,214,1758,open_ended,98.6441860465117,10.0,109.8,3357.98828125,3357.98828125,3357.98828125,95.08695652173913,59.0,99.0,15972.0,15972.0,15972.0
2,DeepSeek-R1-Distill-Qwen-14B-Q6_K,270,"El análisis FODA del CNDTCG evalúa los factores internos y externos del centro para orientar la planificación estratégica, la gestión de riesgos y la adaptación de su modelo de atención. Sus principales hallazgos incluyen:

Fortalezas: Centro especializado con alcance nacional autorizado por la CCSS, modelo clínico basado en tamizaje poblacional y atención resolutiva, personal altamente calificado, e integración con servicios de apoyo y evaluación.
Debilidades: Dependencia de infraestructura ajena, tiempos no estandarizados en procesos de referencia/contra-referencia y falta de sistematización uniforme de protocolos entre niveles.
Oportunidades: Inclusión en la Política Nacional de Cáncer, alianzas académicas para investigación, implementación de analítica avanzada e interés creciente en tamizaje poblacional.
Amenazas: Desigualdad regional en acceso, saturación de hospitales de referencia, limitaciones presupuestarias institucionales, resistencia al cambio y rotación de personal clave.","</think>

No lo sé.",0.4521133489906788,1219,7,1226,open_ended,83.88000000000001,20.0,99.9,3357.98828125,3357.98828125,3357.98828125,71.66666666666667,53.0,99.0,15972.0,15972.0,15972.0
2,DeepSeek-R1-Distill-Qwen-14B-Q6_K,242,"El cálculo del número de salas teóricas de fluoroscopia ($EF$) se realiza mediante la ecuación E1:
$$EF = \frac{PO \cdot PI \cdot PP}{PS \cdot DH}$$
PO: Población objetivo en el periodo.
PI: Porcentaje de invitación.
PP: Porcentaje de participación.
PS: Pacientes diarios por sala (20 pacientes/día).
DH: Días hábiles de funcionamiento al año.
Implicación: Al extrapolar este cálculo a nivel nacional para el año 2025, se requerirían aproximadamente 12 salas de fluoroscopia (y su respectivo personal de imagenología) funcionando a tiempo completo durante todo el año. La principal implicación es que este requerimiento no es factible en la práctica, ya que representa más del 60% de la disponibilidad nacional actual (19 salas existentes), las cuales hoy están destinadas casi en su totalidad a la atención asistencial y diagnóstica.","</think>

Para calcular el número de salas de fluoroscopia necesarias, se utiliza la ecuación E1:  
EF = (PO * PI * PP) / (PS * DH)  
Donde:  
- EF: Número de equipos de salas  
- PO: Población objetivo  
- PI: Porcentaje de invitación  
- PP: Porcentaje de participación  
- PS: Número de pacientes diarios por sala  
- DH: Número de días hábiles  

El resultado obtenido indica el número de salas de fluoroscopia y, por consecuencia, el personal de imagenología requerido para cubrir la demanda del programa de tamizaje. Este cálculo asegura que la capacidad instalada sea suficiente para atender a todos los pacientes en el período establecido, garantizando la eficiencia y efectividad del programa.",3.9185869669308886,1493,185,1678,open_ended,98.99459459459466,69.9,99.9,3357.98828125,3357.98828125,3357.98828125,97.57894736842105,97.0,99.0,15972.0,15972.0,15972.0
2,DeepSeek-R1-Distill-Qwen-14B-Q6_K,255,"Planificación y seguimiento: Elaborar y actualizar el Plan Anual Operativo, establecer metas medibles y realizar el seguimiento sistemático de los indicadores clínicos y administrativos.
Gestión de la calidad: Liderar la mejora continua mediante el análisis de brechas, auditorías técnicas, evaluaciones internas y la formulación de acciones correctivas y preventivas.
Análisis avanzado de datos y costeo: Implementar herramientas de Big Data, Minería de Datos e Inteligencia de Negocios (BI) para orientar decisiones estratégicas, además de coordinar el costeo de servicios para evaluar la eficiencia y sostenibilidad económica.
Gestión de demanda y capacidad: Monitorear continuamente la demanda asistencial para formular requerimientos de talento humano, equipamiento e infraestructura, sirviendo como enlace técnico con instancias regionales y centrales de la CCSS.","</think>

El área de Planificación y Mejora Continua en el CNDTCG tiene funciones que incluyen la elaboración, revisión y actualización del Plan Anual Operativo, asegurando que las metas sean claras, medibles y pertinentes. Además, acompaña técnicamente a las unidades funcionales y programas del centro. También realiza el seguimiento sistemático de indicadores clínicos, administrativos e institucionales, y elabora informes técnicos que respaldan la toma de decisiones de la Dirección. Por otro lado, lidera los procesos de mejora continua mediante la aplicación de metodologías de gestión de la calidad, análisis de brechas, auditorías técnicas, evaluaciones internas y formulación de planes de acción para corregir y prevenir deficiencias.",3.705484425998293,1472,174,1646,open_ended,99.52000000000005,79.9,109.8,3357.98828125,3357.98828125,3357.98828125,97.55555555555556,97.0,99.0,15972.0,15972.0,15972.0
2,DeepSeek-R1-Distill-Qwen-14B-Q6_K,250,"El proceso de tamizaje de cáncer gástrico sigue las siguientes etapas:

Invitación: Se convoca a personas asintomáticas (50 a 74 años) de la población objetivo.
Serie Gastroduodenal (SGD): Estudio de fluoroscopia donde el imagenólogo aplica el contraste y el radiólogo interpreta las imágenes para detectar anomalías.
Gastroscopia: Si la SGD resulta alterada, el endoscopista (asistido por el técnico) realiza una gastroscopia para evaluar directamente el estómago.
Biopsia: De hallarse lesiones sospechosas, se toma una muestra de tejido para análisis por parte del patólogo.
Resolución: Si la biopsia resulta positiva para cáncer, el paciente se remite a tratamiento. Si los resultados son negativos o no requieren gastroscopia, el usuario reingresa al programa para futuros controles bienales.","</think>

El proceso de tamizaje para el cáncer gástrico según el modelo del CNDTCG incluye la realización de pruebas como la serie gastroduodenal y la gastroscopía. Este tamizaje está dirigido a personas entre 50 y 74 años, con el objetivo de detectar de manera precoz lesiones precancerígenas o cancerosas en el tracto gastrointestinal. El modelo articula esfuerzos institucionales para disminuir la morbilidad y mortalidad asociadas al cáncer gástrico, mediante estrategias clínicas, diagnósticas y terapéuticas implementadas por equipos multidisciplinarios.",3.2111157740000635,1158,153,1311,open_ended,97.22903225806456,10.0,109.8,3357.98828125,3357.98828125,3357.98828125,97.25,92.0,99.0,15972.0,15972.0,15972.0
2,DeepSeek-R1-Distill-Qwen-14B-Q6_K,279,"Para realizar un inventario nacional detallado de los recursos disponibles para la realización de estudios endoscópicos, se debe incluir:

antidad y distribución de los equipos de endoscopia (equipos y torres de endoscopia alta y baja).
Disponibilidad de personal capacitado.
Capacidad operativa de los centros de salud, considerando la cantidad y distribución geográfica de las salas de endoscopía disponibles a nivel nacional y por centro de salud.

Contar con esta información permite identificar brechas y áreas de necesidad, facilitando la planificación, la evaluación de la infraestructura existente y la asignación estratégica de recursos para asegurar un acceso equitativo.","</think>

Para realizar un inventario nacional de los recursos disponibles para la realización de estudios endoscópicos, se debe incluir:

- La cantidad y distribución de los equipos de endoscopia existentes en los centros de salud.
- La disponibilidad de personal capacitado en técnicas endoscópicas.
- La capacidad operativa de los centros de salud para realizar estudios endoscópicos adecuadamente.

Esta información permitirá identificar brechas y áreas de necesidad, facilitando la planificación y asignación de recursos de manera estratégica.",2.6665290410164744,1240,123,1363,open_ended,99.41600000000003,89.9,109.8,3357.98828125,3357.98828125,3357.98828125,95.07692307692308,64.0,99.0,15972.0,15972.0,15972.0
2,DeepSeek-R1-Distill-Qwen-14B-Q6_K,259,"Según la clasificación CIE-10, los principales diagnósticos nosológicos que atiende el CNDTCG incluyen:

Tumores malignos: Estómago (C16.0–C16.9), colon (C18.0–C18.9), unión rectosigmoidea (C19) y recto (C20).
Lesiones precancerosas, benignas o neoplasias de comportamiento incierto: Lesiones gástricas precancerosas (D00.2), adenomas colorrectales avanzados (D12.6), pólipos gástricos (D13.1), tumores subepiteliales del tracto digestivo (D13.2) y sospecha de tumores pancreáticos (D13.6).
Patologías gástricas, hepáticas, biliares y digestivas: Gastritis crónica atrófica (K29.4), abscesos hepáticos (K75.0), coledocolitiasis (K80.5), colecistitis (K81.0), colangitis (K83.0) y sangrado digestivo (K92.2).
Complicaciones postoperatorias: Recurrencias postquirúrgicas digestivas (T81.4).","</think>

El CNDTCG atiende diagnósticos nosológicos relacionados con el cáncer gástrico y el cáncer colorrectal, entre otros, basándose en la clasificación CIE-10 de la OMS. Estos diagnósticos son prioritarios debido a su impacto en la carga de enfermedad y mortalidad en Costa Rica.",1.8829374819761142,1237,82,1319,open_ended,98.14444444444443,59.9,109.8,3357.98828125,3357.98828125,3357.98828125,94.66666666666667,69.0,99.0,15972.0,15972.0,15972.0
2,DeepSeek-R1-Distill-Qwen-14B-Q6_K,262,"Macroproceso Sustantivo de Atención de la Salud: Es su eje principal, participando en la promoción de la salud, prevención secundaria, recuperación y rehabilitación mediante programas de tamizaje, diagnóstico temprano, tratamiento quirúrgico y seguimiento clínico.
Macroprocesos Estratégicos: Se articula funcionalmente en gestión de la salud, planificación estratégica, aseguramiento de la calidad asistencial e investigación en salud.
Macroprocesos de Apoyo: Se apoya en ellos para su operación en gestión de talento humano, abastecimiento de insumos y materiales, mantenimiento de infraestructura, soporte tecnológico e informático, y gestión administrativa y financiera.","</think>

El CNDTCG opera alineado con el Mapa de Procesos Institucionales de la CCSS, contribuyendo específicamente al Macroproceso Sustantivo de Atención de la Salud. Se enfoca en áreas como promoción de salud, prevención secundaria, recuperación y rehabilitación, implementando programas de tamizaje, diagnóstico temprano, tratamiento quirúrgico y seguimiento clínico para personas con patologías gastrointestinales. Esta alineación asegura la estandarización, coherencia técnica y alineación con la normativa institucional de la CCSS, permitiendo una evaluación continua y mejora en la prestación de servicios.",3.4023801049916074,1419,159,1578,open_ended,101.05625000000005,89.9,119.9,3357.98828125,3357.98828125,3357.98828125,94.58823529411765,47.0,99.0,15972.0,15972.0,15972.0
2,DeepSeek-R1-Distill-Qwen-14B-Q6_K,320,"Una lesión premaligna es una alteración patológica del tejido (como el del colon o el recto) que presenta un riesgo significativo de progresar a cáncer si no recibe tratamiento. Entre estas lesiones se incluyen principalmente los pólipos adenomatosos, la displasia y los pólipos serrados. Su identificación y eliminación oportuna mediante procedimientos endoscópicos es fundamental para prevenir el desarrollo de una neoplasia maligna.","</think>

Una lesión premaligna es una alteración en las células del tracto gastrointestinal que puede evolucionar hacia un cáncer. Se refiere a lesiones neoplásicas superficiales que, por su naturaleza, características histológicas o ubicación, requieren intervención médica para evitar su progreso a una neoplasia maligna. Estas lesiones pueden localizarse en el estómago o el colon, entre otras áreas, y son tratadas mediante procedimientos mínimamente invasivos como la resección submucosa endoscópica (ESD) o la polipectomía, dependiendo de su tamaño y características.",3.1922035299940035,1473,147,1620,open_ended,100.47000000000004,99.8,109.8,3357.98828125,3357.98828125,3357.98828125,97.53333333333333,96.0,99.0,15972.0,15972.0,15972.0
2,DeepSeek-R1-Distill-Qwen-14B-Q6_K,310,"El manejo posterior a un tratamiento curativo de cáncer colorrectal comprende vigilancia clínica, junto con vigilancia endoscópica para la detección de CCR metacrónico o recurrente.
    Sin colonoscopia preoperatoria completa: Se debe realizar una colonoscopia en los primeros 6 meses posteriores al tratamiento.
    Con colonoscopia preoperatoria completa (o tras el estudio de los 6 meses):
        Colonoscopia al 1 año de la cirugía o resección.
        Colonoscopia a los 3 años de la previa.
        Colonoscopia a los 5 años de la previa.","</think>

El manejo posterior a un tratamiento curativo de CCR incluye una vigilancia clínica y endoscópica. Se recomienda una colonoscopia de vigilancia después de la resección quirúrgica o endoscópica con intención curativa. Esta colonoscopia tiene como objetivo detectar recurrencias o metástasis, mejorar los alcances en la reducción de morbilidad y mortalidad por cáncer colorrectal. Además, se realizan controles bioquímicos y de imágenes correspondientes. El seguimiento se programa de manera estructurada según el riesgo clínico del paciente, asegurando la continuidad del cuidado y la detección oportuna de recurrencias o progresiones.",3.564261342980899,1516,166,1682,open_ended,97.4617647058824,30.0,109.8,3357.98828125,3357.98828125,3357.98828125,97.6470588235294,97.0,99.0,15972.0,15972.0,15972.0
