bag_id,model,question_id,expected_answer,response,total_duration_sec,input_tokens,output_tokens,total_tokens,question_type,cpu_avg,cpu_min,cpu_max,memory_avg,memory_min,memory_max,gpu_util_avg,gpu_util_min,gpu_util_max,gpu_mem_avg,gpu_mem_min,gpu_mem_max
0,DeepSeek-R1-Distill-Qwen-14B-F16,79,Sí,sí,0.8340129279531538,1199,10,1209,yes_no,99.82499999999999,79.9,109.8,3790.29296875,3747.7890625,3799.42578125,86.66666666666667,67.0,97.0,31626.0,31572.0,31658.0
0,DeepSeek-R1-Distill-Qwen-14B-F16,71,Sí,sí,0.7157323979772627,1271,10,1281,yes_no,95.54285714285713,59.9,109.8,3799.6015625,3799.33203125,3799.6875,98.0,97.0,99.0,31666.571428571428,31658.0,31668.0
0,DeepSeek-R1-Distill-Qwen-14B-F16,75,No,no,2.36588972795289,1488,51,1539,yes_no,99.80454545454542,69.9,109.8,3799.6880326704545,3799.58203125,3799.6953125,96.08333333333333,81.0,99.0,31668.0,31668.0,31668.0
0,DeepSeek-R1-Distill-Qwen-14B-F16,8,No,no,0.7986007629660891,1775,8,1783,yes_no,92.32499999999999,39.9,99.9,3799.69921875,3799.6015625,3799.71484375,96.25,91.0,99.0,31683.0,31668.0,31688.0
0,DeepSeek-R1-Distill-Qwen-14B-F16,72,Sí,sí,0.7487914679804816,1415,10,1425,yes_no,104.1,99.8,109.9,3799.703125,3799.609375,3799.71875,89.0,72.0,99.0,31688.0,31688.0,31688.0
0,DeepSeek-R1-Distill-Qwen-14B-F16,67,Sí,sí,0.7014576679794119,1142,10,1152,yes_no,94.11428571428571,59.9,99.9,3799.7488839285716,3799.61328125,3799.78125,84.25,48.0,99.0,31688.0,31688.0,31688.0
0,DeepSeek-R1-Distill-Qwen-14B-F16,108,No,no,0.6607444920809938,1369,8,1377,yes_no,85.57142857142857,10.0,99.9,3799.78125,3799.6875,3799.796875,97.0,96.0,98.0,31688.0,31688.0,31688.0
0,DeepSeek-R1-Distill-Qwen-14B-F16,12,No,no,0.7179099470376968,1559,8,1567,yes_no,96.91428571428571,79.9,99.9,3799.7890625,3799.6953125,3799.8046875,98.0,97.0,99.0,31688.0,31688.0,31688.0
0,DeepSeek-R1-Distill-Qwen-14B-F16,95,No,no,0.6665248370263726,1405,8,1413,yes_no,89.84285714285714,20.0,109.9,3799.796875,3799.703125,3799.8125,91.33333333333333,79.0,99.0,31688.0,31688.0,31688.0
0,DeepSeek-R1-Distill-Qwen-14B-F16,72,Sí,sí,0.7504033800214529,1415,10,1425,yes_no,102.67142857142856,99.8,109.9,3799.796875,3799.703125,3799.8125,89.0,72.0,99.0,31688.0,31688.0,31688.0
0,DeepSeek-R1-Distill-Qwen-14B-F16,50,Sí,no,2.341818584012799,1382,51,1433,yes_no,97.54545454545452,39.9,109.9,3799.8132102272725,3799.70703125,3799.8203125,98.0,97.0,99.0,31688.0,31688.0,31688.0
0,DeepSeek-R1-Distill-Qwen-14B-F16,84,Sí,sí,0.7427464619977401,1392,10,1402,yes_no,108.37142857142855,99.8,129.8,3799.80859375,3799.71484375,3799.82421875,91.33333333333333,79.0,99.0,31688.0,31688.0,31688.0
0,DeepSeek-R1-Distill-Qwen-14B-F16,13,Sí,sí,0.9184976189862937,1921,10,1931,yes_no,99.82222222222221,59.9,109.9,3799.819878472222,3799.72265625,3799.83203125,98.0,96.0,99.0,31688.0,31688.0,31688.0
0,DeepSeek-R1-Distill-Qwen-14B-F16,56,Sí,sí,0.5745043209753931,1520,5,1525,yes_no,94.83333333333333,39.9,109.9,3799.8138020833335,3799.72265625,3799.83203125,91.66666666666667,78.0,99.0,31688.0,31688.0,31688.0
0,DeepSeek-R1-Distill-Qwen-14B-F16,47,Sí,sí,0.74926976300776,1401,10,1411,yes_no,98.38571428571427,89.8,99.9,3799.8203125,3799.7265625,3799.8359375,98.0,97.0,99.0,31688.0,31688.0,31688.0
0,DeepSeek-R1-Distill-Qwen-14B-F16,115,No,no,0.5481626229593529,1025,8,1033,yes_no,81.51666666666667,0.0,99.8,3799.8294270833335,3799.73828125,3799.84765625,87.0,66.0,98.0,31688.0,31688.0,31688.0
0,DeepSeek-R1-Distill-Qwen-14B-F16,46,Sí,sí,0.7219659920083358,1305,10,1315,yes_no,95.54285714285713,69.9,99.9,3799.8359375,3799.7421875,3799.8515625,86.75,54.0,99.0,31688.0,31688.0,31688.0
0,DeepSeek-R1-Distill-Qwen-14B-F16,11,Sí,sí,0.5639026300050318,1463,5,1468,yes_no,86.51666666666667,20.0,109.8,3799.8372395833335,3799.74609375,3799.85546875,98.0,97.0,99.0,31688.0,31688.0,31688.0
0,DeepSeek-R1-Distill-Qwen-14B-F16,41,Sí,sí,0.773205987061374,1505,10,1515,yes_no,89.83749999999999,20.0,109.8,3799.845703125,3799.75,3799.859375,87.75,57.0,99.0,31688.0,31688.0,31688.0
0,DeepSeek-R1-Distill-Qwen-14B-F16,110,No,no,0.6450188379967584,1277,8,1285,yes_no,101.48333333333333,99.8,109.8,3799.8528645833335,3799.76171875,3799.87109375,96.33333333333333,95.0,97.0,31688.0,31688.0,31688.0
0,DeepSeek-R1-Distill-Qwen-14B-F16,95,No,no,0.6685621100477874,1405,8,1413,yes_no,88.41428571428571,20.0,99.9,3799.85546875,3799.76171875,3799.87109375,94.0,86.0,99.0,31688.0,31688.0,31688.0
0,DeepSeek-R1-Distill-Qwen-14B-F16,26,No,no,0.636460773064755,1253,8,1261,yes_no,98.16666666666667,89.9,99.9,3799.86328125,3799.76953125,3799.8828125,92.33333333333333,82.0,98.0,31688.0,31688.0,31688.0
0,DeepSeek-R1-Distill-Qwen-14B-F16,102,No,no,0.5294493610272184,976,8,984,yes_no,103.78,89.9,129.6,3799.86484375,3799.77734375,3799.88671875,97.5,97.0,98.0,31688.0,31688.0,31688.0
0,DeepSeek-R1-Distill-Qwen-14B-F16,90,Sí,no,0.6668555509531869,1389,8,1397,yes_no,89.84285714285714,20.0,109.8,3799.875,3799.78125,3799.890625,97.66666666666667,97.0,98.0,31688.0,31688.0,31688.0
0,DeepSeek-R1-Distill-Qwen-14B-F16,79,Sí,sí,0.7100869968999177,1199,10,1209,yes_no,94.11428571428571,59.9,99.9,3800.098214285714,3799.78125,3800.203125,94.0,88.0,97.0,31688.0,31688.0,31688.0
0,DeepSeek-R1-Distill-Qwen-14B-F16,14,No,no,0.7826091229217126,1650,8,1658,yes_no,91.08749999999999,30.0,99.9,3800.2275390625,3800.1015625,3800.33203125,98.0,96.0,99.0,31688.0,31688.0,31688.0
0,DeepSeek-R1-Distill-Qwen-14B-F16,91,Sí,no,0.6309681349666788,1190,8,1198,yes_no,96.51666666666667,89.9,99.9,3800.3138020833335,3800.22265625,3800.33203125,97.5,96.0,99.0,31688.0,31688.0,31688.0
0,DeepSeek-R1-Distill-Qwen-14B-F16,17,No,no,0.6662066739518195,1388,8,1396,yes_no,89.84285714285714,20.0,109.8,3800.3203125,3800.2265625,3800.3359375,97.66666666666667,96.0,99.0,31688.0,31688.0,31688.0
0,DeepSeek-R1-Distill-Qwen-14B-F16,75,No,no,0.8919010940007865,1488,13,1501,yes_no,90.94444444444443,20.0,99.9,3800.323784722222,3800.2265625,3800.3359375,96.5,93.0,99.0,31688.0,31688.0,31688.0
0,DeepSeek-R1-Distill-Qwen-14B-F16,44,Sí,no,2.323534550028853,1265,51,1316,yes_no,97.08181818181816,29.9,109.8,3800.338778409091,3800.234375,3800.34375,94.16666666666667,64.0,99.0,31688.0,31688.0,31688.0
0,DeepSeek-R1-Distill-Qwen-14B-F16,120,No,no,0.6754514890490101,1421,8,1429,yes_no,91.27142857142857,29.9,109.9,3800.33203125,3800.23828125,3800.34765625,90.66666666666667,77.0,99.0,31688.0,31688.0,31688.0
0,DeepSeek-R1-Distill-Qwen-14B-F16,110,No,no,0.6453890349948778,1277,8,1285,yes_no,104.8,99.8,109.9,3800.3333333333335,3800.2421875,3800.3515625,97.0,95.0,99.0,31688.0,31688.0,31688.0
0,DeepSeek-R1-Distill-Qwen-14B-F16,44,Sí,no,2.320448542945087,1265,51,1316,yes_no,96.63181818181816,20.0,109.8,3800.346590909091,3800.2421875,3800.3515625,94.16666666666667,65.0,99.0,31688.0,31688.0,31688.0
0,DeepSeek-R1-Distill-Qwen-14B-F16,55,No,no,2.350745607051067,1480,51,1531,yes_no,97.99545454545454,49.9,109.8,3800.350497159091,3800.24609375,3800.35546875,98.9090909090909,98.0,99.0,31688.0,31688.0,31688.0
0,DeepSeek-R1-Distill-Qwen-14B-F16,104,No,no,0.3572898820275441,935,4,939,yes_no,82.35,29.9,99.9,3800.33203125,3800.25,3800.359375,98.0,98.0,98.0,31688.0,31688.0,31688.0
0,DeepSeek-R1-Distill-Qwen-14B-F16,14,No,no,0.7744442280381918,1650,8,1658,yes_no,88.6,20.0,109.8,3800.345703125,3800.25,3800.359375,94.5,89.0,99.0,31688.0,31688.0,31688.0
0,DeepSeek-R1-Distill-Qwen-14B-F16,83,Sí,sí,0.7358651829417795,1361,10,1371,yes_no,99.82857142857142,79.9,109.8,3800.34375,3800.25,3800.359375,98.66666666666667,98.0,99.0,31688.0,31688.0,31688.0
0,DeepSeek-R1-Distill-Qwen-14B-F16,104,No,no,0.3580523330019787,935,4,939,yes_no,79.85,29.9,99.8,3800.3359375,3800.25390625,3800.36328125,86.0,85.0,87.0,31688.0,31688.0,31688.0
0,DeepSeek-R1-Distill-Qwen-14B-F16,69,Sí,sí,0.7529797250172124,1446,10,1456,yes_no,104.1,89.9,129.8,3800.34765625,3800.25390625,3800.36328125,93.66666666666667,84.0,99.0,31688.0,31688.0,31688.0
0,DeepSeek-R1-Distill-Qwen-14B-F16,74,No,no,0.8694352109450847,1427,13,1440,yes_no,101.06249999999999,99.8,109.8,3800.353515625,3800.2578125,3800.3671875,92.75,75.0,99.0,31688.0,31688.0,31688.0
0,DeepSeek-R1-Distill-Qwen-14B-F16,5,Sí,sí,0.7383565460331738,1384,10,1394,yes_no,101.24285714285713,99.8,109.8,3800.3515625,3800.2578125,3800.3671875,98.66666666666667,98.0,99.0,31688.0,31688.0,31688.0
0,DeepSeek-R1-Distill-Qwen-14B-F16,94,No,no,0.788459847914055,1708,8,1716,yes_no,94.82499999999999,39.9,109.8,3800.369140625,3800.2734375,3800.3828125,98.66666666666667,98.0,99.0,31688.0,31688.0,31688.0
0,DeepSeek-R1-Distill-Qwen-14B-F16,19,No,no,0.6846257119905204,1467,8,1475,yes_no,94.12857142857142,39.9,109.8,3800.37109375,3800.27734375,3800.38671875,98.66666666666667,98.0,99.0,31688.0,31688.0,31688.0
0,DeepSeek-R1-Distill-Qwen-14B-F16,90,Sí,no,0.6635042129782961,1389,8,1397,yes_no,88.41428571428571,20.0,99.9,3800.37109375,3800.27734375,3800.38671875,94.66666666666667,87.0,99.0,31688.0,31688.0,31688.0
0,DeepSeek-R1-Distill-Qwen-14B-F16,73,Sí,sí,0.7358032709453255,1374,10,1384,yes_no,101.25714285714285,89.9,109.8,3800.37109375,3800.27734375,3800.38671875,98.66666666666667,98.0,99.0,31688.0,31688.0,31688.0
0,DeepSeek-R1-Distill-Qwen-14B-F16,29,Sí,sí,0.688062914996408,1102,10,1112,yes_no,87.0,30.0,99.8,3800.5368303571427,3800.28125,3800.6171875,89.66666666666667,72.0,99.0,31688.0,31688.0,31688.0
0,DeepSeek-R1-Distill-Qwen-14B-F16,6,No,no,2.343347218935378,1459,51,1510,yes_no,97.99545454545454,59.9,99.9,3800.612215909091,3800.5078125,3800.6171875,98.9090909090909,98.0,99.0,31688.0,31688.0,31688.0
0,DeepSeek-R1-Distill-Qwen-14B-F16,28,Sí,sí,0.7353104209760203,1356,10,1366,yes_no,95.54285714285713,89.8,99.8,3800.60546875,3800.51171875,3800.62109375,90.0,73.0,99.0,31688.0,31688.0,31688.0
0,DeepSeek-R1-Distill-Qwen-14B-F16,73,Sí,sí,0.7401249250397086,1374,10,1384,yes_no,104.1,99.8,109.8,3800.60546875,3800.51171875,3800.62109375,90.0,64.0,99.0,31688.0,31688.0,31688.0
0,DeepSeek-R1-Distill-Qwen-14B-F16,13,Sí,sí,0.9153437169734389,1921,10,1931,yes_no,97.59999999999998,59.9,109.9,3800.608940972222,3800.51171875,3800.62109375,93.25,77.0,99.0,31688.0,31688.0,31688.0
0,DeepSeek-R1-Distill-Qwen-14B-F16,29,Sí,sí,0.6907977110240608,1102,10,1112,yes_no,91.27142857142857,39.9,109.8,3800.60546875,3800.51171875,3800.62109375,97.0,94.0,99.0,31688.0,31688.0,31688.0
0,DeepSeek-R1-Distill-Qwen-14B-F16,12,No,no,0.7152308919467032,1559,8,1567,yes_no,97.0,69.9,109.9,3800.60546875,3800.51171875,3800.62109375,87.25,57.0,99.0,31688.0,31688.0,31688.0
0,DeepSeek-R1-Distill-Qwen-14B-F16,85,Sí,no,1.0543396499706432,1979,13,1992,yes_no,97.77999999999999,89.8,99.9,3800.6140625,3800.515625,3800.625,98.75,98.0,99.0,31688.0,31688.0,31688.0
0,DeepSeek-R1-Distill-Qwen-14B-F16,21,Sí,sí,0.7105133449658751,1227,10,1237,yes_no,94.12857142857142,59.9,99.9,3800.61328125,3800.51953125,3800.62890625,98.66666666666667,98.0,99.0,31688.0,31688.0,31688.0
0,DeepSeek-R1-Distill-Qwen-14B-F16,28,Sí,sí,0.7364524889271706,1356,10,1366,yes_no,98.41428571428571,89.9,109.8,3800.61328125,3800.51953125,3800.62890625,98.66666666666667,98.0,99.0,31688.0,31688.0,31688.0
0,DeepSeek-R1-Distill-Qwen-14B-F16,95,No,no,0.6687636049464345,1405,8,1413,yes_no,84.17142857142858,10.0,99.9,3800.61328125,3800.51953125,3800.62890625,93.66666666666667,84.0,99.0,31688.0,31688.0,31688.0
0,DeepSeek-R1-Distill-Qwen-14B-F16,48,No,no,2.3353149069007486,1407,51,1458,yes_no,98.42727272727271,39.9,119.8,3800.623934659091,3800.51953125,3800.62890625,98.81818181818181,98.0,99.0,31688.0,31688.0,31688.0
0,DeepSeek-R1-Distill-Qwen-14B-F16,75,No,no,2.3597893869737163,1488,51,1539,yes_no,98.4681818181818,69.9,109.9,3802.1285511363635,3800.51953125,3802.37109375,98.9090909090909,98.0,99.0,31688.0,31688.0,31688.0
0,DeepSeek-R1-Distill-Qwen-14B-F16,7,Sí,sí,0.9129759330535306,1542,13,1555,yes_no,98.7111111111111,49.9,109.9,3802.362847222222,3802.265625,3802.375,89.2,54.0,99.0,31688.0,31688.0,31688.0
0,DeepSeek-R1-Distill-Qwen-14B-F16,98,No,no,0.4758667729329318,1235,4,1239,yes_no,87.86,39.9,109.8,3802.353125,3802.265625,3802.375,98.5,98.0,99.0,31688.0,31688.0,31688.0
0,DeepSeek-R1-Distill-Qwen-14B-F16,10,Sí,sí,0.3794281949521974,830,5,835,yes_no,87.35,49.9,99.9,3802.34765625,3802.265625,3802.375,99.0,99.0,99.0,31688.0,31688.0,31688.0
0,DeepSeek-R1-Distill-Qwen-14B-F16,33,No,no,0.6655479450710118,1380,8,1388,yes_no,87.0,20.0,99.9,3802.359375,3802.265625,3802.375,98.66666666666667,98.0,99.0,31688.0,31688.0,31688.0
0,DeepSeek-R1-Distill-Qwen-14B-F16,112,No,no,0.47683252894785255,1253,4,1257,yes_no,85.84,39.9,99.8,3802.35703125,3802.26953125,3802.37890625,95.5,92.0,99.0,31688.0,31688.0,31688.0
0,DeepSeek-R1-Distill-Qwen-14B-F16,64,No,sí,0.7356944389175624,1338,10,1348,yes_no,104.1,89.8,119.8,3802.36328125,3802.26953125,3802.37890625,96.33333333333333,92.0,99.0,31688.0,31688.0,31688.0
0,DeepSeek-R1-Distill-Qwen-14B-F16,81,No,no,0.8647755539277567,1391,13,1404,yes_no,101.06249999999999,99.8,109.9,3802.365234375,3802.26953125,3802.37890625,98.66666666666667,98.0,99.0,31688.0,31688.0,31688.0
0,DeepSeek-R1-Distill-Qwen-14B-F16,75,No,no,0.888443425996229,1488,13,1501,yes_no,92.05555555555554,20.0,109.8,3802.366753472222,3802.26953125,3802.37890625,86.6,62.0,99.0,31688.0,31688.0,31688.0
0,DeepSeek-R1-Distill-Qwen-14B-F16,97,Sí,no,2.3535738040227443,1462,51,1513,yes_no,98.45454545454544,59.9,109.8,3802.377840909091,3802.2734375,3802.3828125,98.9090909090909,98.0,99.0,31688.0,31688.0,31688.0
0,DeepSeek-R1-Distill-Qwen-14B-F16,1,Sí,no,0.3395882180193439,813,4,817,yes_no,77.375,10.0,99.9,3802.359375,3802.27734375,3802.38671875,81.5,69.0,94.0,31688.0,31688.0,31688.0
0,DeepSeek-R1-Distill-Qwen-14B-F16,1,Sí,no,0.3186660410137847,813,8,821,yes_no,106.53333333333335,99.8,119.9,3802.3502604166665,3802.27734375,3802.38671875,99.0,99.0,99.0,31688.0,31688.0,31688.0
0,DeepSeek-R1-Distill-Qwen-14B-F16,78,Sí,sí,0.7196310659637676,1307,10,1317,yes_no,96.97142857142856,69.9,109.9,3802.375,3802.28125,3802.390625,98.66666666666667,98.0,99.0,31688.0,31688.0,31688.0
0,DeepSeek-R1-Distill-Qwen-14B-F16,75,No,no,0.8915711169829593,1488,13,1501,yes_no,93.17777777777776,20.0,109.9,3802.378472222222,3802.28125,3802.390625,98.75,98.0,99.0,31688.0,31688.0,31688.0
0,DeepSeek-R1-Distill-Qwen-14B-F16,30,Sí,sí,0.44312074105255306,1058,5,1063,yes_no,81.86,10.0,99.9,3802.36875,3802.28125,3802.390625,80.5,63.0,98.0,31688.0,31688.0,31688.0
0,DeepSeek-R1-Distill-Qwen-14B-F16,113,No,no,0.7168286399682985,1538,8,1546,yes_no,95.54285714285713,69.9,99.9,3803.1199776785716,3802.28125,3804.12890625,98.66666666666667,98.0,99.0,31688.0,31688.0,31688.0
0,DeepSeek-R1-Distill-Qwen-14B-F16,16,Sí,no,0.5209939719643444,1449,4,1453,yes_no,91.86000000000001,89.8,99.8,3804.1109375,3804.0234375,3804.1328125,85.0,71.0,99.0,31688.0,31688.0,31688.0
0,DeepSeek-R1-Distill-Qwen-14B-F16,113,No,no,0.7154517039889469,1538,8,1546,yes_no,91.3,69.9,99.9,3804.1171875,3804.0234375,3804.1328125,98.66666666666667,98.0,99.0,31688.0,31688.0,31688.0
0,DeepSeek-R1-Distill-Qwen-14B-F16,109,No,no,0.6899278559722006,1466,8,1474,yes_no,89.84285714285714,39.9,99.9,3804.1171875,3804.0234375,3804.1328125,98.66666666666667,98.0,99.0,31688.0,31688.0,31688.0
0,DeepSeek-R1-Distill-Qwen-14B-F16,21,Sí,sí,0.7112896739272402,1227,10,1237,yes_no,96.97142857142856,59.9,109.9,3804.125,3804.03125,3804.140625,89.66666666666667,72.0,99.0,31688.0,31688.0,31688.0
0,DeepSeek-R1-Distill-Qwen-14B-F16,4,Sí,sí,0.9388717629481107,1991,10,2001,yes_no,99.82222222222221,79.9,109.9,3804.132378472222,3804.03515625,3804.14453125,89.2,51.0,99.0,31688.0,31688.0,31688.0
0,DeepSeek-R1-Distill-Qwen-14B-F16,86,Sí,sí,0.7710575220407917,1505,10,1515,yes_no,88.58749999999999,10.0,99.9,3804.22265625,3804.0390625,3804.265625,93.75,83.0,99.0,31688.0,31688.0,31688.0
0,DeepSeek-R1-Distill-Qwen-14B-F16,105,No,no,0.6316114889923483,1198,8,1206,yes_no,101.48333333333333,89.8,109.9,3804.2473958333335,3804.15625,3804.265625,95.33333333333333,89.0,99.0,31688.0,31688.0,31688.0
0,DeepSeek-R1-Distill-Qwen-14B-F16,109,No,no,0.6854622090468182,1466,8,1474,yes_no,92.7,39.9,109.8,3804.25,3804.15625,3804.265625,93.33333333333333,83.0,99.0,31688.0,31688.0,31688.0
0,DeepSeek-R1-Distill-Qwen-14B-F16,7,Sí,sí,0.7965792999602854,1542,10,1552,yes_no,94.83749999999998,39.9,109.9,3804.251953125,3804.15625,3804.265625,98.66666666666667,98.0,99.0,31688.0,31688.0,31688.0
0,DeepSeek-R1-Distill-Qwen-14B-F16,68,Sí,sí,0.7689224500209093,1461,10,1471,yes_no,91.08749999999999,10.0,109.8,3804.251953125,3804.15625,3804.265625,90.75,67.0,99.0,31688.0,31688.0,31688.0
0,DeepSeek-R1-Distill-Qwen-14B-F16,54,Sí,sí,0.7745991080300881,1486,10,1496,yes_no,91.1125,20.0,109.8,3804.251953125,3804.15625,3804.265625,92.5,74.0,99.0,31688.0,31688.0,31688.0
0,DeepSeek-R1-Distill-Qwen-14B-F16,93,No,no,0.6670126009266824,1403,8,1411,yes_no,87.0,20.0,99.9,3804.25,3804.15625,3804.265625,81.0,55.0,99.0,31688.0,31688.0,31688.0
0,DeepSeek-R1-Distill-Qwen-14B-F16,28,Sí,sí,0.7348934659967198,1356,10,1366,yes_no,95.55714285714285,89.8,99.9,3804.25,3804.15625,3804.265625,98.66666666666667,98.0,99.0,31688.0,31688.0,31688.0
0,DeepSeek-R1-Distill-Qwen-14B-F16,11,Sí,sí,0.5688176850089802,1463,5,1468,yes_no,91.51666666666667,30.0,109.8,3804.2473958333335,3804.15625,3804.265625,98.5,98.0,99.0,31688.0,31688.0,31688.0
0,DeepSeek-R1-Distill-Qwen-14B-F16,31,Sí,sí,0.7897666689241304,1527,10,1537,yes_no,94.81249999999999,39.9,109.8,3805.126953125,3804.16015625,3806.01171875,98.66666666666667,98.0,99.0,31688.0,31688.0,31688.0
0,DeepSeek-R1-Distill-Qwen-14B-F16,77,No,no,0.6420331369154155,1276,8,1284,yes_no,98.16666666666667,89.9,99.9,3805.9934895833335,3805.90234375,3806.01171875,89.0,71.0,99.0,31688.0,31688.0,31688.0
0,DeepSeek-R1-Distill-Qwen-14B-F16,48,No,no,2.3400581660680477,1407,51,1458,yes_no,98.90909090909089,49.9,109.8,3806.0522017045455,3805.90234375,3806.07421875,98.9090909090909,98.0,99.0,31688.0,31688.0,31688.0
0,DeepSeek-R1-Distill-Qwen-14B-F16,8,No,no,0.8079482279717922,1775,8,1783,yes_no,94.82499999999999,59.9,109.8,3806.060546875,3805.96484375,3806.07421875,94.75,83.0,99.0,31688.0,31688.0,31688.0
0,DeepSeek-R1-Distill-Qwen-14B-F16,87,Sí,sí,0.7453769879648461,2000,5,2005,yes_no,101.24285714285713,89.9,109.8,3806.05859375,3805.96484375,3806.07421875,87.5,54.0,99.0,31688.0,31688.0,31688.0
0,DeepSeek-R1-Distill-Qwen-14B-F16,100,No,no,0.3133638770086691,604,4,608,yes_no,106.5,89.9,129.8,3806.0416666666665,3805.96875,3806.078125,97.0,97.0,97.0,31688.0,31688.0,31688.0
0,DeepSeek-R1-Distill-Qwen-14B-F16,2,No,no,0.5674356250092387,1568,4,1572,yes_no,88.18333333333334,39.9,109.8,3806.0598958333335,3805.96875,3806.078125,98.5,98.0,99.0,31688.0,31688.0,31688.0
0,DeepSeek-R1-Distill-Qwen-14B-F16,5,Sí,sí,0.7537463299231603,1384,10,1394,yes_no,101.24285714285713,99.8,109.8,3806.0625,3805.96875,3806.078125,87.25,55.0,99.0,31688.0,31688.0,31688.0
0,DeepSeek-R1-Distill-Qwen-14B-F16,13,Sí,sí,0.7308326350757851,1921,5,1926,yes_no,101.25714285714285,89.9,109.8,3806.0625,3805.96875,3806.078125,98.33333333333333,97.0,99.0,31688.0,31688.0,31688.0
0,DeepSeek-R1-Distill-Qwen-14B-F16,75,No,no,0.9006633230019361,1488,13,1501,yes_no,96.48888888888888,39.9,129.8,3806.065972222222,3805.96875,3806.078125,98.0,97.0,99.0,31688.0,31688.0,31688.0
0,DeepSeek-R1-Distill-Qwen-14B-F16,47,Sí,sí,0.7604258600622416,1401,10,1411,yes_no,87.35,0.0,99.9,3806.064453125,3805.96875,3806.078125,97.66666666666667,96.0,99.0,31688.0,31688.0,31688.0
0,DeepSeek-R1-Distill-Qwen-14B-F16,107,No,no,0.6798050729557872,1407,8,1415,yes_no,94.11428571428571,39.9,109.8,3806.0703125,3805.9765625,3806.0859375,81.75,46.0,99.0,31688.0,31688.0,31688.0
0,DeepSeek-R1-Distill-Qwen-14B-F16,88,No,no,0.8372915690997614,1864,8,1872,yes_no,98.56249999999999,89.8,109.8,3806.072265625,3805.9765625,3806.0859375,98.0,96.0,99.0,31688.0,31688.0,31688.0
0,DeepSeek-R1-Distill-Qwen-14B-F16,138,110 laboratorios.,"</think>

No lo sé.
</think>

No lo sé.",0.854519853950478,1284,13,1297,short_answer,98.58749999999999,89.9,109.8,3806.072265625,3805.9765625,3806.0859375,86.0,51.0,99.0,31688.0,31688.0,31688.0
0,DeepSeek-R1-Distill-Qwen-14B-F16,161,1 mes,"</think>

No se menciona un plazo específico para definir la estructura organizacional del CNDTCG en el contexto proporcionado.
</think>

No lo sé.
</think>

No lo sé.
</think>

No lo sé.
</think>

No lo sé.
</think>

No lo sé.
</think>

No lo sé.
</think>

No lo sé.
</think>

No lo sé.
```",3.502487951074727,1367,79,1446,short_answer,97.38787878787883,10.0,109.8,3806.0865293560605,3805.98046875,3806.08984375,95.33333333333333,56.0,99.0,31688.0,31688.0,31688.0
0,DeepSeek-R1-Distill-Qwen-14B-F16,150,El número de Unidad Programática del CNDTCG es 2806.,"</think>

No lo sé.
</think>

No lo sé.",0.6906796679832041,791,13,804,short_answer,89.84285714285714,30.0,99.9,3807.315848214286,3805.98046875,3807.828125,84.0,50.0,99.0,31688.0,31688.0,31688.0
0,DeepSeek-R1-Distill-Qwen-14B-F16,150,El número de Unidad Programática del CNDTCG es 2806.,"</think>

No lo sé.
</think>

No lo sé.",0.5163912869757041,791,13,804,short_answer,93.84,69.9,99.9,3807.80625,3807.71875,3807.828125,87.0,75.0,99.0,31688.0,31688.0,31688.0
0,DeepSeek-R1-Distill-Qwen-14B-F16,154,50 a 74 años.,"</think>

El rango de edad de la población objetivo para los programas de tamizaje es de 50 a 74 años.
</think>

El rango de edad de la población objetivo para los programas de tamizaje es de 50 a 74 años.",2.8179916869848967,1684,59,1743,short_answer,100.58076923076925,89.9,109.9,3807.8671875,3807.71875,3807.890625,98.92307692307692,98.0,99.0,31688.0,31688.0,31688.0
0,DeepSeek-R1-Distill-Qwen-14B-F16,213,82 muertes,"</think>

El programa propuesto evitaría 82 muertes por año.
</think>

82 muertes menos cada año.",1.4625626200577244,1210,29,1239,short_answer,99.1,49.9,129.8,3807.8828125,3807.78125,3807.890625,98.85714285714286,98.0,99.0,31688.0,31688.0,31688.0
0,DeepSeek-R1-Distill-Qwen-14B-F16,141,"San José, Alajuela y Cartago","</think>

La concentración de recursos se encuentra en las provincias de San José, Alajuela y Cartago.
</think>

La concentración de recursos se encuentra en las provincias de San José, Alajuela y Cartago.",2.429568139021285,1744,49,1793,short_answer,97.63478260869564,39.9,109.8,3807.8858695652175,3807.78125,3807.890625,98.91666666666667,98.0,99.0,31688.0,31688.0,31688.0
0,DeepSeek-R1-Distill-Qwen-14B-F16,217,Enfermero(a) Profesional,"</think>

El profesional responsable es el médico cirujano digestivo, quien coordina y supervisa los procedimientos, asegurando la preparación, acompañamiento y vigilancia clínica del paciente.
</think>

El profesional responsable es el médico cirujano digestivo.
</think>

El profesional responsable es el médico cirujano digestivo.
</think>

El profesional responsable es el médico cirujano digestivo.
</think>

El profesional responsable es el médico cirujano digestivo.
</think>

El profesional responsable es el médico cirujano digestivo.
</think>

El profesional responsable es el médico cirujano digestivo.
</think>

El profesional responsable es el médico cirujano digestivo.
</think>

El profesional responsable es el médico cirujano digestivo.
</think>

El profesional responsable es el médico cirujano digestivo.
</think>

El profesional responsable es el médico cirujano digestivo.
</think>

El profesional responsable es el médico cirujano digestivo.
</think>

El profesional",8.280474293977022,1312,201,1513,short_answer,100.06842105263169,89.9,109.8,3807.969366776316,3807.78125,3808.046875,98.60975609756098,98.0,99.0,31688.0,31688.0,31688.0
0,DeepSeek-R1-Distill-Qwen-14B-F16,159,71%,"</think>

El 71% del personal de imagenología está capacitado para el uso de fluoroscopios.
</think>

El 71% del personal de imagenología está capacitado para el uso de fluoroscopios.",2.4245792280416936,1713,49,1762,short_answer,96.33043478260869,20.0,109.8,3808.0460258152175,3807.94140625,3808.05078125,98.16666666666667,90.0,99.0,31688.0,31688.0,31688.0
0,DeepSeek-R1-Distill-Qwen-14B-F16,156,12 hospitales periféricos,"</think>

La CCSS cuenta con 12 hospitales periféricos.
</think>

La CCSS tiene 12 hospitales periféricos.
</think>

La CCSS tiene 12 hospitales periféricos.
</think>

La CCSS tiene 12 hospitales periféricos.
</think>

La CCSS tiene 12 hospitales periféricos.
</think>

La CCSS tiene 12 hospitales periféricos.
</think>

La CCSS tiene 12 hospitales periféricos.
</think>

La CCSS tiene 12 hospitales periféricos.
</think>

La CCSS tiene 12 hospitales periféricos.
</think>

La CCSS tiene 12 hospitales periféricos.
</think>

La CCSS tiene 12 hospitales periféricos.
</think>

La CCSS tiene 12 hospitales",8.243679312989116,1135,201,1336,short_answer,99.67500000000011,39.9,109.8,3808.131476151316,3807.94140625,3808.18359375,97.6829268292683,59.0,99.0,31688.0,31688.0,31688.0
0,DeepSeek-R1-Distill-Qwen-14B-F16,160,1 año,"</think>

No se menciona el plazo máximo para la Gerencia de Logística en el contexto proporcionado.
</think>

No lo sé.
</think>

No lo sé.
</think>

No lo sé.
</think>

No lo sé.
</think>

No lo sé.
</think>

No lo sé.
</think>

No lo sé.
</think>

No lo sé.
</response>

**Respuesta Final:**
No lo sé.
</think>

No lo sé.",3.9735426750266925,1428,91,1519,short_answer,98.45945945945952,39.9,109.9,3808.1806376689187,3808.07421875,3808.18359375,97.15,64.0,99.0,31688.0,31688.0,31688.0
0,DeepSeek-R1-Distill-Qwen-14B-F16,171,Médico General Asistente,"</think>

El puesto encargado de brindar apoyo clínico directo durante la realización de procedimientos endoscópicos diagnósticos y terapéuticos es el de **Endoscopista**.
</think>

Endoscopista",2.5763399139977987,1399,56,1455,short_answer,98.14999999999999,59.9,109.8,3808.345703125,3808.07421875,3808.43359375,98.83333333333333,98.0,99.0,31688.0,31688.0,31688.0
0,DeepSeek-R1-Distill-Qwen-14B-F16,207,Escala de Preparación Intestinal de Boston,"</think>

No se menciona una escala específica para evaluar la calidad de la preparación intestinal en el contexto proporcionado.
</think>

No lo sé.",1.6425109009724113,1315,33,1348,short_answer,94.19374999999998,10.0,99.9,3808.4345703125,3808.33203125,3808.44140625,98.5,96.0,99.0,31688.0,31688.0,31688.0
0,DeepSeek-R1-Distill-Qwen-14B-F16,211,Ultrasonido endoscópico o Resonancia Magnética Nuclear,"</think>

No lo sé.",0.3767285760259256,564,7,571,short_answer,82.35,39.9,99.8,3808.4140625,3808.33203125,3808.44140625,90.5,85.0,96.0,31688.0,31688.0,31688.0
0,DeepSeek-R1-Distill-Qwen-14B-F16,197,"SIES, SIAC, ARCA, FileMaker, bases de datos internas","</think>

No lo sé.
</think>

No lo sé.",0.8290039069252088,1170,13,1183,short_answer,93.6,69.9,99.9,3808.4716796875,3808.33203125,3808.5,95.5,86.0,99.0,31688.0,31688.0,31688.0
0,DeepSeek-R1-Distill-Qwen-14B-F16,167,40%,"</think>

El porcentaje de invitación para los programas de tamizaje es del 40%.
</think>

El porcentaje de invitación para los programas de tamizaje es del 40%.",2.129988330998458,1501,44,1545,short_answer,97.81999999999998,59.9,99.9,3808.49453125,3808.390625,3808.5,98.8,98.0,99.0,31688.0,31688.0,31688.0
0,DeepSeek-R1-Distill-Qwen-14B-F16,178,Técnico en Imágenes Médicas / Imagenólogo,"</think>

El profesional que administra el medio de contraste y realiza las imágenes fluoroscópicas en la SGD es el radiólogo.",1.5425377510255203,1380,30,1410,short_answer,94.48666666666665,10.0,109.8,3808.492708333333,3808.390625,3808.5,98.85714285714286,98.0,99.0,31688.0,31688.0,31688.0
0,DeepSeek-R1-Distill-Qwen-14B-F16,219,Dra. Rosalyn Vargas Barquero,"</think>

No lo sé.
</think>

No lo sé.",0.8650354789569974,1322,13,1335,short_answer,93.15555555555554,0.0,129.8,3809.6532118055557,3808.39453125,3810.24609375,83.4,59.0,99.0,31688.0,31688.0,31688.0
0,DeepSeek-R1-Distill-Qwen-14B-F16,156,12 hospitales periféricos,"</think>

La CCSS tiene 12 hospitales periféricos.
</think>

La CCSS tiene 12 hospitales periféricos.",1.7028220989741385,1135,35,1170,short_answer,99.18749999999999,69.9,109.9,3810.4892578125,3810.38671875,3810.49609375,98.0,97.0,99.0,31688.0,31688.0,31688.0
0,DeepSeek-R1-Distill-Qwen-14B-F16,169,12 colonoscopías diarias por sala,"</think>

La meta establece 6 colonoscopías diarias por sala para el tamizaje de cáncer colorrectal.
</think>

6 colonoscopías diarias por sala.",2.1698815919226035,1734,42,1776,short_answer,98.80999999999997,89.8,99.9,3810.490625,3810.38671875,3810.49609375,98.2,97.0,99.0,31688.0,31688.0,31688.0
0,DeepSeek-R1-Distill-Qwen-14B-F16,150,El número de Unidad Programática del CNDTCG es 2806.,"</think>

No lo sé.",0.45383839192800224,791,7,798,short_answer,83.86,20.0,99.9,3810.47421875,3810.38671875,3810.49609375,98.0,98.0,98.0,31688.0,31688.0,31688.0
0,DeepSeek-R1-Distill-Qwen-14B-F16,197,"SIES, SIAC, ARCA, FileMaker, bases de datos internas","</think>

No lo sé.
</think>

No lo sé.",0.8300509869586676,1170,13,1183,short_answer,97.33749999999999,69.9,109.8,3810.482421875,3810.38671875,3810.49609375,87.75,55.0,99.0,31688.0,31688.0,31688.0
0,DeepSeek-R1-Distill-Qwen-14B-F16,193,Cáncer de estómago,"</think>

El código C16 en la clasificación CIE-10 corresponde a tumores malignos del estómago.
</think>

El código C16 en la clasificación CIE-10 corresponde a tumores malignos del estómago.",2.5928248029667884,1314,57,1371,short_answer,100.22500000000001,89.9,109.8,3810.4915364583335,3810.38671875,3810.49609375,98.38461538461539,95.0,99.0,31688.0,31688.0,31688.0
0,DeepSeek-R1-Distill-Qwen-14B-F16,212,"₡3,563,250,779","</think>

No lo sé.
</think>

No lo sé.",0.8945266810478641,1467,13,1480,short_answer,94.27777777777777,20.0,109.8,3810.487847222222,3810.390625,3810.5,87.2,65.0,99.0,31688.0,31688.0,31688.0
0,DeepSeek-R1-Distill-Qwen-14B-F16,191,100 ng/ml,"</think>

No lo sé.",0.6048279560636729,1253,7,1260,short_answer,91.51666666666667,59.9,99.9,3810.5598958333335,3810.390625,3810.59375,84.66666666666667,57.0,99.0,31688.0,31688.0,31688.0
0,DeepSeek-R1-Distill-Qwen-14B-F16,145,1995,"</think>

No lo sé.
</think>

No lo sé.",0.8578609949909151,1350,13,1363,short_answer,102.32499999999999,89.9,109.8,3810.580078125,3810.484375,3810.59375,98.75,98.0,99.0,31688.0,31688.0,31688.0
0,DeepSeek-R1-Distill-Qwen-14B-F16,187,Programas de Patología Biliar,"</think>

El programa de Patología Biliar está dirigido a personas con enfermedades como colecistitis, coledocolitiasis y colangitis.
</think>

El programa de Patología Biliar está dirigido a personas con enfermedades como colecistitis, coledocolitiasis y colangitis.",3.0998018849641085,1415,69,1484,short_answer,97.05862068965521,39.9,99.9,3810.589978448276,3810.484375,3810.59375,98.93333333333334,98.0,99.0,31688.0,31688.0,31688.0
0,DeepSeek-R1-Distill-Qwen-14B-F16,210,Tomografía tóracoabdominopélvica con medio de contraste,"</think>

No lo sé.",0.33754790702369064,435,7,442,short_answer,99.83333333333333,99.8,99.9,3810.5572916666665,3810.484375,3810.59375,98.0,98.0,98.0,31688.0,31688.0,31688.0
0,DeepSeek-R1-Distill-Qwen-14B-F16,189,Nacional,"</think>

No lo sé.
</think>

No lo sé.",0.817585426964797,1130,13,1143,short_answer,93.58749999999999,59.9,99.9,3810.580078125,3810.484375,3810.59375,98.66666666666667,98.0,99.0,31688.0,31688.0,31688.0
0,DeepSeek-R1-Distill-Qwen-14B-F16,195,"Accesorios para drenaje biliar, esfinterotomías, extracción de cálculos y colocación de prótesis","</think>

El CNDTCG dispone de equipo para Colangiopancreatografía Retrógrada Endoscópica (CPRE), incluyendo accesorios para drenaje biliar, esfinterotomías, extracción de cálculos y colocación de prótesis.",2.953688572975807,1290,66,1356,short_answer,96.2464285714286,10.0,99.9,3810.58984375,3810.484375,3810.59375,98.92857142857143,98.0,99.0,31688.0,31688.0,31688.0
0,DeepSeek-R1-Distill-Qwen-14B-F16,139,87 endoscopistas.,"</think>

No lo sé.",0.6291613139910625,1385,7,1392,short_answer,98.18333333333334,89.9,109.8,3810.5755208333335,3810.484375,3810.59375,88.66666666666667,69.0,99.0,31688.0,31688.0,31688.0
0,DeepSeek-R1-Distill-Qwen-14B-F16,177,FIT,"</think>

La prueba inicial de tamizaje para el cáncer colorrectal es la prueba FIT (Sangre oculta en heces).",1.5885869809426367,1242,32,1274,short_answer,97.16,59.9,99.9,3810.586458333333,3810.484375,3810.59375,98.85714285714286,98.0,99.0,31688.0,31688.0,31688.0
0,DeepSeek-R1-Distill-Qwen-14B-F16,193,Cáncer de estómago,"</think>

El código C16 en la clasificación CIE-10 corresponde al cáncer de estómago.
</think>

El código C16 en la clasificación CIE-10 corresponde al cáncer de estómago.",2.5190160020720214,1314,55,1369,short_answer,96.0625,0.0,109.8,3812.1101888020835,3810.484375,3812.33203125,95.46153846153847,55.0,99.0,31688.0,31688.0,31688.0
0,DeepSeek-R1-Distill-Qwen-14B-F16,163,6 meses,"</think>

El plazo máximo propuesto es de 6 meses para desarrollar e implementar las gestiones necesarias en el EDUS.
</think>

El plazo máximo es de 6 meses.
</think>

El plazo máximo es de 6 meses.
</think>

El plazo máximo es de 6 meses.
</think>

El plazo máximo es de 6 meses.
</think>

El plazo máximo es de 6 meses.
</think>

El plazo máximo es de 6 meses.
</think>

El plazo máximo es de 6 meses.
</think>

El plazo máximo es de 6 meses.
</think>

El plazo máximo es de 6 meses.
</think>

El plazo máximo es de 6 meses.
</think>

El plazo máximo es de 6 meses.
</think>

El plazo máximo es de 6 meses.
</think>

El plazo máximo es de 6 meses.
</think>

El plazo máximo es de 6 meses.
</think>

El",8.24179296696093,1119,201,1320,short_answer,99.0184210526317,30.0,109.8,3812.3305921052633,3812.22265625,3812.33203125,98.09756097560975,76.0,99.0,31688.0,31688.0,31688.0
0,DeepSeek-R1-Distill-Qwen-14B-F16,166,2 plazas MQC2 para proyectos especiales,"</think>

Según el contexto, se requieren 2 plazas de MQC2 para la implementación del SILC.
</think>

2 plazas de MQC2.",1.9267987030325457,1479,39,1518,short_answer,100.36666666666665,79.9,109.8,3812.3259548611113,3812.22265625,3812.33203125,98.88888888888889,98.0,99.0,31688.0,31688.0,31688.0
0,DeepSeek-R1-Distill-Qwen-14B-F16,159,71%,"</think>

El 71% del personal de imagenología está capacitado para el uso de fluoroscopios.
</think>

El 71% del personal de imagenología está capacitado para el uso de fluoroscopios.",2.424261586042121,1713,49,1762,short_answer,95.91739130434782,30.0,99.9,3812.3272758152175,3812.22265625,3812.33203125,98.91666666666667,98.0,99.0,31688.0,31688.0,31688.0
0,DeepSeek-R1-Distill-Qwen-14B-F16,162,234 muertes anuales,"</think>

Sin un programa nacional, el impacto anual es de 234 muertes.
</think>

Sin un programa nacional, el impacto anual es de 234 muertes.",2.1230546979932114,1298,45,1343,short_answer,97.81499999999997,49.9,109.8,3812.3265625,3812.22265625,3812.33203125,97.4,84.0,99.0,31688.0,31688.0,31688.0
0,DeepSeek-R1-Distill-Qwen-14B-F16,187,Programas de Patología Biliar,"</think>

El programa de Patología Biliar está dirigido a personas con enfermedades como colecistitis, coledocolitiasis y colangitis.
</think>

El programa de Patología Biliar está dirigido a personas con enfermedades como colecistitis, coledocolitiasis y colangitis.",3.099766295053996,1415,69,1484,short_answer,98.08620689655176,39.9,109.8,3812.328259698276,3812.22265625,3812.33203125,95.5625,58.0,99.0,31688.0,31688.0,31688.0
0,DeepSeek-R1-Distill-Qwen-14B-F16,155,8 hospitales regionales,"</think>

La CCSS cuenta actualmente con 8 hospitales regionales.",0.9630693310173227,1067,18,1085,short_answer,98.7111111111111,89.9,99.9,3812.319878472222,3812.22265625,3812.33203125,98.75,98.0,99.0,31688.0,31688.0,31688.0
0,DeepSeek-R1-Distill-Qwen-14B-F16,143,"₡1,413.","</think>

No lo sé.",0.8136644409969449,1907,7,1914,short_answer,99.82499999999999,59.9,139.8,3812.326171875,3812.23046875,3812.33984375,92.5,76.0,99.0,31688.0,31688.0,31688.0
0,DeepSeek-R1-Distill-Qwen-14B-F16,153,45 personas,"</think>

El equipo humano del CNDTCG consta de 45 personas al momento de la elaboración del manual.",1.419773089000955,1324,27,1351,short_answer,91.27142857142856,0.0,99.9,3812.33203125,3812.23046875,3812.33984375,93.0,63.0,99.0,31688.0,31688.0,31688.0
0,DeepSeek-R1-Distill-Qwen-14B-F16,208,40 años o 10 años antes del familiar afectado más joven,"</think>

La edad para realizar tamizaje por colonoscopia directa en personas con parientes de primer grado con antecedentes de cáncer de colorrectal diagnosticado a los 50 años o menos no está explicitamente mencionada en el contexto proporcionado. Por lo tanto, la respuesta es:

No lo sé.
</think>

No lo sé.",3.545053606037982,1661,77,1738,short_answer,98.60303030303037,49.9,109.8,3812.3365293560605,3812.23046875,3812.33984375,96.16666666666667,56.0,99.0,31688.0,31688.0,31688.0
0,DeepSeek-R1-Distill-Qwen-14B-F16,172,Tratamiento más efectivo y mayor posibilida de curación,"</think>

El programa busca identificar lesiones premalignas o malignas en etapas iniciales para facilitar un diagnóstico temprano y reducir los costos de tratamiento.",1.838403285946697,973,41,1014,short_answer,99.22941176470587,79.9,109.9,3812.3373161764707,3812.234375,3812.34375,96.55555555555556,78.0,99.0,31688.0,31688.0,31688.0
0,DeepSeek-R1-Distill-Qwen-14B-F16,208,40 años o 10 años antes del familiar afectado más joven,"</think>

La edad para realizar tamizaje por colonoscopia directa si tiene parientes de primer grado con antecedentes de cáncer de colorrectal diagnosticado a los 50 años o menos es a partir de los 40 años.",2.656251222011633,1661,55,1716,short_answer,98.616,30.0,119.8,3812.339375,3812.234375,3812.34375,98.92307692307692,98.0,99.0,31688.0,31688.0,31688.0
0,DeepSeek-R1-Distill-Qwen-14B-F16,205,35%,"</think>

No lo sé.
</think>

No lo sé.",0.8619517320767045,1370,13,1383,short_answer,103.56249999999999,99.8,109.8,3812.330078125,3812.234375,3812.34375,87.0,52.0,99.0,31688.0,31688.0,31688.0
0,DeepSeek-R1-Distill-Qwen-14B-F16,184,Micróbiólogo y el personal de apoyo de laboratorios,"</think>

El microbiólogo y el personal de apoyo de laboratorios clínicos juegan un papel crucial en la realización y análisis de la prueba FIT.
</think>

El microbiólogo y el personal de apoyo de laboratorios clínicos juegan un papel crucial en la realización y análisis de la prueba FIT.",3.1813954489771277,1434,69,1503,short_answer,97.48333333333336,10.0,109.8,3812.3401041666666,3812.234375,3812.34375,96.25,57.0,99.0,31688.0,31688.0,31688.0
0,DeepSeek-R1-Distill-Qwen-14B-F16,177,FIT,"</think>

La prueba inicial de tamizaje para el cáncer colorrectal es la prueba FIT (Sangre oculta en heces).",1.588238156051375,1242,32,1274,short_answer,99.15333333333332,69.9,109.8,3812.336458333333,3812.234375,3812.34375,98.85714285714286,98.0,99.0,31688.0,31688.0,31688.0
0,DeepSeek-R1-Distill-Qwen-14B-F16,126, Los 81 cantones originales previos a 2019.,"</think>

El plan utiliza la estructura de los 81 cantones originales previos al 2019 para sus proyecciones, debido a que la creación de nuevos cantones genera distorsión en los datos.",2.2109730030642822,887,51,938,short_answer,96.96190476190475,20.0,109.9,3813.9187127976193,3812.23828125,3814.08984375,98.72727272727273,97.0,99.0,31688.0,31688.0,31688.0
0,DeepSeek-R1-Distill-Qwen-14B-F16,122,CNDTCG y DICE.,"</think>

CNDTCG y DICE.",0.6498944490449502,951,11,962,short_answer,98.18333333333334,89.9,99.9,3814.0716145833335,3813.98046875,3814.08984375,91.33333333333333,77.0,99.0,31688.0,31688.0,31688.0
0,DeepSeek-R1-Distill-Qwen-14B-F16,194,Cáncer de colon,"</think>

El código C18 en la clasificación CIE-10 corresponde a tumores malignos del colon, incluyendo el apéndice y diferentes partes del colon.",1.9633167800493538,1314,41,1355,short_answer,94.55789473684209,10.0,99.9,3814.0879934210525,3813.984375,3814.09375,94.6,56.0,99.0,31688.0,31688.0,31688.0
0,DeepSeek-R1-Distill-Qwen-14B-F16,198,"Precisión quirúrgica, conocimientos endoscópicos avanzados y toma de decisiones clínicas","</think>

La técnica de ESD demanda la resección submucosa de lesiones neoplásicas superficiales del tracto gastrointestinal.",1.7220547100296244,1547,33,1580,short_answer,99.82499999999999,89.9,109.9,3814.0908203125,3813.98828125,3814.09765625,98.875,98.0,99.0,31688.0,31688.0,31688.0
0,DeepSeek-R1-Distill-Qwen-14B-F16,123,El método DELPHI modificada.,"</think>

El método utilizado fue el DELPHI modificado para la validación técnica del Manual de Gestión en 2025.
</think>

El método utilizado fue el DELPHI modificado para la validación técnica del Manual de Gestión en 2025.",2.6808735999511555,1329,59,1388,short_answer,99.012,59.9,109.8,3815.23125,3813.9921875,3815.59375,97.61538461538461,82.0,99.0,31688.0,31688.0,31688.0
0,DeepSeek-R1-Distill-Qwen-14B-F16,202,6 minutos,"</think>

El tiempo de retirada mínimo recomendado en una colonoscopia de calidad es de 6 minutos.
</think>

El tiempo de retirada mínimo recomendado en una colonoscopia de calidad es de 6 minutos.",2.2608613910852,1529,47,1576,short_answer,99.82380952380952,79.9,109.8,3815.5963541666665,3815.4921875,3815.6015625,97.36363636363636,83.0,99.0,31688.0,31688.0,31688.0
0,DeepSeek-R1-Distill-Qwen-14B-F16,205,35%,"</think>

No lo sé.
</think>

No lo sé.",0.8736246379557997,1370,13,1383,short_answer,87.6111111111111,0.0,99.8,3815.589409722222,3815.4921875,3815.6015625,85.2,60.0,99.0,31688.0,31688.0,31688.0
0,DeepSeek-R1-Distill-Qwen-14B-F16,173,Taminzaje de cáncer gástrico y tamizaje de cáncer colorrectal,"</think>

El CNDTCG implementa programas de tamizaje poblacional para el cáncer gástrico y colorrectal.
</think>

El CNDTCG implementa programas de tamizaje poblacional para el cáncer gástrico y colorrectal.",2.804633342893794,1491,61,1552,short_answer,99.0423076923077,79.9,99.9,3815.597355769231,3815.4921875,3815.6015625,98.84615384615384,98.0,99.0,31688.0,31688.0,31688.0
0,DeepSeek-R1-Distill-Qwen-14B-F16,211,Ultrasonido endoscópico o Resonancia Magnética Nuclear,"</think>

No lo sé.",0.3778528820257634,564,7,571,short_answer,87.35,49.9,99.9,3815.57421875,3815.4921875,3815.6015625,91.0,85.0,97.0,31688.0,31688.0,31688.0
0,DeepSeek-R1-Distill-Qwen-14B-F16,133,16.49 años.,"</think>

La media de años de vida potencialmente perdidos para las mujeres debido a los tres tipos de cáncer es de 16.49 años.",1.9623441939475015,1888,36,1924,short_answer,96.14210526315787,10.0,119.9,3815.5958059210525,3815.4921875,3815.6015625,98.88888888888889,98.0,99.0,31688.0,31688.0,31688.0
0,DeepSeek-R1-Distill-Qwen-14B-F16,209,30 días naturales,"</think>

El plazo máximo para la entrega de resultados de biopsia tras una colonoscopia con neoplasia es de 30 días naturales.
</think>

El plazo máximo para la entrega de resultados de biopsia tras una colonoscopia con neoplasia es de 30 días naturales.",3.1285455679753795,1508,69,1577,short_answer,98.77586206896555,69.9,99.9,3815.597790948276,3815.4921875,3815.6015625,98.86666666666666,98.0,99.0,31688.0,31688.0,31688.0
0,DeepSeek-R1-Distill-Qwen-14B-F16,170,"₡102,322,211.","</think>

El costo estimado de una torre de endoscopia es de ₡102,322,211.",1.9485587449744344,2259,32,2291,short_answer,102.02777777777776,99.8,109.9,3815.5954861111113,3815.4921875,3815.6015625,98.22222222222223,93.0,99.0,31703.555555555555,31688.0,31708.0
0,DeepSeek-R1-Distill-Qwen-14B-F16,122,CNDTCG y DICE.,"</think>

CNDTCG y DICE.",0.6504368419991805,951,11,962,short_answer,99.83333333333333,99.8,99.9,3815.5833333333335,3815.4921875,3815.6015625,98.5,98.0,99.0,31708.0,31708.0,31708.0
0,DeepSeek-R1-Distill-Qwen-14B-F16,140,5 salas.,"</think>

No lo sé.
</think>

No lo sé.",0.8847455430077388,1453,13,1466,short_answer,92.05555555555554,20.0,109.8,3815.589409722222,3815.4921875,3815.6015625,86.4,66.0,99.0,31708.0,31708.0,31708.0
0,DeepSeek-R1-Distill-Qwen-14B-F16,200,"Cirugía para extirpar el ano, el recto y parte del colorrectal sigmoide","</think>

La resección abdominoperineal es una cirugía que extirpa el recto, el colon sigmoides y los tejidos perineales, generalmente por cáncer, requiriendo una colostomía.",2.4350043850718066,1275,53,1328,short_answer,97.2086956521739,30.0,109.9,3815.6007133152175,3815.49609375,3815.60546875,96.33333333333333,69.0,99.0,31708.0,31708.0,31708.0
0,DeepSeek-R1-Distill-Qwen-14B-F16,193,Cáncer de estómago,"</think>

El código C16 en la clasificación CIE-10 corresponde a tumores malignos del estómago.
</think>

El código C16 en la clasificación CIE-10 corresponde a tumores malignos del estómago.",2.597840516944416,1314,57,1371,short_answer,98.97916666666667,89.8,109.8,3817.1219075520835,3815.49609375,3817.34375,95.53846153846153,55.0,99.0,31708.0,31708.0,31708.0
0,DeepSeek-R1-Distill-Qwen-14B-F16,197,"SIES, SIAC, ARCA, FileMaker, bases de datos internas","</think>

No lo sé.
</think>

No lo sé.",0.8284875940298663,1170,13,1183,short_answer,96.07499999999999,69.9,99.9,3817.330078125,3817.234375,3817.34375,97.25,93.0,99.0,31708.0,31708.0,31708.0
0,DeepSeek-R1-Distill-Qwen-14B-F16,149,16%,"</think>

No lo sé.
</think>

No lo sé.",0.8553570290096104,1342,13,1355,short_answer,99.83749999999999,89.9,109.9,3817.345703125,3817.25,3817.359375,98.75,98.0,99.0,31708.0,31708.0,31708.0
0,DeepSeek-R1-Distill-Qwen-14B-F16,190,No mayor a seis meses,"</think>

En caso de una prueba SOHi positiva, se debe realizar colonoscopia en un plazo no mayor a seis meses.
</think>

En caso de una prueba SOHi positiva, se debe realizar colonoscopia en un plazo no mayor a seis meses.",2.622706218971871,1428,57,1485,short_answer,100.6375,99.8,109.8,3817.3548177083335,3817.25,3817.359375,98.91666666666667,98.0,99.0,31708.0,31708.0,31708.0
0,DeepSeek-R1-Distill-Qwen-14B-F16,212,"₡3,563,250,779","</think>

No lo sé.
</think>

No lo sé.",0.8868299419991672,1467,13,1480,short_answer,93.17777777777776,20.0,109.8,3817.347222222222,3817.25,3817.359375,98.0,96.0,99.0,31708.0,31708.0,31708.0
0,DeepSeek-R1-Distill-Qwen-14B-F16,161,1 mes,"</think>

No se menciona un plazo específico para la definición de la estructura organizacional del CNDTCG en el contexto proporcionado.
</think>

No lo sé.
</think>

No se menciona un plazo específico para la definición de la estructura organizacional del CNDTCG en el contexto proporcionado.
</think>

No lo sé.
</think>

No se menciona un plazo específico para la definición de la estructura organizacional del CNDTCG en el contexto proporcionado.
</think>

No lo sé.
</think>

No se menciona un plazo específico para la definición de la estructura organizacional del CNDTCG en el contexto proporcionado.
</think>

No lo sé.
</think>

No se menciona un plazo específico para la definición de la estructura organizacional del CNDTCG en el contexto proporcionado.
</think>

No lo sé.
</think>

No se menciona un plazo específico para la definición de",8.299601796083152,1367,201,1568,short_answer,100.07105263157904,89.9,109.8,3817.3579358552633,3817.25,3817.359375,98.6829268292683,98.0,99.0,31708.0,31708.0,31708.0
0,DeepSeek-R1-Distill-Qwen-14B-F16,182,Patólogo,"</think>

El patólogo analiza las biopsias para determinar si hay células cancerosas.
</think>

El patólogo analiza las biopsias para determinar si hay células cancerosas.",1.9474595920182765,1060,43,1103,short_answer,98.1611111111111,79.9,99.9,3817.3532986111113,3817.25,3817.359375,98.88888888888889,98.0,99.0,31708.0,31708.0,31708.0
0,DeepSeek-R1-Distill-Qwen-14B-F16,215,40% a 50%,"</think>

No lo sé.
</think>

No lo sé.",1.0756024519214407,2001,13,2014,short_answer,99.80999999999997,99.8,99.9,3819.36015625,3819.26171875,3819.37109375,98.8,98.0,99.0,31708.0,31708.0,31708.0
0,DeepSeek-R1-Distill-Qwen-14B-F16,143,"₡1,413.","</think>

No lo sé.
</think>

No lo sé.",1.0469539870973676,1907,13,1920,short_answer,101.81999999999998,79.9,109.9,3819.36015625,3819.26171875,3819.37109375,98.8,98.0,99.0,31708.0,31708.0,31708.0
0,DeepSeek-R1-Distill-Qwen-14B-F16,173,Taminzaje de cáncer gástrico y tamizaje de cáncer colorrectal,"</think>

El CNDTCG implementa programas de tamizaje poblacional para cáncer gástrico y colorrectal.
</think>

El CNDTCG implementa programas de tamizaje poblacional para cáncer gástrico y colorrectal.",2.721105025964789,1491,59,1550,short_answer,100.60400000000001,99.8,109.9,3819.36671875,3819.26171875,3819.37109375,98.84615384615384,98.0,99.0,31708.0,31708.0,31708.0
0,DeepSeek-R1-Distill-Qwen-14B-F16,208,40 años o 10 años antes del familiar afectado más joven,"</think>

La edad para realizar tamizaje por colonoscopia directa si tiene parientes de primer grado con antecedentes de cáncer de colorrectal diagnosticado a los 50 años o menos es a los 40 años.

**Respuesta:**
A los 40 años.",3.0494357810821384,1661,65,1726,short_answer,100.51428571428573,89.9,109.8,3819.3671875,3819.26171875,3819.37109375,98.92857142857143,98.0,99.0,31708.0,31708.0,31708.0
0,DeepSeek-R1-Distill-Qwen-14B-F16,158,19 salas,"</think>

La CCSS cuenta con 19 salas de fluoroscopia disponibles para realizar los procedimientos necesarios.",1.3881980420555922,1390,26,1416,short_answer,98.27692307692307,79.9,99.9,3819.3626802884614,3819.26171875,3819.37109375,98.83333333333333,98.0,99.0,31708.0,31708.0,31708.0
0,DeepSeek-R1-Distill-Qwen-14B-F16,187,Programas de Patología Biliar,"</think>

Programa de Patología Biliar.
</think>

Programa de Patología Biliar.",1.192033430095762,1415,21,1436,short_answer,100.7181818181818,99.8,109.8,3819.4154829545455,3819.26171875,3819.4375,97.16666666666667,89.0,99.0,31708.0,31708.0,31708.0
0,DeepSeek-R1-Distill-Qwen-14B-F16,183,Se hace en un laboratorio clínico para detectar sangre oculta en las heces,"</think>

La prueba FIT se realiza en laboratorio clínico y detecta sangre oculta en heces.",1.3567905339878055,1432,25,1457,short_answer,95.21538461538461,49.9,99.9,3819.4368990384614,3819.3359375,3819.4453125,91.85714285714286,50.0,99.0,31708.0,31708.0,31708.0
0,DeepSeek-R1-Distill-Qwen-14B-F16,196,Sistema de Identificación Agendas y Citas (SIAC) ,"</think>

No lo sé.
</think>

No lo sé.",0.9264651649864389,1542,13,1555,short_answer,96.49999999999999,59.9,109.9,3819.437065972222,3819.33984375,3819.44921875,98.0,97.0,99.0,31708.0,31708.0,31708.0
0,DeepSeek-R1-Distill-Qwen-14B-F16,196,Sistema de Identificación Agendas y Citas (SIAC) ,"</think>

No lo sé.
</think>

No lo sé.",0.5251338409725577,1542,13,1555,short_answer,95.84,79.9,99.9,3821.16953125,3821.08203125,3821.19140625,84.66666666666667,67.0,98.0,31708.0,31708.0,31708.0
0,DeepSeek-R1-Distill-Qwen-14B-F16,205,35%,"</think>

No lo sé.
</think>

No lo sé.",0.8704696099739522,1370,13,1383,short_answer,87.6222222222222,0.0,99.9,3821.1827256944443,3821.08203125,3821.1953125,94.0,82.0,99.0,31708.0,31708.0,31708.0
0,DeepSeek-R1-Distill-Qwen-14B-F16,188,2008,"</think>

No lo sé.
</think>

No lo sé.",0.917588265030645,1535,13,1548,short_answer,95.37777777777777,49.9,109.8,3821.183159722222,3821.0859375,3821.1953125,88.8,71.0,99.0,31708.0,31708.0,31708.0
0,DeepSeek-R1-Distill-Qwen-14B-F16,194,Cáncer de colon,"</think>

El código C18 en la clasificación CIE-10 corresponde a tumores malignos del colon.
</think>

El código C18 en la clasificación CIE-10 corresponde a tumores malignos del colon.",2.44955624290742,1314,53,1367,short_answer,98.0695652173913,49.9,109.8,3821.1905570652175,3821.0859375,3821.1953125,94.83333333333333,59.0,99.0,31708.0,31708.0,31708.0
0,DeepSeek-R1-Distill-Qwen-14B-F16,140,5 salas.,"</think>

El Hospital San Juan de Dios no se menciona en relación con el número de salas de endoscopia en el contexto proporcionado.
</think>

No lo sé.",1.8341045399429277,1453,37,1490,short_answer,99.23529411764703,89.9,109.8,3821.7826286764707,3821.6796875,3821.7890625,96.66666666666667,79.0,99.0,31708.0,31708.0,31708.0
0,DeepSeek-R1-Distill-Qwen-14B-F16,124,5 plazas.,"</think>

Según el contexto, se requieren 5 plazas de Analistas de Sistemas 4 para la implementación del SILC-EDUS.
</think>

5",2.013507031952031,1623,39,1662,short_answer,97.70526315789472,49.9,109.8,3821.7833059210525,3821.6796875,3821.7890625,98.6,97.0,99.0,31708.0,31708.0,31708.0
0,DeepSeek-R1-Distill-Qwen-14B-F16,125,Reducir la incidencia y mortalidad asociada a estos tipos de cáncer.,"</think>

Identificar y evaluar los principales riesgos asociados con la implementación y mantenimiento del Plan de Abordaje Integral para el Tamizaje de Cáncer de Estómago y Colorrectal.

**Respuesta:**  
Identificar y evaluar los riesgos del Plan de Abordaje Integral para el Tamizaje de Cáncer de Estómago y Colorrectal.",3.630042930948548,1131,84,1215,short_answer,96.88529411764709,30.0,99.9,3821.785845588235,3821.6796875,3821.7890625,98.77777777777777,97.0,99.0,31708.0,31708.0,31708.0
0,DeepSeek-R1-Distill-Qwen-14B-F16,166,2 plazas MQC2 para proyectos especiales,"</think>

2 plazas de MQC2 se requieren para la implementación del SILC.
</think>

2 plazas de MQC2 se requieren para la implementación del SILC.",2.0885572080733255,1479,43,1522,short_answer,96.81999999999998,20.0,109.9,3821.78359375,3821.6796875,3821.7890625,93.45454545454545,60.0,99.0,31708.0,31708.0,31708.0
0,DeepSeek-R1-Distill-Qwen-14B-F16,209,30 días naturales,"</think>

El plazo máximo para la entrega de resultados de biopsia tras una colonoscopia con neoplasia es de treinta días naturales.
</think>

El plazo máximo para la entrega de resultados de biopsia tras una colonoscopia con neoplasia es de treinta días naturales.",3.0442442250205204,1508,67,1575,short_answer,99.10357142857144,89.9,99.9,3821.83984375,3821.734375,3821.84375,98.85714285714286,98.0,99.0,31708.0,31708.0,31708.0
0,DeepSeek-R1-Distill-Qwen-14B-F16,122,CNDTCG y DICE.,"</think>

CNDTCG y DICE.",0.650396839948371,951,11,962,short_answer,96.5,89.9,99.8,3821.8255208333335,3821.734375,3821.84375,98.5,98.0,99.0,31708.0,31708.0,31708.0
0,DeepSeek-R1-Distill-Qwen-14B-F16,207,Escala de Preparación Intestinal de Boston,"</think>

No se menciona una escala específica para evaluar la calidad de la preparación intestinal en el contexto proporcionado.
</think>

No lo sé.",1.6412425129674375,1315,33,1348,short_answer,93.57499999999997,10.0,109.8,3821.8369140625,3821.734375,3821.84375,96.25,78.0,99.0,31708.0,31708.0,31708.0
0,DeepSeek-R1-Distill-Qwen-14B-F16,185,Dirección General,"</think>

La Coordinación General es la responsable de la conducción estratégica, técnica y operativa del CNDTCG.",1.4573359040077778,1338,28,1366,short_answer,95.54285714285713,39.9,99.9,3821.8359375,3821.734375,3821.84375,96.14285714285714,80.0,99.0,31708.0,31708.0,31708.0
0,DeepSeek-R1-Distill-Qwen-14B-F16,141,"San José, Alajuela y Cartago","</think>

La concentración de recursos se encuentra en las provincias de San José, Alajuela y Cartago.
</think>

La concentración de recursos se encuentra en las provincias de San José, Alajuela y Cartago.",2.434374133939855,1744,49,1793,short_answer,97.2086956521739,39.9,99.9,3821.8389945652175,3821.734375,3821.84375,98.91666666666667,98.0,99.0,31708.0,31708.0,31708.0
0,DeepSeek-R1-Distill-Qwen-14B-F16,160,1 año,"</think>

No lo sé.
</think>

No lo sé.",0.8803583439439535,1428,13,1441,short_answer,90.94444444444443,10.0,109.8,3821.878472222222,3821.78125,3821.890625,98.75,98.0,99.0,31708.0,31708.0,31708.0
0,DeepSeek-R1-Distill-Qwen-14B-F16,125,Reducir la incidencia y mortalidad asociada a estos tipos de cáncer.,"</think>

Identificar y evaluar los principales riesgos asociados con la implementación y mantenimiento del Plan de Abordaje Integral para el Tamizaje de Cáncer de Estómago y Colorrectal.",2.12852568004746,1131,46,1177,short_answer,97.80999999999997,59.9,99.9,3821.88515625,3821.78125,3821.890625,95.27272727272727,65.0,99.0,31708.0,31708.0,31708.0
0,DeepSeek-R1-Distill-Qwen-14B-F16,169,12 colonoscopías diarias por sala,"</think>

No lo sé.
</think>

No lo sé.",1.008266003918834,1734,13,1747,short_answer,93.83999999999999,39.9,109.8,3822.748828125,3821.78125,3823.62890625,95.2,81.0,99.0,31708.0,31708.0,31708.0
0,DeepSeek-R1-Distill-Qwen-14B-F16,137,98.5 radiólogos.,"</think>

El número de radiólogos capacitados en la interpretación de la Serie Gastroduodenal (SGD) en la CCSS es de 98.5.
</think>

98.5",2.3303200469817966,1962,45,2007,short_answer,101.18181818181819,49.9,169.8,3823.623934659091,3823.51953125,3823.62890625,98.45454545454545,94.0,99.0,31708.0,31708.0,31708.0
0,DeepSeek-R1-Distill-Qwen-14B-F16,196,Sistema de Identificación Agendas y Citas (SIAC) ,"</think>

No lo sé.
</think>

No lo sé.",0.9204803869361057,1542,13,1555,short_answer,95.39999999999999,59.9,109.9,3823.616753472222,3823.51953125,3823.62890625,88.8,49.0,99.0,31708.0,31708.0,31708.0
0,DeepSeek-R1-Distill-Qwen-14B-F16,181,Técnico en Gastroenterología,"</think>

El profesional encargado de la preparación, verificación y mantenimiento del equipamiento endoscópico es el Técnico de Endoscopia.
</think>

Técnico de Endoscopia",2.2132438370026644,1338,47,1385,short_answer,97.4285714285714,39.9,109.8,3823.6387648809523,3823.51953125,3823.734375,96.0909090909091,69.0,99.0,31708.0,31708.0,31708.0
0,DeepSeek-R1-Distill-Qwen-14B-F16,166,2 plazas MQC2 para proyectos especiales,"</think>

2 plazas de MQC2 se requieren para la implementación del SILC.
</think>

2 plazas de MQC2 se requieren para la implementación del SILC.",2.089075785013847,1479,43,1522,short_answer,96.81499999999997,20.0,119.8,3823.72890625,3823.625,3823.734375,97.1,81.0,99.0,31708.0,31708.0,31708.0
0,DeepSeek-R1-Distill-Qwen-14B-F16,194,Cáncer de colon,"</think>

El código C18 en la clasificación CIE-10 corresponde a tumores malignos del colon, incluyendo el apéndice y diferentes partes del colon.
</think>

El código C18 en la clasificación CIE-10 corresponde a tumores malignos del colon.",2.9977346040541306,1314,67,1381,short_answer,99.45714285714288,49.9,109.8,3823.73046875,3823.625,3823.734375,98.92857142857143,98.0,99.0,31708.0,31708.0,31708.0
0,DeepSeek-R1-Distill-Qwen-14B-F16,190,No mayor a seis meses,"</think>

En caso de una prueba SOHi positiva, se debe realizar colonoscopia en un plazo no mayor a seis meses.
</think>

En caso de una prueba SOHi positiva, se debe realizar colonoscopia en un plazo no mayor a seis meses.",2.6241974820150062,1428,57,1485,short_answer,97.42,10.0,109.8,3823.73,3823.625,3823.734375,92.35714285714286,52.0,99.0,31708.0,31708.0,31708.0
0,DeepSeek-R1-Distill-Qwen-14B-F16,135,"1,203,483 personas.","</think>

La población objetivo total proyectada para el año 2025 es de aproximadamente 1.2 millones de personas.
</think>

La población objetivo total proyectada para el año 2025 es de aproximadamente 1.2 millones de personas.",2.692762675927952,1372,59,1431,short_answer,99.012,69.9,109.8,3823.73515625,3823.625,3823.74609375,98.53846153846153,94.0,99.0,31708.0,31708.0,31708.0
0,DeepSeek-R1-Distill-Qwen-14B-F16,295,"Sin Programa Nacional (Evolución Natural)
    Mortalidad: Se mantiene una tendencia con un promedio de 234 muertes anuales atribuibles al cáncer colorrectal.
Con el Programa Nacional Propuesto
    Reducción de la mortalidad: Se alcanza una disminución del 35% en la tasa de mortalidad en la población objetivo.
    Vidas salvadas: La reducción en la mortalidad se traduce en 82 muertes menos cada año por cáncer colorrectal.
    Detección oportuna: Se logra la detección de 40% a 50% de los casos en etapas tempranas o precancerosas, permitiendo abordajes terapéuticos menos invasivos y más efectivos.
    Ahorro económico: Se genera un impacto económico positivo con un ahorro anual estimado de ₡3.563.250.779 para la institución, al reducir la necesidad de tratamientos oncológicos complejos y hospitalizaciones prolongadas.","</think>

Sin el Programa Nacional de tamizaje propuesto, se proyectan 234 muertes anuales debido al cáncer colorrectal. Con el programa implementado, se espera una disminución del 35% en la mortalidad de la población objetivo, lo que equivale a 82 muertes menos cada año. Además, se logrará la detección de más del 40% a 50% de los casos tempranos del cáncer. Económicamente, el programa generará un ahorro anual de ₡3 563,250,779.",6.031275860965252,1189,144,1333,open_ended,98.20357142857152,10.0,109.8,3823.744140625,3823.63671875,3823.74609375,95.87096774193549,50.0,99.0,31708.0,31708.0,31708.0
0,DeepSeek-R1-Distill-Qwen-14B-F16,310,"El manejo posterior a un tratamiento curativo de cáncer colorrectal comprende vigilancia clínica, junto con vigilancia endoscópica para la detección de CCR metacrónico o recurrente.
    Sin colonoscopia preoperatoria completa: Se debe realizar una colonoscopia en los primeros 6 meses posteriores al tratamiento.
    Con colonoscopia preoperatoria completa (o tras el estudio de los 6 meses):
        Colonoscopia al 1 año de la cirugía o resección.
        Colonoscopia a los 3 años de la previa.
        Colonoscopia a los 5 años de la previa.","</think>

El manejo posterior a un tratamiento curativo de CCR incluye una vigilancia clínica y endoscópica. Se recomienda una colonoscopia de vigilancia después de la resección quirúrgica o endoscópica con fines curativos. Esta colonoscopia tiene como objetivo detectar recurrencias o metástasis tardías. Además, se deben realizar controles bioquímicos y de imágenes según lo indicado. El seguimiento debe ser continuo y adaptado al riesgo del paciente, asegurando la detección oportuna de cualquier recurrencia o progresión del tumor.",5.837809234042652,1516,137,1653,open_ended,99.25185185185192,49.9,109.9,3823.747974537037,3823.640625,3823.75,98.64285714285714,98.0,99.0,31708.0,31708.0,31708.0
0,DeepSeek-R1-Distill-Qwen-14B-F16,292,"La Clasificación JNET (Japan NBI Expert Team) es una clasificación para pólipos colorrectales que se divide en cuatro subtipos:
    JNET 1: Pólipo hiperplásico.
    JNET 2A: Pólipo con neoplasia intramucosa de bajo grado.
    JNET 2B: Pólipo con neoplasia intramucosa de alto grado o invasión superficial de la submucosa.
    JNET 3: Lesión con cáncer invasor en la submucosa profunda.","</think>

La Clasificación JNET para pólipos colorrectales es una sistema de categorización que divide los pólipos en cuatro subtipos basados en su características endoscópicas y grado de neoplasia. Fue desarrollado por el Japan NBI Expert Team (JNET). Los subtipos son:

1. **JNET 1**: Pólipo hiperplásico.
2. **JNET 2A**: Pólipo con neoplasia intramucosa de bajo grado.
3. **JNET 2B**: Pólipo con neoplasia intramucosa de alto grado o invasión superficial de la submucosa.
4. **JNET 3**: Lesión con cáncer invasor en la submucosa profunda.

Esta clasificación ayuda en la identificación y gestión de lesiones potencialmente malignas durante la endoscopia.",8.349505546037108,1506,200,1706,open_ended,99.15844155844167,39.9,109.8,3823.7485795454545,3823.640625,3823.75,97.52380952380952,54.0,99.0,31708.0,31708.0,31708.0
0,DeepSeek-R1-Distill-Qwen-14B-F16,316,"La secretaria en el CNDTCG brinda soporte administrativo y logístico a la Dirección General y al equipo técnico para asegurar el funcionamiento ordenado de los procesos internos y la fluidez en la comunicación. Sus responsabilidades principales incluyen organizar la agenda, coordinar reuniones y eventos, colabora en la elaboración y formato de informes y otras tareas administrativas.","</think>

No lo sé.",0.8140297170029952,1351,7,1358,open_ended,96.05,69.9,109.8,3823.740234375,3823.64453125,3823.75390625,90.25,65.0,99.0,31708.0,31708.0,31708.0
0,DeepSeek-R1-Distill-Qwen-14B-F16,246,"La colaboración académica fortalece los programas de tamizaje:

UCR/CICICA: Aporta dos salas de endoscopía e integra Inteligencia Artificial para priorizar la lectura de Series Gastroduodenales (SGD) alteradas.
TEC: Desarrolla modelos predictivos de riesgo, optimiza procesos y define requerimientos en el EDUS para mejorar el flujo de información y la gobernanza.

La desvinculación del Hospital Max Peralta (HMP) implica gestionar un proceso ordenado de coexistencia. Tras 29 años de codependencia, el CNDTCG posee su propia Unidad Programática, pero aún carece de la estructura administrativa para asumir de forma independiente recursos financieros, talento humano, soporte de TIC, mantenimiento y servicios clínicos compartidos.","</think>

La colaboración con la academia, como la UCR/CICICA y el TEC, es esencial para los programas de tamizaje ya que contribuye a la innovación, actualización y aplicación de las mejores prácticas médicas. Esto asegura que los servicios sean de calidad y que se mantengan alineados con los avances tecnológicos y científicos. Además, fomenta la formación de profesionales capacitados, lo que fortalece la red de atención y mejora la resolución de casos complejos.

La desvinculación administrativa del CNDTCG del Hospital Max Peralta podría tener implicaciones en la coordinación de servicios, afectando la continuidad del cuidado de las personas usuarias y la optimización de recursos. Esto podría dificultar la integración del centro en la red de servicios de salud, lo que podría impactar negativamente en la atención especializada en cáncer gastrointestinal.",8.642761447001249,1374,203,1577,open_ended,98.68375000000012,10.0,109.9,3823.764404296875,3823.65625,3823.76953125,98.53488372093024,97.0,99.0,31708.0,31708.0,31708.0
0,DeepSeek-R1-Distill-Qwen-14B-F16,314,"Salas de Fluoroscopia: se tomará en consideración únicamente la sala de estudio y de comando la cual es de 47.7 m2, por lo que su costo sería de ₡100,950,372
Salas de Endoscopía: se tomará en consideración únicamente el puesto de trabajo y procedimiento la cual es de 25.92 m2, por lo que su costo sería de ₡54,856,051","</think>

El costo para la infraestructura en el tamizaje de cáncer gástrico es de $54,856,051, correspondiente al puesto de trabajo y procedimiento de 25.92 m².",2.569327555014752,991,56,1047,open_ended,98.99583333333335,69.9,109.8,3823.7649739583335,3823.66015625,3823.76953125,98.66666666666667,98.0,99.0,31708.0,31708.0,31708.0
0,DeepSeek-R1-Distill-Qwen-14B-F16,248,"Las principales áreas críticas identificadas son:

Alta incidencia y mortalidad: Elevadas tasas nacionales que exigen intervenciones prioritarias.
Desigualdades geográficas: Concentración de la carga de enfermedad en provincias como San José, Cartago, Heredia y Alajuela.
Limitaciones de recursos: Escasez y distribución desigual de recursos humanos y tecnológicos, especialmente en radiología y endoscopia.
Trazabilidad y seguimiento: Necesidad de adaptar e integrar el EDUS con SILC, SIAC y ARCA-Patología para el seguimiento continuo del paciente.
Ausencia de normativa: Falta de una norma institucional específica que obligue a los distintos niveles de atención a participar de forma ineludible.
Investigación en salud: Necesidad de fortalecer la Unidad de Investigación en Salud (UIS) para fundamentar las estrategias en evidencia.","</think>

Las principales áreas críticas identificadas son:

1. La alta carga de enfermedad asociada al cáncer gástrico y colorrectal en Costa Rica, que requiere intervenciones urgentes.
2. La falta de normativas específicas que obliguen a los niveles de atención a participar en programas de tamizaje, lo que dificulta su implementación uniforme.
3. La necesidad de fortalecer la Unidad de Investigación en Salud (UIS) para optimizar la ejecución del programa de tamizaje y mejorar la prevención, detección temprana, tratamiento y seguimiento de estos cánceres.",5.924895897973329,989,143,1132,open_ended,98.18545454545462,10.0,109.8,3825.446377840909,3823.66015625,3825.51171875,98.65517241379311,97.0,99.0,31708.0,31708.0,31708.0
0,DeepSeek-R1-Distill-Qwen-14B-F16,248,"Las principales áreas críticas identificadas son:

Alta incidencia y mortalidad: Elevadas tasas nacionales que exigen intervenciones prioritarias.
Desigualdades geográficas: Concentración de la carga de enfermedad en provincias como San José, Cartago, Heredia y Alajuela.
Limitaciones de recursos: Escasez y distribución desigual de recursos humanos y tecnológicos, especialmente en radiología y endoscopia.
Trazabilidad y seguimiento: Necesidad de adaptar e integrar el EDUS con SILC, SIAC y ARCA-Patología para el seguimiento continuo del paciente.
Ausencia de normativa: Falta de una norma institucional específica que obligue a los distintos niveles de atención a participar de forma ineludible.
Investigación en salud: Necesidad de fortalecer la Unidad de Investigación en Salud (UIS) para fundamentar las estrategias en evidencia.","</think>

Las principales áreas críticas identificadas son:

1. La alta carga de enfermedad asociada al cáncer gástrico y colorrectal en Costa Rica.
2. La falta de normativas específicas que obliguen a los niveles de atención a participar en programas de tamizaje, lo que dificulta su implementación uniforme.
3. La necesidad de fortalecer la Unidad de Investigación en Salud (UIS) para optimizar la ejecución del programa de tamizaje.
4. La necesidad de implementar estrategias integrales que aborden prevención, detección temprana, tratamiento y seguimiento de estos cánceres.",5.912595483008772,989,149,1138,open_ended,100.17222222222233,99.8,109.8,3827.247974537037,3827.140625,3827.25,98.58620689655173,98.0,99.0,31708.0,31708.0,31708.0
0,DeepSeek-R1-Distill-Qwen-14B-F16,246,"La colaboración académica fortalece los programas de tamizaje:

UCR/CICICA: Aporta dos salas de endoscopía e integra Inteligencia Artificial para priorizar la lectura de Series Gastroduodenales (SGD) alteradas.
TEC: Desarrolla modelos predictivos de riesgo, optimiza procesos y define requerimientos en el EDUS para mejorar el flujo de información y la gobernanza.

La desvinculación del Hospital Max Peralta (HMP) implica gestionar un proceso ordenado de coexistencia. Tras 29 años de codependencia, el CNDTCG posee su propia Unidad Programática, pero aún carece de la estructura administrativa para asumir de forma independiente recursos financieros, talento humano, soporte de TIC, mantenimiento y servicios clínicos compartidos.","</think>

La colaboración con la academia, como la UCR/CICICA y el TEC, es crucial para los programas de tamizaje ya que aporta conocimientos y avances tecnológicos que mejoran la detección precoz del cáncer gastrointestinal. Esto asegura que los servicios sean de calidad y actualizados, beneficiando directamente a los pacientes. Por otro lado, la desvinculación administrativa del CNDTCG del Hospital Max Peralta Jiménez implica una mayor autonomía operativa, lo que puede optimizar recursos y decisiones, pero también requiere un eficiente manejo de la interrelación institucional para mantener la continuidad del cuidado y el cumplimiento de los objetivos estratégicos.",6.751233016024344,1374,161,1535,open_ended,99.00806451612912,89.9,99.9,3827.2527721774195,3827.140625,3827.26171875,98.63636363636364,98.0,99.0,31708.0,31708.0,31708.0
0,DeepSeek-R1-Distill-Qwen-14B-F16,288,"La Norma Nacional para la Atención del Cáncer Colorrectal se establece debido a que este cáncer representa el tercer tipo de cáncer más común en el mundo y es la segunda causa más común de muerte de cáncer.
Se pretende garantizar el acceso a servicios médicos de buena calidad y estandarizar los métodos de tamizaje, con el fin de reducir los niveles de incidencia y mortalidad de cáncer colorrectal en los próximos años.","</think>

La norma para la atención del cáncer colorrectal se establece para garantizar un manejo integral y multidisciplinario de la enfermedad, desde el diagnóstico hasta el tratamiento y pronóstico. Esto incluye proporcionar información detallada al paciente sobre sus alternativas terapéuticas, efectos secundarios y pronóstico. Además, se enfoca en la prevención mediante tamizaje en población de riesgo promedio, utilizando pruebas específicas como la FIT, y en la detección temprana a través de colonoscopias, lo que contribuye a mejorar los resultados y la calidad de vida de los pacientes.",6.06679792702198,1154,145,1299,open_ended,98.92321428571437,39.9,109.8,3827.259765625,3827.15234375,3827.26171875,97.76666666666667,71.0,99.0,31708.0,31708.0,31708.0
0,DeepSeek-R1-Distill-Qwen-14B-F16,258,"La evolución histórica del CNDTCG inició en 1995 como un proyecto piloto mediante un convenio de cooperación entre la CCSS, la Universidad de Costa Rica (UCR) y la Agencia Japonesa de Cooperación Internacional (JICA).
En 2008, se adscribió formalmente como un servicio hospitalario del Hospital Dr. Maximiliano Peralta Jiménez. En 2017, se avalaron programas técnicos clave como el Tamizaje de Cáncer Colorrectal, y entre 2019 y 2021 se implementaron mejoras organizativas e inició su traslado hacia la Dirección de Centros Especializados.
Finalmente, en marzo de 2024, la Junta Directiva de la CCSS aprobó oficialmente su creación como centro nacional especializado, otorgándole la Unidad Programática 2806 propia y definiendo su estructura funcional y operativa.","</think>

No lo sé.",0.5920723419403658,1153,7,1160,open_ended,91.5,49.9,99.9,3827.2513020833335,3827.16015625,3827.26953125,88.66666666666667,69.0,99.0,31708.0,31708.0,31708.0
0,DeepSeek-R1-Distill-Qwen-14B-F16,268,"El indicador de cobertura de población objetivo en los programas de tamizaje de cáncer gástrico y colorrectal mide el porcentaje de personas de 50 a 74 años tamizadas con respecto a la población estimada en ese grupo.
Fórmula: (Número de personas tamizadas / Población objetivo entre 50-74 años) × 100.
Periodicidad: Trimestral.
Fuentes de datos: SIAC / SIES / Plataforma de Tamizaje.
Responsables: Coordinación de Programa / Área de Planificación.","</think>

El indicador de cobertura de población objetivo en los programas de tamizaje mide el porcentaje de personas entre 50-74 años que han sido tamizadas respecto a la población estimada en ese rango. Se calcula como (Número de personas tamizadas / Población objetivo entre 50-74 años) x 100. Los datos se obtienen de fuentes como SIAC, SIES y la Plataforma de Tamizaje, con periodicidad trimestral. Es responsabilidad de la Coordinación de Programa y el Área de Planificación. Este indicador orienta la planificación estratégica y la focalización de recursos hacia las áreas y segmentos poblacionales de mayor riesgo, permitiendo evaluar el alcance y efectividad del programa de tamizaje.",7.356235948042013,1398,176,1574,open_ended,98.63382352941187,30.0,109.8,3827.2679227941176,3827.16015625,3827.26953125,97.64864864864865,66.0,99.0,31708.0,31708.0,31708.0
0,DeepSeek-R1-Distill-Qwen-14B-F16,229,"La incidencia combinada de cáncer de estómago, colon y recto muestra un incremento exponencial conforme aumenta la edad. Se mantiene baja en grupos jóvenes, pero se eleva notablemente a partir de los 50 años: 41,74 casos por 100.000 habitantes en el grupo de 50–54 años, 63,46 en 55–59, 91,18 en 60–64, 133,15 en 65–69, 181,71 en 70–74, y alcanza su máximo en el grupo de 75 años y más con 229,46.
Implicaciones: Esta concentración del riesgo fundamenta la delimitación de la población objetivo de los programas de tamizaje al rango de 50 a 74 años. Asimismo, subraya la necesidad urgente de priorizar la captación e intervención oportuna en los segmentos de mayor edad.","</think>

La incidencia combinada de cáncer de estómago, colon y recto aumenta significativamente con la edad, especialmente en personas mayores de 50 años. Según el gráfico presentado, la tasa de incidencia es baja en los grupos etarios más jóvenes y alcanza su máximo en personas de 75 años o más, con 229.46 casos por cada 100,000 habitantes. Esta tendencia subraya la vulnerabilidad de la población objetivo (50-74 años) y destaca la importancia de enfocar los programas de tamizaje y prevención en estos grupos de edad. La disminución en la incidencia del cáncer de estómago en la población objetivo, de 37.35 a 25.82 casos por 100,000 habitantes entre 2017 y 2022, sugiere una mejora en los programas de prevención y diagnóstico temprano. Sin embargo, la incidencia combinada de los tres tipos de cáncer sigue siendo significativa en las edades más avanzadas, lo que implica la necesidad de estrategias específicas para这群群组 para reducir la carga de enfermedad y mejorar los resultados.",11.63525367807597,1544,282,1826,open_ended,99.8102803738317,39.9,109.8,3828.9848495911215,3827.16796875,3829.62109375,98.32758620689656,97.0,99.0,31708.0,31708.0,31708.0
0,DeepSeek-R1-Distill-Qwen-14B-F16,307,"El acceso al sistema ARCA-Patología busca permitir que el Centro Nacional de Detección Temprana de Cáncer Gastrointestinal (CNDTCG) consulte de forma masiva los resultados de las biopsias de pacientes sometidos a endoscopias por tamizaje.
Este mecanismo es trascendental para:

    Tomar acciones clínicas adecuadas y oportunas sobre los pacientes.
    Evaluar el desempeño de los programas de tamizaje en la detección de lesiones premalignas y cáncer en etapas tempranas o avanzadas.","</think>

No se proporciona información específica sobre el acuerdo propuesto para el acceso a ARCA-Patología en el contexto suministrado.",1.6546124110464004,1243,31,1274,open_ended,100.44999999999999,30.0,169.8,3829.6142578125,3829.51171875,3829.62109375,98.875,98.0,99.0,31708.0,31708.0,31708.0
0,DeepSeek-R1-Distill-Qwen-14B-F16,226,"Pruebas de tamizaje: Incrementar la disponibilidad nacional de la Serie Gastroduodenal (SGD) para cáncer gástrico y la prueba inmunoquímica fecal (FIT) para cáncer de colon y recto, dirigidas a la población adscrita de 50 a 74 años.
Procedimientos endoscópicos derivados: Los casos con pruebas alteradas se someterán a gastroscopia (diagnóstico de cáncer gástrico) o colonoscopia (diagnóstico de cáncer de colon y recto) para confirmación y tratamiento oportuno.
Rol del CNDTCG: Articular y coordinar a todos los actores involucrados en los programas de tamizaje, garantizando la derivación oportuna de pacientes con lesiones detectadas a los centros correspondientes para su atención integral y la gestión eficaz del proceso.","</think>

El plan del CNDTCG abarca pruebas de tamizaje para detectar tempranamente el cáncer gastrointestinal, realizando y siguiendo procedimientos endoscópicos terapéuticos como resecciones y biopsias. Coordina el proceso de diagnóstico, gestionando la lectura de imágenes en ausencia de radiólogo para evitar retrasos. Además, sigue activamente los resultados de biopsias y asegura la calidad y oportunidad de la atención, liderando procesos de mejora continua para alinear la gestión con los objetivos estratégicos del centro.",5.756715140072629,1468,132,1600,open_ended,99.42264150943404,79.9,109.8,3829.619030070755,3829.51171875,3829.62109375,98.57142857142857,91.0,99.0,31708.0,31708.0,31708.0
0,DeepSeek-R1-Distill-Qwen-14B-F16,233,"Aunque el volumen total y la tasa de mortalidad por cáncer de estómago, colon y recto son mayores en los hombres (fallecen más hombres en términos absolutos), las mujeres que mueren por estas neoplasias lo hacen a edades más jóvenes en comparación con la edad de referencia.
Estadísticamente, la media de Años de Vida Potencialmente Perdidos (YPLL) por fallecimiento es mayor en las mujeres (16.49 años) que en los hombres (14.10 años). Esto demuestra que, cuando una mujer muere por estos tipos de cáncer, pierde en promedio más años de vida que un hombre.","</think>

El enunciado significa que, aunque los hombres tienen una tasa de mortalidad más alta por cáncer de estómago, colon y recto, las mujeres tienden a fallecer a edades más jóvenes o en etapas prematuras de la vida. Esto se refleja en que, a pesar de que las tasas de mortalidad son mayores en hombres (111.0 por 100,000 habitantes) que en mujeres (98.6), las mujeres presentan una mortalidad más temprana, lo que podría indicar que desarrollan el cáncer a edades más jóvenes o tienen un curso más agresivo de la enfermedad.",6.614058290957473,1662,151,1813,open_ended,100.13606557377057,69.9,109.9,3831.2423155737706,3829.5234375,3833.90625,98.71875,97.0,99.0,31708.0,31708.0,31708.0
0,DeepSeek-R1-Distill-Qwen-14B-F16,297,"La clasificación endoscópica colorrectal internacional con imagen de banda estrecha NBI (NICE) se utiliza sin endoscopía de aumento. Es útil para predecir la invasión submucosa profunda y definir si una lesión es irresecable endoscópicamente. Se compone de tres subtipos:
    NICE 1: Pólipo hiperplásico.
    NICE 2: Pólipo adenomatoso.
    NICE 3: Lesión con invasión submucosa profunda o cáncer avanzado.","</think>

La clasificación NICE (Nice International Colorectal Endoscopic Classification) para pólipos colorrectales tiene tres subtipos:

1. **NICE 1**: Pólipo hiperplásico.
2. **NICE 2**: Pólipo adenomatoso.
3. **NICE 3**: Lesión con invasión submucosa profunda o cáncer avanzado.

Esta clasificación se utiliza para predecir la invasión submucosa profunda y para identificar lesiones que no son resecables endoscópicamente.",5.657378304051235,1504,128,1632,open_ended,100.19230769230778,89.9,109.9,3833.9197716346152,3833.8125,3833.921875,98.85185185185185,98.0,99.0,31708.0,31708.0,31708.0
0,DeepSeek-R1-Distill-Qwen-14B-F16,319,"El cáncer gástrico es una neoplasia maligna que se origina en el revestimiento o en los tejidos del estómago. Se caracteriza por ser uno de los tipos de cáncer más comunes y representa una causa significativa de mortalidad, especialmente en etapas avanzadas.
El cáncer colorrectal es una neoplasia maligna que se origina en el colon o en el recto. Puede desarrollarse a partir de pólipos en el intestino grueso, por lo que su detección temprana es fundamental para recibir un tratamiento eficaz.","</think>

El cáncer gástrico es una enfermedad en la que se forman células malignas en los tejidos del estómago, según el NIH en 2022. Por otro lado, el cáncer colorrectal se refiere a un estudio radiológico con contraste que permite observar la morfología del estómago y el duodeno, según SERAM en 2020.",3.9820029160473496,714,94,808,open_ended,97.65135135135141,30.0,99.9,3833.9189189189187,3833.8125,3833.921875,97.95,80.0,99.0,31708.0,31708.0,31708.0
0,DeepSeek-R1-Distill-Qwen-14B-F16,304,"La colaboración entre el Instituto Tecnológico de Costa Rica (TEC) y el CNDTCG se centra en las siguientes áreas estratégicas:

    Modelos predictivos con IA: Desarrollo e implementación de modelos de inteligencia artificial para priorizar e identificar pacientes y grupos poblacionales con mayor probabilidad de desarrollar cáncer gástrico y colorrectal.
    Análisis de desafíos operativos: Evaluación de los retos para la implementación del CNDTCG a nivel nacional.","</think>

No lo sé.",0.6133523009484635,1313,7,1320,open_ended,103.16666666666667,79.9,109.9,3833.9036458333335,3833.8125,3833.921875,95.66666666666667,90.0,99.0,31708.0,31708.0,31708.0
0,DeepSeek-R1-Distill-Qwen-14B-F16,283,"Para la solicitud de una colonoscopia en las referencias de tamizaje de cáncer colorrectal, se debe incluir la siguiente información mínima requerida:
a) Edad.
b) Antecedentes heredofamiliares de cáncer colorrectal de primer grado (madre, padre, hermanos, hijos).
c) Antecedentes patológicos personales.
d) Uso de anticoagulantes.
e) Antecedentes quirúrgicos.
f) En caso de cirugía previa por cáncer colorrectal, indicar las fechas de la cirugía y de la última colonoscopia.
g) Indicar la fecha de la prueba SOHi (sangre oculta en heces por método inmunoquímico) positiva.","</think>

Para solicitar una colonoscopia, se necesita la siguiente información mínima:

1. **Identificación del paciente**: Nombre, apellido, edad, sexo, número de seguro o identificación médica.
2. **Motivo de la solicitud**: Razones médicas o síntomas que incitan al procedimiento.
3. **Antecedentes médicos**: Historial médico, cirúrgico, alergias, medicamentos actuales.
4. **Resultados de pruebas previas**: Como la prueba fecal inmunoquímica (FIT) o estudios de fluoroscopia si aplican.
5. **Orden médica**: Prescripción del médico que solicita la colonoscopia.
6. **Información de contacto**: Dirección, teléfono y correo electrónico del paciente.
7. **Autorización de la paciente**: Consentimiento informado firmado para realizar la colonoscopia.

Estos datos aseguran que el procedimiento se realice de manera adecuada y segura.",8.666775254998356,1343,209,1552,open_ended,99.18375000000012,30.0,109.8,3833.9244140625,3833.81640625,3833.92578125,98.34883720930233,92.0,99.0,31708.0,31708.0,31708.0
0,DeepSeek-R1-Distill-Qwen-14B-F16,278,"En la actualidad, la Caja Costarricense de Seguro Social (CCSS) cuenta con la siguiente red de instalaciones y establecimientos de salud distribuidos en sus tres niveles de atención:

    3 hospitales nacionales generales
    6 hospitales nacionales especializados
    8 hospitales regionales
    12 hospitales periféricos
    105 áreas de salud
    7 centros o unidades especializadas

Adicionalmente, la infraestructura del primer nivel se subdivide en sectores de salud que funcionan desde sedes de EBAIS (Equipos Básicos de Atención Integral en Salud) o se desplazan a Puestos de Visita Periódica (PVP) en localidades con problemas de accesibilidad.","</think>

La CCSS cuenta con 19 salas de fluoroscopia distribuidas en diferentes regiones del país, que son utilizadas para realizar procedimientos médicos. Además, el personal de imagenología en la actualidad es de 384 personas, distribuido en las siguientes regiones: Brunca Central (57), Norte (108), Central (143), Sur Chorotega (15), Huetar Norte (14), Pacífico Central (23), y Huetar Atlántica (24).",5.291329388972372,1403,120,1523,open_ended,99.19387755102048,49.9,109.8,3833.9274553571427,3833.8203125,3833.9296875,98.23076923076923,82.0,99.0,31708.0,31708.0,31708.0
0,DeepSeek-R1-Distill-Qwen-14B-F16,246,"La colaboración académica fortalece los programas de tamizaje:

UCR/CICICA: Aporta dos salas de endoscopía e integra Inteligencia Artificial para priorizar la lectura de Series Gastroduodenales (SGD) alteradas.
TEC: Desarrolla modelos predictivos de riesgo, optimiza procesos y define requerimientos en el EDUS para mejorar el flujo de información y la gobernanza.

La desvinculación del Hospital Max Peralta (HMP) implica gestionar un proceso ordenado de coexistencia. Tras 29 años de codependencia, el CNDTCG posee su propia Unidad Programática, pero aún carece de la estructura administrativa para asumir de forma independiente recursos financieros, talento humano, soporte de TIC, mantenimiento y servicios clínicos compartidos.","</think>

La colaboración con la academia, como la UCR/CICICA y el TEC, es crucial para los programas de tamizaje ya que aporta conocimientos y avances tecnológicos que mejoran la detección temprana del cáncer. Esto asegura que los servicios sean de calidad y actualizados, beneficiando directamente a los pacientes. Por otro lado, la desvinculación administrativa del CNDTCG del Hospital Max Peralta Jiménez implica una mayor autonomía operativa, lo que puede optimizar recursos y decisiones, pero también requiere un fortalecimiento en la planificación y gestión para mantener la continuidad y eficiencia en la atención.",6.785988235962577,1374,152,1526,open_ended,99.01428571428582,30.0,109.8,3840.6901041666665,3833.8203125,3844.3203125,98.02941176470588,77.0,99.0,31708.0,31708.0,31708.0
0,DeepSeek-R1-Distill-Qwen-14B-F16,279,"Para realizar un inventario nacional detallado de los recursos disponibles para la realización de estudios endoscópicos, se debe incluir:

antidad y distribución de los equipos de endoscopia (equipos y torres de endoscopia alta y baja).
Disponibilidad de personal capacitado.
Capacidad operativa de los centros de salud, considerando la cantidad y distribución geográfica de las salas de endoscopía disponibles a nivel nacional y por centro de salud.

Contar con esta información permite identificar brechas y áreas de necesidad, facilitando la planificación, la evaluación de la infraestructura existente y la asignación estratégica de recursos para asegurar un acceso equitativo.","</think>

Para realizar un inventario nacional de los recursos disponibles para la realización de estudios endoscópicos, se debe incluir:

- La cantidad y distribución de los equipos de endoscopia existentes.
- La disponibilidad de personal capacitado en cada centro de salud.
- La capacidad operativa de los centros de salud para realizar estudios endoscópicos adecuadamente.

Estas informaciones permitirán identificar brechas y áreas de necesidad, facilitando la planificación y asignación de recursos de manera estratégica.",9.935666852048596,1240,117,1357,open_ended,100.43684210526315,89.9,109.8,3850.7950657894735,3844.21484375,3859.3203125,99.06122448979592,98.0,100.0,31708.0,31708.0,31708.0
0,DeepSeek-R1-Distill-Qwen-14B-F16,245,"La normativa institucional resulta indispensable al definir reglas y responsabilidades claras que obliguen ineludiblemente a los distintos niveles de atención (laboratorios, radiología y gastroenterología) a participar en el proceso, eliminando la cobertura desigual e inconsistente derivada de la falta de una norma obligatoria específica. Una normativa clara y específica debería incluir directrices detalladas sobre la función y participación de cada unidad en el proceso de tamizaje.","</think>

La normativa institucional desempeña un papel fundamental en el proceso de seguimiento a los pacientes, garantizando que todos los procedimientos se realicen de manera confidencial, segura y en conformidad con las normas legales y éticas. Esto incluye la elaboración, archivamiento y custodia de los expedientes clínicos, asegurando su integridad y accesibilidad solo a los profesionales autorizados. Además, las normas institucionales velan por el cumplimiento de los estándares clínicos, lo que permite una atención oportuna y de calidad, verificando que los pacientes reciban el tratamiento adecuado y que sus datos personales sean protegidos.",6.443615003954619,1002,157,1159,open_ended,101.33220338983061,99.8,179.8,3861.0928230932204,3859.2109375,3865.86328125,98.34375,90.0,99.0,31708.0,31708.0,31708.0
0,DeepSeek-R1-Distill-Qwen-14B-F16,307,"El acceso al sistema ARCA-Patología busca permitir que el Centro Nacional de Detección Temprana de Cáncer Gastrointestinal (CNDTCG) consulte de forma masiva los resultados de las biopsias de pacientes sometidos a endoscopias por tamizaje.
Este mecanismo es trascendental para:

    Tomar acciones clínicas adecuadas y oportunas sobre los pacientes.
    Evaluar el desempeño de los programas de tamizaje en la detección de lesiones premalignas y cáncer en etapas tempranas o avanzadas.","</think>

No se encuentra información específica en el contexto sobre el acuerdo propuesto para el acceso a ARCA-Patología.",1.3559594000689685,1243,26,1269,open_ended,98.27692307692307,49.9,109.9,3865.8548677884614,3865.75390625,3865.86328125,95.14285714285714,78.0,99.0,31708.0,31708.0,31708.0
0,DeepSeek-R1-Distill-Qwen-14B-F16,233,"Aunque el volumen total y la tasa de mortalidad por cáncer de estómago, colon y recto son mayores en los hombres (fallecen más hombres en términos absolutos), las mujeres que mueren por estas neoplasias lo hacen a edades más jóvenes en comparación con la edad de referencia.
Estadísticamente, la media de Años de Vida Potencialmente Perdidos (YPLL) por fallecimiento es mayor en las mujeres (16.49 años) que en los hombres (14.10 años). Esto demuestra que, cuando una mujer muere por estos tipos de cáncer, pierde en promedio más años de vida que un hombre.","</think>

En el contexto proporcionado, se menciona que la mortalidad por cáncer de estómago, colon y recto es mayor en hombres que en mujeres. Sin embargo, las mujeres sufren muertes más prematuras, lo que sugiere que, aunque los hombres tienen tasas de mortalidad más altas, las mujeres tienden a fallecer a edades más jóvenes o en etapas iniciales de la enfermedad. Esto refleja una diferencia en la distribución de la mortalidad según el sexo, donde la mortalidad es más elevada en hombres, pero la mortalidad prematura es más notable en mujeres.",5.886576637043618,1662,136,1798,open_ended,100.37037037037044,89.9,109.9,3865.861255787037,3865.75390625,3865.86328125,98.62068965517241,93.0,99.0,31708.0,31708.0,31708.0
0,DeepSeek-R1-Distill-Qwen-14B-F16,307,"El acceso al sistema ARCA-Patología busca permitir que el Centro Nacional de Detección Temprana de Cáncer Gastrointestinal (CNDTCG) consulte de forma masiva los resultados de las biopsias de pacientes sometidos a endoscopias por tamizaje.
Este mecanismo es trascendental para:

    Tomar acciones clínicas adecuadas y oportunas sobre los pacientes.
    Evaluar el desempeño de los programas de tamizaje en la detección de lesiones premalignas y cáncer en etapas tempranas o avanzadas.","</think>

No se encuentra información específica sobre el acuerdo propuesto para el acceso a ARCA-Patología en el contexto proporcionado.",2.5382174539845437,1243,28,1271,open_ended,100.65416666666668,89.9,109.9,3865.8587239583335,3865.75390625,3865.86328125,99.16666666666667,98.0,100.0,31708.0,31708.0,31708.0
0,DeepSeek-R1-Distill-Qwen-14B-F16,271,"La captación de pacientes la realiza de forma centralizada el CNDTCG sobre la población objetivo asintomática (de 50 a 74 años), utilizando los datos de adscripción del primer nivel de atención y respetando la normativa de protección de datos personales.
Se ejecuta mediante invitación telefónica personalizada y sistemática para convocar a los usuarios a realizarse las pruebas de tamizaje iniciales: la Serie Gastroduodenal (SGD) para cáncer gástrico o el Test Inmunológico Fecal (FIT) para cáncer colorrectal. Este proceso se repite de manera bienal. Debido a que se requiere contactar al menos al triple de personas proyectadas para alcanzar las metas y realizar múltiples reintentos de llamada, la captación utiliza herramientas informáticas y personal especializado.","</think>

La captación de pacientes en los programas de tamizaje es realizada por el CNDTCG, quien necesita acceso a datos personales de la población adscrita, como nombre, apellidos, teléfonos, correo electrónico, provincia, cantón, distrito y Área de Salud. Estos datos, respetando la Ley No. 8968, se utilizan para localizar y contactar a los pacientes, invitándolos a realizarse un FIT o una SGD.",4.624386315932497,1121,109,1230,open_ended,98.18372093023264,30.0,109.9,3865.8607376453488,3865.75390625,3865.86328125,98.65217391304348,94.0,99.0,31708.0,31708.0,31708.0
0,DeepSeek-R1-Distill-Qwen-14B-F16,250,"El proceso de tamizaje de cáncer gástrico sigue las siguientes etapas:

Invitación: Se convoca a personas asintomáticas (50 a 74 años) de la población objetivo.
Serie Gastroduodenal (SGD): Estudio de fluoroscopia donde el imagenólogo aplica el contraste y el radiólogo interpreta las imágenes para detectar anomalías.
Gastroscopia: Si la SGD resulta alterada, el endoscopista (asistido por el técnico) realiza una gastroscopia para evaluar directamente el estómago.
Biopsia: De hallarse lesiones sospechosas, se toma una muestra de tejido para análisis por parte del patólogo.
Resolución: Si la biopsia resulta positiva para cáncer, el paciente se remite a tratamiento. Si los resultados son negativos o no requieren gastroscopia, el usuario reingresa al programa para futuros controles bienales.","</think>

El proceso de tamizaje para el cáncer gástrico según el modelo del CNDTCG incluye la realización de una serie gastroduodenal como primera prueba de tamizaje. Si los resultados de esta prueba son positivos, se procede a una gastroscopía para confirmar el diagnóstico. Este enfoque preventivo y resolutivo está diseñado para personas entre 50 y 74 años, como parte de los programas de detección temprana articulados con la red institucional del sistema de salud costarricense.",7.025042601046152,1158,127,1285,open_ended,100.26212121212131,89.9,109.9,3865.8694365530305,3865.76171875,3865.87109375,98.74285714285715,94.0,99.0,31708.0,31708.0,31708.0
0,DeepSeek-R1-Distill-Qwen-14B-F16,311,"Según la norma, los servicios de salud públicos, privados y mixtos tienen las siguientes obligaciones:

    Instrumentos técnicos de atención: Contar con un manual de procedimientos, guía o protocolo para la prevención y detección del cáncer colorrectal que incluya información de consejería, boleta de notificación obligatoria al Ministerio de Salud y mecanismos de referencia a servicios especializados.
    Planificación preventiva: Si brindan atención comunitaria, deben incorporar una planificación anual de acciones preventivas y de promoción de la salud acordes al perfil poblacional.
    Capacitación permanente: Disponer de estrategias de sensibilización y capacitación continua en cáncer colorrectal basadas en evidencia científica para el personal responsable de la atención directa, promoviendo competencias técnicas con calidad y calidez.","</think>

Los establecimientos del sistema de salud en Costa Rica, sean públicos, privados o mixtos, tienen la obligación de cumplir con los lineamientos de salud pública establecidos en la Norma Nacional para la Atención del Cáncer Colorrectal. Esto incluye garantizar el acceso, la calidad y la equidad en los servicios de prevención, detección temprana, diagnóstico, estadiación, tratamiento, rehabilitación y cuidados paliativos. Además, deben implementar programas de tamizaje para detectar el cáncer colorrectal de manera oportuna, lo que contribuye a mejorar los resultados en la salud de las personas.",7.672300655976869,1131,147,1278,open_ended,99.94583333333344,89.9,109.8,3865.869574652778,3865.76171875,3865.87109375,98.94736842105263,98.0,100.0,31708.0,31708.0,31708.0
0,DeepSeek-R1-Distill-Qwen-14B-F16,308," La investigación científica, liderada por la Unidad de Investigación en Salud (UIS), busca mejorar la efectividad y los procedimientos de los programas de tamizaje, generando evidencia útil para la toma de decisiones clínicas, administrativas y estratégicas.
Sus fines principales comprenden:

    Fomentar la investigación en áreas básicas, clínicas, epidemiológicas y de servicios de salud.
    Divulgar hallazgos en revistas científicas nacionales e internacionales para aplicar el conocimiento ampliamente.
    Incorporar nuevas tecnologías y metodologías en los programas de tamizaje.","</think>

La investigación científica contribuye a la mejora continua de los programas mediante la adaptación y perfeccionamiento de estrategias basadas en evidencias científicas. Esto permite evaluar la efectividad de los programas de tamizaje, incorporar nuevas tecnologías y metodologías, y asegurar un diagnóstico y estadiamento más preciso. Además, fomenta la innovación tecnológica, como el uso de inteligencia artificial, para mejorar la priorización de pacientes y la eficiencia en la interpretación de estudios diagnósticos. Todo ello conduce a una atención más resolutiva y de calidad, adaptándose a los avances científicos y tecnológicos para el beneficio de los pacientes.",6.665291629033163,1454,156,1610,open_ended,98.52258064516138,0.0,109.9,3865.8732358870966,3865.765625,3865.875,96.61764705882354,51.0,99.0,31708.0,31708.0,31708.0
0,DeepSeek-R1-Distill-Qwen-14B-F16,307,"El acceso al sistema ARCA-Patología busca permitir que el Centro Nacional de Detección Temprana de Cáncer Gastrointestinal (CNDTCG) consulte de forma masiva los resultados de las biopsias de pacientes sometidos a endoscopias por tamizaje.
Este mecanismo es trascendental para:

    Tomar acciones clínicas adecuadas y oportunas sobre los pacientes.
    Evaluar el desempeño de los programas de tamizaje en la detección de lesiones premalignas y cáncer en etapas tempranas o avanzadas.","</think>

No se encuentra información específica en el contexto sobre el acuerdo propuesto para el acceso a ARCA-Patología.",1.8768797559896484,1243,26,1269,open_ended,97.59444444444442,49.9,109.8,3865.8689236111113,3865.765625,3865.875,99.0,98.0,100.0,31708.0,31708.0,31708.0
0,DeepSeek-R1-Distill-Qwen-14B-F16,283,"Para la solicitud de una colonoscopia en las referencias de tamizaje de cáncer colorrectal, se debe incluir la siguiente información mínima requerida:
a) Edad.
b) Antecedentes heredofamiliares de cáncer colorrectal de primer grado (madre, padre, hermanos, hijos).
c) Antecedentes patológicos personales.
d) Uso de anticoagulantes.
e) Antecedentes quirúrgicos.
f) En caso de cirugía previa por cáncer colorrectal, indicar las fechas de la cirugía y de la última colonoscopia.
g) Indicar la fecha de la prueba SOHi (sangre oculta en heces por método inmunoquímico) positiva.","</think>

Para solicitar una colonoscopia, se necesita la siguiente información mínima:

1. **Requisitos de la colonoscopia**:
   - Documentación adecuada de la inspección completa del colon y el recto, incluyendo el ciego, la válvula ileocecal y el orificio apendicular.
   - Fotografías adjuntas para respaldo.
   - Tiempo de retirada del colonoscopio no menor a 6 minutos.

2. **Interpretación del estudio**:
   - El informe debe ser elaborado y revisado por un profesional de medicina para determinar el abordaje adecuado basado en los hallazgos y correlación clínica.

Estos requisitos aseguran la calidad del procedimiento y minimizan el riesgo de complicaciones posteriores.",8.189099218929186,1343,179,1522,open_ended,99.5486842105264,49.9,109.9,3865.8735608552633,3865.765625,3865.875,98.48780487804878,87.0,100.0,31708.0,31708.0,31708.0
0,DeepSeek-R1-Distill-Qwen-14B-F16,255,"Planificación y seguimiento: Elaborar y actualizar el Plan Anual Operativo, establecer metas medibles y realizar el seguimiento sistemático de los indicadores clínicos y administrativos.
Gestión de la calidad: Liderar la mejora continua mediante el análisis de brechas, auditorías técnicas, evaluaciones internas y la formulación de acciones correctivas y preventivas.
Análisis avanzado de datos y costeo: Implementar herramientas de Big Data, Minería de Datos e Inteligencia de Negocios (BI) para orientar decisiones estratégicas, además de coordinar el costeo de servicios para evaluar la eficiencia y sostenibilidad económica.
Gestión de demanda y capacidad: Monitorear continuamente la demanda asistencial para formular requerimientos de talento humano, equipamiento e infraestructura, sirviendo como enlace técnico con instancias regionales y centrales de la CCSS.","</think>

El área de Planificación y Mejora Continua en el CNDTCG tiene funciones que incluyen la elaboración, revisión y actualización del Plan Anual Operativo, asegurando que las metas sean claras, medibles y pertinentes. Además, acompaña técnicamente a las unidades funcionales y programas del centro. También realiza el seguimiento sistemático de indicadores clínicos, administrativos e institucionales, y elabora informes técnicos que respaldan la toma de decisiones de la Dirección. Por otro lado, lidera procesos de mejora continua mediante la aplicación de metodologías de gestión de la calidad, análisis de brechas, auditorías técnicas, evaluaciones internas y formulación de planes correctivos.",7.927438999991864,1472,163,1635,open_ended,99.80810810810821,49.9,109.8,3865.8735219594596,3865.765625,3865.875,97.925,67.0,99.0,31708.0,31708.0,31708.0
0,DeepSeek-R1-Distill-Qwen-14B-F16,301," Los requisitos mínimos de calidad que debe cumplir la colonoscopia de tamizaje comprenden:
    Ejecución del estudio:
        Inspección completa de colon y recto, documentando ciego, válvula ileocecal y orificio apendicular (se recomienda fotografía).
        Tiempo de retirada mínimo de 6 minutos.
        Limpieza colónica adecuada (evaluada mediante la Escala de Boston).
    Informe endoscópico: Debe precisar número, tamaño, localización, morfología, caracterización (JNET, NICE, Kudo), método y completitud de extirpación de los pólipos.
    Reporte de anatomía patológica: Debe incluir total de adenomas/pólipos serrados, diagnóstico histopatológico, componente velloso y grado de displasia.","</think>

Los requisitos mínimos de calidad que una colonoscopia de tamizaje debe cumplir son:

1. **Inspección completa**: Debe realizarse una inspección total del colon y el recto, asegurando la visualización y documentación adecuada del ciego, la válvula ileocecal y el orificio apendicular.

2. **Documentación visual**: Se recomienda adjuntar fotografías para respaldar la inspección.

3. **Tiempo de retirada**: El tiempo de retirada del colonoscopio no debe ser menor a 6 minutos.

Estos requisitos aseguran una exploración adecuada y minimizan el riesgo de cáncer colorrectal posterior a la colonoscopia.",8.56373675505165,1503,162,1665,open_ended,100.05500000000012,89.9,109.8,3865.8736328125,3865.765625,3865.875,98.9047619047619,98.0,100.0,31708.0,31708.0,31708.0
0,DeepSeek-R1-Distill-Qwen-14B-F16,259,"Según la clasificación CIE-10, los principales diagnósticos nosológicos que atiende el CNDTCG incluyen:

Tumores malignos: Estómago (C16.0–C16.9), colon (C18.0–C18.9), unión rectosigmoidea (C19) y recto (C20).
Lesiones precancerosas, benignas o neoplasias de comportamiento incierto: Lesiones gástricas precancerosas (D00.2), adenomas colorrectales avanzados (D12.6), pólipos gástricos (D13.1), tumores subepiteliales del tracto digestivo (D13.2) y sospecha de tumores pancreáticos (D13.6).
Patologías gástricas, hepáticas, biliares y digestivas: Gastritis crónica atrófica (K29.4), abscesos hepáticos (K75.0), coledocolitiasis (K80.5), colecistitis (K81.0), colangitis (K83.0) y sangrado digestivo (K92.2).
Complicaciones postoperatorias: Recurrencias postquirúrgicas digestivas (T81.4).","</think>

El CNDTCG atiende diagnósticos nosológicos relacionados con el cáncer gástrico y el cáncer colorrectal, entre otros, basándose en la clasificación CIE-10 de la OMS de 2021.",3.4375486799981445,1237,62,1299,open_ended,100.43750000000004,79.9,109.9,3865.87158203125,3865.765625,3865.875,97.05882352941177,67.0,100.0,31708.0,31708.0,31708.0
0,DeepSeek-R1-Distill-Qwen-14B-F16,295,"Sin Programa Nacional (Evolución Natural)
    Mortalidad: Se mantiene una tendencia con un promedio de 234 muertes anuales atribuibles al cáncer colorrectal.
Con el Programa Nacional Propuesto
    Reducción de la mortalidad: Se alcanza una disminución del 35% en la tasa de mortalidad en la población objetivo.
    Vidas salvadas: La reducción en la mortalidad se traduce en 82 muertes menos cada año por cáncer colorrectal.
    Detección oportuna: Se logra la detección de 40% a 50% de los casos en etapas tempranas o precancerosas, permitiendo abordajes terapéuticos menos invasivos y más efectivos.
    Ahorro económico: Se genera un impacto económico positivo con un ahorro anual estimado de ₡3.563.250.779 para la institución, al reducir la necesidad de tratamientos oncológicos complejos y hospitalizaciones prolongadas.","</think>

Sin el Programa Nacional de tamizaje propuesto, se proyectan 234 muertes anuales debido al cáncer colorrectal. Con el programa implementado, se espera una disminución del 35% en la mortalidad de la población objetivo, lo que resulta en 82 muertes menos cada año. Además, el programa permitirá la detección de entre el 40% y 50% de los casos tempranos del cáncer, y generará un ahorro económico anual de ₡3 563 250 779.",5.83306672598701,1189,139,1328,open_ended,98.69814814814823,29.9,109.8,3865.872974537037,3865.765625,3865.875,98.93103448275862,98.0,99.0,31708.0,31708.0,31708.0
0,DeepSeek-R1-Distill-Qwen-14B-F16,237,"Según las DRIPSS, existe una distribución desigual de recursos:
Recursos humanos: Hay 384 personas en imagenología, pero solo 139 capacitadas en Serie Gastroduodenal. Hay 98,5 radiólogos capacitados en SGD.
Recursos tecnológicos: Existen 19 salas de fluoroscopia.
Implicaciones: La disparidad geográfica y la limitada capacitación técnica en SGD (solo 36% del personal de imagenología) comprometen el acceso equitativo. Además, casi todos estos recursos están destinados al diagnóstico asistencial y enfrentan listas de espera, lo que limita seriamente su uso actual para tamizaje gástrico y demanda la expansión de infraestructura.","</think>

El contexto no proporciona información específica sobre la distribución de recursos humanos y tecnológicos de fluoroscopia según las DRIPSS ni sus implicaciones para el tamizaje de cáncer gástrico. Por lo tanto, no puedo responder a esta pregunta con la información disponible.",2.853098157909699,1022,64,1086,open_ended,96.85185185185186,10.0,109.8,3865.874855324074,3865.76953125,3865.87890625,97.21428571428571,76.0,99.0,31708.0,31708.0,31708.0
0,DeepSeek-R1-Distill-Qwen-14B-F16,235,"Eficiencia y optimización de recursos: Permite focalizar la inversión, el personal capacitado y la infraestructura médica en las zonas más vulnerables con mayor carga combinada de ambas neoplasias.
Programas integrados de tamizaje: Facilita el abordaje simultáneo de ambas enfermedades ya que la población objetivo es la misma para ambos programas de tamizaje.
Asignación precisa: Permite una mejor asignación de recursos y un enfoque más preciso en áreas con mayor necesidad de intervención","</think>

Identificar los cantones con altas incidencias en ambos tipos de cáncer (gástrico y colorrectal) es relevante porque permite focalizar recursos y esfuerzos en áreas con mayor carga de enfermedad, optimizando la efectividad de los programas de tamizaje. Esto facilita la implementación de intervenciones integrales que aborden simultáneamente ambos tipos de cáncer, promoviendo una detección temprana más eficiente y reduciendo la carga de morbilidad y mortalidad. Además, esta identificación permite adaptar estrategias específicas de salud pública, como campañas de concienciación y accesos a servicios médicos, mejorando la cobertura y participación de la población objetivo en los programas de tamizaje.",7.389324728050269,1404,172,1576,open_ended,99.51176470588246,69.9,109.8,3865.8812040441176,3865.7734375,3865.8828125,98.72222222222223,98.0,99.0,31708.0,31708.0,31708.0
0,DeepSeek-R1-Distill-Qwen-14B-F16,308," La investigación científica, liderada por la Unidad de Investigación en Salud (UIS), busca mejorar la efectividad y los procedimientos de los programas de tamizaje, generando evidencia útil para la toma de decisiones clínicas, administrativas y estratégicas.
Sus fines principales comprenden:

    Fomentar la investigación en áreas básicas, clínicas, epidemiológicas y de servicios de salud.
    Divulgar hallazgos en revistas científicas nacionales e internacionales para aplicar el conocimiento ampliamente.
    Incorporar nuevas tecnologías y metodologías en los programas de tamizaje.","</think>

La investigación científica tiene como fin en la mejora continua de los programas el permitir el desarrollo de estrategias basadas en evidencia, adaptando y mejorando las intervenciones en salud en función de los hallazgos científicos. Esto asegura que los programas de tamizaje y diagnóstico sean más efectivos y eficientes, incorporando avances tecnológicos y metodológicos. Además, contribuye a la formación continua del personal y a la creación de alianzas académicas e institucionales, lo que fortalece el posicionamiento del centro como referente técnico y promueve la implementación de sistemas de información más robustos y analíticos avanzados.",6.7918414999730885,1454,152,1606,open_ended,99.17619047619057,30.0,109.8,3865.8810763888887,3865.7734375,3865.8828125,98.87878787878788,98.0,100.0,31708.0,31708.0,31708.0
0,DeepSeek-R1-Distill-Qwen-14B-F16,283,"Para la solicitud de una colonoscopia en las referencias de tamizaje de cáncer colorrectal, se debe incluir la siguiente información mínima requerida:
a) Edad.
b) Antecedentes heredofamiliares de cáncer colorrectal de primer grado (madre, padre, hermanos, hijos).
c) Antecedentes patológicos personales.
d) Uso de anticoagulantes.
e) Antecedentes quirúrgicos.
f) En caso de cirugía previa por cáncer colorrectal, indicar las fechas de la cirugía y de la última colonoscopia.
g) Indicar la fecha de la prueba SOHi (sangre oculta en heces por método inmunoquímico) positiva.","</think>

Para la solicitud de una colonoscopia, se necesita como información mínima:

1. **Identificación del paciente**: Nombre, apellido, edad, sexo, fecha de nacimiento y número de identificación.

2. **Motivo de la consulta**: Razones médicas que llevan a solicitar el estudio, como síntomas (dolor abdominal, sangrado, cambios en el hábito intestinal) o resultados de pruebas previas.

3. **Antecedentes médicos**: Historial médico, quirúrgico, alergias, medicamentos en uso y antecedentes familiares relevantes.

4. **Examen físico**: Resultados de la exploración física realizada al paciente.

5. **Pruebas complementarias**: Resultados de estudios previos como pruebas粪ales, radiografías, ecografías u otros procedimientos.

6. **Orden médica**: Documento emitido por el profesional de salud que solicita la colonoscopia, incluyendo indicaciones terapéuticas y consentimiento informado del paciente.

Estos elementos aseguran que la colonoscopia se realice con la información necesaria para su correcta interpretación y abordaje clínico.",13.499354781000875,1343,255,1598,open_ended,99.96220472440926,59.9,109.8,3865.8819512795276,3865.7734375,3865.8828125,98.98507462686567,98.0,100.0,31708.0,31708.0,31708.0
0,DeepSeek-R1-Distill-Qwen-14B-F16,271,"La captación de pacientes la realiza de forma centralizada el CNDTCG sobre la población objetivo asintomática (de 50 a 74 años), utilizando los datos de adscripción del primer nivel de atención y respetando la normativa de protección de datos personales.
Se ejecuta mediante invitación telefónica personalizada y sistemática para convocar a los usuarios a realizarse las pruebas de tamizaje iniciales: la Serie Gastroduodenal (SGD) para cáncer gástrico o el Test Inmunológico Fecal (FIT) para cáncer colorrectal. Este proceso se repite de manera bienal. Debido a que se requiere contactar al menos al triple de personas proyectadas para alcanzar las metas y realizar múltiples reintentos de llamada, la captación utiliza herramientas informáticas y personal especializado.","</think>

La captación de pacientes en los programas de tamizaje es realizada por el CNDTCG, quien necesita acceso a datos personales de la población adscrita, como nombre, apellidos, teléfonos, correo electrónico, provincia, cantón, distrito y Área de Salud de residencia, respetando la Ley No. 8968. Con esta información, se invita a los pacientes a realizarse un FIT o una SGD, garantizando una captación efectiva y oportuna.",5.089826871990226,1121,113,1234,open_ended,100.02978723404263,79.9,109.8,3865.8804853723404,3865.7734375,3865.8828125,97.8,70.0,100.0,31708.0,31708.0,31708.0
0,DeepSeek-R1-Distill-Qwen-14B-F16,281,"El Área de Enfermería en el CNDTCG brinda atención transversal a todos los programas clínicos durante las etapas pre, intra y postprocedimiento. También lidera la gestión de insumos médicos, la supervisión de auxiliares de enfermería y asistentes de pacientes, y participa activamente en los procesos de mejora de la atención.","</think>

El Área de Enfermería en el CNDTCG tiene la responsabilidad de completar y asistir en el proceso de enfermería, asegurando la calidad de la atención y el bienestar de los pacientes. Esto incluye realizar actividades de prevención, promoción de la salud, y el cuidado integral de los pacientes durante su estancia en el centro. Además, participan en la implementación de protocolos y en la capacitación del personal, contribuyendo al fortalecimiento de las capacidades del equipo de salud.",5.178917463053949,1462,118,1580,open_ended,98.55833333333341,49.9,99.9,3865.8805338541665,3865.7734375,3865.8828125,97.53846153846153,63.0,99.0,31708.0,31708.0,31708.0
0,DeepSeek-R1-Distill-Qwen-14B-F16,261,"El Programa de Patología Biliar del CNDTCG brinda un abordaje diagnóstico y terapéutico especializado, mediante técnicas mínimamente invasivas. Este programa es de alcance nacional y recibe referidos de todos los centros hospitalarios de la CCSS. Los pacientes son priorizados según criterios clínicos definidos, que incluyen sintomatología sugestiva, hallazgos incidentales en estudios de imagen, complicaciones biliares y necesidad de procedimientos terapéuticos especializados no disponibles en su hospital de origen.","</think>

El Programa de Patología Biliar del CNDTCG tiene como objetivo abordar de manera integral, oportuna y resolutiva las enfermedades del árbol biliar. Utiliza herramientas clínicas, diagnósticas, quirúrgicas y endoscópicas, articuladas en el modelo de atención especializada del centro. Incluye procedimientos como endoscopias, valoraciones clínicas, imagenología y cirugía, dependiendo de las necesidades del paciente. Se enfoca en casos complejos derivados desde la red institucional, priorizando a aquellos con hallazgos previos, comorbilidades y requerimientos de abordaje multidisciplinario.",11.941331980982795,949,157,1106,open_ended,99.89035087719287,89.8,109.8,3865.8818530701756,3865.7734375,3865.8828125,98.69491525423729,80.0,100.0,31708.0,31708.0,31708.0
0,DeepSeek-R1-Distill-Qwen-14B-F16,261,"El Programa de Patología Biliar del CNDTCG brinda un abordaje diagnóstico y terapéutico especializado, mediante técnicas mínimamente invasivas. Este programa es de alcance nacional y recibe referidos de todos los centros hospitalarios de la CCSS. Los pacientes son priorizados según criterios clínicos definidos, que incluyen sintomatología sugestiva, hallazgos incidentales en estudios de imagen, complicaciones biliares y necesidad de procedimientos terapéuticos especializados no disponibles en su hospital de origen.","</think>

El Programa de Patología Biliar del CNDTCG tiene como objetivo abordar integralmente las enfermedades del árbol biliar, principalmente mediante herramientas clínicas, diagnósticas, quirúrgicas y endoscópicas. Incluye procedimientos como endoscopias, valoraciones clínicas, imagenología y, en su caso, intervenciones quirúrgicas, organizados en rutas clínicas estandarizadas. Se enfoca en pacientes priorizados por criterios clínicos y comorbilidades, operando con un enfoque multidisciplinario que articula diferentes áreas como consulta externa, endoscopía, imagenología y quirurgía.",10.529688996030018,949,157,1106,open_ended,99.80297029702967,49.9,109.8,3865.881729579208,3865.7734375,3865.8828125,98.0754716981132,51.0,99.0,31708.0,31708.0,31708.0
0,DeepSeek-R1-Distill-Qwen-14B-F16,238,"La red de laboratorios clínicos representa una fortaleza estratégica porque la CCSS cuenta con 110 laboratorios distribuidos en todo el país, lo que brinda una infraestructura robusta para implementar la prueba de sangre oculta en heces (FIT) a nivel nacional.
Respecto a las diferencias:
Prueba cualitativa: Está disponible en todos los laboratorios de la red mediante compra centralizada y distribución de la Gerencia de Logística, siendo una alternativa de implementación con resultados digitales homologados.
Prueba cuantitativa: Solo está disponible en dos laboratorios. Requiere equipos automatizados que otorgan un resultado cuantificable para medir frente a un punto de corte de positividad, exigiendo una compra nacional y una red centralizada para su uso masivo, por lo que no es viable a corto plazo.","</think>

La red de laboratorios clínicos de la CCSS es una fortaleza para el programa de tamizaje de cáncer colorrectal debido a su extensa distribución, con 110 laboratorios ubicados en hospitales nacionales, regionales y periféricos, así como en áreas de salud. Esto asegura un acceso amplio y oportuno a la prueba de sangre oculta en heces (FIT), esenciales para el tamizaje.

La prueba cualitativa detecta la presencia de sangre oculta en heces, realizándose en todos los laboratorios clínicos del país. En cambio, la prueba cuantitativa mide la cantidad de sangre, y actualmente solo se realiza en los hospitales México y Max Peralta. La cuantitativa puede reducir el número de colonoscopias necesarias, optimizando recursos.",8.60247550602071,1360,198,1558,open_ended,100.31518987341784,89.9,109.8,3865.8814280063293,3865.7734375,3865.8828125,98.73809523809524,97.0,100.0,31708.0,31708.0,31708.0
0,DeepSeek-R1-Distill-Qwen-14B-F16,263,"Más allá de los programas de tamizaje, la oferta de servicios del CNDTCG abarca líneas clínicas, quirúrgicas, diagnósticas, docentes y de investigación especializada:

Patología Biliar: Abordaje integral mediante una combinación de herramientas clínicas, diagnósticas, quirúrgicas y endoscópicas,
articuladas dentro del modelo de atención especializada del CNDTCG.
Resección Submucosa Endoscópica (ESD): Extirpación endoscópica en bloque de lesiones precancerosas y neoplasias superficiales gástricas y colorrectales.
Cirugía Mayor: Intervenciones quirúrgicas principalmente para perosnas con diagnóstico confirmado o alta sospecha de cáncer gástrico u otras patologías complejas.
Cirugía Percutánea: Procedimientos de mínima invasión guiados por TAC, ecografía o fluoroscopía para drenajes, biopsias y control de colecciones.
Ultrasonido Endoscópico: Evaluación diagnóstica y terapéutica que permite visualizar y evaluar en profundidad las capas de la pared gastrointestinal y las estructuras adyacentes desde el interior del tracto digestivo.
Endoscopía Diagnóstica y de Control: Gastroscopías y colonoscopías para confirmación diagnóstica, toma de biopsias y seguimiento de lesiones.","</think>

El CNDTCG ofrece servicios como patología biliar, resección submucosa endoscópica (ESD), cirugía mayor, cirugía percutánea, ultrasonido endoscópico, y endoscopía diagnóstica y de control, además de los programas de tamizaje.",3.3847359620267525,1521,75,1596,open_ended,97.93437500000005,10.0,109.9,3865.88330078125,3865.77734375,3865.88671875,97.11764705882354,78.0,99.0,31708.0,31708.0,31708.0
0,DeepSeek-R1-Distill-Qwen-14B-F16,317,"Los objetivos específicos del Manual de Gestión del CNDTCG son:
    Definir la estructura organizativa y funcional del centro para facilitar la coordinación interna y la articulación con la red institucional.
    Establecer las responsabilidades operativas del personal técnico y administrativo para delimitar funciones y fortalecer la gestión por procesos.
    Describir de manera clara y estandarizada la oferta de servicios (tamizaje, diagnóstico endoscópico, cirugía y seguimiento).
    Alinear el funcionamiento del CNDTCG con las políticas, normativas técnicas y planes estratégicos de la CCSS.
    Servir de base para elaborar documentos normativos que guíen la implementación progresiva y sostenible del tamizaje a nivel nacional.
    Facilitar la planificación, gestión operativa, evaluación de resultados y mejora continua basada en evidencia.","</think>

El Manual de Gestión del CNDTCG tiene como objetivo principal describir y organizar las funciones, estructura, oferta de servicios y responsabilidades del centro. Busca orientar de manera sistemática los procesos asistenciales, técnicos y administrativos, garantizando la coherencia operativa, eficiencia en la prestación de servicios y alineación con los principios y lineamientos estratégicos de la CCSS. Además, establece indicadores y procesos operativos para el seguimiento del cumplimiento del manual, promoviendo la mejora continua y la optimización de recursos.",5.454852905939333,1085,130,1215,open_ended,100.6020000000001,99.8,109.9,3866.4659375,3865.78125,3866.4921875,98.70370370370371,94.0,99.0,31708.0,31708.0,31708.0
0,DeepSeek-R1-Distill-Qwen-14B-F16,268,"El indicador de cobertura de población objetivo en los programas de tamizaje de cáncer gástrico y colorrectal mide el porcentaje de personas de 50 a 74 años tamizadas con respecto a la población estimada en ese grupo.
Fórmula: (Número de personas tamizadas / Población objetivo entre 50-74 años) × 100.
Periodicidad: Trimestral.
Fuentes de datos: SIAC / SIES / Plataforma de Tamizaje.
Responsables: Coordinación de Programa / Área de Planificación.","</think>

El indicador de cobertura de población objetivo en los programas de tamizaje mide el porcentaje de personas entre 50-74 años que han sido tamizadas respecto a la población estimada en ese rango. Se calcula como (Número de personas tamizadas / Población objetivo entre 50-74 años) × 100. Los datos se obtienen de fuentes como SIAC, SIES y la Plataforma de Tamizaje, con una periodicidad trimestral. Es responsabilidad de la Coordinación de Programa y el Área de Planificación.",5.686879323096946,1398,131,1529,open_ended,98.6754716981133,20.0,109.8,3866.490123820755,3866.3828125,3866.4921875,98.92857142857143,98.0,99.0,31708.0,31708.0,31708.0
0,DeepSeek-R1-Distill-Qwen-14B-F16,319,"El cáncer gástrico es una neoplasia maligna que se origina en el revestimiento o en los tejidos del estómago. Se caracteriza por ser uno de los tipos de cáncer más comunes y representa una causa significativa de mortalidad, especialmente en etapas avanzadas.
El cáncer colorrectal es una neoplasia maligna que se origina en el colon o en el recto. Puede desarrollarse a partir de pólipos en el intestino grueso, por lo que su detección temprana es fundamental para recibir un tratamiento eficaz.","</think>

El cáncer gástrico es una enfermedad en la que se forman células malignas en los tejidos del estómago, según el NIH en 2022. Por otro lado, el cáncer colorrectal es un estudio radiológico con contraste que permite observar la morfología del estómago y el duodeno, según SERAM en 2020.",3.816622070968151,714,91,805,open_ended,100.38285714285719,99.8,109.9,3866.4890625,3866.3828125,3866.4921875,97.10526315789474,66.0,99.0,31708.0,31708.0,31708.0
0,DeepSeek-R1-Distill-Qwen-14B-F16,290,"El impacto económico del plan de tamizaje radica en que la detección temprana y el tratamiento de lesiones precancerosas reducen drásticamente los costos de atención para la CCSS en comparación con el manejo del cáncer avanzado:

Cáncer Gástrico: Tratar lesiones precancerosas representa solo el 8.3% del costo de un cáncer avanzado (23.3% en etapa temprana).
Cáncer de Colon: Atender lesiones precancerosas equivale al 3.3% del costo en etapa avanzada (9.0% en temprana).
Cáncer de Recto: Equivale al 3.0% en lesiones precancerosas (8.3% en temprana).","</think>

El impacto económico del plan de tamizaje propuesto se relaciona con la sostenibilidad institucional y la mejora continua de los programas. Se menciona la necesidad de asignar fondos para la implementación y mantenimiento del plan, incluyendo equipamiento, infraestructura y capacitación del personal. Además, se valora la importancia de realizar proyecciones de población y evaluar los costos reales para sustentar decisiones presupuestarias y valorar el impacto económico. Sin embargo, en el contexto proporcionado, no se especifican cifras o detalles específicos sobre el impacto económico directo del plan.",5.91210984706413,1473,139,1612,open_ended,98.71818181818192,20.0,109.9,3866.4901988636366,3866.3828125,3866.4921875,97.0,62.0,99.0,31708.0,31708.0,31708.0
0,DeepSeek-R1-Distill-Qwen-14B-F16,286,"Una vez confirmado el diagnóstico de cáncer colorrectal (vía endoscópica o por biopsia), se deben llevar a cabo las siguientes acciones:

Referencia prioritaria: Referir con carácter prioritario al especialista médico para continuar con la estadificación y manejo.
Atención e información integral: Brindar al paciente información completa sobre el manejo, pronóstico, tratamiento y efectos secundarios, además de evaluar su estado funcional, nutricional y comorbilidades.
Estadificación: Realizar tomografía tóracotóraco-abdominopélvica con medio de contraste (y ultrasonido endoscópico o resonancia magnética si la lesión es en el recto).
Definición de ruta terapéutica: Establecer el tratamiento según el estadio (resección endoscópica, cirugía, quimioterapia o radioterapia neoadyuvante/adyuvante).","</think>

Si se confirma el diagnóstico de cáncer colorrectal, la persona debe recibir toda la información relacionada con el manejo, tratamiento y pronóstico de su enfermedad, incluyendo las alternativas disponibles y los posibles efectos secundarios o secuelas. En los estadios recurrentes, avanzados y metastásicos, se debe considerar un manejo multidisciplinario, valorando a la persona con las especialidades necesarias para garantizar un manejo integral, como gastroenterología, cirugía oncológica médica, oncología radioterápica, medicina paliativa, nutrición, psicología y trabajo social, según el criterio del médico tratante.",6.419067750917748,699,158,857,open_ended,98.9694915254238,49.9,109.8,3866.494239936441,3866.38671875,3866.49609375,97.90625,80.0,99.0,31708.0,31708.0,31708.0
0,DeepSeek-R1-Distill-Qwen-14B-F16,232,"Dado que la incidencia de cáncer de estómago, colon y recto está estrechamente ligada a la edad, la mayor longevidad brinda más oportunidades para llegar a edades en donde el riesgo de desarrollar cáncer es más alto.
Implicaciones para el tamizaje: El incremento de población en edades de mayor riesgo hace indispensables los programas organizados de detección temprana (como la prueba FIT y la Serie Gastroduodenal) ya que pueden mejorar significativamente la detección temprana y, por ende, las tases de supervivencia.","</think>

El aumento de la esperanza de vida en Costa Rica está directamente relacionado con el incremento en la incidencia de cáncer de estómago y colorrectal. A medida que la población vive más años, la probabilidad de desarrollar enfermedades crónicas, como el cáncer, aumenta. Esto se refleja en un incremento del 57% en los años de vida potencialmente perdidos (YPLL) debido al cáncer entre 2017 y 2022. Para los programas de tamizaje, esta tendencia implica la necesidad de implementar estrategias de prevención, detección temprana y seguimiento efectivas, como las descritas en el Plan de Abordaje Integral, para reducir la mortalidad y mejorar los resultados en pacientes con estos tipos de cáncer.",7.8136566679459065,1342,188,1530,open_ended,99.67083333333343,59.9,109.8,3866.494574652778,3866.38671875,3866.49609375,97.58974358974359,57.0,99.0,31708.0,31708.0,31708.0
0,DeepSeek-R1-Distill-Qwen-14B-F16,246,"La colaboración académica fortalece los programas de tamizaje:

UCR/CICICA: Aporta dos salas de endoscopía e integra Inteligencia Artificial para priorizar la lectura de Series Gastroduodenales (SGD) alteradas.
TEC: Desarrolla modelos predictivos de riesgo, optimiza procesos y define requerimientos en el EDUS para mejorar el flujo de información y la gobernanza.

La desvinculación del Hospital Max Peralta (HMP) implica gestionar un proceso ordenado de coexistencia. Tras 29 años de codependencia, el CNDTCG posee su propia Unidad Programática, pero aún carece de la estructura administrativa para asumir de forma independiente recursos financieros, talento humano, soporte de TIC, mantenimiento y servicios clínicos compartidos.","</think>

La colaboración con la academia, como la UCR/CICICA y el TEC, es fundamental para los programas de tamizaje ya que aporta conocimientos y avances tecnológicos que mejoran la detección temprana del cáncer. Esto asegura que los servicios sean de calidad y actualizados, beneficiando directamente a los pacientes. Por otro lado, la desvinculación administrativa del CNDTCG del Hospital Max Peralta Jiménez implica una mayor autonomía operativa, lo que puede optimizar recursos y decisiones, pero también requiere un fortalecimiento en la planificación y gestión para mantener la continuidad y eficiencia en la atención especializada.",6.5726561460178345,1374,154,1528,open_ended,98.48852459016405,20.0,109.8,3866.4943007172133,3866.38671875,3866.49609375,98.71875,98.0,99.0,31708.0,31708.0,31708.0
0,DeepSeek-R1-Distill-Qwen-14B-F16,289,"El Plan de Abordaje Integral propone transformar la atención del cáncer gástrico y colorrectal pasando de un abordaje reactivo a uno preventivo y de detección temprana:

Paradigma actual: Se activa cuando el paciente presenta síntomas gastrointestinales y consulta en EBAIS o emergencias. Conlleva la realización de endoscopía (en lista de espera), biopsia, diagnóstico de cáncer, cirugía, estadificación, hospitalización, quimio/radioterapia y control.
Paradigma propuesto: Se orienta a personas sanas identificadas dentro de una población objetivo (según zona geográfica, incidencia y edad). Aplica campañas y pruebas de tamizaje cada dos años, realizando endoscopías únicamente a quienes presentan pruebas alteradas. Esto permite detectar lesiones premalignas o cáncer en etapas tempranas, tratarlas mediante procedimientos mínimamente invasivos y dar seguimiento/control.","</think>

El cambio de paradigma propuesto por el Plan de Abordaje Integral se centra en la implementación de programas de tamizaje integrados para el cáncer gástrico y colorrectal, en lugar del enfoque tradicional que los trataba de manera separada. El modelo actual, que probablemente enfocaba cada tipo de cáncer de manera individual, ahora se sustituye por un enfoque integral que busca abordar ambos tipos de cáncer simultáneamente, optimizando recursos y mejorando la eficiencia. Además, el plan introduce metas claras para la invitación y participación en los programas de tamizaje, con un énfasis en la detección temprana y la integración de flujos de información y participación de profesionales de la salud, lo que contrasta con un posible enfoque más fragmentado y menos coordinado del modelo anterior.",8.177197842043824,983,199,1182,open_ended,100.08400000000006,89.9,109.9,3866.502447916667,3866.39453125,3866.50390625,97.48780487804878,55.0,99.0,31708.0,31708.0,31708.0
0,DeepSeek-R1-Distill-Qwen-14B-F16,291,"Según el Plan de Abordaje Integral, la diferencia radica en:

    Costos tangibles: Son los gastos directos y visibles para la institución, relacionados con la detección, tratamiento y seguimiento del cáncer (equipamiento, infraestructura, pruebas de laboratorio y personal).
    Costos intangibles: Son los costos indirectos u ocultos, tales como cuidados continuos y especializados proporcionados por el personal de enfermería, los servicios de rehabilitación necesarios para que los pacientes se recuperen de los efectos secundarios de los tratamientos, y múltiples estudios y pruebas adicionales para monitorear el progreso.","</think>

**Costos Tangibles e Intangibles en el Contexto del Cáncer**

Los **costos tangibles** son aquellos que son evidentes y directamente relacionados con la detección y tratamiento del cáncer, como el personal, equipamiento, infraestructura y pruebas médicas. Por otro lado, los **costos intangibles** son indirectos y no se ven fácilmente, como los impactos emocionales y económicos en las familias y la sociedad, así como la disminución de la calidad de vida.

**Justificación de los Programas de Tamizaje**

La implementación de programas de tamizaje es esencial porque detectar el cáncer en etapas tempranas reduce significativamente los costos tangibles y intangibles. Esto no solo optimiza el uso de recursos financieros, sino que también mejora la calidad de vida de los pacientes y disminuye la carga social y emocional derivada de un diagnóstico tardío.",15.854736080975272,1005,214,1219,open_ended,99.86842105263132,30.0,109.9,3866.5038548519738,3866.39453125,3866.51171875,98.88607594936708,89.0,100.0,31708.0,31708.0,31708.0
0,DeepSeek-R1-Distill-Qwen-14B-F16,224,"Etapa I (2024–2025): Elaboración de la normativa institucional, mecanismos de acceso en el EDUS a datos de población, FIT y biopsias, captación/invitación de participantes, capacitación en endoscopia de tamizaje y convenio CNDTCG-CICICA.
Etapa II (2025–2026): Diseño de indicadores de gestión, implementación nacional del FIT cuantitativo, campañas de comunicación/sensibilización, despliegue del SILC, y planes de formación, equipamiento, infraestructura e investigación en salud.
Etapa III (2026–2028): Interoperabilidad en EDUS, análisis de desafíos operativos, implementación de modelos predictivos con inteligencia artificial para priorización, entrega de infraestructura/equipamiento y puesta en marcha de programas de tamizaje.
Etapa IV (2028–2029): Evaluación integral del plan por la Auditoría Interna y ejecución de ajustes correspondientes.","</think>

El Plan de Abordaje Integral para el Tamizaje de Cáncer de Estómago y Colorrectal se articula en respuesta a la sesión No. 9414 de la Junta Directiva de la Caja Costarricense de Seguro Social, conformando el Centro Nacional de Detección Temprana de Cáncer Gastrointestinal (CNDTCG). El plan tiene un horizonte temporal de 10 años, desde 2025 a 2029, y se enfoca en la evaluación de la situación actual, recopilación de datos epidemiológicos, y la implementación de programas de tamizaje.

Las principales etapas del plan incluyen:

1. **Invitación a participar**: Se extiende a individuos que cumplen con los criterios de inclusión definidos por el programa.

2. **Realización de pruebas FIT**: Se somete a una prueba de sangre oculta en heces, realizada en laboratorio clínico, con la participación de microbiólogo y personal de apoyo.

3. **Endoscopias y diagnóstico**: En caso de resultados positivos, se realizan endoscopias con la participación de endoscopistas y técnicos de endoscopia, y se envían muestras al patólogo para análisis definitivo.

4. **Tratamiento y seguimiento**: Si se detecta enfermedad, se coordina el tratamiento oportuno y se establece un plan de seguimiento.

Las actividades clave contempladas en cada etapa incluyen la capacitación y retención del personal, la disponibilidad de recursos necesarios para las pruebas y procedimientos, y la implementación de un sistema de información para monitorear y evaluar el programa.",15.418867984088138,1262,379,1641,open_ended,100.17446808510613,89.9,109.9,3866.51094304078,3866.40234375,3866.51171875,98.30263157894737,97.0,99.0,31708.0,31708.0,31708.0
0,DeepSeek-R1-Distill-Qwen-14B-F16,269,"El área de Gestión de Bases de Datos en el CNDTCG es responsable del diseño, mantenimiento, consolidación y análisis de los sistemas de información que contienen los datos clínicos, administrativos y operativos del centro.

Sus funciones principales incluyen:
Crear y mantener bases de datos estructuradas para almacenar y procesar información de tamizaje, endoscopía, consulta externa, procedimientos quirúrgicos y seguimiento clínico.
Validar, depurar y actualizar los datos, asegurando el control de calidad.
Generar reportes e informes analíticos para la toma de decisiones estratégicas, evaluación de desempeño y monitoreo de indicadores clave.
Garantizar la seguridad, confidencialidad y resguardo de información sensible mediante controles de acceso y rutinas de respaldo.","</think>

El área de gestión de bases de datos en el CNDTCG tiene la función de administrar y mantener las bases de datos necesarias para el funcionamiento del centro. Esto incluye la gestión de información relacionada con los pacientes, los servicios médicos, y otros datos operativos. Además, esta área asegura la integridad, confidencialidad y disponibilidad de la información, permitiendo una toma de decisiones informada y el monitoreo de los indicadores clave de rendimiento. También contribuye a la estandarización y trazabilidad de las actividades del centro, facilitando su alineación con los objetivos estratégicos de la CCSS.",6.076191387954168,1363,144,1507,open_ended,99.80357142857153,59.9,109.9,3866.509765625,3866.40234375,3866.51171875,98.8,98.0,99.0,31708.0,31708.0,31708.0
0,DeepSeek-R1-Distill-Qwen-14B-F16,242,"El cálculo del número de salas teóricas de fluoroscopia ($EF$) se realiza mediante la ecuación E1:
$$EF = \frac{PO \cdot PI \cdot PP}{PS \cdot DH}$$
PO: Población objetivo en el periodo.
PI: Porcentaje de invitación.
PP: Porcentaje de participación.
PS: Pacientes diarios por sala (20 pacientes/día).
DH: Días hábiles de funcionamiento al año.
Implicación: Al extrapolar este cálculo a nivel nacional para el año 2025, se requerirían aproximadamente 12 salas de fluoroscopia (y su respectivo personal de imagenología) funcionando a tiempo completo durante todo el año. La principal implicación es que este requerimiento no es factible en la práctica, ya que representa más del 60% de la disponibilidad nacional actual (19 salas existentes), las cuales hoy están destinadas casi en su totalidad a la atención asistencial y diagnóstica.","</think>

Para calcular el número de salas de fluoroscopia necesarias, se utiliza la ecuación E1: 

EF = (PO * PI * PP) / (PS * DH)

Donde:
- EF: Número de equipos de salas de fluoroscopia.
- PO: Población objetivo en un periodo.
- PI: Porcentaje de invitación en un periodo.
- PP: Porcentaje de participación en un periodo.
- PS: Número de pacientes diarios por sala.
- DH: Número de días hábiles de funcionamiento.

El resultado obtenido indica el número de salas de fluoroscopia y, por consiguiente, el número de profesionales de imagenología requeridos para cubrir la demanda del programa de tamizaje. Este cálculo asegura que la capacidad instalada sea suficiente para atender a todos los pacientes en el tiempo establecido, garantizando la eficiencia y efectividad del programa.",8.41277541697491,1493,202,1695,open_ended,99.9558441558442,99.8,109.8,3866.5102982954545,3866.40234375,3866.51171875,98.63414634146342,98.0,99.0,31708.0,31708.0,31708.0
0,DeepSeek-R1-Distill-Qwen-14B-F16,275,"Según la norma, los factores de riesgo modificables para el cáncer colorrectal corresponden a la categoría de estilo de vida e incluyen:

Consumo de carnes rojas procesadas: Embutidos, salchichas, jamón, tocino o carnes curadas.
Dieta baja en fibra.
Obesidad.
Tabaco.
Alcohol.

Asimismo, la norma establece que el personal de salud debe brindar educación sobre estos factores de riesgo en los diferentes escenarios de atención clínica y asesorar en acciones que permitan minimizarlos.","</think>

No se mencionan los principales factores de riesgo de estilo de vida para cáncer colorrectal en el contexto proporcionado.",1.5801435209577903,1151,32,1183,open_ended,97.81999999999998,49.9,109.8,3866.504427083333,3866.40234375,3866.51171875,94.25,62.0,99.0,31708.0,31708.0,31708.0
0,DeepSeek-R1-Distill-Qwen-14B-F16,317,"Los objetivos específicos del Manual de Gestión del CNDTCG son:
    Definir la estructura organizativa y funcional del centro para facilitar la coordinación interna y la articulación con la red institucional.
    Establecer las responsabilidades operativas del personal técnico y administrativo para delimitar funciones y fortalecer la gestión por procesos.
    Describir de manera clara y estandarizada la oferta de servicios (tamizaje, diagnóstico endoscópico, cirugía y seguimiento).
    Alinear el funcionamiento del CNDTCG con las políticas, normativas técnicas y planes estratégicos de la CCSS.
    Servir de base para elaborar documentos normativos que guíen la implementación progresiva y sostenible del tamizaje a nivel nacional.
    Facilitar la planificación, gestión operativa, evaluación de resultados y mejora continua basada en evidencia.","</think>

El Manual de Gestión del CNDTCG tiene como objetivo describir y organizar las funciones, estructura, oferta de servicios y responsabilidades del centro. Busca orientar de manera sistemática los procesos asistenciales, técnicos y administrativos, garantizando la coherencia operativa, eficiencia en la prestación de servicios y alineación con los principios y lineamientos estratégicos de la CCSS. Además, establece un modelo de atención basado en programas de tamizaje poblacional para personas entre 50 y 74 años, combinando estrategias diagnósticas avanzadas y criterios de priorización clínica y territorial. También incluye la implementación de indicadores operativos y clínicos para el seguimiento del cumplimiento, y define las áreas funcionales responsables de la planificación, monitoreo, gestión de recursos y apoyo logístico.",8.02401367702987,1085,195,1280,open_ended,99.26756756756767,39.9,109.8,3866.5102407094596,3866.40234375,3866.51171875,98.475,93.0,99.0,31708.0,31708.0,31708.0
0,DeepSeek-R1-Distill-Qwen-14B-F16,297,"La clasificación endoscópica colorrectal internacional con imagen de banda estrecha NBI (NICE) se utiliza sin endoscopía de aumento. Es útil para predecir la invasión submucosa profunda y definir si una lesión es irresecable endoscópicamente. Se compone de tres subtipos:
    NICE 1: Pólipo hiperplásico.
    NICE 2: Pólipo adenomatoso.
    NICE 3: Lesión con invasión submucosa profunda o cáncer avanzado.","</think>

La clasificación NICE (Nice International Colorectal Endoscopic Classification) para pólipos colorrectales se basa en tres subtipos:

1. **NICE 1**: Pólipo hiperplásico.
2. **NICE 2**: Pólipo adenomatoso.
3. **NICE 3**: Lesión con invasión submucosa profunda o cáncer avanzado.

Esta clasificación es útil para predecir la invasión submucosa profunda y ayudar a identificar lesiones que no son resecables endoscópicamente.",5.669331172015518,1504,133,1637,open_ended,100.57884615384623,89.9,109.8,3866.5096153846152,3866.40234375,3866.51171875,97.57142857142857,62.0,99.0,31708.0,31708.0,31708.0
0,DeepSeek-R1-Distill-Qwen-14B-F16,302,"Los principales logros del Centro Nacional de Detección Temprana de Cáncer Gastrointestinal (CNDTCG) comprenden:
    Creación de un modelo único de Programa de Tamizaje Gástrico y Colorrectal.
    Liderazgo regional: Convertirse en el único país de la región y uno de los tres de Latinoamérica con un programa organizado de tamizaje de cáncer colorrectal.
    Efectividad en diagnóstico oportuno: Lograr la detección de más del 50% de cáncer temprano de colon.","</think>

El CNDTCG ha logrado fortalecer la estandarización, trazabilidad, eficiencia y calidad de sus actividades mediante la implementación de herramientas de información y modelos de coordinación interinstitucional. Esto ha permitido mejorar la gestión operativa, promoviendo la toma de decisiones basadas en evidencia y alineadas con los objetivos estratégicos del centro. Además, ha avanzado en la elaboración y actualización del Plan Anual Operativo, asegurando la formulación de metas claras y medibles. El centro también ha mejorado el seguimiento de indicadores clínicos, administrativos e institucionales, lo que respalda la toma de decisiones y promueve la mejora continua en la calidad de la atención.",7.157658517942764,1213,172,1385,open_ended,99.6560606060607,49.9,109.8,3866.5178740530305,3866.41015625,3866.51953125,98.6,98.0,99.0,31708.0,31708.0,31708.0
0,DeepSeek-R1-Distill-Qwen-14B-F16,237,"Según las DRIPSS, existe una distribución desigual de recursos:
Recursos humanos: Hay 384 personas en imagenología, pero solo 139 capacitadas en Serie Gastroduodenal. Hay 98,5 radiólogos capacitados en SGD.
Recursos tecnológicos: Existen 19 salas de fluoroscopia.
Implicaciones: La disparidad geográfica y la limitada capacitación técnica en SGD (solo 36% del personal de imagenología) comprometen el acceso equitativo. Además, casi todos estos recursos están destinados al diagnóstico asistencial y enfrentan listas de espera, lo que limita seriamente su uso actual para tamizaje gástrico y demanda la expansión de infraestructura.","</think>

El contexto no proporciona suficiente información específica sobre la distribución de recursos humanos y tecnológicos de fluoroscopia según las DRIPSS ni sus implicaciones para el tamizaje de cáncer gástrico. Por lo tanto, no puedo responder con precisión a esta pregunta.",2.808166339993477,1022,65,1087,open_ended,99.43076923076924,79.9,109.9,3866.515324519231,3866.41015625,3866.51953125,96.28571428571429,64.0,99.0,31708.0,31708.0,31708.0
0,DeepSeek-R1-Distill-Qwen-14B-F16,253,"La elaboración del manual se realizó según el Manual Metodológico para la Construcción de un Manual de Gestión en la Dirección de Desarrollo de Servicios de Salud, mediante un enfoque participativo y técnico que comprendió:

Revisión documental: Análisis de antecedentes, normativa, planes estratégicos y modelos de atención.
Análisis organizativo: Evaluación de áreas funcionales, programas clínicos y servicios de soporte.
Consulta con actores clave: Sesiones técnicas de trabajo con personal del CNDTCG y áreas relacionadas.
Síntesis y sistematización: Estructuración técnica de la información bajo los apartados institucionales requeridos.
Validación preliminar: Revisión por instancias responsables y equipos operativos.
Validación final: Consenso estructurado mediante el método DELPHI modificada con expertos institucionales para garantizar su solidez, pertinencia y aplicabilidad.","</think>

La elaboración del Manual de Gestión del CNDTCG se realizó conforme a las indicaciones establecidas en el ""Manual Metodológico para la Construcción de un Manual de Gestión en la Dirección de Desarrollo de Servicios de Salud"", versión vigente. Este proceso se desarrolló bajo un enfoque participativo y técnico, que incluyó una revisión documental de antecedentes institucionales del CNDTCG, incluyendo información, modelos de coordinación interinstitucional y de procesos. Además, se consideraron las necesidades operativas y estratégicas del centro, con el fin de asegurar la estandarización, coherencia técnica y alineación con la normativa institucional de la Caja Costarricense de Seguro Social.",7.29516940098256,1464,174,1638,open_ended,99.81044776119411,69.9,109.8,3866.5178987873132,3866.41015625,3866.51953125,98.63888888888889,98.0,99.0,31708.0,31708.0,31708.0
0,DeepSeek-R1-Distill-Qwen-14B-F16,241,"Las metas de cobertura establecidas para los programas de tamizaje de cáncer gástrico y colorrectal son:
Porcentaje de invitación: 40% de la población objetivo para ambos tipos de cáncer.
Porcentaje de tamizaje: 65% de la población invitada participando en el programa.
Periodicidad: Bienal (aplicado cada dos años).

En cuanto a las endoscopias estimadas sobre la población tamizada:
Cáncer gástrico: Se estima que un 15% requerirá gastroscopia, derivado de las Series Gastroduodenales (SGD) alteradas.
Cáncer colorrectal: Se estima que un 12% requerirá colonoscopia, derivado de las pruebas de sangre oculta en heces (FIT) positivas.","</think>

Con base en los criterios para la cobertura establecidos en el Plan de Abordaje Integral, las metas para los programas de tamizaje de cáncer gástrico y colorrectal son las siguientes:

- **Porcentaje de invitación**: 40%, lo que significa que se espera contactar a esta proporción de la población objetivo para participar en el programa de tamizaje.
- **Porcentaje de población a tamizar**: 65%, indicando que se espera que los invitados efectivamente participen en el tamizaje.

No se menciona específicamente el porcentaje de endoscopias estimado para cada tipo de cáncer en el contexto proporcionado.",6.289374532061629,1009,153,1162,open_ended,99.1206896551725,49.9,109.8,3866.521551724138,3866.4140625,3866.5234375,98.38709677419355,88.0,99.0,31708.0,31708.0,31708.0
0,DeepSeek-R1-Distill-Qwen-14B-F16,222,"El artículo 11 de la Ley del EDUS clasifica toda su información como privada y sensible, exigiendo secreto profesional continuo (reglado con sanciones administrativas, civiles y penales). El EDUS no fue estructurado originalmente para la gestión de programas de tamizaje. Se señala el antecedente del ataque cibernético a la CCSS en 2022. El manejo masivo de datos de localización para la captación representa un riesgo de seguridad de la información si no se aplican controles rigurosos de perfilamiento y gestión de accesos.","</think>

Las limitaciones y riesgos de seguridad informática relacionados con la privacidad de datos sensibles de los pacientes bajo el sistema EDUS, según la legislación costarricense, incluyen:

1. **Violación del secreto profesional**: Los usuarios autorizados que acceden a la información del EDUS están obligados al secreto profesional, incluso después de finalizar su relación laboral. Su incumplimiento conlleva consecuencias disciplinarias, administrativas, civiles y penales.

2. **Acceso restringido a terceros**: El acceso a datos del EDUS requiere autorización escrita del titular de los datos, conforme a la Ley 8968.任一未经适当授权的访问都可能破坏数据的机密性。

3. **Sanciones por violación**: El Reglamento del EDUS establece un régimen sancionatorio para aquellos que violen las disposiciones de confidencialidad, lo que incluye a usuarios y terceros autorizados.

4. **Gestión de accesos**: La administración de seguridad en los accesos a los usuarios autorizados en los aplicativos del EDUS debe garantizar la protección de derechos de las personas usuarias, definiendo roles y responsabilidades claras.

Estas disposiciones buscan proteger la información privada y sensible de los pacientes, evitando riesgos de exposición o manipulación no autorizada.",12.580290168058127,1209,308,1517,open_ended,100.32608695652164,89.9,109.9,3866.5420176630437,3866.43359375,3866.54296875,97.96825396825396,73.0,99.0,31708.0,31708.0,31708.0
0,DeepSeek-R1-Distill-Qwen-14B-F16,259,"Según la clasificación CIE-10, los principales diagnósticos nosológicos que atiende el CNDTCG incluyen:

Tumores malignos: Estómago (C16.0–C16.9), colon (C18.0–C18.9), unión rectosigmoidea (C19) y recto (C20).
Lesiones precancerosas, benignas o neoplasias de comportamiento incierto: Lesiones gástricas precancerosas (D00.2), adenomas colorrectales avanzados (D12.6), pólipos gástricos (D13.1), tumores subepiteliales del tracto digestivo (D13.2) y sospecha de tumores pancreáticos (D13.6).
Patologías gástricas, hepáticas, biliares y digestivas: Gastritis crónica atrófica (K29.4), abscesos hepáticos (K75.0), coledocolitiasis (K80.5), colecistitis (K81.0), colangitis (K83.0) y sangrado digestivo (K92.2).
Complicaciones postoperatorias: Recurrencias postquirúrgicas digestivas (T81.4).","</think>

El CNDTCG atiende diagnósticos nosológicos relacionados con el cáncer gástrico y el cáncer colorrectal, entre otros, basándose en la clasificación CIE-10 de la OMS de 2021.",2.865880894940347,1237,62,1299,open_ended,97.23333333333336,30.0,109.8,3866.538917824074,3866.43359375,3866.54296875,98.57142857142857,95.0,99.0,31708.0,31708.0,31708.0
0,DeepSeek-R1-Distill-Qwen-14B-F16,294,"FIT (Prueba Inmunoquímica Fecal): Es una prueba analítica realizada en laboratorio clínico para detectar la presencia de sangre oculta en heces, utilizada en el tamizaje de cáncer colorrectal.
SGD (Serie Gastroduodenal): Es un estudio radiológico por fluoroscopia con medio de contraste que permite evaluar la morfología del esófago, estómago y duodeno, utilizado en el tamizaje de cáncer gástrico.

Ambas pertenecen a la etapa de prueba inicial o tamizaje primario dentro del programa organizado de tamizaje. Se aplican a la población objetivo asintomática como filtro previo para identificar hallazgos sospechosos y determinar la necesidad de avanzar a la etapa de confirmación diagnóstica mediante procedimientos endoscópicos (gastroscopía para SGD alterada o colonoscopía para FIT positiva).","</think>

Las pruebas FIT y SGD son parte del programa de tamizaje de cáncer. La FIT (Fecal Immunological Test) es una prueba de sangre oculta en heces, utilizada para detectar sangrado en las heces que no es visible a simple vista. Pertenece a la etapa inicial del tamizaje, donde se realiza una prueba no invasiva para identificar posibles signos de enfermedad.

Por otro lado, la SGD (Serie Gastroduodenal) es una prueba endoscópica que incluye una gastroscopia y una colonoscopia, utilizada para visualizar el interior del estómago y el intestino delgado. Pertenece a una etapa posterior del tamizaje, realizada cuando la FIT arroja resultados positivos, con el fin de confirmar la presencia de lesiones malignas o premalignas.",8.19553586107213,1493,192,1685,open_ended,99.80666666666677,89.9,109.9,3866.541510416667,3866.43359375,3866.54296875,98.625,98.0,99.0,31708.0,31708.0,31708.0
0,DeepSeek-R1-Distill-Qwen-14B-F16,292,"La Clasificación JNET (Japan NBI Expert Team) es una clasificación para pólipos colorrectales que se divide en cuatro subtipos:
    JNET 1: Pólipo hiperplásico.
    JNET 2A: Pólipo con neoplasia intramucosa de bajo grado.
    JNET 2B: Pólipo con neoplasia intramucosa de alto grado o invasión superficial de la submucosa.
    JNET 3: Lesión con cáncer invasor en la submucosa profunda.","</think>

La Clasificación JNET para pólipos colorrectales es una sistema de categorización que divide los pólipos en cuatro subtipos basados en su características endoscópicas y grado de neoplasia. Fue desarrollado por el Japan NBI Expert Team (JNET). Los subtipos son:

1. **JNET 1**: Pólipo hiperplásico.
2. **JNET 2A**: Pólipo con neoplasia intramucosa de bajo grado.
3. **JNET 2B**: Pólipo con neoplasia intramucosa de alto grado o invasión superficial de submucosa.
4. **JNET 3**: Lesión con cáncer invasor en submucosa profunda.

Esta clasificación ayuda en el diagnóstico y manejo de los pólipos colorrectales, particularmente en distinguir aquellos que requieren intervención quirúrgica de los que no.",10.768941558082588,1506,216,1722,open_ended,99.80297029702967,29.9,109.8,3866.541885829208,3866.43359375,3866.54296875,98.0925925925926,64.0,100.0,31708.0,31708.0,31708.0
0,DeepSeek-R1-Distill-Qwen-14B-F16,228,"Durante el periodo 2017-2022, la incidencia total combinada de cáncer de estómago, colon y recto mostró una leve tendencia decreciente, pasando de 30,60 a 27,41 casos por 100.000 habitantes. Por tipo de cáncer:
- Estómago: Mantuvo estabilidad (12–13 casos por 100.000), disminuyendo hacia 2022.
- Colon: Presentó estabilidad, fluctuando entre 11 y 12 casos por 100.000.
- Recto: Permaneció constante (6–7 casos por 100.000).
Diferencias por sexo: La incidencia combinada fue consistentemente mayor en hombres (promedio de 32,62 por 100.000) que en mujeres (promedio de 27,16 por 100.000). Los hombres registraron mayor incidencia en cáncer de estómago (13,98 vs. 9,31) y de recto (6,98 vs. 5,12). En contraste, la incidencia de cáncer de colon fue levemente superior en mujeres (12,73 vs. 11,66).","</think>

No lo sé.",1.523083209991455,1511,7,1518,open_ended,95.82666666666665,39.9,109.8,3866.535677083333,3866.43359375,3866.54296875,99.28571428571429,98.0,100.0,31708.0,31708.0,31708.0
0,DeepSeek-R1-Distill-Qwen-14B-F16,319,"El cáncer gástrico es una neoplasia maligna que se origina en el revestimiento o en los tejidos del estómago. Se caracteriza por ser uno de los tipos de cáncer más comunes y representa una causa significativa de mortalidad, especialmente en etapas avanzadas.
El cáncer colorrectal es una neoplasia maligna que se origina en el colon o en el recto. Puede desarrollarse a partir de pólipos en el intestino grueso, por lo que su detección temprana es fundamental para recibir un tratamiento eficaz.","</think>

El cáncer gástrico es una enfermedad en la que se forman células malignas en los tejidos del estómago, según el NIH en 2022. Por otro lado, el cáncer colorrectal se define como un estudio radiológico con contraste que permite observar la morfología del estómago y el duodeno, según SERAM en 2020.",3.8976730859139934,714,93,807,open_ended,99.25555555555562,49.9,109.8,3866.5399305555557,3866.43359375,3866.54296875,98.78947368421052,98.0,99.0,31708.0,31708.0,31708.0
0,DeepSeek-R1-Distill-Qwen-14B-F16,313,"Fluoroscopio (para Serie Gastroduodenal - SGD):
    Costo unitario estimado: Entre ₡166,663,350 y ₡198,408,750 por equipo.
    Vida útil: 10 años
Torre de Endoscopía Alta (para Gastroscopía / EGD):
     Costo unitario estimado: ₡102,322,211
    Nota de uso: Es la misma torre básica utilizada para colonoscopías, variando únicamente las sondas.","</think>

Los costos para el equipamiento en el tamizaje de cáncer gástrico, según el contexto proporcionado, corresponden a los equipos adquiridos en el año 2020 por el Centro Nacional de Detección Temprana de Cáncer Gastrointestinal. Estos equipos incluyen un procesador, una fuente de luz, videoendoscopios, carros de transporte, unidades de mantenimiento, insuflladores de CO2, manguiros, tubos de inyección, adaptadores de limpieza, pinzas de biopsia y agujas de inyección. El costo total de estos equipos es de $54,856,051.",6.65107864595484,1577,157,1734,open_ended,99.48360655737714,89.9,99.9,3866.5411757172133,3866.43359375,3866.54296875,98.6969696969697,98.0,99.0,31708.0,31708.0,31708.0
0,DeepSeek-R1-Distill-Qwen-14B-F16,311,"Según la norma, los servicios de salud públicos, privados y mixtos tienen las siguientes obligaciones:

    Instrumentos técnicos de atención: Contar con un manual de procedimientos, guía o protocolo para la prevención y detección del cáncer colorrectal que incluya información de consejería, boleta de notificación obligatoria al Ministerio de Salud y mecanismos de referencia a servicios especializados.
    Planificación preventiva: Si brindan atención comunitaria, deben incorporar una planificación anual de acciones preventivas y de promoción de la salud acordes al perfil poblacional.
    Capacitación permanente: Disponer de estrategias de sensibilización y capacitación continua en cáncer colorrectal basadas en evidencia científica para el personal responsable de la atención directa, promoviendo competencias técnicas con calidad y calidez.","</think>

Según la norma nacional para la atención del cáncer colorrectal en Costa Rica, los establecimientos del sistema de salud tienen las siguientes obligaciones:

1. Cumplir con los lineamientos de salud pública en prevención, detección temprana, diagnóstico, estadiación, tratamiento, rehabilitación y cuidados paliativos del cáncer colorrectal (CCR).

2. Garantizar el acceso, la calidad y la equidad en el manejo del CCR para todas las personas en el territorio nacional.

3. Implementar programas de tamizaje para detectar el CCR en etapas tempranas, lo que permite mejorar los resultados terapéuticos y reducir la mortalidad.

4. Coordinar y articular los servicios de salud, públicos, privados y mixtos, para asegurar una atención integral y continua a las personas con CCR.

5. Participar en la investigación y en los programas nacionales de prevención y control del cáncer colorrectal.

Estas obligaciones buscan asegurar que los servicios de salud sean eficaces, accesibles y equitativos para todas las personas en Costa Rica.",10.552071194979362,1131,254,1385,open_ended,99.50206185567008,49.9,109.8,3866.5418411726805,3866.43359375,3866.54296875,97.9245283018868,72.0,99.0,31708.0,31708.0,31708.0
0,DeepSeek-R1-Distill-Qwen-14B-F16,314,"Salas de Fluoroscopia: se tomará en consideración únicamente la sala de estudio y de comando la cual es de 47.7 m2, por lo que su costo sería de ₡100,950,372
Salas de Endoscopía: se tomará en consideración únicamente el puesto de trabajo y procedimiento la cual es de 25.92 m2, por lo que su costo sería de ₡54,856,051","</think>

El costo para la infraestructura en el tamizaje de cáncer gástrico es de $54,856,051, correspondiente al puesto de trabajo y procedimiento de 25.92 m².",3.70982703496702,991,56,1047,open_ended,99.81428571428576,39.9,109.9,3866.53984375,3866.43359375,3866.54296875,98.94444444444444,98.0,100.0,31708.0,31708.0,31708.0
0,DeepSeek-R1-Distill-Qwen-14B-F16,287,"La evaluación de la norma está a cargo del Ministerio de Salud, el cual ejecuta la vigilancia y valora los resultados del cumplimiento mediante los siguientes indicadores oficiales:
    Tasa de incidencia de cáncer colorrectal.
    Porcentaje de diferentes estadios del cáncer colorrectal en el momento del diagnóstico.
    Tasa de mortalidad por cáncer colorrectal.

El Ministerio de Salud debe garantizar información estadística actualizada y de calidad, con la facultad de utilizar indicadores adicionales según su criterio técnico como ente rector. Los resultados de esta evaluación deben ser publicados cada 5 años.","</think>

La norma para el tamizaje del cáncer colorrectal se evalúa considerando la población de riesgo promedio, que son hombres y mujeres entre 50-74 años, cada dos años. Se utiliza la prueba específica de SOHi, cualitativa con un punto de corte no mayor a 30 ng/ml o cuantitativa y automatizada con un punto de corte de 100 ng/ml, siendo esta última la recomendada. Además, para solicitar una colonoscopia, se deben incluir los siguientes datos mínimos: edad, antecedentes heredofamiliares de cáncer colorrectal de primer grado, antecedentes patológicos personales y uso de anticoagulantes.",6.591799117974006,634,163,797,open_ended,98.50327868852466,20.0,99.9,3866.5411757172133,3866.43359375,3866.54296875,97.6969696969697,65.0,99.0,31708.0,31708.0,31708.0
0,DeepSeek-R1-Distill-Qwen-14B-F16,291,"Según el Plan de Abordaje Integral, la diferencia radica en:

    Costos tangibles: Son los gastos directos y visibles para la institución, relacionados con la detección, tratamiento y seguimiento del cáncer (equipamiento, infraestructura, pruebas de laboratorio y personal).
    Costos intangibles: Son los costos indirectos u ocultos, tales como cuidados continuos y especializados proporcionados por el personal de enfermería, los servicios de rehabilitación necesarios para que los pacientes se recuperen de los efectos secundarios de los tratamientos, y múltiples estudios y pruebas adicionales para monitorear el progreso.","</think>

**Costos Tangibles e Intangibles en el Contexto del Cáncer**

Los costos tangibles son aquellos que son evidentes y directamente relacionados con la detección y tratamiento del cáncer, como el personal, equipamiento, infraestructura y pruebas médicas. Por otro lado, los costos intangibles son indirectos y no se ven fácilmente, pero representan un costo social significativo, como la carga emocional y económica sobre las familias y la sociedad.

**Justificación de los Programas de Tamizaje**

La implementación de programas de tamizaje es esencial porque detectar y tratar el cáncer en etapas tempranas reduce significativamente los costos tangibles y optimiza el uso de recursos. Además, estos programas mejoran la calidad de vida de los pacientes y disminuyen la carga social, lo que justifica su implementación como una estrategia integral y eficiente para abordar el impacto económico del cáncer.",8.838188225985505,1005,217,1222,open_ended,100.17777777777789,89.9,109.9,3866.541618441358,3866.43359375,3866.54296875,98.5,98.0,99.0,31708.0,31708.0,31708.0
0,DeepSeek-R1-Distill-Qwen-14B-F16,282,"Según la norma, las prevenciones para el cáncer colorrectal se orientan a los siguientes aspectos:

    Prevención primaria: Se orienta a mejorar los estilos de vida y atender los factores de riesgo identificados en las personas.
    Prevención secundaria: Se orienta a las actividades de tamizaje para la detección temprana del cáncer colorrectal, las cuales se basan en la categorización del riesgo de la población (riesgo promedio y riesgo aumentado).","</think>

Las prevenciones primaria y secundaria para el tamizaje de cáncer colorrectal se orientan a detectar precozmente la enfermedad mediante pruebas de tamizaje, como la prueba FIT (Fecal Occult Blood Test), con el fin de identificar lesiones precancerosas o tumores en etapas iniciales. Esto permite una intervención oportuna, reduciendo la mortalidad y mejorando el pronóstico. Además, busca sensibilizar y motivar a la población objetivo a participar en los programas de detección temprana, asegurando que los profesionales de salud involucrados, como microbiólogos, personal de laboratorio, endoscopistas y patólogos, realicen el proceso de manera efectiva y eficiente.",13.080129540059716,903,177,1080,open_ended,100.52159999999984,89.9,129.8,3866.546,3866.4375,3866.546875,98.92307692307692,95.0,100.0,31708.0,31708.0,31708.0
0,DeepSeek-R1-Distill-Qwen-14B-F16,306,"El acuerdo propuesto instruye a las Gerencias Médica, Administrativa y Financiera a gestionar, en un plazo no mayor a tres meses, por un período de un año (mientras se aprueban como plazas ordinarias), la creación de 8 plazas necesarias para la implementación y operación del Sistema Integrado de Laboratorios Clínicos (SILC).
Las plazas requeridas están conformadas por:

    1 plaza MQC3 (Especialista en calidad)
    2 plazas MQC2
    5 plazas de Analistas de Sistemas 4 en TIC

El objetivo es asegurar el recurso humano técnico especializado para la dirección, soporte ininterrumpido (24/7) y sostenibilidad de la plataforma informática que procesará las pruebas del programa de tamizaje.","</think>

El Acuerdo Cuarto propone que la Gerencia Médica, Administrativa y Financiera gestionen, en un plazo de 3 meses, la creación de 8 plazas para la implementación y operación del SILC, utilizando la modalidad de proyectos especiales. Estas plazas serán temporales por un año, hasta que puedan ser cubiertas mediante plazas ordinarias.",4.597496628994122,1327,92,1419,open_ended,98.4209302325582,30.0,109.8,3866.5443313953488,3866.4375,3866.546875,96.91304347826087,51.0,100.0,31708.0,31708.0,31708.0
0,DeepSeek-R1-Distill-Qwen-14B-F16,251,"El proceso de tamizaje para cáncer colorrectal sigue las siguientes etapas:

Invitación: Se convoca a personas asintomáticas (50 a 74 años) de la población objetivo.
Prueba FIT: El participante se realiza la prueba inmunoquímica fecal en un laboratorio clínico para detectar sangre oculta en heces, analizada por microbiólogos y personal técnico.
Colonoscopia: Si el resultado del FIT es positivo, un endoscopista (asistido por el técnico) realiza una colonoscopia para evaluar el colon y remover lesiones como adenomas.
Biopsia: De hallarse lesiones sospechosas de malignidad, se toma una muestra de tejido para análisis por parte del patólogo.
Resolución: Si la biopsia resulta positiva para cáncer, el paciente se remite a tratamiento (cirugía, quimioterapia, etc.). Si los resultados son negativos, el usuario reingresa al programa de tamizaje bienal.","</think>

El proceso de tamizaje para el cáncer colorrectal según el modelo del CNDTCG incluye varias etapas. Primero, se invita a la población objetivo que cumple con los criterios de inclusión. Luego, los invitados aceptan participar y se someten a la prueba FIT, realizada en un laboratorio clínico para detectar sangre oculta en las heces. En esta etapa, el microbiólogo y el personal de apoyo del laboratorio clínico son esenciales. Si la prueba FIT es positiva, el paciente es remitido a un endoscopista para una colonoscopia. Durante este procedimiento, el técnico de endoscopia y el patólogo participan en el análisis de las muestras. Si se detecta displasia de alto grado o cáncer, el paciente recibe un posible tratamiento.",7.811344175948761,867,191,1058,open_ended,99.11944444444454,29.9,109.8,3866.545355902778,3866.4375,3866.546875,97.97435897435898,74.0,99.0,31708.0,31708.0,31708.0
0,DeepSeek-R1-Distill-Qwen-14B-F16,242,"El cálculo del número de salas teóricas de fluoroscopia ($EF$) se realiza mediante la ecuación E1:
$$EF = \frac{PO \cdot PI \cdot PP}{PS \cdot DH}$$
PO: Población objetivo en el periodo.
PI: Porcentaje de invitación.
PP: Porcentaje de participación.
PS: Pacientes diarios por sala (20 pacientes/día).
DH: Días hábiles de funcionamiento al año.
Implicación: Al extrapolar este cálculo a nivel nacional para el año 2025, se requerirían aproximadamente 12 salas de fluoroscopia (y su respectivo personal de imagenología) funcionando a tiempo completo durante todo el año. La principal implicación es que este requerimiento no es factible en la práctica, ya que representa más del 60% de la disponibilidad nacional actual (19 salas existentes), las cuales hoy están destinadas casi en su totalidad a la atención asistencial y diagnóstica.","</think>

Para calcular el número de salas de fluoroscopia necesarias, se utiliza la ecuación E1:  
EF = (PO * PI * PP) / (PS * DH)  
Donde:  
- EF: Número de equipos de salas  
- PO: Población objetivo  
- PI: Porcentaje de invitación  
- PP: Porcentaje de participación  
- PS: Número de pacientes diarios por sala  
- DH: Número de días hábiles  

El resultado obtenido indica el número de salas de fluoroscopia y, por consiguiente, el personal de imagenología requerido para cubrir la demanda del programa de tamizaje. Este cálculo asegura que la capacidad instalada sea suficiente para atender a todos los pacientes en el período establecido, garantizando la eficiencia y efectividad del programa.",14.563442401005886,1493,185,1678,open_ended,100.45179856115087,89.9,109.9,3866.546088129496,3866.4375,3866.546875,98.94444444444444,94.0,100.0,31708.0,31708.0,31708.0
0,DeepSeek-R1-Distill-Qwen-14B-F16,306,"El acuerdo propuesto instruye a las Gerencias Médica, Administrativa y Financiera a gestionar, en un plazo no mayor a tres meses, por un período de un año (mientras se aprueban como plazas ordinarias), la creación de 8 plazas necesarias para la implementación y operación del Sistema Integrado de Laboratorios Clínicos (SILC).
Las plazas requeridas están conformadas por:

    1 plaza MQC3 (Especialista en calidad)
    2 plazas MQC2
    5 plazas de Analistas de Sistemas 4 en TIC

El objetivo es asegurar el recurso humano técnico especializado para la dirección, soporte ininterrumpido (24/7) y sostenibilidad de la plataforma informática que procesará las pruebas del programa de tamizaje.","</think>

El Acuerdo Cuarto propone que la Gerencia Médica, Administrativa y Financiera gestionen, en un plazo de hasta 3 meses, la creación de 8 plazas para la implementación y operación del SILC. Estas plazas serán inicialmente mediante la modalidad de proyectos especiales y serán cubiertas por un período de un año, hasta que puedan ser asignadas plazas ordinarias.",4.732559715979733,1327,99,1426,open_ended,99.35227272727279,59.9,109.9,3866.5443892045455,3866.4375,3866.546875,97.41666666666667,66.0,100.0,31708.0,31708.0,31708.0
0,DeepSeek-R1-Distill-Qwen-14B-F16,316,"La secretaria en el CNDTCG brinda soporte administrativo y logístico a la Dirección General y al equipo técnico para asegurar el funcionamiento ordenado de los procesos internos y la fluidez en la comunicación. Sus responsabilidades principales incluyen organizar la agenda, coordinar reuniones y eventos, colabora en la elaboración y formato de informes y otras tareas administrativas.","</think>

No se menciona el rol de la secretaria en el contexto proporcionado.",1.1074204870965334,1351,19,1370,open_ended,93.46363636363635,20.0,109.8,3866.536931818182,3866.4375,3866.546875,98.8,98.0,99.0,31708.0,31708.0,31708.0
0,DeepSeek-R1-Distill-Qwen-14B-F16,269,"El área de Gestión de Bases de Datos en el CNDTCG es responsable del diseño, mantenimiento, consolidación y análisis de los sistemas de información que contienen los datos clínicos, administrativos y operativos del centro.

Sus funciones principales incluyen:
Crear y mantener bases de datos estructuradas para almacenar y procesar información de tamizaje, endoscopía, consulta externa, procedimientos quirúrgicos y seguimiento clínico.
Validar, depurar y actualizar los datos, asegurando el control de calidad.
Generar reportes e informes analíticos para la toma de decisiones estratégicas, evaluación de desempeño y monitoreo de indicadores clave.
Garantizar la seguridad, confidencialidad y resguardo de información sensible mediante controles de acceso y rutinas de respaldo.","</think>

El área de gestión de bases de datos en el CNDTCG tiene la función de administrar e integrar información clave relacionada con los procesos asistenciales, técnicos y administrativos del centro. Esto incluye el manejo de datos necesarios para la implementación de programas de tamizaje, diagnóstico temprano y seguimiento clínico de pacientes con patologías gastrointestinales. Además, esta área contribuye a la estandarización, trazabilidad y calidad de las actividades desarrolladas en el centro, asegurando la coherencia operativa y la eficiencia en la prestación de servicios. También se encarga de apoyar la toma de decisiones basadas en datos y de garantizar la alineación con los principios y lineamientos estratégicos de la Caja Costarricense de Seguro Social.",7.7154101089108735,1363,186,1549,open_ended,99.10845070422546,69.9,109.8,3866.5453345070423,3866.4375,3866.546875,97.97368421052632,74.0,99.0,31708.0,31708.0,31708.0
0,DeepSeek-R1-Distill-Qwen-14B-F16,316,"La secretaria en el CNDTCG brinda soporte administrativo y logístico a la Dirección General y al equipo técnico para asegurar el funcionamiento ordenado de los procesos internos y la fluidez en la comunicación. Sus responsabilidades principales incluyen organizar la agenda, coordinar reuniones y eventos, colabora en la elaboración y formato de informes y otras tareas administrativas.","</think>

No se menciona el rol de la secretaria en el contexto proporcionado.",1.5038467489648608,1351,19,1370,open_ended,99.80714285714284,89.9,109.8,3868.3058035714284,3866.4375,3869.890625,97.42857142857143,89.0,100.0,31708.0,31708.0,31708.0
0,DeepSeek-R1-Distill-Qwen-14B-F16,255,"Planificación y seguimiento: Elaborar y actualizar el Plan Anual Operativo, establecer metas medibles y realizar el seguimiento sistemático de los indicadores clínicos y administrativos.
Gestión de la calidad: Liderar la mejora continua mediante el análisis de brechas, auditorías técnicas, evaluaciones internas y la formulación de acciones correctivas y preventivas.
Análisis avanzado de datos y costeo: Implementar herramientas de Big Data, Minería de Datos e Inteligencia de Negocios (BI) para orientar decisiones estratégicas, además de coordinar el costeo de servicios para evaluar la eficiencia y sostenibilidad económica.
Gestión de demanda y capacidad: Monitorear continuamente la demanda asistencial para formular requerimientos de talento humano, equipamiento e infraestructura, sirviendo como enlace técnico con instancias regionales y centrales de la CCSS.","</think>

El área de Planificación y Mejora Continua en el CNDTCG tiene funciones clave como la elaboración, revisión y actualización del Plan Anual Operativo, asegurando que las metas sean claras, medibles y pertinentes. Además, acompaña técnicamente a las unidades funcionales y programas del centro. También realiza el seguimiento sistemático de indicadores clínicos, administrativos e institucionales, y elabora informes técnicos que respaldan la toma de decisiones de la Dirección. Por otro lado, lidera procesos de mejora continua mediante la aplicación de metodologías de gestión de la calidad, análisis de brechas, auditorías técnicas, evaluaciones internas y formulación de planes correctivos.",6.824051866889931,1472,162,1634,open_ended,99.49047619047629,49.9,109.9,3870.3927951388887,3870.28515625,3870.39453125,98.78787878787878,98.0,99.0,31708.0,31708.0,31708.0
0,DeepSeek-R1-Distill-Qwen-14B-F16,262,"Macroproceso Sustantivo de Atención de la Salud: Es su eje principal, participando en la promoción de la salud, prevención secundaria, recuperación y rehabilitación mediante programas de tamizaje, diagnóstico temprano, tratamiento quirúrgico y seguimiento clínico.
Macroprocesos Estratégicos: Se articula funcionalmente en gestión de la salud, planificación estratégica, aseguramiento de la calidad asistencial e investigación en salud.
Macroprocesos de Apoyo: Se apoya en ellos para su operación en gestión de talento humano, abastecimiento de insumos y materiales, mantenimiento de infraestructura, soporte tecnológico e informático, y gestión administrativa y financiera.","</think>

El CNDTCG opera alineado con el Mapa de Procesos Institucionales de la CCSS, contribuyendo específicamente al Macroproceso Sustantivo de Atención de la Salud. Se enfoca en áreas como promoción de salud, prevención secundaria, recuperación y rehabilitación, mediante programas de tamizaje, diagnóstico temprano, tratamiento quirúrgico y seguimiento clínico de personas con patologías gastrointestinales. Esta alineación asegura la estandarización, coherencia técnica y alineación con la normativa institucional de la CCSS, permitiendo una evaluación continua y mejora de sus servicios.",8.124412984005176,1419,155,1574,open_ended,100.47066666666677,99.8,109.8,3871.7449479166667,3870.28515625,3873.2109375,98.825,98.0,100.0,31708.0,31708.0,31708.0
0,DeepSeek-R1-Distill-Qwen-14B-F16,302,"Los principales logros del Centro Nacional de Detección Temprana de Cáncer Gastrointestinal (CNDTCG) comprenden:
    Creación de un modelo único de Programa de Tamizaje Gástrico y Colorrectal.
    Liderazgo regional: Convertirse en el único país de la región y uno de los tres de Latinoamérica con un programa organizado de tamizaje de cáncer colorrectal.
    Efectividad en diagnóstico oportuno: Lograr la detección de más del 50% de cáncer temprano de colon.","</think>

El CNDTCG ha logrado fortalecer la estandarización, trazabilidad, eficiencia y calidad de sus actividades mediante la implementación de herramientas de información y modelos de coordinación interinstitucional. Esto ha permitido mejorar la gestión operativa, promover la calidad en la atención y asegurar una toma de decisiones basada en evidencia. Además, ha contribuido al cumplimiento de los objetivos estratégicos del centro, mejorando la atención en promoción de salud, prevención secundaria, recuperación y rehabilitación de pacientes con patologías gastrointestinales.",5.887039637076668,1213,135,1348,open_ended,99.99074074074085,89.9,109.8,3873.208912037037,3873.1015625,3873.2109375,98.72413793103448,98.0,99.0,31708.0,31708.0,31708.0
0,DeepSeek-R1-Distill-Qwen-14B-F16,282,"Según la norma, las prevenciones para el cáncer colorrectal se orientan a los siguientes aspectos:

    Prevención primaria: Se orienta a mejorar los estilos de vida y atender los factores de riesgo identificados en las personas.
    Prevención secundaria: Se orienta a las actividades de tamizaje para la detección temprana del cáncer colorrectal, las cuales se basan en la categorización del riesgo de la población (riesgo promedio y riesgo aumentado).","</think>

Las prevenciones primaria y secundaria para el tamizaje de cáncer colorrectal se orientan a detectar precozmente la enfermedad mediante pruebas de tamizaje, como la prueba FIT (Fecal Immunological Test), que identifica sangre oculta en las heces. Esto permite早期发现病变，从而实现早期诊断和治疗，降低死亡率并提高患者生存率。",7.248728488106281,903,90,993,open_ended,99.52000000000011,20.0,109.8,3873.209375,3873.1015625,3873.2109375,98.91666666666667,96.0,100.0,31708.0,31708.0,31708.0
0,DeepSeek-R1-Distill-Qwen-14B-F16,256,"La Resección Submucosa Endoscópica (ESD) es una técnica endoscópica avanzada y de mínima invasión que permite resecar lesiones en bloque con precisión de margen y profundidad, especialmente en estómago y colon.
Su importancia radica en que ofrece una alternativa terapéutica  para tratar lesiones en etapa temprana que no pueden abordarse mediante polipectomía convencional. La ESD evita cirugías mayores invasivas, reduce los tiempos de recuperación, disminuye los costos de atención y mejora la calidad de vida de los pacientes.","</think>

La Resección Submucosa Endoscópica (ESD) es un procedimiento minimamente invasivo utilizado para resecar lesiones neoplásicas superficiales del tracto gastrointestinal. Es importante en el tratamiento del cáncer gastrointestinal ya que permite la resección de lesiones premalignas, como metaplasia, displasia de bajo grado y displasia de alto grado (Cáncer in Situ), con un costo significativamente menor en comparación con el tratamiento de etapas avanzadas o intervenciones quirúrgicas. Este método contribuye a reducir el costo de atención y mejora los resultados clínicos al tratar lesiones tempranas, evitando el desarrollo de enfermedades más graves.",7.302534037968144,1411,164,1575,open_ended,100.25223880597025,89.9,109.9,3873.2093050373132,3873.1015625,3873.2109375,98.25,77.0,100.0,31708.0,31708.0,31708.0
0,DeepSeek-R1-Distill-Qwen-14B-F16,254,"El CNDTCG actúa como el ente rector y articulador de los programas de tamizaje de cáncer gástrico y colorrectal a nivel nacional. Su rol como coordinador nacional implica:

Captación estructurada: Asumir directamente la invitación y convocatoria de la población objetivo (50 a 74 años) a través de la adscripción en el EDUS.
Coordinación de la red: Gestionar la disponibilidad de cupos con laboratorios clínicos (para pruebas FIT) y servicios de imagenología (para Series Gastroduodenales) en el primer y segundo nivel.
Seguimiento y trazabilidad: Monitorear activamente la lectura de imágenes, el agendamiento de endoscopías, los resultados de biopsias y la derivación a tratamiento quirúrgico u oncológico.
Estandarización y apoyo técnico: Definir rutas clínicas, protocolos estandarizados y brindar asistencia técnica a los establecimientos de la red de la CCSS para asegurar un acceso oportuno y equitativo.","</think>

El CNDTCG actúa como coordinador nacional de los programas de tamizaje, integrando y articulando la red de servicios de salud institucional para garantizar la implementación estandarizada de estrategias de captación, diagnóstico, tratamiento y seguimiento en todo el país. Enfocado en la detección temprana de cáncer gástrico y colorrectal en población asintomática, articula la red de servicios para su ejecución nacional progresiva. Además, opera programas clínicos y quirúrgicos especializados para atención de personas con patologías gastrointestinales, tanto derivadas de los programas de tamizaje como referidas por otros niveles de atención. Su función incluye la verificación del cumplimiento del Manual de Gestión, asegurando la correcta aplicación de lineamientos clínicos y normativos, y contribuyendo al Macroproceso Sustantivo de Atención de la Salud de la CCSS.",9.158649842021987,1420,218,1638,open_ended,99.93452380952388,79.9,109.9,3873.2096354166665,3873.1015625,3873.2109375,98.55555555555556,97.0,99.0,31708.0,31708.0,31708.0
0,DeepSeek-R1-Distill-Qwen-14B-F16,307,"El acceso al sistema ARCA-Patología busca permitir que el Centro Nacional de Detección Temprana de Cáncer Gastrointestinal (CNDTCG) consulte de forma masiva los resultados de las biopsias de pacientes sometidos a endoscopias por tamizaje.
Este mecanismo es trascendental para:

    Tomar acciones clínicas adecuadas y oportunas sobre los pacientes.
    Evaluar el desempeño de los programas de tamizaje en la detección de lesiones premalignas y cáncer en etapas tempranas o avanzadas.","</think>

No se encuentra información específica sobre el acuerdo propuesto para el acceso a ARCA-Patología en el contexto proporcionado.",3.78231856203638,1243,28,1271,open_ended,97.92162162162168,10.0,109.8,3873.2079814189187,3873.1015625,3873.2109375,97.47368421052632,67.0,100.0,31708.0,31708.0,31708.0
0,DeepSeek-R1-Distill-Qwen-14B-F16,266,"La Unidad de Investigación en Salud (UIS) lidera el diseño, ejecución y gestión de procesos de investigación científica en el CNDTCG. Su papel principal es generar evidencia útil para fortalecer la toma de decisiones clínicas, administrativas y estratégicas, formulando investigación para los programas de tamizaje poblacional, la detección temprana, la eficiencia de recursos y los desenlaces clínicos del cáncer gastrointestinal.
Sus funciones clave incluyen:

Elaboración y gestión: Diseñar protocolos de investigación y gestionar avales éticos e institucionales.
Coordinación interinstitucional: Articular proyectos con servicios clínicos internos, universidades, centros de investigación y entidades financiadoras.
Desarrollo académico: Fomentar la cultura investigativa, la educación continua y la divulgación de resultados mediante publicaciones científicas.
Mejora continua: Colaborar con las áreas de Planificación y Mejora Continua para transformar datos en innovación y aprendizaje institucional.","</think>

La Unidad de Investigación en Salud (UIS) del CNDTCG tiene un papel fundamental en la investigación continua de cáncer gástrico y colorrectal. Ella debe liderar esfuerzos en la generación de evidencia, desarrollo institucional y comunicación formal con el establecimiento de origen. Además, la UIS juega un rol central en la articulación de la red de servicios de salud institucional, asegurando la implementación estandarizada de estrategias de captación, diagnóstico, tratamiento y seguimiento en todo el país. Su fortalecimiento es esencial para la efectividad de los programas del CNDTCG.",6.680198310059495,1208,147,1355,open_ended,99.33064516129039,39.9,109.8,3873.2091733870966,3873.1015625,3873.2109375,98.27272727272727,80.0,100.0,31708.0,31708.0,31708.0
0,DeepSeek-R1-Distill-Qwen-14B-F16,266,"La Unidad de Investigación en Salud (UIS) lidera el diseño, ejecución y gestión de procesos de investigación científica en el CNDTCG. Su papel principal es generar evidencia útil para fortalecer la toma de decisiones clínicas, administrativas y estratégicas, formulando investigación para los programas de tamizaje poblacional, la detección temprana, la eficiencia de recursos y los desenlaces clínicos del cáncer gastrointestinal.
Sus funciones clave incluyen:

Elaboración y gestión: Diseñar protocolos de investigación y gestionar avales éticos e institucionales.
Coordinación interinstitucional: Articular proyectos con servicios clínicos internos, universidades, centros de investigación y entidades financiadoras.
Desarrollo académico: Fomentar la cultura investigativa, la educación continua y la divulgación de resultados mediante publicaciones científicas.
Mejora continua: Colaborar con las áreas de Planificación y Mejora Continua para transformar datos en innovación y aprendizaje institucional.","</think>

La Unidad de Investigación en Salud (UIS) del CNDTCG tiene un papel fundamental en la investigación continua de cáncer gástrico y colorrectal. Ella debe liderar esfuerzos en la generación de evidencia, el desarrollo de metodologías institucionales y la comunicación formal con el establecimiento de origen. Además, la UIS juega un rol central en la articulación de la red de servicios de salud, asegurando la implementación estandarizada de estrategias de captación, diagnóstico, tratamiento y seguimiento en todo el país. Su fortalecimiento es esencial para el éxito de los programas del CNDTCG.",10.08696240000427,1208,149,1357,open_ended,99.18556701030928,20.0,109.8,3873.2098099226805,3873.1015625,3873.2109375,97.80392156862744,69.0,99.0,31708.0,31708.0,31708.0
0,DeepSeek-R1-Distill-Qwen-14B-F16,283,"Para la solicitud de una colonoscopia en las referencias de tamizaje de cáncer colorrectal, se debe incluir la siguiente información mínima requerida:
a) Edad.
b) Antecedentes heredofamiliares de cáncer colorrectal de primer grado (madre, padre, hermanos, hijos).
c) Antecedentes patológicos personales.
d) Uso de anticoagulantes.
e) Antecedentes quirúrgicos.
f) En caso de cirugía previa por cáncer colorrectal, indicar las fechas de la cirugía y de la última colonoscopia.
g) Indicar la fecha de la prueba SOHi (sangre oculta en heces por método inmunoquímico) positiva.","</think>

Para la solicitud de una colonoscopia, se necesita la siguiente información mínima:

1. **Identificación del paciente**: Nombre, apellido, edad, sexo, número de seguro o identificación médica.
2. **Motivo de la consulta**: Razones médicas que llevan a solicitar la colonoscopia, como síntomas (dolor abdominal, sangrado, cambios en el hábito intestinal) o resultados de pruebas previas.
3. **Antecedentes médicos**: Historial médico, cirúrgico,过敏史, y uso actual de medicamentos.
4. **Resultados de pruebas preliminares**: Como la prueba fecal inmunoquímica (FIT) o estudios de imagen.
5. **Indicaciones específicas**: Si se detectaron pólipos o alteraciones en estudios previos.
6. **Documentación médica**: Consentimiento informado firmado por el paciente y el profesional.

Esta información asegura que el procedimiento se realice de manera adecuada y segura.",9.556324032950215,1343,220,1563,open_ended,99.35454545454553,69.9,99.9,3873.2096946022725,3873.1015625,3873.2109375,97.58333333333333,49.0,100.0,31708.0,31708.0,31708.0
0,DeepSeek-R1-Distill-Qwen-14B-F16,306,"El acuerdo propuesto instruye a las Gerencias Médica, Administrativa y Financiera a gestionar, en un plazo no mayor a tres meses, por un período de un año (mientras se aprueban como plazas ordinarias), la creación de 8 plazas necesarias para la implementación y operación del Sistema Integrado de Laboratorios Clínicos (SILC).
Las plazas requeridas están conformadas por:

    1 plaza MQC3 (Especialista en calidad)
    2 plazas MQC2
    5 plazas de Analistas de Sistemas 4 en TIC

El objetivo es asegurar el recurso humano técnico especializado para la dirección, soporte ininterrumpido (24/7) y sostenibilidad de la plataforma informática que procesará las pruebas del programa de tamizaje.","</think>

El acuerdo propuesto para las plazas del SILC instruye a las gerencias Médica, Administrativa y Financiera para gestionar, en un plazo no mayor a 3 meses, mediante modalidad de proyectos especiales, las 8 plazas requeridas para la implementación y operación del SILC. Estas plazas serán por un año, hasta que se doten de manera ordinaria.",5.479494664934464,1327,93,1420,open_ended,98.65192307692315,49.9,109.8,3873.2088341346152,3873.1015625,3873.2109375,98.81481481481481,94.0,100.0,31708.0,31708.0,31708.0
0,DeepSeek-R1-Distill-Qwen-14B-F16,231,"Aunque la incidencia del cáncer colorrectal es mayor que la del cáncer de estómago, la mortalidad del cáncer de estómago es proporcionalmente más alta (12,68 muertes por 100.000 habitantes frente a 9,28 en colon y 3,25 en recto).
Esta mayor tasa proporcional de mortalidad sugiere que el cáncer de estómago es una enfermedad potencialmente más letal o que suele diagnosticarse en etapas más avanzadas en comparación con los cánceres colorrectales.","</think>

La mortalidad del cáncer de estómago es proporcionalmente más alta que la de los cánceres colorrectales, a pesar de que su incidencia es menor, debido a que el cáncer de estómago tiende a diagnosticarse en etapas más avanzadas, lo que lo hace más letal. Además, las tasas de mortalidad por cáncer de estómago son significativamente más altas en hombres que en mujeres, lo que sugiere una diferencia en la detección y tratamiento en este grupo poblacional.",6.914862080011517,1623,122,1745,open_ended,99.49538461538472,69.9,109.8,3873.209254807692,3873.1015625,3873.2109375,98.79411764705883,94.0,99.0,31708.0,31708.0,31708.0
0,DeepSeek-R1-Distill-Qwen-14B-F16,268,"El indicador de cobertura de población objetivo en los programas de tamizaje de cáncer gástrico y colorrectal mide el porcentaje de personas de 50 a 74 años tamizadas con respecto a la población estimada en ese grupo.
Fórmula: (Número de personas tamizadas / Población objetivo entre 50-74 años) × 100.
Periodicidad: Trimestral.
Fuentes de datos: SIAC / SIES / Plataforma de Tamizaje.
Responsables: Coordinación de Programa / Área de Planificación.","</think>

El indicador de cobertura de población objetivo en los programas de tamizaje mide el porcentaje de personas entre 50-74 años que han sido tamizadas respecto a la población estimada en ese rango. Se calcula como (Número de personas tamizadas / Población objetivo entre 50-74 años) × 100. Los datos se obtienen de sistemas como SIAC, SIES y la Plataforma de Tamizaje, con una periodicidad trimestral. Es responsabilidad de la Coordinación de Programa y el Área de Planificación.",6.869301844039001,1398,130,1528,open_ended,98.72769230769242,0.0,109.8,3873.209254807692,3873.1015625,3873.2109375,97.02857142857142,52.0,100.0,31708.0,31708.0,31708.0
0,DeepSeek-R1-Distill-Qwen-14B-F16,312,"La interoperabilidad de los sistemas de información es crucial para garantizar la trazabilidad continua del paciente a lo largo de todas las etapas del tamizaje: desde la captación e invitación inicial, el registro de pruebas (FIT y SGD), el agendamiento y hallazgos endoscópicos, hasta los resultados histopatológicos de biopsias y tratamientos.
La falta de integración fragmenta la información en sistemas independientes e impide un flujo automatizado de datos.","</think>

La interoperabilidad de los sistemas de información como SIAC, SIES, ARCA, SILC, Imágenes Médicas y SIFA es esencial para la trazabilidad de los pacientes en los programas de tamizaje. Estos sistemas permiten una comunicación y un intercambio de datos estandarizados, asegurando que la información médica de los pacientes sea accesible, completa y actualizada en todos los niveles del sistema de salud. Esto facilita el seguimiento continuo de los pacientes, desde el tamizaje inicial hasta el diagnóstico, tratamiento y seguimiento posterior.

La falta de integración entre estos sistemas puede generar gaps en la información, lo que afecta la operatividad del Plan de Abordaje Integral. Sin una interoperabilidad adecuada, los profesionales de salud enfrentan dificultades para acceder a datos completos y actualizados, lo que puede conducir a errores en el diagnóstico, retrasos en el tratamiento y una disminución de la efectividad de los programas de tamizaje. Además, la ausencia de un sistema centralizado como SILC puede aumentar los riesgos de pérdida o inaccesibilidad de datos, comprometiendo la trazabilidad y la calidad de los servicios prestados.",11.175770448055118,1299,267,1566,open_ended,99.23106796116497,29.9,109.8,3873.2137818567962,3873.10546875,3873.21484375,98.23214285714286,90.0,99.0,31708.0,31708.0,31708.0
0,DeepSeek-R1-Distill-Qwen-14B-F16,310,"El manejo posterior a un tratamiento curativo de cáncer colorrectal comprende vigilancia clínica, junto con vigilancia endoscópica para la detección de CCR metacrónico o recurrente.
    Sin colonoscopia preoperatoria completa: Se debe realizar una colonoscopia en los primeros 6 meses posteriores al tratamiento.
    Con colonoscopia preoperatoria completa (o tras el estudio de los 6 meses):
        Colonoscopia al 1 año de la cirugía o resección.
        Colonoscopia a los 3 años de la previa.
        Colonoscopia a los 5 años de la previa.","</think>

El manejo posterior a un tratamiento curativo de CCR incluye una vigilancia clínica y endoscópica. Se recomienda una colonoscopia de vigilancia después de la resección quirúrgica o endoscópica con intención curativa. Esta colonoscopia tiene como objetivo detectar recurrencias o metástasis, mejorando la reducción de morbilidad y mortalidad por cáncer colorrectal. Además, se realiza un control bioquímico y de imágenes correspondiente, y se programa una vigilancia estructurada periódica según el riesgo clínico del paciente.",7.416265478008427,1516,137,1653,open_ended,99.09428571428582,20.0,109.8,3873.21328125,3873.10546875,3873.21484375,98.56756756756756,84.0,100.0,31708.0,31708.0,31708.0
1,DeepSeek-R1-Distill-Qwen-14B-F16,59,No,no,2.892126283957623,965,51,1016,yes_no,99.44074074074076,89.9,109.8,3873.959056712963,3873.109375,3874.17578125,99.0,98.0,100.0,31708.0,31708.0,31708.0
1,DeepSeek-R1-Distill-Qwen-14B-F16,83,Sí,sí,1.3779372719582172,1361,10,1371,yes_no,100.58461538461536,89.9,109.8,3874.7049278846152,3874.0703125,3875.9140625,99.0,98.0,100.0,31708.0,31708.0,31708.0
1,DeepSeek-R1-Distill-Qwen-14B-F16,23,No,sí,0.6999309160746634,1098,10,1108,yes_no,94.11428571428571,49.9,109.8,3876.8995535714284,3875.8125,3877.66015625,90.66666666666667,75.0,99.0,31708.0,31708.0,31708.0
1,DeepSeek-R1-Distill-Qwen-14B-F16,75,No,no,1.8547371599124745,1488,37,1525,yes_no,95.92777777777775,10.0,109.9,3879.0069444444443,3877.5546875,3879.3984375,91.3,60.0,99.0,31708.0,31708.0,31708.0
1,DeepSeek-R1-Distill-Qwen-14B-F16,11,Sí,sí,0.5803077629534529,1463,5,1468,yes_no,86.53333333333335,39.9,99.9,3880.2610677083335,3879.30078125,3881.1484375,83.33333333333333,53.0,99.0,31708.0,31708.0,31708.0
1,DeepSeek-R1-Distill-Qwen-14B-F16,42,Sí,no,2.343900002073497,1402,51,1453,yes_no,97.54090909090907,49.9,109.8,3882.6452414772725,3881.04296875,3882.88671875,98.72727272727273,98.0,99.0,31708.0,31708.0,31708.0
1,DeepSeek-R1-Distill-Qwen-14B-F16,47,Sí,sí,0.7583597389748321,1401,10,1411,yes_no,95.58571428571427,89.9,99.9,3883.8683035714284,3882.78125,3884.62890625,91.25,69.0,99.0,31708.0,31708.0,31708.0
1,DeepSeek-R1-Distill-Qwen-14B-F16,33,No,no,0.6755836530355738,1380,8,1388,yes_no,88.41428571428571,20.0,99.9,3885.6082589285716,3884.5234375,3886.3671875,98.66666666666667,98.0,99.0,31708.0,31708.0,31708.0
1,DeepSeek-R1-Distill-Qwen-14B-F16,95,No,no,0.6793202090775595,1405,8,1413,yes_no,89.84285714285714,30.0,99.9,3886.35546875,3886.26171875,3886.37109375,98.66666666666667,98.0,99.0,31708.0,31708.0,31708.0
1,DeepSeek-R1-Distill-Qwen-14B-F16,56,Sí,sí,0.5924907540902495,1520,5,1525,yes_no,89.88333333333334,59.9,109.8,3886.3528645833335,3886.26171875,3886.37109375,95.66666666666667,92.0,99.0,31708.0,31708.0,31708.0
1,DeepSeek-R1-Distill-Qwen-14B-F16,72,Sí,sí,0.7601696619531141,1415,10,1425,yes_no,84.875,0.0,109.9,3886.357421875,3886.26171875,3886.37109375,98.66666666666667,98.0,99.0,31708.0,31708.0,31708.0
1,DeepSeek-R1-Distill-Qwen-14B-F16,53,Sí,no,2.3691224260255694,1476,51,1527,yes_no,97.54999999999997,69.9,99.9,3886.366122159091,3886.26171875,3886.37109375,98.9090909090909,98.0,99.0,31708.0,31708.0,31708.0
1,DeepSeek-R1-Distill-Qwen-14B-F16,93,No,no,0.6816788170253859,1403,8,1411,yes_no,88.41428571428571,29.9,99.9,3886.35546875,3886.26171875,3886.37109375,98.66666666666667,98.0,99.0,31708.0,31708.0,31708.0
1,DeepSeek-R1-Distill-Qwen-14B-F16,88,No,no,0.835515724029392,1864,8,1872,yes_no,101.07499999999999,89.9,109.8,3886.357421875,3886.26171875,3886.37109375,98.0,96.0,99.0,31708.0,31708.0,31708.0
1,DeepSeek-R1-Distill-Qwen-14B-F16,47,Sí,sí,0.7557397859636694,1401,10,1411,yes_no,96.98571428571428,89.9,99.9,3886.35546875,3886.26171875,3886.37109375,98.66666666666667,98.0,99.0,31708.0,31708.0,31708.0
1,DeepSeek-R1-Distill-Qwen-14B-F16,109,No,no,0.6986717480467631,1466,8,1474,yes_no,94.11428571428571,49.9,109.8,3886.35546875,3886.26171875,3886.37109375,85.0,62.0,99.0,31708.0,31708.0,31708.0
1,DeepSeek-R1-Distill-Qwen-14B-F16,58,Sí,sí,0.9234284489648416,1238,15,1253,yes_no,98.69999999999999,59.9,129.8,3886.362847222222,3886.265625,3886.375,98.0,97.0,99.0,31708.0,31708.0,31708.0
1,DeepSeek-R1-Distill-Qwen-14B-F16,45,No,no,0.6702345269732177,1346,8,1354,yes_no,87.0,20.0,99.9,3886.359375,3886.265625,3886.375,95.0,89.0,98.0,31708.0,31708.0,31708.0
1,DeepSeek-R1-Distill-Qwen-14B-F16,18,Sí,sí,0.8844842669786884,1672,10,1682,yes_no,92.06666666666666,20.0,109.8,3886.362847222222,3886.265625,3886.375,92.75,77.0,99.0,31708.0,31708.0,31708.0
1,DeepSeek-R1-Distill-Qwen-14B-F16,105,No,no,0.6424576640129089,1198,8,1206,yes_no,104.81666666666666,99.8,109.9,3886.3567708333335,3886.265625,3886.375,86.0,62.0,99.0,31708.0,31708.0,31708.0
1,DeepSeek-R1-Distill-Qwen-14B-F16,84,Sí,sí,0.7576400099787861,1392,10,1402,yes_no,101.24285714285713,99.8,109.9,3886.359375,3886.265625,3886.375,97.66666666666667,97.0,98.0,31708.0,31708.0,31708.0
1,DeepSeek-R1-Distill-Qwen-14B-F16,59,No,no,2.212091825902462,965,51,1016,yes_no,97.43333333333331,20.0,109.9,3886.3697916666665,3886.265625,3886.375,96.81818181818181,87.0,98.0,31708.0,31708.0,31708.0
1,DeepSeek-R1-Distill-Qwen-14B-F16,81,No,no,2.342689190991223,1391,51,1442,yes_no,99.35454545454544,59.9,109.9,3886.370028409091,3886.265625,3886.375,98.36363636363636,93.0,99.0,31708.0,31708.0,31708.0
1,DeepSeek-R1-Distill-Qwen-14B-F16,112,No,no,0.73560208408162,1253,8,1261,yes_no,101.25714285714285,89.9,109.8,3886.359375,3886.265625,3886.375,98.66666666666667,98.0,99.0,31708.0,31708.0,31708.0
1,DeepSeek-R1-Distill-Qwen-14B-F16,4,Sí,sí,1.1107750819064677,1991,10,2001,yes_no,95.28181818181817,49.9,109.8,3886.365056818182,3886.265625,3886.375,95.0,80.0,99.0,31708.0,31708.0,31708.0
1,DeepSeek-R1-Distill-Qwen-14B-F16,41,Sí,sí,0.8963339609326794,1505,10,1515,yes_no,92.06666666666665,39.9,109.8,3886.362847222222,3886.265625,3886.375,98.75,98.0,99.0,31708.0,31708.0,31708.0
1,DeepSeek-R1-Distill-Qwen-14B-F16,120,No,no,0.7892104299971833,1421,8,1429,yes_no,91.1,39.9,99.9,3886.361328125,3886.265625,3886.375,92.5,74.0,99.0,31708.0,31708.0,31708.0
1,DeepSeek-R1-Distill-Qwen-14B-F16,31,Sí,sí,0.9033492229646073,1527,10,1537,yes_no,95.37777777777777,49.9,109.8,3886.362847222222,3886.265625,3886.375,88.2,52.0,99.0,31708.0,31708.0,31708.0
1,DeepSeek-R1-Distill-Qwen-14B-F16,43,No,no,0.8155718549387528,1523,8,1531,yes_no,94.82499999999999,69.9,99.8,3886.361328125,3886.265625,3886.375,98.66666666666667,98.0,99.0,31708.0,31708.0,31708.0
1,DeepSeek-R1-Distill-Qwen-14B-F16,10,Sí,sí,0.6417006239062176,830,10,840,yes_no,99.83333333333333,89.9,109.8,3886.3567708333335,3886.265625,3886.375,98.66666666666667,98.0,99.0,31708.0,31708.0,31708.0
1,DeepSeek-R1-Distill-Qwen-14B-F16,89,Sí,no,0.7538932909956203,1324,8,1332,yes_no,92.35,10.0,129.8,3887.234375,3886.26953125,3888.1171875,88.25,59.0,99.0,31708.0,31708.0,31708.0
1,DeepSeek-R1-Distill-Qwen-14B-F16,26,No,no,0.5648048440925777,1253,4,1257,yes_no,86.53333333333335,30.0,99.9,3888.1028645833335,3888.01171875,3888.12109375,91.0,76.0,99.0,31708.0,31708.0,31708.0
1,DeepSeek-R1-Distill-Qwen-14B-F16,112,No,no,0.7226404150715099,1253,8,1261,yes_no,98.39999999999999,69.9,109.8,3888.10546875,3888.01171875,3888.12109375,98.0,97.0,99.0,31708.0,31708.0,31708.0
1,DeepSeek-R1-Distill-Qwen-14B-F16,76,Sí,sí,0.7600064229918645,1080,10,1090,yes_no,89.83749999999999,0.0,109.9,3888.48583984375,3888.01171875,3888.7265625,97.66666666666667,96.0,99.0,31708.0,31708.0,31708.0
1,DeepSeek-R1-Distill-Qwen-14B-F16,76,Sí,sí,0.20317081303801388,1080,5,1085,yes_no,89.9,79.9,99.9,3888.671875,3888.6171875,3888.7265625,,,,31708.0,31708.0,31708.0
1,DeepSeek-R1-Distill-Qwen-14B-F16,80,No,no,0.9602004130138085,1882,8,1890,yes_no,97.61111111111109,89.9,99.9,3888.714409722222,3888.6171875,3888.7265625,95.25,86.0,99.0,31708.0,31708.0,31708.0
1,DeepSeek-R1-Distill-Qwen-14B-F16,79,Sí,sí,0.9903452980797738,1199,15,1214,yes_no,94.82999999999998,20.0,109.9,3888.715625,3888.6171875,3888.7265625,92.8,73.0,99.0,31708.0,31708.0,31708.0
1,DeepSeek-R1-Distill-Qwen-14B-F16,109,No,no,0.7090924840886146,1466,8,1474,yes_no,96.97142857142856,69.9,109.8,3888.7109375,3888.6171875,3888.7265625,98.0,97.0,99.0,31708.0,31708.0,31708.0
1,DeepSeek-R1-Distill-Qwen-14B-F16,6,No,no,2.378005246981047,1459,51,1510,yes_no,99.35454545454544,79.9,109.9,3888.721590909091,3888.6171875,3888.7265625,98.0909090909091,97.0,99.0,31708.0,31708.0,31708.0
1,DeepSeek-R1-Distill-Qwen-14B-F16,24,No,no,0.6750681520206855,1371,8,1379,yes_no,89.85714285714286,30.0,109.8,3888.7109375,3888.6171875,3888.7265625,98.66666666666667,98.0,99.0,31708.0,31708.0,31708.0
1,DeepSeek-R1-Distill-Qwen-14B-F16,78,Sí,sí,0.7360519559588283,1307,10,1317,yes_no,98.39999999999999,79.9,109.8,3888.7109375,3888.6171875,3888.7265625,89.5,64.0,99.0,31708.0,31708.0,31708.0
1,DeepSeek-R1-Distill-Qwen-14B-F16,5,Sí,sí,0.7540854549733923,1384,10,1394,yes_no,99.82857142857142,99.8,99.9,3888.7109375,3888.6171875,3888.7265625,98.33333333333333,98.0,99.0,31708.0,31708.0,31708.0
1,DeepSeek-R1-Distill-Qwen-14B-F16,21,Sí,sí,0.7218124460196124,1227,10,1237,yes_no,98.39999999999999,69.9,109.8,3888.7109375,3888.6171875,3888.7265625,87.75,68.0,99.0,31708.0,31708.0,31708.0
1,DeepSeek-R1-Distill-Qwen-14B-F16,18,Sí,sí,0.8794583659619093,1672,10,1682,yes_no,88.73333333333332,10.0,99.9,3888.714409722222,3888.6171875,3888.7265625,85.8,54.0,99.0,31708.0,31708.0,31708.0
1,DeepSeek-R1-Distill-Qwen-14B-F16,38,Sí,no,0.7044849049998448,1495,8,1503,yes_no,91.27142857142857,49.9,99.9,3888.7109375,3888.6171875,3888.7265625,98.66666666666667,98.0,99.0,31708.0,31708.0,31708.0
1,DeepSeek-R1-Distill-Qwen-14B-F16,24,No,no,2.339089084067382,1371,51,1422,yes_no,97.54090909090907,49.9,99.9,3888.721590909091,3888.6171875,3888.7265625,98.9090909090909,98.0,99.0,31708.0,31708.0,31708.0
1,DeepSeek-R1-Distill-Qwen-14B-F16,21,Sí,sí,0.7172712690662593,1227,10,1237,yes_no,95.54285714285713,69.9,99.9,3888.7109375,3888.6171875,3888.7265625,98.66666666666667,98.0,99.0,31708.0,31708.0,31708.0
1,DeepSeek-R1-Distill-Qwen-14B-F16,63,Sí,sí,0.745945304981433,1370,10,1380,yes_no,99.82857142857142,99.8,99.9,3888.7109375,3888.6171875,3888.7265625,89.33333333333333,71.0,99.0,31708.0,31708.0,31708.0
1,DeepSeek-R1-Distill-Qwen-14B-F16,74,No,no,2.3509501500520855,1427,51,1478,yes_no,98.00454545454545,59.9,99.9,3890.2194602272725,3888.6171875,3890.4609375,95.91666666666667,63.0,99.0,31708.0,31708.0,31708.0
1,DeepSeek-R1-Distill-Qwen-14B-F16,11,Sí,sí,0.573342869989574,1463,5,1468,yes_no,88.16666666666667,30.0,99.8,3891.3157552083335,3890.35546875,3892.203125,92.66666666666667,85.0,99.0,31708.0,31708.0,31708.0
1,DeepSeek-R1-Distill-Qwen-14B-F16,41,Sí,sí,0.7781384579138829,1505,10,1515,yes_no,91.08749999999999,20.0,109.8,3893.27734375,3892.09765625,3893.94140625,94.5,91.0,99.0,31708.0,31708.0,31708.0
1,DeepSeek-R1-Distill-Qwen-14B-F16,46,Sí,sí,0.5380335520021617,1305,5,1310,yes_no,101.84,89.9,109.9,3894.61875,3893.8359375,3895.68359375,83.5,68.0,99.0,31708.0,31708.0,31708.0
1,DeepSeek-R1-Distill-Qwen-14B-F16,109,No,no,0.6916646530153229,1466,8,1474,yes_no,92.7142857142857,49.9,109.8,3896.6629464285716,3895.578125,3897.421875,98.66666666666667,98.0,99.0,31708.0,31708.0,31708.0
1,DeepSeek-R1-Distill-Qwen-14B-F16,100,No,no,0.31278170098084956,604,4,608,yes_no,96.53333333333335,89.9,99.9,3898.5481770833335,3897.31640625,3899.1640625,98.0,98.0,98.0,31708.0,31708.0,31708.0
1,DeepSeek-R1-Distill-Qwen-14B-F16,91,Sí,no,0.8268579950090498,1190,13,1203,yes_no,94.82499999999999,59.9,99.9,3900.23828125,3899.05859375,3900.90234375,95.25,85.0,99.0,31708.0,31708.0,31708.0
1,DeepSeek-R1-Distill-Qwen-14B-F16,22,No,no,0.8479044850682841,1881,8,1889,yes_no,104.82499999999999,99.8,119.9,3901.54833984375,3900.80078125,3902.6484375,98.25,97.0,99.0,31708.0,31708.0,31708.0
1,DeepSeek-R1-Distill-Qwen-14B-F16,37,No,no,0.6542641719570385,1284,8,1292,yes_no,84.15714285714286,0.0,109.8,3903.6277901785716,3902.54296875,3904.38671875,98.0,97.0,99.0,31708.0,31708.0,31708.0
1,DeepSeek-R1-Distill-Qwen-14B-F16,50,Sí,no,2.3527563309762627,1382,51,1433,yes_no,98.90454545454544,59.9,109.8,3905.886896306818,3904.28125,3906.12890625,95.58333333333333,71.0,99.0,31708.0,31708.0,31708.0
1,DeepSeek-R1-Distill-Qwen-14B-F16,114,No,no,0.5099408760434017,1347,4,1351,yes_no,99.84,79.9,119.8,3906.80859375,3906.02734375,3907.87109375,97.5,96.0,99.0,31708.0,31708.0,31708.0
1,DeepSeek-R1-Distill-Qwen-14B-F16,28,Sí,sí,0.7513158429646863,1356,10,1366,yes_no,99.8142857142857,99.8,99.9,3908.8526785714284,3907.765625,3909.61328125,97.66666666666667,96.0,99.0,31708.0,31708.0,31708.0
1,DeepSeek-R1-Distill-Qwen-14B-F16,67,Sí,sí,0.7112218530382961,1142,10,1152,yes_no,92.7,59.9,99.9,3910.5926339285716,3909.5078125,3911.3515625,97.66666666666667,96.0,99.0,31708.0,31708.0,31708.0
1,DeepSeek-R1-Distill-Qwen-14B-F16,111,No,no,2.3569656120380387,1380,51,1431,yes_no,98.89999999999999,49.9,109.9,3911.350497159091,3911.24609375,3911.35546875,95.66666666666667,71.0,99.0,31708.0,31708.0,31708.0
1,DeepSeek-R1-Distill-Qwen-14B-F16,103,No,no,0.6616671209922061,1357,8,1365,yes_no,88.41428571428571,20.0,109.8,3911.33984375,3911.24609375,3911.35546875,98.66666666666667,98.0,99.0,31708.0,31708.0,31708.0
1,DeepSeek-R1-Distill-Qwen-14B-F16,49,No,no,0.9111263069789857,1532,13,1545,yes_no,94.27777777777777,49.9,99.9,3911.347222222222,3911.25,3911.359375,96.25,91.0,99.0,31708.0,31708.0,31708.0
1,DeepSeek-R1-Distill-Qwen-14B-F16,11,Sí,sí,0.5762244219658897,1463,5,1468,yes_no,89.83333333333333,39.9,99.9,3911.3411458333335,3911.25,3911.359375,91.33333333333333,77.0,99.0,31708.0,31708.0,31708.0
1,DeepSeek-R1-Distill-Qwen-14B-F16,80,No,no,2.510912843979895,1882,51,1933,yes_no,96.48333333333333,10.0,109.9,3911.3548177083335,3911.25,3911.359375,95.15384615384616,66.0,99.0,31708.0,31708.0,31708.0
1,DeepSeek-R1-Distill-Qwen-14B-F16,3,Sí,no,2.317268682993017,1288,51,1339,yes_no,96.63636363636361,29.9,99.9,3911.370028409091,3911.265625,3911.375,98.9090909090909,98.0,99.0,31708.0,31708.0,31708.0
1,DeepSeek-R1-Distill-Qwen-14B-F16,106,No,no,0.857324509997852,1935,8,1943,yes_no,97.33749999999998,89.9,99.9,3911.365234375,3911.26953125,3911.37890625,98.66666666666667,98.0,99.0,31708.0,31708.0,31708.0
1,DeepSeek-R1-Distill-Qwen-14B-F16,65,No,sí,0.546282753930427,1374,5,1379,yes_no,84.85000000000001,10.0,99.9,3911.3606770833335,3911.26953125,3911.37890625,88.0,76.0,99.0,31708.0,31708.0,31708.0
1,DeepSeek-R1-Distill-Qwen-14B-F16,115,No,no,0.3941984670236707,1025,4,1029,yes_no,87.375,59.9,99.9,3911.3515625,3911.26953125,3911.37890625,99.0,99.0,99.0,31708.0,31708.0,31708.0
1,DeepSeek-R1-Distill-Qwen-14B-F16,65,No,sí,0.7484639630420135,1374,10,1384,yes_no,99.8142857142857,89.9,109.8,3911.36328125,3911.26953125,3911.37890625,98.66666666666667,98.0,99.0,31708.0,31708.0,31708.0
1,DeepSeek-R1-Distill-Qwen-14B-F16,19,No,no,0.6965696470579134,1467,8,1475,yes_no,91.28571428571426,49.9,99.9,3911.36328125,3911.26953125,3911.37890625,89.33333333333333,71.0,99.0,31708.0,31708.0,31708.0
1,DeepSeek-R1-Distill-Qwen-14B-F16,65,No,sí,0.5519534429768099,1374,5,1379,yes_no,84.88333333333334,20.0,109.8,3911.3606770833335,3911.26953125,3911.37890625,85.33333333333333,59.0,99.0,31708.0,31708.0,31708.0
1,DeepSeek-R1-Distill-Qwen-14B-F16,83,Sí,sí,0.7476528969127685,1361,10,1371,yes_no,99.82857142857142,89.9,109.8,3911.36328125,3911.26953125,3911.37890625,90.0,64.0,99.0,31708.0,31708.0,31708.0
1,DeepSeek-R1-Distill-Qwen-14B-F16,81,No,no,2.341820165049285,1391,51,1442,yes_no,98.44545454545454,49.9,109.8,3911.373934659091,3911.26953125,3911.37890625,96.08333333333333,65.0,99.0,31708.0,31708.0,31708.0
1,DeepSeek-R1-Distill-Qwen-14B-F16,99,Sí,sí,0.7311172150075436,1281,10,1291,yes_no,96.99999999999999,79.9,109.8,3911.36328125,3911.26953125,3911.37890625,98.66666666666667,98.0,99.0,31708.0,31708.0,31708.0
1,DeepSeek-R1-Distill-Qwen-14B-F16,67,Sí,sí,0.9037819280056284,1142,15,1157,yes_no,96.48888888888888,39.9,109.8,3911.366753472222,3911.26953125,3911.37890625,98.75,98.0,99.0,31708.0,31708.0,31708.0
1,DeepSeek-R1-Distill-Qwen-14B-F16,80,No,no,0.8429820550372825,1882,8,1890,yes_no,99.81249999999999,99.8,99.9,3911.365234375,3911.26953125,3911.37890625,93.5,78.0,99.0,31708.0,31708.0,31708.0
1,DeepSeek-R1-Distill-Qwen-14B-F16,83,Sí,sí,0.7455042420187964,1361,10,1371,yes_no,99.8142857142857,99.8,99.9,3911.36328125,3911.26953125,3911.37890625,98.66666666666667,98.0,99.0,31708.0,31708.0,31708.0
1,DeepSeek-R1-Distill-Qwen-14B-F16,32,Sí,no,2.5845103400060907,2092,50,2142,yes_no,98.97500000000001,79.9,99.9,3911.3743489583335,3911.26953125,3911.37890625,98.0,88.0,99.0,31708.0,31708.0,31708.0
1,DeepSeek-R1-Distill-Qwen-14B-F16,20,Sí,sí,0.6825230619870126,1706,5,1711,yes_no,92.68571428571428,39.9,109.9,3911.37109375,3911.27734375,3911.38671875,98.66666666666667,98.0,99.0,31708.0,31708.0,31708.0
1,DeepSeek-R1-Distill-Qwen-14B-F16,72,Sí,sí,0.7618332710117102,1415,10,1425,yes_no,88.58749999999999,0.0,109.8,3911.373046875,3911.27734375,3911.38671875,87.75,55.0,99.0,31708.0,31708.0,31708.0
1,DeepSeek-R1-Distill-Qwen-14B-F16,14,No,no,0.7932987379608677,1650,8,1658,yes_no,96.07499999999999,49.9,109.8,3911.373046875,3911.27734375,3911.38671875,98.66666666666667,98.0,99.0,31708.0,31708.0,31708.0
1,DeepSeek-R1-Distill-Qwen-14B-F16,8,No,no,0.8139806250110269,1775,8,1783,yes_no,96.07499999999999,59.9,109.8,3911.373046875,3911.27734375,3911.38671875,98.66666666666667,98.0,99.0,31708.0,31708.0,31708.0
1,DeepSeek-R1-Distill-Qwen-14B-F16,35,No,no,0.6649194140918553,1336,8,1344,yes_no,88.41428571428571,20.0,99.9,3911.37890625,3911.28515625,3911.39453125,93.66666666666667,84.0,99.0,31708.0,31708.0,31708.0
1,DeepSeek-R1-Distill-Qwen-14B-F16,9,Sí,no,0.8382349159801378,1855,8,1863,yes_no,99.85,89.9,129.9,3911.384765625,3911.2890625,3911.3984375,98.33333333333333,97.0,99.0,31708.0,31708.0,31708.0
1,DeepSeek-R1-Distill-Qwen-14B-F16,112,No,no,0.4901719649787992,1253,4,1257,yes_no,89.86,59.9,99.9,3911.3765625,3911.2890625,3911.3984375,93.0,88.0,98.0,31708.0,31708.0,31708.0
1,DeepSeek-R1-Distill-Qwen-14B-F16,41,Sí,sí,0.7850587450666354,1505,10,1515,yes_no,88.6125,30.0,99.9,3911.384765625,3911.2890625,3911.3984375,94.25,83.0,99.0,31708.0,31708.0,31708.0
1,DeepSeek-R1-Distill-Qwen-14B-F16,86,Sí,sí,0.790945891989395,1505,10,1515,yes_no,93.57499999999999,39.9,109.8,3911.384765625,3911.2890625,3911.3984375,98.0,97.0,99.0,31708.0,31708.0,31708.0
1,DeepSeek-R1-Distill-Qwen-14B-F16,7,Sí,sí,0.8136882020626217,1542,10,1552,yes_no,92.3625,59.9,109.8,3912.25390625,3911.2890625,3913.13671875,98.0,97.0,99.0,31708.0,31708.0,31708.0
1,DeepSeek-R1-Distill-Qwen-14B-F16,52,No,no,0.7317944179521872,1543,8,1551,yes_no,96.97142857142856,79.9,99.9,3913.8660714285716,3913.02734375,3914.875,97.66666666666667,96.0,99.0,31708.0,31708.0,31708.0
1,DeepSeek-R1-Distill-Qwen-14B-F16,112,No,no,0.4936068879906088,1253,4,1257,yes_no,87.86,59.9,99.8,3914.853125,3914.765625,3914.875,97.5,96.0,99.0,31708.0,31708.0,31708.0
1,DeepSeek-R1-Distill-Qwen-14B-F16,30,Sí,sí,0.6487930959556252,1058,10,1068,yes_no,99.81666666666666,99.8,99.9,3914.8567708333335,3914.765625,3914.875,97.5,96.0,99.0,31708.0,31708.0,31708.0
1,DeepSeek-R1-Distill-Qwen-14B-F16,106,No,no,0.8620463620172812,1935,8,1943,yes_no,87.6222222222222,0.0,99.9,3914.862847222222,3914.765625,3914.875,83.4,61.0,99.0,31708.0,31708.0,31708.0
1,DeepSeek-R1-Distill-Qwen-14B-F16,7,Sí,sí,0.8145835850154982,1542,10,1552,yes_no,96.07499999999999,59.9,109.8,3914.861328125,3914.765625,3914.875,98.0,97.0,99.0,31708.0,31708.0,31708.0
1,DeepSeek-R1-Distill-Qwen-14B-F16,115,No,no,0.3996912429574877,1025,4,1029,yes_no,99.85,79.9,109.9,3914.84765625,3914.765625,3914.875,84.0,71.0,97.0,31708.0,31708.0,31708.0
1,DeepSeek-R1-Distill-Qwen-14B-F16,67,Sí,sí,0.7112750209635125,1142,10,1152,yes_no,94.11428571428571,59.9,99.9,3914.859375,3914.765625,3914.875,97.66666666666667,96.0,99.0,31708.0,31708.0,31708.0
1,DeepSeek-R1-Distill-Qwen-14B-F16,6,No,no,2.373142181080766,1459,51,1510,yes_no,97.99999999999999,79.9,109.8,3914.870028409091,3914.765625,3914.875,98.0,97.0,99.0,31708.0,31708.0,31708.0
1,DeepSeek-R1-Distill-Qwen-14B-F16,120,No,no,0.6901044719852507,1421,8,1429,yes_no,92.68571428571428,39.9,109.8,3914.859375,3914.765625,3914.875,90.66666666666667,77.0,99.0,31708.0,31708.0,31708.0
1,DeepSeek-R1-Distill-Qwen-14B-F16,103,No,no,0.6682126719970256,1357,8,1365,yes_no,85.58571428571429,20.0,99.9,3914.859375,3914.765625,3914.875,96.33333333333333,94.0,99.0,31708.0,31708.0,31708.0
1,DeepSeek-R1-Distill-Qwen-14B-F16,137,98.5 radiólogos.,"</think>

El número de radiólogos capacitados en la interpretación de la SGD en la CCSS es de 98.5.
</think>

98.5",2.030323085025884,1962,37,1999,short_answer,98.76315789473682,69.9,109.8,3914.8692434210525,3914.765625,3914.875,97.2,89.0,99.0,31708.0,31708.0,31708.0
1,DeepSeek-R1-Distill-Qwen-14B-F16,163,6 meses,"</think>

El plazo máximo es de 6 meses para desarrollar e implementar las gestiones en el EDUS.
</think>

El plazo máximo es de 6 meses.",1.8229249459691346,1119,38,1157,short_answer,98.0470588235294,69.9,99.9,3914.8685661764707,3914.765625,3914.875,97.0,90.0,98.0,31708.0,31708.0,31708.0
1,DeepSeek-R1-Distill-Qwen-14B-F16,158,19 salas,"</think>

La CCSS cuenta con 19 salas de fluoroscopia disponibles para realizar los procedimientos necesarios.
</think>

La CCSS tiene 19 salas de fluoroscopia disponibles para SGD.",2.1432270449586213,1390,45,1435,short_answer,98.845,69.9,109.8,3914.86953125,3914.765625,3914.875,95.9090909090909,76.0,99.0,31708.0,31708.0,31708.0
1,DeepSeek-R1-Distill-Qwen-14B-F16,143,"₡1,413.","</think>

No lo sé.",0.8086949329590426,1907,7,1914,short_answer,92.35,59.9,99.9,3914.861328125,3914.765625,3914.875,93.25,77.0,99.0,31708.0,31708.0,31708.0
1,DeepSeek-R1-Distill-Qwen-14B-F16,130,35.79 casos.,"</think>

No lo sé.
</think>

No lo sé.",0.9961911899736152,1689,13,1702,short_answer,92.82999999999998,30.0,99.9,3914.8640625,3914.765625,3914.875,92.4,67.0,99.0,31708.0,31708.0,31708.0
1,DeepSeek-R1-Distill-Qwen-14B-F16,204,45%,"</think>

No lo sé.
</think>

No lo sé.",0.867412794032134,1369,13,1382,short_answer,102.31249999999999,99.8,109.9,3914.861328125,3914.765625,3914.875,90.75,67.0,99.0,31708.0,31708.0,31708.0
1,DeepSeek-R1-Distill-Qwen-14B-F16,175,35%,"</think>

El porcentaje de reducción de mortalidad proyectado con el programa nacional es del 35%.
</think>

El porcentaje de reducción de mortalidad proyectado con el programa nacional es del 35%.",2.2910014970693737,1131,50,1181,short_answer,99.80952380952378,99.8,99.9,3914.8697916666665,3914.765625,3914.875,95.54545454545455,63.0,99.0,31708.0,31708.0,31708.0
1,DeepSeek-R1-Distill-Qwen-14B-F16,154,50 a 74 años.,"</think>

El rango de edad de la población objetivo para los programas de tamizaje es de 50 a 74 años.
</think>

El rango de edad de la población objetivo para los programas de tamizaje es de 50 a 74 años.",2.8386324400780722,1684,59,1743,short_answer,97.22222222222224,0.0,109.8,3914.870949074074,3914.765625,3914.875,96.21428571428571,71.0,99.0,31708.0,31708.0,31708.0
1,DeepSeek-R1-Distill-Qwen-14B-F16,133,16.49 años.,"</think>

La media de años de vida potencialmente perdidos para las mujeres debido a los tres tipos de cáncer es de 16.49 años.",1.9546109649818393,1888,36,1924,short_answer,98.71111111111108,89.9,99.9,3914.8689236111113,3914.765625,3914.875,98.88888888888889,98.0,99.0,31708.0,31708.0,31708.0
1,DeepSeek-R1-Distill-Qwen-14B-F16,196,Sistema de Identificación Agendas y Citas (SIAC) ,"</think>

No lo sé.
</think>

No lo sé.",1.0374635399784893,1542,13,1555,short_answer,95.81999999999998,59.9,109.8,3914.8640625,3914.765625,3914.875,89.2,51.0,99.0,31708.0,31708.0,31708.0
1,DeepSeek-R1-Distill-Qwen-14B-F16,167,40%,"</think>

El porcentaje de invitación para los programas de tamizaje es del 40%.
</think>

El porcentaje de invitación para los programas de tamizaje es del 40%.",2.2373302839696407,1501,44,1545,short_answer,97.92380952380951,59.9,109.9,3914.8697916666665,3914.765625,3914.875,98.8,98.0,99.0,31708.0,31708.0,31708.0
1,DeepSeek-R1-Distill-Qwen-14B-F16,145,1995,"</think>

No lo sé.
</think>

No lo sé.",0.9619471519254148,1350,13,1363,short_answer,98.72222222222221,89.9,109.9,3914.862847222222,3914.765625,3914.875,98.75,98.0,99.0,31708.0,31708.0,31708.0
1,DeepSeek-R1-Distill-Qwen-14B-F16,197,"SIES, SIAC, ARCA, FileMaker, bases de datos internas","</think>

No lo sé.
</think>

No lo sé.",0.913430078071542,1170,13,1183,short_answer,94.26666666666665,49.9,99.9,3914.862847222222,3914.765625,3914.875,89.4,63.0,99.0,31708.0,31708.0,31708.0
1,DeepSeek-R1-Distill-Qwen-14B-F16,137,98.5 radiólogos.,"</think>

Según el contexto, hay aproximadamente 98.5 radiólogos capacitados en la interpretación de la SGD en la CCSS.
</think>

98.5",2.261296694050543,1962,40,2002,short_answer,100.77142857142856,89.9,109.8,3914.8697916666665,3914.765625,3914.875,98.9,98.0,99.0,31708.0,31708.0,31708.0
1,DeepSeek-R1-Distill-Qwen-14B-F16,165,7 debilidades,"</think>

Según el análisis FODA del CNDTCG, se identifican 6 debilidades en el centro.",1.658150853938423,1524,29,1553,short_answer,95.43124999999998,49.9,99.9,3914.8681640625,3914.765625,3914.875,95.875,76.0,99.0,31708.0,31708.0,31708.0
1,DeepSeek-R1-Distill-Qwen-14B-F16,212,"₡3,563,250,779","</think>

No lo sé.
</think>

No lo sé.",1.0074356470722705,1467,13,1480,short_answer,90.85,30.0,99.9,3914.8640625,3914.765625,3914.875,94.2,76.0,99.0,31708.0,31708.0,31708.0
1,DeepSeek-R1-Distill-Qwen-14B-F16,188,2008,"</think>

No lo sé.
</think>

No lo sé.",1.034046046086587,1535,13,1548,short_answer,97.81999999999998,69.9,109.8,3914.8640625,3914.765625,3914.875,97.2,92.0,99.0,31708.0,31708.0,31708.0
1,DeepSeek-R1-Distill-Qwen-14B-F16,202,6 minutos,"</think>

El tiempo de retirada mínimo recomendado en una colonoscopia de calidad es de 6 minutos.
</think>

El tiempo de retirada mínimo recomendado en una colonoscopia de calidad es de 6 minutos.",2.379117693984881,1529,47,1576,short_answer,99.3590909090909,89.9,99.9,3914.870028409091,3914.765625,3914.875,98.72727272727273,98.0,99.0,31708.0,31708.0,31708.0
1,DeepSeek-R1-Distill-Qwen-14B-F16,161,1 mes,"</think>

No se menciona un plazo específico para la definición de la estructura organizacional del CNDTCG en el contexto proporcionado.
</think>

No lo sé.",1.9586112409597263,1367,38,1405,short_answer,95.0894736842105,0.0,109.8,3914.8692434210525,3914.765625,3914.875,96.0,70.0,99.0,31708.0,31708.0,31708.0
1,DeepSeek-R1-Distill-Qwen-14B-F16,209,30 días naturales,"</think>

El plazo máximo para la entrega de resultados de biopsia tras una colonoscopia con neoplasia es de treinta días naturales.
</think>

El plazo máximo para la entrega de resultados de biopsia tras una colonoscopia con neoplasia es de treinta días naturales.",4.062217507045716,1508,67,1575,short_answer,98.24210526315797,59.9,109.9,3914.8721217105262,3914.765625,3914.875,97.7,76.0,99.0,31708.0,31708.0,31708.0
1,DeepSeek-R1-Distill-Qwen-14B-F16,162,234 muertes anuales,"</think>

Sin un programa nacional, el impacto anual es de 234 muertes.
</think>

Sin un programa nacional, el impacto anual es de 234 muertes.",3.076627898029983,1298,45,1343,short_answer,99.47241379310348,69.9,119.9,3915.892510775862,3914.765625,3916.6171875,98.93333333333334,97.0,100.0,31708.0,31708.0,31708.0
1,DeepSeek-R1-Distill-Qwen-14B-F16,149,16%,"</think>

No lo sé.
</think>

No lo sé.",0.8639851709594951,1342,13,1355,short_answer,99.81249999999999,99.8,99.9,3916.603515625,3916.5078125,3916.6171875,94.75,83.0,99.0,31708.0,31708.0,31708.0
1,DeepSeek-R1-Distill-Qwen-14B-F16,150,El número de Unidad Programática del CNDTCG es 2806.,"</think>

No lo sé.
</think>

No lo sé.",0.6900714329676702,791,13,804,short_answer,89.84285714285714,30.0,99.9,3916.6015625,3916.5078125,3916.6171875,98.66666666666667,98.0,99.0,31708.0,31708.0,31708.0
1,DeepSeek-R1-Distill-Qwen-14B-F16,163,6 meses,"</think>

El plazo máximo es de 6 meses para desarrollar e implementar las gestiones en el EDUS.
</think>

El plazo máximo es de 6 meses.
</think>

El plazo máximo es de 6 meses.
</think>

El plazo máximo es de 6 meses.
</think>

El plazo máximo es de 6 meses.
</think>

El plazo máximo es de 6 meses.
</think>

El plazo máximo es de 6 meses.
</think>

El plazo máximo es de 6 meses.
</think>

El plazo máximo es de 6 meses.
</think>

El plazo máximo es de 6 meses.
</think>

El plazo máximo es de 6 meses.
</think>

El plazo máximo es de 6 meses.
```",6.620444144005887,1119,159,1278,short_answer,99.31475409836075,59.9,109.8,3916.6153944672133,3916.5078125,3916.6171875,97.63636363636364,60.0,99.0,31708.0,31708.0,31708.0
1,DeepSeek-R1-Distill-Qwen-14B-F16,138,110 laboratorios.,"</think>

No lo sé.
</think>

No lo sé.",1.0571929699508473,1284,13,1297,short_answer,100.81999999999998,89.9,109.8,3916.60625,3916.5078125,3916.6171875,98.0,95.0,99.0,31708.0,31708.0,31708.0
1,DeepSeek-R1-Distill-Qwen-14B-F16,206,KUDO,"</think>

La clasificación KUDO requiere magnificación y cromoendoscopia para caracterización de pólipos colorrectales.",1.7847960739163682,1519,29,1548,short_answer,96.31176470588234,59.9,109.8,3916.6107536764707,3916.5078125,3916.6171875,97.33333333333333,87.0,99.0,31708.0,31708.0,31708.0
1,DeepSeek-R1-Distill-Qwen-14B-F16,190,No mayor a seis meses,"</think>

En caso de una prueba SOHi positiva, se debe realizar colonoscopia en un plazo no mayor a seis meses.
</think>

En caso de una prueba SOHi positiva, se debe realizar colonoscopia en un plazo no mayor a seis meses.",3.7966933290008456,1428,57,1485,short_answer,98.98055555555561,30.0,109.8,3916.6141493055557,3916.5078125,3916.6171875,99.11111111111111,98.0,100.0,31708.0,31708.0,31708.0
1,DeepSeek-R1-Distill-Qwen-14B-F16,201,Cirugía para extraer una o más metástasis,"</think>

La resección de metástasis es una cirugía para extraer una o más metástasis, que son tumores formados con células diseminadas desde el tumor primario.",2.080627713003196,1305,44,1349,short_answer,95.31499999999997,10.0,99.9,3916.615625,3916.51171875,3916.62109375,93.0909090909091,62.0,99.0,31708.0,31708.0,31708.0
1,DeepSeek-R1-Distill-Qwen-14B-F16,166,2 plazas MQC2 para proyectos especiales,"</think>

2 plazas de MQC2 se requieren para la implementación del SILC.
</think>

2 plazas de MQC2 se requieren para la implementación del SILC.",3.0081991160986945,1479,43,1522,short_answer,98.74285714285716,89.8,99.9,3916.6171875,3916.51171875,3916.62109375,99.07142857142857,98.0,100.0,31708.0,31708.0,31708.0
1,DeepSeek-R1-Distill-Qwen-14B-F16,136,"91,605 personas.","</think>

La población objetivo para tamizaje de cáncer colorrectal proyectada para el cantón de San José en 2025 es 91,605 personas.
</think>

91,605",2.783806698047556,2099,51,2150,short_answer,98.28461538461539,79.9,109.8,3916.616887019231,3916.51171875,3916.62109375,96.0,58.0,99.0,31708.0,31708.0,31708.0
1,DeepSeek-R1-Distill-Qwen-14B-F16,208,40 años o 10 años antes del familiar afectado más joven,"</think>

La edad para realizar tamizaje por colonoscopia directa si tiene parientes de primer grado con antecedentes de cáncer de colorrectal diagnosticado a los 50 años o menos es a partir de los 40 años.",2.7978352380450815,1661,55,1716,short_answer,99.04615384615386,79.9,109.8,3916.616887019231,3916.51171875,3916.62109375,98.92307692307692,98.0,99.0,31708.0,31708.0,31708.0
1,DeepSeek-R1-Distill-Qwen-14B-F16,130,35.79 casos.,"</think>

No lo sé.
</think>

No lo sé.",2.707040935056284,1689,13,1702,short_answer,98.27692307692308,59.9,109.9,3916.616887019231,3916.51171875,3916.62109375,97.46153846153847,75.0,100.0,31708.0,31708.0,31708.0
1,DeepSeek-R1-Distill-Qwen-14B-F16,144,"67,136 personas.","</think>

En el año 2025, se llamarían a 67,136 personas para realizarse una prueba de sangre oculta en heces.
</think>

67,136 personas.",2.354399244999513,1540,49,1589,short_answer,98.9090909090909,59.9,109.9,3916.616122159091,3916.51171875,3916.62109375,98.9090909090909,98.0,99.0,31708.0,31708.0,31708.0
1,DeepSeek-R1-Distill-Qwen-14B-F16,155,8 hospitales regionales,"</think>

La CCSS cuenta actualmente con 8 hospitales regionales.

**Respuesta:** 8 hospitales regionales.",1.4433646969264373,1067,30,1097,short_answer,94.11428571428569,30.0,99.9,3916.61328125,3916.51171875,3916.62109375,97.14285714285714,87.0,99.0,31708.0,31708.0,31708.0
1,DeepSeek-R1-Distill-Qwen-14B-F16,163,6 meses,"</think>

El plazo máximo propuesto es de 6 meses para desarrollar e implementar las gestiones necesarias en el EDUS.
</think>

El plazo máximo es de 6 meses.",1.9706038769800214,1119,42,1161,short_answer,94.55789473684207,0.0,99.9,3916.6153371710525,3916.51171875,3916.62109375,98.88888888888889,98.0,99.0,31708.0,31708.0,31708.0
1,DeepSeek-R1-Distill-Qwen-14B-F16,186,Coordinaciones de Programa,"</think>

La área funcional del CNDTCG que establece coordinaciones técnicas para el Tamizaje de Cáncer Gástrico y Colorrectal es la **Asistencia técnica y fortalecimiento de capacidades**.",2.2074420019052927,851,51,902,short_answer,94.58571428571426,10.0,99.9,3916.6158854166665,3916.51171875,3916.62109375,95.27272727272727,59.0,99.0,31708.0,31708.0,31708.0
1,DeepSeek-R1-Distill-Qwen-14B-F16,133,16.49 años.,"</think>

La media de años de vida potencialmente perdidos para las mujeres debido a los tres tipos de cáncer es de 16.49 años.",2.1129287000512704,1888,36,1924,short_answer,96.32999999999998,59.9,109.8,3916.615625,3916.51171875,3916.62109375,94.63636363636364,58.0,99.0,31708.0,31708.0,31708.0
1,DeepSeek-R1-Distill-Qwen-14B-F16,168,12 gastroscopías diarias por sala,"</think>

Se establecen 12 gastroscopías diarias por sala en la meta para tamizaje para cáncer gástrico.
</think>

12 gastroscopías diarias por sala.",2.362826536060311,1560,46,1606,short_answer,98.90454545454544,69.9,109.9,3916.616122159091,3916.51171875,3916.62109375,98.9090909090909,98.0,99.0,31708.0,31708.0,31708.0
1,DeepSeek-R1-Distill-Qwen-14B-F16,124,5 plazas.,"</think>

Según el contexto, se requieren 5 plazas de Analistas de Sistemas 4 para la implementación del SILC-EDUS.
</think>

5",2.138601736049168,1623,39,1662,short_answer,99.81499999999997,79.9,109.8,3916.615625,3916.51171875,3916.62109375,98.9,98.0,99.0,31708.0,31708.0,31708.0
1,DeepSeek-R1-Distill-Qwen-14B-F16,121,Cáncer gástrico y cáncer colorrectal.,"</think>

Las dos principales causas son el cáncer gástrico y el cáncer colorrectal.",1.3158644218929112,1000,26,1026,short_answer,92.89999999999999,10.0,99.9,3916.6126802884614,3916.51171875,3916.62109375,92.14285714285714,52.0,99.0,31708.0,31708.0,31708.0
1,DeepSeek-R1-Distill-Qwen-14B-F16,156,12 hospitales periféricos,"</think>

La CCSS cuenta con 12 hospitales periféricos.
</think>

La CCSS cuenta con 12 hospitales periféricos.",1.859025840065442,1135,37,1172,short_answer,95.92777777777775,10.0,109.8,3916.6150173611113,3916.51171875,3916.62109375,98.88888888888889,98.0,99.0,31708.0,31708.0,31708.0
1,DeepSeek-R1-Distill-Qwen-14B-F16,170,"₡102,322,211.","</think>

El costo estimado de una torre de endoscopia es de ₡102,322,211.",2.135754766059108,2259,32,2291,short_answer,99.31499999999997,89.9,109.8,3916.615625,3916.51171875,3916.62109375,97.8,87.0,100.0,31708.0,31708.0,31708.0
1,DeepSeek-R1-Distill-Qwen-14B-F16,174,"bienal, cada 2 años","</think>

No lo sé.",0.5611609579063952,964,7,971,short_answer,86.51666666666667,10.0,109.9,3916.6028645833335,3916.51171875,3916.62109375,85.0,58.0,99.0,31708.0,31708.0,31708.0
1,DeepSeek-R1-Distill-Qwen-14B-F16,220,"Procedimientos diagnósticos y terapéuticos, como ESD, CPRE y control endoscópico","</think>

Las salas de endoscopía alta y baja están equipadas para realizar procedimientos como colonoscopias y gastroscopias, utilizando equipos especializados y personal de apoyo.",2.051026116940193,1092,42,1134,short_answer,100.34210526315788,89.9,119.9,3917.1252055921054,3916.51171875,3917.2265625,94.8,59.0,99.0,31708.0,31708.0,31708.0
1,DeepSeek-R1-Distill-Qwen-14B-F16,196,Sistema de Identificación Agendas y Citas (SIAC) ,"</think>

No lo sé.
</think>

No lo sé.",1.044850162928924,1542,13,1555,short_answer,95.84999999999998,79.9,109.8,3917.215625,3917.1171875,3917.2265625,93.4,72.0,99.0,31708.0,31708.0,31708.0
1,DeepSeek-R1-Distill-Qwen-14B-F16,143,"₡1,413.","</think>

No lo sé.
</think>

No lo sé.",1.0560678819892928,1907,13,1920,short_answer,95.82999999999998,79.9,99.8,3918.084765625,3917.1171875,3918.96484375,90.0,55.0,99.0,31708.0,31708.0,31708.0
1,DeepSeek-R1-Distill-Qwen-14B-F16,141,"San José, Alajuela y Cartago","</think>

La concentración de recursos se encuentra en las provincias de San José, Alajuela y Cartago.
</think>

La concentración de recursos se encuentra en las provincias de San José, Alajuela y Cartago.",2.437194937025197,1744,49,1793,short_answer,97.21304347826086,49.9,109.9,3920.323539402174,3918.85546875,3920.70703125,97.83333333333333,86.0,99.0,31708.0,31708.0,31708.0
1,DeepSeek-R1-Distill-Qwen-14B-F16,139,87 endoscopistas.,"</think>

No lo sé.
</think>

No lo sé.",0.8728476740652694,1385,13,1398,short_answer,90.94444444444443,10.0,109.8,3921.8537326388887,3920.59765625,3922.4453125,85.0,57.0,99.0,31708.0,31708.0,31708.0
1,DeepSeek-R1-Distill-Qwen-14B-F16,171,Médico General Asistente,"</think>

El puesto encargado de brindar apoyo clínico directo durante la realización de procedimientos endoscópicos diagnósticos y terapéuticos es el de **Endoscopista**.",2.346078222966753,1399,50,1449,short_answer,98.45909090909089,49.9,109.8,3923.945490056818,3922.33984375,3924.1875,98.9090909090909,98.0,99.0,31708.0,31708.0,31708.0
1,DeepSeek-R1-Distill-Qwen-14B-F16,147,35 cantones.,"</think>

35 cantones presentan una incidencia superior a 11.66 para cáncer gástrico.
</think>

35",1.8509822769556192,1956,33,1989,short_answer,96.49444444444443,10.0,109.8,3925.437934027778,3924.08203125,3925.92578125,96.55555555555556,79.0,99.0,31708.0,31708.0,31708.0
1,DeepSeek-R1-Distill-Qwen-14B-F16,141,"San José, Alajuela y Cartago","</think>

La concentración de recursos se encuentra en las provincias de San José, Alajuela y Cartago.",1.4791098730638623,1744,25,1769,short_answer,98.40714285714286,69.9,109.8,3927.163504464286,3925.8203125,3927.66796875,98.14285714285714,95.0,99.0,31708.0,31708.0,31708.0
1,DeepSeek-R1-Distill-Qwen-14B-F16,125,Reducir la incidencia y mortalidad asociada a estos tipos de cáncer.,"</think>

Identificar y evaluar los principales riesgos asociados con la implementación y mantenimiento del Plan de Abordaje Integral para el Tamizaje de Cáncer de Estómago y Colorrectal.",2.132898387964815,1131,46,1177,short_answer,97.32,59.9,99.9,3927.66640625,3927.5625,3927.671875,98.9,98.0,99.0,31708.0,31708.0,31708.0
1,DeepSeek-R1-Distill-Qwen-14B-F16,172,Tratamiento más efectivo y mayor posibilida de curación,"</think>

El programa busca identificar lesiones premalignas o malignas en etapas iniciales para facilitar su diagnóstico y tratamiento oportuno, reduciendo costos y mejorando la prognosis.",2.0359305089805275,973,46,1019,short_answer,97.71052631578945,59.9,99.9,3927.6661184210525,3927.5625,3927.671875,94.2,52.0,99.0,31708.0,31708.0,31708.0
1,DeepSeek-R1-Distill-Qwen-14B-F16,139,87 endoscopistas.,"</think>

No lo sé.",0.7149404468946159,1385,7,1392,short_answer,94.12857142857142,69.9,99.9,3927.65625,3927.5625,3927.671875,98.66666666666667,98.0,99.0,31708.0,31708.0,31708.0
1,DeepSeek-R1-Distill-Qwen-14B-F16,181,Técnico en Gastroenterología,"</think>

El profesional encargado de la preparación, verificación y mantenimiento del equipamiento endoscópico es el Técnico de Endoscopia.
</think>

Técnico de Endoscopia",2.301498863962479,1338,47,1385,short_answer,95.7272727272727,10.0,99.9,3927.666903409091,3927.5625,3927.671875,98.45454545454545,94.0,99.0,31708.0,31708.0,31708.0
1,DeepSeek-R1-Distill-Qwen-14B-F16,173,Taminzaje de cáncer gástrico y tamizaje de cáncer colorrectal,"</think>

El CNDTCG implementa programas de tamizaje poblacional para cáncer gástrico y colorrectal.
</think>

El CNDTCG implementa programas de tamizaje poblacional para cáncer gástrico y colorrectal.",2.83982528699562,1491,59,1550,short_answer,96.86296296296298,10.0,109.8,3927.667824074074,3927.5625,3927.671875,93.2,55.0,99.0,31708.0,31708.0,31708.0
1,DeepSeek-R1-Distill-Qwen-14B-F16,192,Cualitativa y Cuantitativa,"</think>

La prueba SOHi tiene dos tipos: cualitativa y cuantitativa.
</think>

La prueba SOHi tiene dos tipos: cualitativa y cuantitativa.
</think>

La prueba SOHi tiene dos tipos: cualitativa y cuantitativa.
</think>

La prueba SOHi tiene dos tipos: cualitativa y cuantitativa.
</think>

La prueba SOHi tiene dos tipos: cualitativa y cuantitativa.
</think>

La prueba SOHi tiene dos tipos: cualitativa y cuantitativa.
</think>

La prueba SOHi tiene dos tipos: cualitativa y cuantitativa.
```",5.884461231995374,1421,135,1556,short_answer,100.17777777777786,89.9,109.8,3927.677662037037,3927.5703125,3927.6796875,98.72413793103448,97.0,99.0,31708.0,31708.0,31708.0
1,DeepSeek-R1-Distill-Qwen-14B-F16,186,Coordinaciones de Programa,"</think>

La área funcional del CNDTCG que establece coordinaciones técnicas para el Tamizaje de Cáncer Gástrico y Colorrectal es la **Asistencia técnica y fortalecimiento de capacidades**.",2.2785164979286487,851,51,902,short_answer,99.81428571428569,89.9,109.8,3927.6744791666665,3927.5703125,3927.6796875,98.9,98.0,99.0,31708.0,31708.0,31708.0
1,DeepSeek-R1-Distill-Qwen-14B-F16,174,"bienal, cada 2 años","</think>

No lo sé.",1.7504240890266374,964,7,971,short_answer,99.22941176470586,69.9,109.8,3927.6732536764707,3927.5703125,3927.6796875,99.0,98.0,100.0,31708.0,31708.0,31708.0
1,DeepSeek-R1-Distill-Qwen-14B-F16,187,Programas de Patología Biliar,"</think>

El programa de Patología Biliar está dirigido a personas con enfermedades como colecistitis, coledocolitiasis y colangitis.
</think>

El programa de Patología Biliar está dirigido a personas con enfermedades como colecistitis, coledocolitiasis y colangitis.",3.5785374640254304,1415,69,1484,short_answer,99.81818181818186,89.9,109.8,3927.6763731060605,3927.5703125,3927.6796875,99.05882352941177,98.0,100.0,31708.0,31708.0,31708.0
1,DeepSeek-R1-Distill-Qwen-14B-F16,174,"bienal, cada 2 años","</think>

No lo sé.",0.5474593170220031,964,7,971,short_answer,79.86666666666667,0.0,99.8,3927.6614583333335,3927.5703125,3927.6796875,88.66666666666667,73.0,98.0,31708.0,31708.0,31708.0
1,DeepSeek-R1-Distill-Qwen-14B-F16,210,Tomografía tóracoabdominopélvica con medio de contraste,"</think>

No lo sé.",0.35159130208194256,435,7,442,short_answer,77.375,10.0,99.9,3927.65234375,3927.5703125,3927.6796875,98.0,98.0,98.0,31708.0,31708.0,31708.0
1,DeepSeek-R1-Distill-Qwen-14B-F16,170,"₡102,322,211.","</think>

El costo estimado de una torre de endoscopia es de ₡102,322,211.",2.118204393889755,2259,32,2291,short_answer,98.32,69.9,99.9,3927.67421875,3927.5703125,3927.6796875,98.9,98.0,99.0,31708.0,31708.0,31708.0
1,DeepSeek-R1-Distill-Qwen-14B-F16,159,71%,"</think>

El 71% del personal de imagenología está capacitado para el uso de fluoroscopios.
</think>

El 71% del personal de imagenología está capacitado para el uso de fluoroscopios.",2.537816788069904,1713,49,1762,short_answer,97.72500000000001,39.9,109.8,3927.6751302083335,3927.5703125,3927.6796875,98.91666666666667,98.0,99.0,31708.0,31708.0,31708.0
1,DeepSeek-R1-Distill-Qwen-14B-F16,180,Cirujano General Endoscopista,"</think>

El profesional que realiza la ejecución de procedimientos endoscópicos terapéuticos complejos es el Endoscopista.",1.7303327060071751,1416,32,1448,short_answer,99.81249999999999,89.9,109.8,3927.6728515625,3927.5703125,3927.6796875,98.375,95.0,99.0,31708.0,31708.0,31708.0
1,DeepSeek-R1-Distill-Qwen-14B-F16,180,Cirujano General Endoscopista,"</think>

El profesional que realiza la ejecución de procedimientos endoscópicos terapéuticos complejos es el Endoscopista.
</think>

El profesional que realiza la ejecución de procedimientos endoscópicos terapéuticos complejos es el Endoscopista.",2.506641253014095,1416,63,1479,short_answer,99.38260869565217,89.9,99.9,3927.6749320652175,3927.5703125,3927.6796875,98.0,87.0,99.0,31708.0,31708.0,31708.0
1,DeepSeek-R1-Distill-Qwen-14B-F16,182,Patólogo,"</think>

El patólogo analiza las biopsias para determinar si hay células cancerosas.
</think>

El patólogo analiza las biopsias para determinar si hay células cancerosas.",1.9674708689562976,1060,43,1103,short_answer,98.7111111111111,89.9,99.9,3927.6736111111113,3927.5703125,3927.6796875,97.66666666666667,88.0,99.0,31708.0,31708.0,31708.0
1,DeepSeek-R1-Distill-Qwen-14B-F16,190,No mayor a seis meses,"</think>

En caso de una prueba SOHi positiva, se debe realizar colonoscopia en un plazo no mayor a seis meses.
</think>

En caso de una prueba SOHi positiva, se debe realizar colonoscopia en un plazo no mayor a seis meses.",2.6371903449762613,1428,57,1485,short_answer,97.02000000000002,10.0,109.8,3927.6753125,3927.5703125,3927.6796875,92.85714285714286,56.0,99.0,31708.0,31708.0,31708.0
1,DeepSeek-R1-Distill-Qwen-14B-F16,164,"Central Norte, Central Sur, Chorotega, Huetar Atlántica, Huetar Norte, Brunca y Pacífico Central","</think>

No lo sé.",2.575855172937736,1445,7,1452,short_answer,97.81200000000001,59.9,99.9,3927.6753125,3927.5703125,3927.6796875,99.33333333333333,98.0,100.0,31708.0,31708.0,31708.0
1,DeepSeek-R1-Distill-Qwen-14B-F16,196,Sistema de Identificación Agendas y Citas (SIAC) ,"</think>

No lo sé.
</think>

No lo sé.",0.9890408400679006,1542,13,1555,short_answer,91.82999999999998,20.0,99.9,3927.66875,3927.5703125,3927.6796875,92.4,69.0,99.0,31708.0,31708.0,31708.0
1,DeepSeek-R1-Distill-Qwen-14B-F16,123,El método DELPHI modificada.,"</think>

El método utilizado fue el DELPHI modificada.
</think>

El método utilizado fue el DELPHI modificada.",1.4271280029788613,1329,27,1356,short_answer,94.11428571428569,10.0,109.8,3927.671875,3927.5703125,3927.6796875,96.42857142857143,87.0,99.0,31708.0,31708.0,31708.0
1,DeepSeek-R1-Distill-Qwen-14B-F16,137,98.5 radiólogos.,"</think>

El número de radiólogos capacitados en la interpretación de la Serie Gastroduodenal (SGD) en la CCSS es de 98.5.
</think>

98.5",2.34048516000621,1962,45,2007,short_answer,97.99999999999999,59.9,109.8,3927.674715909091,3927.5703125,3927.6796875,98.27272727272727,97.0,99.0,31708.0,31708.0,31708.0
1,DeepSeek-R1-Distill-Qwen-14B-F16,125,Reducir la incidencia y mortalidad asociada a estos tipos de cáncer.,"</think>

Identificar y evaluar los principales riesgos asociados con la implementación y mantenimiento del Plan de Abordaje Integral para el Tamizaje de Cáncer de Estómago y Colorrectal.",3.3753497630823404,1131,46,1177,short_answer,98.25312500000004,49.9,109.8,3927.67626953125,3927.5703125,3927.6796875,96.11764705882354,49.0,100.0,31708.0,31708.0,31708.0
1,DeepSeek-R1-Distill-Qwen-14B-F16,146,2027,"</think>

2025",0.5846051289699972,1135,7,1142,short_answer,89.85000000000001,49.9,99.9,3927.6614583333335,3927.5703125,3927.6796875,90.66666666666667,75.0,99.0,31708.0,31708.0,31708.0
1,DeepSeek-R1-Distill-Qwen-14B-F16,146,2027,"</think>

2025",0.2806807409506291,1135,7,1142,short_answer,83.2,49.9,99.9,3927.6432291666665,3927.5703125,3927.6796875,99.0,99.0,99.0,31708.0,31708.0,31708.0
1,DeepSeek-R1-Distill-Qwen-14B-F16,188,2008,"</think>

No lo sé.",0.6801987920189275,1535,7,1542,short_answer,92.7,30.0,109.9,3927.6640625,3927.5703125,3927.6796875,95.0,89.0,99.0,31708.0,31708.0,31708.0
1,DeepSeek-R1-Distill-Qwen-14B-F16,152,Cada 5 años,"</think>

No se menciona en el contexto la periodicidad para revisar y actualizar la norma nacional para la atención del cáncer colorrectal.
</think>

No lo sé.",1.9651697980007157,1574,39,1613,short_answer,95.11052631578949,0.0,109.8,3927.6739309210525,3927.5703125,3927.6796875,96.6,76.0,99.0,31708.0,31708.0,31708.0
1,DeepSeek-R1-Distill-Qwen-14B-F16,166,2 plazas MQC2 para proyectos especiales,"</think>

2 plazas de MQC2 se requieren para la implementación del SILC.
</think>

2 plazas de MQC2 se requieren para la implementación del SILC.",2.0906575639965013,1479,43,1522,short_answer,95.32499999999997,20.0,99.9,3927.67421875,3927.5703125,3927.6796875,98.0,90.0,99.0,31708.0,31708.0,31708.0
1,DeepSeek-R1-Distill-Qwen-14B-F16,173,Taminzaje de cáncer gástrico y tamizaje de cáncer colorrectal,"</think>

El CNDTCG implementa programas de tamizaje poblacional para cáncer gástrico y colorrectal.
</think>

El CNDTCG implementa programas de tamizaje poblacional para cáncer gástrico y colorrectal.",2.8527424089843407,1491,59,1550,short_answer,96.12222222222225,30.0,99.9,3927.675636574074,3927.5703125,3927.6796875,98.85714285714286,98.0,99.0,31708.0,31708.0,31708.0
1,DeepSeek-R1-Distill-Qwen-14B-F16,164,"Central Norte, Central Sur, Chorotega, Huetar Atlántica, Huetar Norte, Brunca y Pacífico Central","</think>

No lo sé.",1.765712930005975,1445,7,1452,short_answer,99.22941176470587,79.9,109.8,3927.6732536764707,3927.5703125,3927.6796875,99.125,98.0,100.0,31708.0,31708.0,31708.0
1,DeepSeek-R1-Distill-Qwen-14B-F16,195,"Accesorios para drenaje biliar, esfinterotomías, extracción de cálculos y colocación de prótesis","</think>

El CNDTCG dispone de equipo para Colangiopancreatografía Retrógrada Endoscópica (CPRE), incluyendo accesorios para drenaje biliar, esfinterotomías, extracción de cálculos y colocación de prótesis.",2.9563980019884184,1290,66,1356,short_answer,96.96428571428575,10.0,109.8,3929.2243303571427,3927.5703125,3929.4140625,98.92857142857143,98.0,99.0,31708.0,31708.0,31708.0
1,DeepSeek-R1-Distill-Qwen-14B-F16,212,"₡3,563,250,779","</think>

No lo sé.
</think>

No lo sé.",1.0190029410878196,1467,13,1480,short_answer,94.83999999999999,59.9,109.8,3929.40703125,3929.30859375,3929.41796875,91.8,64.0,99.0,31708.0,31708.0,31708.0
1,DeepSeek-R1-Distill-Qwen-14B-F16,203,95%,"</think>

La tasa de intubación cecal que se debe considerar en el programa de tamizaje es del 95%.",1.6341776680201292,1290,30,1320,short_answer,92.96874999999997,10.0,109.8,3929.4111328125,3929.30859375,3929.41796875,98.25,94.0,99.0,31708.0,31708.0,31708.0
1,DeepSeek-R1-Distill-Qwen-14B-F16,179,Radiólogo,"</think>

El profesional que analiza las imágenes de la SGD es el radiólogo.
</think>

El profesional que analiza las imágenes de la SGD es el radiólogo.",3.7237205649726097,1231,35,1266,short_answer,99.53055555555562,49.9,109.8,3929.4149305555557,3929.30859375,3929.41796875,99.05555555555556,98.0,100.0,31708.0,31708.0,31708.0
1,DeepSeek-R1-Distill-Qwen-14B-F16,173,Taminzaje de cáncer gástrico y tamizaje de cáncer colorrectal,"</think>

El CNDTCG implementa programas de tamizaje poblacional para cáncer gástrico y colorrectal.
</think>

El CNDTCG implementa programas de tamizaje poblacional para cáncer gástrico y colorrectal.",3.366401380044408,1491,59,1550,short_answer,96.69687500000003,20.0,99.9,3929.41455078125,3929.30859375,3929.41796875,96.6470588235294,59.0,100.0,31708.0,31708.0,31708.0
1,DeepSeek-R1-Distill-Qwen-14B-F16,167,40%,"</think>

El porcentaje de invitación para los programas de tamizaje es del 40%.",1.2581971129402518,1501,22,1523,short_answer,97.32499999999999,59.9,109.9,3929.4088541666665,3929.30859375,3929.41796875,97.0,88.0,99.0,31708.0,31708.0,31708.0
1,DeepSeek-R1-Distill-Qwen-14B-F16,172,Tratamiento más efectivo y mayor posibilida de curación,"</think>

El programa busca identificar lesiones premalignas o malignas en etapas iniciales para facilitar su diagnóstico y tratamiento oportuno, reduciendo costos y mejorando la prognosis.",2.037444368004799,973,46,1019,short_answer,97.71578947368421,59.9,109.8,3929.4122121710525,3929.30859375,3929.41796875,94.4,54.0,99.0,31708.0,31708.0,31708.0
1,DeepSeek-R1-Distill-Qwen-14B-F16,219,Dra. Rosalyn Vargas Barquero,"</think>

El CNDTCG es el responsable de activar las rutas clínicas correspondientes en caso de diagnóstico histológico de lesión maligna o de alto riesgo.",1.9729930529138073,1322,41,1363,short_answer,95.61052631578944,10.0,109.8,3929.4122121710525,3929.30859375,3929.41796875,95.0,60.0,99.0,31708.0,31708.0,31708.0
1,DeepSeek-R1-Distill-Qwen-14B-F16,122,CNDTCG y DICE.,"</think>

CNDTCG y DICE.",0.716922566993162,951,11,962,short_answer,95.54285714285713,69.9,99.9,3929.40234375,3929.30859375,3929.41796875,93.0,82.0,99.0,31708.0,31708.0,31708.0
1,DeepSeek-R1-Distill-Qwen-14B-F16,142,5.02 equipos,"</think>

No lo sé.",0.7260759879136457,1353,7,1360,short_answer,99.84285714285714,89.9,119.9,3929.41015625,3929.31640625,3929.42578125,88.66666666666667,70.0,99.0,31708.0,31708.0,31708.0
1,DeepSeek-R1-Distill-Qwen-14B-F16,145,1995,"</think>

No lo sé.
</think>

No lo sé.",0.9341189550468697,1350,13,1363,short_answer,95.37777777777777,59.9,99.9,3929.413628472222,3929.31640625,3929.42578125,98.25,98.0,99.0,31708.0,31708.0,31708.0
1,DeepSeek-R1-Distill-Qwen-14B-F16,160,1 año,"</think>

No lo sé.
</think>

No lo sé.",0.9717495539225638,1428,13,1441,short_answer,98.72222222222221,89.9,109.8,3929.413628472222,3929.31640625,3929.42578125,93.6,76.0,99.0,31708.0,31708.0,31708.0
1,DeepSeek-R1-Distill-Qwen-14B-F16,205,35%,"</think>

No lo sé.",0.7261998950270937,1370,7,1377,short_answer,96.98571428571428,79.9,109.8,3929.41015625,3929.31640625,3929.42578125,89.0,64.0,99.0,31708.0,31708.0,31708.0
1,DeepSeek-R1-Distill-Qwen-14B-F16,188,2008,"</think>

No lo sé.
</think>

No lo sé.",1.003803608007729,1535,13,1548,short_answer,91.85,30.0,99.9,3929.41484375,3929.31640625,3929.42578125,88.6,51.0,99.0,31708.0,31708.0,31708.0
1,DeepSeek-R1-Distill-Qwen-14B-F16,134,5.7 millones.,"</think>

La población proyectada para Costa Rica en el año 2034 es de aproximadamente 5.7 millones de personas.
</think>

La población proyectada para Costa Rica en el año 2034 es de aproximadamente 5.7 millones de personas.",2.9342378689907496,1502,61,1563,short_answer,100.91851851851854,89.9,129.8,3929.421730324074,3929.31640625,3929.42578125,96.14285714285714,72.0,99.0,31708.0,31708.0,31708.0
1,DeepSeek-R1-Distill-Qwen-14B-F16,124,5 plazas.,"</think>

Según el contexto, se requieren 5 plazas de Analistas de Sistemas 4 para la implementación del SILC-EDUS.",3.5460673819761723,1623,36,1659,short_answer,100.10588235294124,69.9,109.8,3929.422564338235,3929.31640625,3929.42578125,99.17647058823529,98.0,100.0,31708.0,31708.0,31708.0
1,DeepSeek-R1-Distill-Qwen-14B-F16,197,"SIES, SIAC, ARCA, FileMaker, bases de datos internas","</think>

No lo sé.
</think>

No lo sé.",1.5767127809813246,1170,13,1183,short_answer,99.14666666666666,89.9,99.9,3929.418489583333,3929.31640625,3929.42578125,99.28571428571429,98.0,100.0,31708.0,31708.0,31708.0
1,DeepSeek-R1-Distill-Qwen-14B-F16,139,87 endoscopistas.,"</think>

No lo sé.",0.6375775050837547,1385,7,1392,short_answer,98.16666666666667,89.9,99.9,3929.4075520833335,3929.31640625,3929.42578125,98.5,98.0,99.0,31708.0,31708.0,31708.0
1,DeepSeek-R1-Distill-Qwen-14B-F16,170,"₡102,322,211.","</think>

₡102,322,211",1.2744304520310834,2259,15,2274,short_answer,106.49166666666666,89.9,209.8,3929.4166666666665,3929.31640625,3929.42578125,91.83333333333333,57.0,99.0,31708.0,31708.0,31708.0
1,DeepSeek-R1-Distill-Qwen-14B-F16,167,40%,"</think>

El porcentaje de invitación para los programas de tamizaje es del 40%.
</think>

El porcentaje de invitación para los programas de tamizaje es del 40%.",2.133663081913255,1501,44,1545,short_answer,102.80999999999997,69.9,159.8,3929.4203125,3929.31640625,3929.42578125,94.45454545454545,51.0,99.0,31708.0,31708.0,31708.0
1,DeepSeek-R1-Distill-Qwen-14B-F16,254,"El CNDTCG actúa como el ente rector y articulador de los programas de tamizaje de cáncer gástrico y colorrectal a nivel nacional. Su rol como coordinador nacional implica:

Captación estructurada: Asumir directamente la invitación y convocatoria de la población objetivo (50 a 74 años) a través de la adscripción en el EDUS.
Coordinación de la red: Gestionar la disponibilidad de cupos con laboratorios clínicos (para pruebas FIT) y servicios de imagenología (para Series Gastroduodenales) en el primer y segundo nivel.
Seguimiento y trazabilidad: Monitorear activamente la lectura de imágenes, el agendamiento de endoscopías, los resultados de biopsias y la derivación a tratamiento quirúrgico u oncológico.
Estandarización y apoyo técnico: Definir rutas clínicas, protocolos estandarizados y brindar asistencia técnica a los establecimientos de la red de la CCSS para asegurar un acceso oportuno y equitativo.","</think>

El CNDTCG actúa como coordinador nacional de los programas de tamizaje, integrando y articulando progresivamente la red de servicios de salud institucional. Su función principal es asegurar la implementación estandarizada de estrategias de captación, diagnóstico, tratamiento y seguimiento en todo el país. Esto se enfoca en la detección temprana de cánceres gástrico y colorrectal en población asintomática, mediante la organización de programas específicos y la articulación de la red de servicios para su ejecución nacional. Además, coordina con otros niveles de atención para garantizar la continuidad en la atención especializada de personas con patologías específicas derivadas de estos programas.",6.921543333097361,1420,165,1585,open_ended,99.34843750000007,39.9,109.8,3929.424072265625,3929.31640625,3929.42578125,98.70588235294117,98.0,99.0,31708.0,31708.0,31708.0
1,DeepSeek-R1-Distill-Qwen-14B-F16,232,"Dado que la incidencia de cáncer de estómago, colon y recto está estrechamente ligada a la edad, la mayor longevidad brinda más oportunidades para llegar a edades en donde el riesgo de desarrollar cáncer es más alto.
Implicaciones para el tamizaje: El incremento de población en edades de mayor riesgo hace indispensables los programas organizados de detección temprana (como la prueba FIT y la Serie Gastroduodenal) ya que pueden mejorar significativamente la detección temprana y, por ende, las tases de supervivencia.","</think>

El aumento de la esperanza de vida en Costa Rica está directamente relacionado con el incremento en la incidencia de cáncer de estómago y colorrectal. A medida que las personas viven más tiempo, el riesgo de desarrollar enfermedades crónicas, incluyendo el cáncer, aumenta. Esto se refleja en un incremento del 57% en los años de vida potencialmente perdidos (YPLL) debido al cáncer entre 2017 y 2022. Para los programas de tamizaje, esta tendencia implica la necesidad de implementar estrategias de prevención, detección temprana y seguimiento efectivas, como las descritas en el Plan de Abordaje Integral, para reducir la mortalidad y mejorar los resultados en pacientes con estos tipos de cáncer.",8.062020829995163,1342,191,1533,open_ended,99.53918918918929,69.9,109.8,3929.4243032094596,3929.31640625,3929.42578125,97.925,68.0,99.0,31708.0,31708.0,31708.0
1,DeepSeek-R1-Distill-Qwen-14B-F16,290,"El impacto económico del plan de tamizaje radica en que la detección temprana y el tratamiento de lesiones precancerosas reducen drásticamente los costos de atención para la CCSS en comparación con el manejo del cáncer avanzado:

Cáncer Gástrico: Tratar lesiones precancerosas representa solo el 8.3% del costo de un cáncer avanzado (23.3% en etapa temprana).
Cáncer de Colon: Atender lesiones precancerosas equivale al 3.3% del costo en etapa avanzada (9.0% en temprana).
Cáncer de Recto: Equivale al 3.0% en lesiones precancerosas (8.3% en temprana).","</think>

El impacto económico del plan de tamizaje propuesto se relaciona con la sostenibilidad institucional y la mejora continua de los programas. Se menciona la necesidad de asignar fondos para implementación y mantenimiento, adquisición de equipamiento y capacitación del personal. Además, se identifican oportunidades de eficiencia para sustentar decisiones presupuestarias y valorar el impacto económico de los programas. Sin embargo, no se proporcionan detalles específicos sobre el costo total o los beneficios económicos directos del plan.",10.529859621077776,1473,121,1594,open_ended,99.80594059405936,49.9,109.8,3929.424698329208,3929.31640625,3929.42578125,98.8076923076923,87.0,100.0,31708.0,31708.0,31708.0
1,DeepSeek-R1-Distill-Qwen-14B-F16,242,"El cálculo del número de salas teóricas de fluoroscopia ($EF$) se realiza mediante la ecuación E1:
$$EF = \frac{PO \cdot PI \cdot PP}{PS \cdot DH}$$
PO: Población objetivo en el periodo.
PI: Porcentaje de invitación.
PP: Porcentaje de participación.
PS: Pacientes diarios por sala (20 pacientes/día).
DH: Días hábiles de funcionamiento al año.
Implicación: Al extrapolar este cálculo a nivel nacional para el año 2025, se requerirían aproximadamente 12 salas de fluoroscopia (y su respectivo personal de imagenología) funcionando a tiempo completo durante todo el año. La principal implicación es que este requerimiento no es factible en la práctica, ya que representa más del 60% de la disponibilidad nacional actual (19 salas existentes), las cuales hoy están destinadas casi en su totalidad a la atención asistencial y diagnóstica.","</think>

Para calcular el número de salas de fluoroscopia necesarias, se utiliza la ecuación E1: 

EF = (PO * PI * PP) / (PS * DH)

Donde:
- EF: Número de equipos de salas de fluoroscopia.
- PO: Población objetivo en un periodo.
- PI: Porcentaje de invitación en un periodo.
- PP: Porcentaje de participación en un periodo.
- PS: Número de pacientes diarios por sala.
- DH: Número de días hábiles de funcionamiento.

El resultado obtenido indica el número de salas de fluoroscopia y, por consiguiente, el personal de imagenología requerido para cubrir la demanda del programa de tamizaje. Este cálculo asegura que la capacidad instalada sea suficiente para atender a todos los pacientes en el plazo establecido, garantizando la eficiencia y efectividad del programa.",8.823560382938012,1493,200,1693,open_ended,100.30617283950626,99.8,109.8,3929.424430941358,3929.31640625,3929.42578125,97.70454545454545,58.0,100.0,31708.0,31708.0,31708.0
1,DeepSeek-R1-Distill-Qwen-14B-F16,247,"La metodología evalúa cada riesgo multiplicando la Probabilidad (1 a 5) por el Impacto (1 a 5). La valoración se clasifica en: Bajo (5 o menos), Moderado (6 a 10), Alto (11 a 15) y Muy Alto (más de 15).Los riesgos con valoración más alta (Muy Alto: 20 y 16) son:
Normativa (20)
Formación y Dotación de Especialistas y Personal Técnico (20)
Disponibilidad y Adquisición de Equipamiento Médico (20)
Acceso Equitativo a los Servicios de Salud (20)
Disponibilidad de Datos Precisos y Actualizados (16)

Medidas mitigantes para los más críticos:
Normativa: Gestión de apoyo político e involucramiento de actores clave.
Formación/Dotación: Alinear la formación y asignación de especialistas según las zonas de mayor incidencia.
Equipamiento: Contratos de mantenimiento, actualización regular de equipos y reservas de emergencia.
Acceso Equitativo: Distribución adecuada de recursos e infraestructura en regiones necesitadas.
Datos: Sistemas de recolección y actualización continua de información.","</think>

La metodología para evaluar los riesgos incluye identificar ítems críticos como disponibilidad de recursos, capacitación del personal, normativa, recursos financieros, equipamiento médico, acceso equitativo, datos precisos y coordinación. Los riesgos con valoración más alta (entre 11 y 15) y muy alta (mayor a 15) son: Normativa, Disponibilidad de Recursos Financieros, Equipamiento Médico, Acceso Equitativo, Datos Precisos y Eficiencia en Coordinación. Las medidas mitigantes propuestas son: desarrollar normativa clara, gestionar apoyo político, involucrar actores clave, comunicar con los interesados, y mejorar la coordinación y gestión.",7.0115875450428575,1079,166,1245,open_ended,98.73076923076933,10.0,109.8,3929.882391826923,3929.31640625,3929.90625,98.54285714285714,91.0,99.0,31708.0,31708.0,31708.0
1,DeepSeek-R1-Distill-Qwen-14B-F16,244,"Para garantizar la captación y el seguimiento efectivo de los pacientes se requiere:

Captación: Acceso a datos de adscripción (cumpliendo la Ley 8968), invitación telefónica estructurada liderada por el CNDTCG mediante personal especializado y herramientas informáticas.
Seguimiento y trazabilidad: Adaptación del EDUS para permitir acceso centralizado e interoperable a imágenes de SGD, resultados de FIT (mediante la implementación del SILC), agendamiento de citas en SIAC (para controlar ausentismo) y biopsias en ARCA-Patología.

Desafíos del proceso:

Tecnológicos: El EDUS no fue diseñado para tamizaje, existe baja cobertura actual del SILC (16%) y falta personal técnico para soporte 24/7.
Operativos: Se debe contactar al menos al triple de personas respecto a la meta por baja localización o falta de respuesta.
Normativos: Ausencia de normativa institucional obligatoria entre niveles de atención.","</think>

Para garantizar la captación y el seguimiento efectivo de los pacientes en los programas de tamizaje, es fundamental que el CNDTCG acceda a datos personales como nombre, apellidos, teléfonos, correo electrónico, provincia, cantón, distrito y Área de Salud de residencia, respetando la Ley No. 8968. Además, se deben coordinar recursos como anestesia, endoscopía, imagenología y enfermería para realizar las intervenciones oportunas. El seguimiento incluye monitorear el estado clínico postprocedimiento, gestionar complicaciones y asegurar que las biopsias y tratamientos se realicen dentro de los plazos establecidos. Un desafío es garantizar la disponibilidad de recursos y personal capacitado, así como asegurar que los pacientes cumplan con los protocolos de seguimiento.",10.031675322097726,1369,197,1566,open_ended,99.69677419354839,59.9,109.8,3929.9089801747314,3929.80078125,3929.91015625,98.38,85.0,100.0,31708.0,31708.0,31708.0
1,DeepSeek-R1-Distill-Qwen-14B-F16,265,"Brinda soporte técnico especializado en procedimientos endoscópicos diagnósticos y terapéuticos en coordinación con el personal médico y de enfermería.

Sus funciones principales incluyen:
Preparación y mantenimiento: Verificación de equipos, accesorios y sistemas de video endoscópicos en óptimas condiciones.
Asistencia intraprocedimiento: Apoyo directo al endoscopista en el manejo de equipos, toma de muestras, succión, irrigación y uso de instrumentos auxiliares.
Bioseguridad: Limpieza, desinfección de alto nivel, resguardo y trazabilidad del instrumental según normas de control de infecciones.
Gestión técnica: Control de inventario de insumos, listas de verificación, mantenimiento preventivo y reporte de fallos o averías.
Atención al usuario: Orientación clara, respetuosa y centrada en el bienestar del paciente.","</think>

El Técnico en Gastroenterología en el CNDTCG realiza actividades técnicas y de apoyo en el área clínica, contribuyendo al diagnóstico y manejo de pacientes con patologías gastrointestinales. Coordina actividades como la programación de usuarios, el suministro de materiales promocionales y la ejecución de campañas de prevención. Asimismo, participa en la asistencia técnica y en la formación del talento humano, asegurando la calidad y eficiencia de los servicios ofrecidos.",10.513596253003925,1347,124,1471,open_ended,99.60693069306929,49.9,119.9,3929.916885829208,3929.80859375,3929.91796875,99.07692307692308,98.0,100.0,31708.0,31708.0,31708.0
1,DeepSeek-R1-Distill-Qwen-14B-F16,272,"El médico general asistente en el CNDTCG brinda apoyo clínico directo en procedimientos endoscópicos (diagnósticos y terapéuticos) e intervenciones quirúrgicas (percutáneas y mayores).
Sus funciones principales comprenden:

Atención clínica: Evalúa la condición previa del paciente, verifica consentimientos informados, monitorea signos vitales y parámetros clínicos, está capacitado para manejar la sedación profunda por vía aérea y vigila la recuperación postoperatoria inmediata.
Asistencia quirúrgica: Colabora directamente en las etapas del acto operatorio mediante exposición quirúrgica, manejo de instrumental y hemostasia básica.
Gestión administrativa y operativa: Coordina la programación y agendas de TAC (midiendo ausentismo y suspensiones), gestiona el flujo y seguimiento de biopsias, y actúa como gestor y evaluador de referencias clínicas.","</think>

El médico general asistente en los procedimientos del CNDTCG forma parte activa del equipo quirúrgico, colaborando como asistente en las distintas etapas del acto operatorio. Su apoyo incluye la preparación del paciente, asistencia técnica durante la cirugía (como exposición quirúrgica, manejo de instrumental y hemostasia básica), y seguimiento clínico inmediato en la fase postquirúrgica. Además, coordina la programación de estudios de tomografía computarizada (TAC), lo cual incluye la apertura y cierre de agendas, priorización de casos, coordinación con recepcionistas, enfermería y técnicos, así como la verificación de disponibilidad de recursos e insumos. También mide y analiza los indicadores de ausentismo y suspensión de citas, asegurando el aprovechamiento óptimo de las agendas.",8.446086544077843,1444,204,1648,open_ended,99.16794871794883,20.0,109.8,3929.91656650641,3929.80859375,3929.91796875,98.38095238095238,91.0,99.0,31708.0,31708.0,31708.0
1,DeepSeek-R1-Distill-Qwen-14B-F16,265,"Brinda soporte técnico especializado en procedimientos endoscópicos diagnósticos y terapéuticos en coordinación con el personal médico y de enfermería.

Sus funciones principales incluyen:
Preparación y mantenimiento: Verificación de equipos, accesorios y sistemas de video endoscópicos en óptimas condiciones.
Asistencia intraprocedimiento: Apoyo directo al endoscopista en el manejo de equipos, toma de muestras, succión, irrigación y uso de instrumentos auxiliares.
Bioseguridad: Limpieza, desinfección de alto nivel, resguardo y trazabilidad del instrumental según normas de control de infecciones.
Gestión técnica: Control de inventario de insumos, listas de verificación, mantenimiento preventivo y reporte de fallos o averías.
Atención al usuario: Orientación clara, respetuosa y centrada en el bienestar del paciente.","</think>

El Técnico en Gastroenterología en el CNDTCG realiza actividades técnicas y de apoyo en el área clínica, contribuyendo al abordaje integral de las patologías gastrointestinales. Coordina actividades como la programación de usuarios, el mantenimiento de la infraestructura hospitalaria y la gestión de materiales necesarios para los programas de detección temprana. Asimismo, participa en la planificación, evaluación y formación de recursos humanos, asegurando la calidad y eficiencia en los servicios ofrecidos. Su labor es esencial para la correcta operación del centro y la optimización de recursos en la red de salud.",6.500525581999682,1347,153,1500,open_ended,99.81166666666675,49.9,109.9,3929.9161458333333,3929.80859375,3929.91796875,98.6875,98.0,99.0,31708.0,31708.0,31708.0
1,DeepSeek-R1-Distill-Qwen-14B-F16,279,"Para realizar un inventario nacional detallado de los recursos disponibles para la realización de estudios endoscópicos, se debe incluir:

antidad y distribución de los equipos de endoscopia (equipos y torres de endoscopia alta y baja).
Disponibilidad de personal capacitado.
Capacidad operativa de los centros de salud, considerando la cantidad y distribución geográfica de las salas de endoscopía disponibles a nivel nacional y por centro de salud.

Contar con esta información permite identificar brechas y áreas de necesidad, facilitando la planificación, la evaluación de la infraestructura existente y la asignación estratégica de recursos para asegurar un acceso equitativo.","</think>

Para realizar un inventario nacional de los recursos disponibles para la realización de estudios endoscópicos, se debe incluir:

- La cantidad y distribución de los equipos de endoscopia existentes en los centros de salud.
- La disponibilidad de personal capacitado y cualificado para realizar estudios endoscópicos.
- La capacidad operativa de los centros de salud, es decir, cuántos estudios pueden realizar en un período determinado.
- Esta información permitirá identificar brechas y áreas de necesidad, facilitando la planificación y asignación de recursos de manera estratégica.",10.892447416088542,1240,132,1372,open_ended,100.66730769230763,99.8,109.8,3929.9169170673076,3929.80859375,3929.91796875,99.05555555555556,98.0,100.0,31708.0,31708.0,31708.0
1,DeepSeek-R1-Distill-Qwen-14B-F16,241,"Las metas de cobertura establecidas para los programas de tamizaje de cáncer gástrico y colorrectal son:
Porcentaje de invitación: 40% de la población objetivo para ambos tipos de cáncer.
Porcentaje de tamizaje: 65% de la población invitada participando en el programa.
Periodicidad: Bienal (aplicado cada dos años).

En cuanto a las endoscopias estimadas sobre la población tamizada:
Cáncer gástrico: Se estima que un 15% requerirá gastroscopia, derivado de las Series Gastroduodenales (SGD) alteradas.
Cáncer colorrectal: Se estima que un 12% requerirá colonoscopia, derivado de las pruebas de sangre oculta en heces (FIT) positivas.","</think>

**Respuesta:**

Los programas de tamizaje de cáncer gástrico y colorrectal tienen metas específicas establecidas para la invitación y participación de la población objetivo. Según el Cuadro No. 28, el porcentaje de invitación es del 40%, lo que significa que se espera contactar a esta proporción de la población objetivo para participar en los programas. Además, el porcentaje de la población que efectivamente participa en el tamizaje es del 65%. No se menciona explícitamente el porcentaje de endoscopias para cada tipo de cáncer en el contexto proporcionado.",6.174935157992877,1009,144,1153,open_ended,99.81052631578956,59.9,129.9,3929.9160498903507,3929.80859375,3929.91796875,97.19354838709677,53.0,99.0,31708.0,31708.0,31708.0
1,DeepSeek-R1-Distill-Qwen-14B-F16,238,"La red de laboratorios clínicos representa una fortaleza estratégica porque la CCSS cuenta con 110 laboratorios distribuidos en todo el país, lo que brinda una infraestructura robusta para implementar la prueba de sangre oculta en heces (FIT) a nivel nacional.
Respecto a las diferencias:
Prueba cualitativa: Está disponible en todos los laboratorios de la red mediante compra centralizada y distribución de la Gerencia de Logística, siendo una alternativa de implementación con resultados digitales homologados.
Prueba cuantitativa: Solo está disponible en dos laboratorios. Requiere equipos automatizados que otorgan un resultado cuantificable para medir frente a un punto de corte de positividad, exigiendo una compra nacional y una red centralizada para su uso masivo, por lo que no es viable a corto plazo.","</think>

La red de laboratorios clínicos de la CCSS es una fortaleza para el programa de tamizaje de cáncer colorrectal debido a que cuenta con 110 laboratorios distribuidos en hospitales nacionales generales, regionales y periféricos, lo que permite un acceso amplio y eficiente a la prueba de sangre oculta en heces (FIT). Además, estos laboratorios están capacitados para manejar grandes volúmenes de pruebas, garantizando la calidad y confiabilidad de los resultados necesarios para el tamizaje.

La prueba de sangre oculta en heces cualitativa se realiza en todos los laboratorios clínicos del país, detectando la presencia de sangre oculta. Por otro lado, la prueba cuantitativa solo se realiza en los laboratorios del Hospital México y el Hospital Max Peralta, y mide la cantidad de sangre en las heces, lo que puede influir en el número de colonoscopias necesarias para los programas de tamizaje.",9.730125150061212,1360,233,1593,open_ended,100.03146067415736,89.9,109.9,3929.916739817416,3929.80859375,3929.91796875,97.97916666666667,69.0,99.0,31708.0,31708.0,31708.0
1,DeepSeek-R1-Distill-Qwen-14B-F16,297,"La clasificación endoscópica colorrectal internacional con imagen de banda estrecha NBI (NICE) se utiliza sin endoscopía de aumento. Es útil para predecir la invasión submucosa profunda y definir si una lesión es irresecable endoscópicamente. Se compone de tres subtipos:
    NICE 1: Pólipo hiperplásico.
    NICE 2: Pólipo adenomatoso.
    NICE 3: Lesión con invasión submucosa profunda o cáncer avanzado.","</think>

La clasificación NICE (Nice, por sus siglas en inglés) para pólipos colorrectales se basa en tres subtipos:

1. **NICE 1**: Pólipo hiperplásico.
2. **NICE 2**: Pólipo adenomatoso.
3. **NICE 3**: Lesión con invasión submucosa profunda o cáncer avanzado.

Esta clasificación es útil para predecir la invasión submucosa profunda y para identificar lesiones que no son resecables endoscópicamente.",5.834305996075273,1504,131,1635,open_ended,99.99629629629638,49.9,109.9,3929.915943287037,3929.80859375,3929.91796875,97.96551724137932,73.0,99.0,31708.0,31708.0,31708.0
1,DeepSeek-R1-Distill-Qwen-14B-F16,303,"Los contactos oficiales del CNDTCG y los casos para consultar a cada uno son:
    Dirección General Dr. Marvin Yglesias Rosales: Consultas sobre aspectos estratégicos, políticas institucionales, articulación con la red, decisiones clínicas complejas y coordinación interinstitucional.
    Coordinación de Programas de Tamizaje Dra. Rosalyn Vargas Barquero: Consultas sobre rutas clínicas, protocolos de tamizaje, priorización de población objetivo, indicadores y procesos operativos del programa.
    Área de Planificación y Mejora Continua Ing. Balaam Brenes Navarro: Consultas sobre planificación operativa, indicadores de desempeño, evaluación de resultados, mejora continua y análisis de datos.","</think>

No lo sé.",1.4917082360479978,1406,7,1413,open_ended,96.50666666666665,20.0,129.9,3929.914583333333,3929.8125,3929.921875,91.375,69.0,100.0,31708.0,31708.0,31708.0
1,DeepSeek-R1-Distill-Qwen-14B-F16,245,"La normativa institucional resulta indispensable al definir reglas y responsabilidades claras que obliguen ineludiblemente a los distintos niveles de atención (laboratorios, radiología y gastroenterología) a participar en el proceso, eliminando la cobertura desigual e inconsistente derivada de la falta de una norma obligatoria específica. Una normativa clara y específica debería incluir directrices detalladas sobre la función y participación de cada unidad en el proceso de tamizaje.","</think>

La normativa institucional desempeña un papel fundamental en el proceso de seguimiento a los pacientes, garantizando que se cumplan los estándares de confidencialidad, seguridad y resguardo de la información. Esto asegura que los datos sensibles de los pacientes sean protegidos de acuerdo con las normas legales y reglamentarias vigentes. Además, la normativa institucional facilita la trazabilidad y calidad de la información, permitiendo un seguimiento adecuado y una atención oportuna. Por medio de estos marcos normativos, se asegura que los procesos clínicos y administrativos se realicen de manera coherente y eficiente, contribuyendo a la mejora continua de la atención y al cumplimiento de los objetivos del tamizaje.",8.589770613005385,1002,176,1178,open_ended,99.92750000000012,89.9,109.9,3929.9205078125,3929.8125,3929.921875,98.85714285714286,98.0,100.0,31708.0,31708.0,31708.0
1,DeepSeek-R1-Distill-Qwen-14B-F16,279,"Para realizar un inventario nacional detallado de los recursos disponibles para la realización de estudios endoscópicos, se debe incluir:

antidad y distribución de los equipos de endoscopia (equipos y torres de endoscopia alta y baja).
Disponibilidad de personal capacitado.
Capacidad operativa de los centros de salud, considerando la cantidad y distribución geográfica de las salas de endoscopía disponibles a nivel nacional y por centro de salud.

Contar con esta información permite identificar brechas y áreas de necesidad, facilitando la planificación, la evaluación de la infraestructura existente y la asignación estratégica de recursos para asegurar un acceso equitativo.","</think>

Para realizar un inventario nacional de los recursos disponibles para la realización de estudios endoscópicos, se debe incluir:

- La cantidad y distribución de los equipos de endoscopia existentes en los centros de salud.
- La disponibilidad de personal capacitado en endoscopia.
- La capacidad operativa de los centros de salud para realizar estudios endoscópicos adecuadamente.

Estos datos permitirán identificar brechas y áreas de necesidad, facilitando la planificación y asignación de recursos de manera estratégica.",6.332742239930667,1240,121,1361,open_ended,98.6400000000001,10.0,109.8,3929.9200520833333,3929.8125,3929.921875,97.78125,80.0,99.0,31708.0,31708.0,31708.0
1,DeepSeek-R1-Distill-Qwen-14B-F16,270,"El análisis FODA del CNDTCG evalúa los factores internos y externos del centro para orientar la planificación estratégica, la gestión de riesgos y la adaptación de su modelo de atención. Sus principales hallazgos incluyen:

Fortalezas: Centro especializado con alcance nacional autorizado por la CCSS, modelo clínico basado en tamizaje poblacional y atención resolutiva, personal altamente calificado, e integración con servicios de apoyo y evaluación.
Debilidades: Dependencia de infraestructura ajena, tiempos no estandarizados en procesos de referencia/contra-referencia y falta de sistematización uniforme de protocolos entre niveles.
Oportunidades: Inclusión en la Política Nacional de Cáncer, alianzas académicas para investigación, implementación de analítica avanzada e interés creciente en tamizaje poblacional.
Amenazas: Desigualdad regional en acceso, saturación de hospitales de referencia, limitaciones presupuestarias institucionales, resistencia al cambio y rotación de personal clave.","</think>

No lo sé.",0.857699474086985,1219,7,1226,open_ended,98.56249999999999,89.8,99.9,3929.908203125,3929.8125,3929.921875,98.66666666666667,98.0,99.0,31708.0,31708.0,31708.0
1,DeepSeek-R1-Distill-Qwen-14B-F16,267,"Torres de endoscopía de alta definición para tracto digestivo alto y bajo, con visualización y grabación digital.
Equipamiento para Resección Submucosa Endoscópica (ESD): cuchillos endoscópicos, inyectores submucosos, clips hemostáticos y unidades electroquirúrgicas.
Equipo de Ultrasonido Endoscópico (USE) para estadificación loco-regional y evaluación de lesiones subepiteliales.
Equipo para CPRE: accesorios para drenaje biliar, esfinterotomías, extracción de cálculos y prótesis biliares.
Fluoroscopio de alta resolución y tomógrafo (TAC) para guía de CPRE, cirugía percutánea y estadificación oncológica.
Ultrasonido convencional para guía de procedimientos e imagenología.
Monitores multiparámetros, bombas de infusión y soporte para sedación/recuperación anestésica.
Instrumental quirúrgico especializado para laparotomía, laparoscopía y cirugía percutánea.
Equipos de apoyo en recuperación y anestesia.
Sistemas informáticos clínicos articulados con los sistemas institucionales como el EDUS.","</think>

El CNDTCG dispone de equipos médicos y tecnológicos de alta especialización, entre los cuales se encuentran:

1. Torres de endoscopía de alta definición para procedimientos digestivos altos y bajos, con sistemas de visualización, iluminación, documentación y grabación digital.
2. Equipamiento para Resección Submucosa Endoscópica (ESD), que incluye cuchillos endoscópicos, inyectores submucosos, clips hemostáticos y unidades electroquirúrgicas.
3. Equipo de ultrasonido endoscópico (USE) para estadificación loco-regional, evaluación de lesiones subepiteliales y localización de estructuras profundas.

Estos equipos permiten desarrollar los programas clínicos del centro con altos estándares de seguridad y calidad técnica, respaldando procedimientos diagnósticos, terapéuticos y quirúrgicos.",8.794393458054401,1429,212,1641,open_ended,99.69382716049391,49.9,109.9,3929.920524691358,3929.8125,3929.921875,97.79545454545455,68.0,99.0,31708.0,31708.0,31708.0
1,DeepSeek-R1-Distill-Qwen-14B-F16,228,"Durante el periodo 2017-2022, la incidencia total combinada de cáncer de estómago, colon y recto mostró una leve tendencia decreciente, pasando de 30,60 a 27,41 casos por 100.000 habitantes. Por tipo de cáncer:
- Estómago: Mantuvo estabilidad (12–13 casos por 100.000), disminuyendo hacia 2022.
- Colon: Presentó estabilidad, fluctuando entre 11 y 12 casos por 100.000.
- Recto: Permaneció constante (6–7 casos por 100.000).
Diferencias por sexo: La incidencia combinada fue consistentemente mayor en hombres (promedio de 32,62 por 100.000) que en mujeres (promedio de 27,16 por 100.000). Los hombres registraron mayor incidencia en cáncer de estómago (13,98 vs. 9,31) y de recto (6,98 vs. 5,12). En contraste, la incidencia de cáncer de colon fue levemente superior en mujeres (12,73 vs. 11,66).","</think>

No lo sé.",0.7808277589501812,1511,7,1518,open_ended,93.6,30.0,119.9,3929.908203125,3929.8125,3929.921875,91.25,69.0,99.0,31708.0,31708.0,31708.0
1,DeepSeek-R1-Distill-Qwen-14B-F16,293,"Un programa organizado de tamizaje es una estrategia de salud pública estructurada, planificada y estandarizada orientada a la detección precoz de enfermedades en una población objetivo asintomática.
Se caracteriza por desarrollarse mediante procesos sistemáticos, continuos y con control de calidad en todas sus etapas, abarcando desde la captación e invitación activa de participantes hasta el diagnóstico, tratamiento y seguimiento continuo de los casos detectados.
Para su funcionamiento requiere de una planificación centralizada, recursos asignados, evaluación del desempeño y mecanismos que garanticen la equidad en el acceso y la adherencia de la población.","</think>

Un programa organizado de tamizaje es una estrategia de salud pública estructurada y estandarizada que busca la detección precoz de enfermedades en una población específica mediante procesos sistemáticos, continuos y con control de calidad en todas sus etapas, desde la captación hasta el tratamiento de los casos detectados. Requiere planificación centralizada, recursos asignados, seguimiento activo, evaluación de desempeño y mecanismos que aseguren la equidad en el acceso y la adherencia de la población objetivo.",5.291152362013236,1334,122,1456,open_ended,99.195918367347,49.9,109.9,3929.9196428571427,3929.8125,3929.921875,98.96153846153847,98.0,99.0,31708.0,31708.0,31708.0
1,DeepSeek-R1-Distill-Qwen-14B-F16,231,"Aunque la incidencia del cáncer colorrectal es mayor que la del cáncer de estómago, la mortalidad del cáncer de estómago es proporcionalmente más alta (12,68 muertes por 100.000 habitantes frente a 9,28 en colon y 3,25 en recto).
Esta mayor tasa proporcional de mortalidad sugiere que el cáncer de estómago es una enfermedad potencialmente más letal o que suele diagnosticarse en etapas más avanzadas en comparación con los cánceres colorrectales.","</think>

La mortalidad del cáncer de estómago es proporcionalmente más alta que la de los cánceres colorrectales, a pesar de que su incidencia es menor, debido a que el cáncer de estómago tiende a diagnosticarse en etapas más avanzadas, lo que lo hace más letal. Además, las tasas de mortalidad por cáncer de estómago son significativamente mayores en hombres que en mujeres, lo que sugiere una diferencia en la detección y tratamiento en este grupo poblacional.",6.485225507989526,1623,120,1743,open_ended,98.83606557377054,39.9,109.8,3929.9200819672133,3929.8125,3929.921875,99.03125,98.0,100.0,31708.0,31708.0,31708.0
1,DeepSeek-R1-Distill-Qwen-14B-F16,278,"En la actualidad, la Caja Costarricense de Seguro Social (CCSS) cuenta con la siguiente red de instalaciones y establecimientos de salud distribuidos en sus tres niveles de atención:

    3 hospitales nacionales generales
    6 hospitales nacionales especializados
    8 hospitales regionales
    12 hospitales periféricos
    105 áreas de salud
    7 centros o unidades especializadas

Adicionalmente, la infraestructura del primer nivel se subdivide en sectores de salud que funcionan desde sedes de EBAIS (Equipos Básicos de Atención Integral en Salud) o se desplazan a Puestos de Visita Periódica (PVP) en localidades con problemas de accesibilidad.","</think>

La CCSS cuenta con 19 salas de fluoroscopia disponibles para procedimientos relacionados con la detección temprana de cáncer gastrointestinal.",2.6995145039400086,1403,37,1440,open_ended,96.35769230769232,30.0,99.9,3929.917668269231,3929.8125,3929.921875,98.92307692307692,98.0,99.0,31708.0,31708.0,31708.0
1,DeepSeek-R1-Distill-Qwen-14B-F16,284,"Ante un resultado positivo en la prueba SOHi (sangre oculta en heces por método inmunoquímico), se debe realizar una colonoscopia de calidad en un plazo no mayor a seis meses, efectuada por personal entrenado para la detección y tratamiento endoscópico de lesiones.
Durante el procedimiento se toman biopsias o se resecan pólipos si están presentes. El seguimiento posterior depende de los hallazgos:

    Pólipos que requieren vigilancia (como adenomas ≥10 mm, con displasia de alto grado, o ≥5 adenomas): se indica colonoscopia de vigilancia a los 3 años.
    Pólipos que no requieren vigilancia o exploraciones normales: el paciente retorna al programa de tamizaje poblacional con SOHi o a los controles correspondientes según las guías clínicas.","</think>

Para los casos con pruebas SOHi positivas, se procede a realizar una endoscopía intestinal para confirmar la presencia de lesiones y determinar su naturaleza, ya sean pólipos, displasia o cáncer. Posteriormente, se realizan biopsias si se detectan lesiones sospechosas. Los pacientes con resultados positivos son derivados al servicio de patología para el análisis definitivo y, en caso de ser necesario, se programan intervenciones quirúrgicas o tratamientos complementarios.",5.434537867899053,1416,118,1534,open_ended,100.4100000000001,89.9,109.8,3929.9196875,3929.8125,3929.921875,98.92307692307692,98.0,99.0,31708.0,31708.0,31708.0
1,DeepSeek-R1-Distill-Qwen-14B-F16,302,"Los principales logros del Centro Nacional de Detección Temprana de Cáncer Gastrointestinal (CNDTCG) comprenden:
    Creación de un modelo único de Programa de Tamizaje Gástrico y Colorrectal.
    Liderazgo regional: Convertirse en el único país de la región y uno de los tres de Latinoamérica con un programa organizado de tamizaje de cáncer colorrectal.
    Efectividad en diagnóstico oportuno: Lograr la detección de más del 50% de cáncer temprano de colon.","</think>

El CNDTCG ha logrado fortalecer la estandarización, trazabilidad, eficiencia y calidad de sus actividades mediante la implementación de herramientas de información y modelos de coordinación interinstitucional. Esto ha permitido mejorar la gestión operativa, promoviendo la toma de decisiones basadas en evidencia y alineadas con los objetivos estratégicos del centro. Además, ha avanzado en la elaboración y actualización del Plan Anual Operativo, asegurando metas claras y medibles. El centro también ha mejorado el seguimiento de indicadores clínicos, administrativos e institucionales, lo que respalda la toma de decisiones y fortalece la calidad en la atención.",7.835062128957361,1213,163,1376,open_ended,98.57671232876723,10.0,109.8,3929.9203767123286,3929.8125,3929.921875,98.38461538461539,81.0,100.0,31708.0,31708.0,31708.0
1,DeepSeek-R1-Distill-Qwen-14B-F16,241,"Las metas de cobertura establecidas para los programas de tamizaje de cáncer gástrico y colorrectal son:
Porcentaje de invitación: 40% de la población objetivo para ambos tipos de cáncer.
Porcentaje de tamizaje: 65% de la población invitada participando en el programa.
Periodicidad: Bienal (aplicado cada dos años).

En cuanto a las endoscopias estimadas sobre la población tamizada:
Cáncer gástrico: Se estima que un 15% requerirá gastroscopia, derivado de las Series Gastroduodenales (SGD) alteradas.
Cáncer colorrectal: Se estima que un 12% requerirá colonoscopia, derivado de las pruebas de sangre oculta en heces (FIT) positivas.","</think>

Con base en los criterios para la cobertura establecidos en el Plan de Abordaje Integral, los programas de tamizaje de cáncer gástrico y colorrectal tienen metas específicas. Para ambos tipos de cáncer, el porcentaje de invitación a la población objetivo es del 40%, lo que significa que se espera contactar a esta proporción para participar en el programa. Además, el porcentaje de la población que efectivamente se somete al tamizaje es del 65%. No se menciona explícitamente el porcentaje de endoscopias estimado para cada tipo de cáncer en el contexto proporcionado.",6.210464789997786,1009,148,1157,open_ended,99.63333333333343,89.9,109.8,3929.9199561403507,3929.8125,3929.921875,98.19354838709677,80.0,99.0,31708.0,31708.0,31708.0
1,DeepSeek-R1-Distill-Qwen-14B-F16,269,"El área de Gestión de Bases de Datos en el CNDTCG es responsable del diseño, mantenimiento, consolidación y análisis de los sistemas de información que contienen los datos clínicos, administrativos y operativos del centro.

Sus funciones principales incluyen:
Crear y mantener bases de datos estructuradas para almacenar y procesar información de tamizaje, endoscopía, consulta externa, procedimientos quirúrgicos y seguimiento clínico.
Validar, depurar y actualizar los datos, asegurando el control de calidad.
Generar reportes e informes analíticos para la toma de decisiones estratégicas, evaluación de desempeño y monitoreo de indicadores clave.
Garantizar la seguridad, confidencialidad y resguardo de información sensible mediante controles de acceso y rutinas de respaldo.","</think>

El área de gestión de bases de datos en el CNDTCG tiene la función de administrar y mantener las bases de datos necesarias para el funcionamiento del centro. Esto incluye la gestión de información relacionada con los pacientes, los servicios médicos y otros datos operativos. Además, contribuye a la estandarización, trazabilidad y calidad de las actividades desarrolladas en el centro, promoviendo la eficiencia en la prestación de servicios y la alineación con los lineamientos estratégicos de la CCSS.",9.931755557074212,1363,115,1478,open_ended,100.11999999999999,89.9,109.8,3929.9207236842103,3929.8125,3929.921875,99.06122448979592,98.0,100.0,31708.0,31708.0,31708.0
1,DeepSeek-R1-Distill-Qwen-14B-F16,253,"La elaboración del manual se realizó según el Manual Metodológico para la Construcción de un Manual de Gestión en la Dirección de Desarrollo de Servicios de Salud, mediante un enfoque participativo y técnico que comprendió:

Revisión documental: Análisis de antecedentes, normativa, planes estratégicos y modelos de atención.
Análisis organizativo: Evaluación de áreas funcionales, programas clínicos y servicios de soporte.
Consulta con actores clave: Sesiones técnicas de trabajo con personal del CNDTCG y áreas relacionadas.
Síntesis y sistematización: Estructuración técnica de la información bajo los apartados institucionales requeridos.
Validación preliminar: Revisión por instancias responsables y equipos operativos.
Validación final: Consenso estructurado mediante el método DELPHI modificada con expertos institucionales para garantizar su solidez, pertinencia y aplicabilidad.","</think>

La elaboración del Manual de Gestión del CNDTCG se realizó conforme a las indicaciones establecidas en el ""Manual Metodológico para la Construcción de un Manual de Gestión en la Dirección de Desarrollo de Servicios de Salud"", versión vigente. Este proceso se desarrolló bajo un enfoque participativo y técnico, que incluyó una revisión documental de antecedentes institucionales del CNDTCG, la identificación de información, y la implementación de modelos de coordinación interinstitucional. Además, se aseguró la estandarización, coherencia técnica y alineación con la normativa institucional de la Caja Costarricense de Seguro Social.",7.232839767006226,1464,160,1624,open_ended,99.36119402985084,39.9,109.8,3929.9202425373132,3929.8125,3929.921875,98.25,79.0,100.0,31708.0,31708.0,31708.0
1,DeepSeek-R1-Distill-Qwen-14B-F16,252,"La organización funcional del CNDTCG se estructura bajo un modelo programático e integrado con recursos compartidos y coordinación transversal. Sus principales áreas funcionales son:

Dirección General: Responsable de la conducción estratégica, técnica y operativa del centro.
Coordinaciones de Programa: Lideran la planificación y seguimiento técnico de líneas específicas (Tamizaje Gástrico y Colorrectal, Patología Biliar, Cirugía Percutánea, ESD, Ultrasonido Endoscópico, Cirugía Mayor y Endoscopía Diagnóstica/Terapéutica).
Área Clínica Asistencial: Ejecuta los procedimientos de tamizaje, diagnóstico, tratamiento y seguimiento (endoscopía alta/baja, consulta externa, sala de operaciones, recuperación, TAC y fluoroscopía).
Área de enfermería: brinda atención pre, intra y posterior al procedimiento apoyando los programas clínicos de forma transversal.
Área de Planificación, Investigación y Gestión de Datos: Integra Planificación y Mejora Continua, la Unidad de Investigación en Salud (UIS) y la Gestión de Bases de Datos.
Área Administrativa: Gestiona los recursos físicos, financieros, de talento humano y el soporte logístico.","</think>

La organización funcional del CNDTCG se basa en un modelo programático con recursos compartidos y coordinación transversal de áreas de soporte. Su estructura permite una atención especializada, integral, resolutiva, eficiente y de alta calidad, alineada con los principios de atención centrada en las personas y los lineamientos estratégicos de la CCSS. 

Entre sus principales áreas figuran:
- **Promoción de la salud**: Implementación de programas de tamizaje y diagnóstico temprano.
- **Prevención secundaria**: Atención a personas con patologías gastrointestinales.
- **Recuperación y rehabilitación**: Ofrece servicios de cirugía y seguimiento clínico.
- **Estructura organizativa**: Incluye puestos clave con responsabilidades en implementación, ejecución, supervisión y seguimiento de los procesos.
- **Coordinación interna**: Fortalece la articulación operativa con la red institucional y asegura el cumplimiento de metas institucionales.

Esta organización se alinea con el Mapa de Procesos Institucionales de la CCSS, contribuyendo al Macroproceso Sustantivo de Atención de la Salud.",11.181059808004647,1307,272,1579,open_ended,99.42524271844654,10.0,109.9,3929.9208131067962,3929.8125,3929.921875,97.92857142857143,74.0,99.0,31708.0,31708.0,31708.0
1,DeepSeek-R1-Distill-Qwen-14B-F16,313,"Fluoroscopio (para Serie Gastroduodenal - SGD):
    Costo unitario estimado: Entre ₡166,663,350 y ₡198,408,750 por equipo.
    Vida útil: 10 años
Torre de Endoscopía Alta (para Gastroscopía / EGD):
     Costo unitario estimado: ₡102,322,211
    Nota de uso: Es la misma torre básica utilizada para colonoscopías, variando únicamente las sondas.","</think>

Los costos para el equipamiento en el tamizaje de cáncer gástrico, según el contexto proporcionado, corresponden a los equipos adquiridos en el año 2020 por el Centro Nacional de Detección Temprana de Cáncer Gastrointestinal. Estos equipos incluyen un procesador, una fuente de luz, videoendoscopios, carros de transporte, unidades de mantenimiento, insuflladores de CO2, manguiros, tubos de inyección, adaptadores de limpieza, pinzas de biopsia y agujas de inyección. El costo total de estos equipos es de $54,856,051.",8.483484724070877,1577,157,1734,open_ended,99.55569620253173,39.9,109.8,3929.9204905063293,3929.8125,3929.921875,97.46511627906976,55.0,100.0,31708.0,31708.0,31708.0
1,DeepSeek-R1-Distill-Qwen-14B-F16,294,"FIT (Prueba Inmunoquímica Fecal): Es una prueba analítica realizada en laboratorio clínico para detectar la presencia de sangre oculta en heces, utilizada en el tamizaje de cáncer colorrectal.
SGD (Serie Gastroduodenal): Es un estudio radiológico por fluoroscopia con medio de contraste que permite evaluar la morfología del esófago, estómago y duodeno, utilizado en el tamizaje de cáncer gástrico.

Ambas pertenecen a la etapa de prueba inicial o tamizaje primario dentro del programa organizado de tamizaje. Se aplican a la población objetivo asintomática como filtro previo para identificar hallazgos sospechosos y determinar la necesidad de avanzar a la etapa de confirmación diagnóstica mediante procedimientos endoscópicos (gastroscopía para SGD alterada o colonoscopía para FIT positiva).","</think>

Las pruebas FIT y SGD son parte del programa de tamizaje de cáncer. La FIT (Fecal Immunological Test) es una prueba de sangre oculta en heces, utilizada como método de cribado inicial para detectar sangre en las heces, lo que puede indicar lesiones precancerosas o cancerosas en el colon. Por su parte, la SGD (Serie Gastroduodenal) es una prueba endoscópica que incluye una gastroscopia y una colonoscopia, utilizada para confirmar y diagnosticar lesiones detectadas en la etapa inicial del tamizaje. Ambas pruebas pertenecen a las etapas de diagnóstico del tamizaje, siendo la FIT la prueba de tamizaje inicial y la SGD la prueba confirmatoria.",14.028872159076855,1493,175,1668,open_ended,58.690909090909095,0.0,109.8,2466.6694779829545,2330.74609375,3929.921875,58.785714285714285,0.0,100.0,31708.0,31708.0,31708.0
1,DeepSeek-R1-Distill-Qwen-14B-F16,248,"Las principales áreas críticas identificadas son:

Alta incidencia y mortalidad: Elevadas tasas nacionales que exigen intervenciones prioritarias.
Desigualdades geográficas: Concentración de la carga de enfermedad en provincias como San José, Cartago, Heredia y Alajuela.
Limitaciones de recursos: Escasez y distribución desigual de recursos humanos y tecnológicos, especialmente en radiología y endoscopia.
Trazabilidad y seguimiento: Necesidad de adaptar e integrar el EDUS con SILC, SIAC y ARCA-Patología para el seguimiento continuo del paciente.
Ausencia de normativa: Falta de una norma institucional específica que obligue a los distintos niveles de atención a participar de forma ineludible.
Investigación en salud: Necesidad de fortalecer la Unidad de Investigación en Salud (UIS) para fundamentar las estrategias en evidencia.","</think>

Las principales áreas críticas identificadas son:

1. La alta carga de enfermedad relacionada con el cáncer gástrico y colorrectal en Costa Rica.
2. La falta de normativas específicas que obliguen a los diferentes niveles de atención a participar en programas de tamizaje, lo que dificulta una implementación uniforme y efectiva.
3. La necesidad de fortalecer la Unidad de Investigación en Salud (UIS) para que juegue un papel central en la investigación que optimice la ejecución del programa de tamizaje.",6.667645092005841,989,127,1116,open_ended,78.39838709677424,0.0,109.8,2419.6317414314517,2416.8828125,2420.02734375,78.27272727272727,0.0,99.0,31708.0,31708.0,31708.0
1,DeepSeek-R1-Distill-Qwen-14B-F16,237,"Según las DRIPSS, existe una distribución desigual de recursos:
Recursos humanos: Hay 384 personas en imagenología, pero solo 139 capacitadas en Serie Gastroduodenal. Hay 98,5 radiólogos capacitados en SGD.
Recursos tecnológicos: Existen 19 salas de fluoroscopia.
Implicaciones: La disparidad geográfica y la limitada capacitación técnica en SGD (solo 36% del personal de imagenología) comprometen el acceso equitativo. Además, casi todos estos recursos están destinados al diagnóstico asistencial y enfrentan listas de espera, lo que limita seriamente su uso actual para tamizaje gástrico y demanda la expansión de infraestructura.","</think>

El contexto no proporciona información específica sobre la distribución de recursos humanos y tecnológicos de fluoroscopia según las DRIPSS ni sus implicaciones para el tamizaje de cáncer gástrico. Por lo tanto, no puedo responder a esta pregunta.",3.5795810429845005,1022,60,1082,open_ended,70.46176470588236,0.0,99.9,2422.4087775735293,2420.33203125,2422.78125,70.88888888888889,0.0,98.0,31708.0,31708.0,31708.0
1,DeepSeek-R1-Distill-Qwen-14B-F16,272,"El médico general asistente en el CNDTCG brinda apoyo clínico directo en procedimientos endoscópicos (diagnósticos y terapéuticos) e intervenciones quirúrgicas (percutáneas y mayores).
Sus funciones principales comprenden:

Atención clínica: Evalúa la condición previa del paciente, verifica consentimientos informados, monitorea signos vitales y parámetros clínicos, está capacitado para manejar la sedación profunda por vía aérea y vigila la recuperación postoperatoria inmediata.
Asistencia quirúrgica: Colabora directamente en las etapas del acto operatorio mediante exposición quirúrgica, manejo de instrumental y hemostasia básica.
Gestión administrativa y operativa: Coordina la programación y agendas de TAC (midiendo ausentismo y suspensiones), gestiona el flujo y seguimiento de biopsias, y actúa como gestor y evaluador de referencias clínicas.","</think>

El médico general asistente en el CNDTCG forma parte activa del equipo quirúrgico, colaborando como asistente en las distintas etapas del acto operatorio. Su apoyo incluye la preparación del paciente, asistencia técnica durante la cirugía (como exposición quirúrgica, manejo de instrumental y hemostasia básica), y seguimiento clínico inmediato en la fase postquirúrgica. Además, coordina la programación de estudios de tomografía computarizada (TAC), lo cual incluye la apertura y cierre de agendas, priorización de casos, coordinación con recepcionistas, enfermería y técnicos, así como la verificación de disponibilidad de recursos e insumos. También mide y analiza los indicadores de ausentismo y suspensión de citas, asegurando el aprovechamiento óptimo de las agendas.",9.746143831056543,1444,201,1645,open_ended,85.28666666666675,0.0,109.8,2426.8625868055556,2422.89453125,2427.25390625,84.35416666666667,0.0,99.0,31708.0,31708.0,31708.0
1,DeepSeek-R1-Distill-Qwen-14B-F16,250,"El proceso de tamizaje de cáncer gástrico sigue las siguientes etapas:

Invitación: Se convoca a personas asintomáticas (50 a 74 años) de la población objetivo.
Serie Gastroduodenal (SGD): Estudio de fluoroscopia donde el imagenólogo aplica el contraste y el radiólogo interpreta las imágenes para detectar anomalías.
Gastroscopia: Si la SGD resulta alterada, el endoscopista (asistido por el técnico) realiza una gastroscopia para evaluar directamente el estómago.
Biopsia: De hallarse lesiones sospechosas, se toma una muestra de tejido para análisis por parte del patólogo.
Resolución: Si la biopsia resulta positiva para cáncer, el paciente se remite a tratamiento. Si los resultados son negativos o no requieren gastroscopia, el usuario reingresa al programa para futuros controles bienales.","</think>

El proceso de tamizaje para el cáncer gástrico según el modelo del CNDTCG incluye la realización de pruebas como la serie gastroduodenal y la gastroscopía. Este tamizaje está dirigido a personas entre 50 y 74 años, con el objetivo de detectar precozmente el cáncer gástrico. El modelo operativo del CNDTCG articula esfuerzos institucionales para disminuir la morbilidad y mortalidad asociadas a este tipo de cáncer, mediante estrategias clínicas, diagnósticas y terapéuticas lideradas por equipos multidisciplinarios.",6.731762082083151,1158,151,1309,open_ended,94.17903225806458,10.0,109.8,2428.8322832661293,2427.50390625,2428.9296875,92.44117647058823,0.0,99.0,31708.0,31708.0,31708.0
1,DeepSeek-R1-Distill-Qwen-14B-F16,297,"La clasificación endoscópica colorrectal internacional con imagen de banda estrecha NBI (NICE) se utiliza sin endoscopía de aumento. Es útil para predecir la invasión submucosa profunda y definir si una lesión es irresecable endoscópicamente. Se compone de tres subtipos:
    NICE 1: Pólipo hiperplásico.
    NICE 2: Pólipo adenomatoso.
    NICE 3: Lesión con invasión submucosa profunda o cáncer avanzado.","</think>

La clasificación NICE (Nice International Colorectal Endoscopic Classification) para pólipos colorrectales se basa en tres subtipos:

1. **NICE 1**: Pólipo hiperplásico.  
2. **NICE 2**: Pólipo adenomatoso.  
3. **NICE 3**: Lesión con invasión submucosa profunda o cáncer avanzado.  

Esta clasificación es útil para predecir la invasión submucosa profunda y ayudar a identificar lesiones que no son resecables endoscópicamente.",7.172876372002066,1504,136,1640,open_ended,87.00298507462693,0.0,109.8,2431.6693097014927,2429.21875,2431.9921875,92.91666666666667,0.0,100.0,31708.0,31708.0,31708.0
1,DeepSeek-R1-Distill-Qwen-14B-F16,317,"Los objetivos específicos del Manual de Gestión del CNDTCG son:
    Definir la estructura organizativa y funcional del centro para facilitar la coordinación interna y la articulación con la red institucional.
    Establecer las responsabilidades operativas del personal técnico y administrativo para delimitar funciones y fortalecer la gestión por procesos.
    Describir de manera clara y estandarizada la oferta de servicios (tamizaje, diagnóstico endoscópico, cirugía y seguimiento).
    Alinear el funcionamiento del CNDTCG con las políticas, normativas técnicas y planes estratégicos de la CCSS.
    Servir de base para elaborar documentos normativos que guíen la implementación progresiva y sostenible del tamizaje a nivel nacional.
    Facilitar la planificación, gestión operativa, evaluación de resultados y mejora continua basada en evidencia.","</think>

El Manual de Gestión del CNDTCG tiene como objetivo describir y organizar las funciones, estructura, oferta de servicios y responsabilidades del centro. Busca orientar de manera sistemática los procesos asistenciales, técnicos y administrativos, garantizando la coherencia operativa, eficiencia en la prestación de servicios y alineación con los principios y lineamientos estratégicos de la CCSS. Además, establece un modelo de atención basado en programas de tamizaje poblacional y servicios especializados, y define indicadores y procesos operativos para el seguimiento del cumplimiento del manual, asegurando la mejora continua y la correcta implementación de los procesos documentados.",7.262883528019302,1085,156,1241,open_ended,95.93582089552247,10.0,109.8,2433.553113339552,2432.44140625,2433.62109375,95.97222222222223,6.0,100.0,31708.0,31708.0,31708.0
1,DeepSeek-R1-Distill-Qwen-14B-F16,226,"Pruebas de tamizaje: Incrementar la disponibilidad nacional de la Serie Gastroduodenal (SGD) para cáncer gástrico y la prueba inmunoquímica fecal (FIT) para cáncer de colon y recto, dirigidas a la población adscrita de 50 a 74 años.
Procedimientos endoscópicos derivados: Los casos con pruebas alteradas se someterán a gastroscopia (diagnóstico de cáncer gástrico) o colonoscopia (diagnóstico de cáncer de colon y recto) para confirmación y tratamiento oportuno.
Rol del CNDTCG: Articular y coordinar a todos los actores involucrados en los programas de tamizaje, garantizando la derivación oportuna de pacientes con lesiones detectadas a los centros correspondientes para su atención integral y la gestión eficaz del proceso.","</think>

El plan contempla pruebas de tamizaje para detectar precozmente el cáncer gastrointestinal, asegurando su realización olectiva y seguimiento. Incluye procedimientos endoscópicos terapéuticos como resecciones y biopsias, realizados directamente en el CNDTCG o derivados a otros hospitales con seguimiento activo. El centro coordina el proceso, gestionando lecturas de imágenes y resultados de biopsias, y lidera la mejora continua para garantizar la calidad y oportunidad de la atención.",5.6389471649890766,1468,125,1593,open_ended,94.81923076923083,0.0,109.8,2435.0616736778848,2434.0625,2435.1328125,96.21428571428571,51.0,99.0,31708.0,31708.0,31708.0
1,DeepSeek-R1-Distill-Qwen-14B-F16,266,"La Unidad de Investigación en Salud (UIS) lidera el diseño, ejecución y gestión de procesos de investigación científica en el CNDTCG. Su papel principal es generar evidencia útil para fortalecer la toma de decisiones clínicas, administrativas y estratégicas, formulando investigación para los programas de tamizaje poblacional, la detección temprana, la eficiencia de recursos y los desenlaces clínicos del cáncer gastrointestinal.
Sus funciones clave incluyen:

Elaboración y gestión: Diseñar protocolos de investigación y gestionar avales éticos e institucionales.
Coordinación interinstitucional: Articular proyectos con servicios clínicos internos, universidades, centros de investigación y entidades financiadoras.
Desarrollo académico: Fomentar la cultura investigativa, la educación continua y la divulgación de resultados mediante publicaciones científicas.
Mejora continua: Colaborar con las áreas de Planificación y Mejora Continua para transformar datos en innovación y aprendizaje institucional.","</think>

La Unidad de Investigación en Salud (UIS) del CNDTCG tiene un papel fundamental en la investigación continua de cáncer gástrico y colorrectal. Ella debe liderar esfuerzos en la generación de evidencia, desarrollo institucional y comunicación formal con el establecimiento de origen. Además, la UIS juega un rol central en la articulación de la red de servicios de salud institucional, asegurando la implementación estandarizada de estrategias de captación, diagnóstico, tratamiento y seguimiento en todo el país. Esto contribuye a mejorar los tiempos de resolución, calidad diagnóstica, seguridad del paciente y sostenibilidad del modelo de atención.",12.585043521015905,1208,157,1365,open_ended,98.8958677685949,20.0,109.8,2435.6979919938017,2435.34375,2435.7265625,98.17460317460318,69.0,100.0,31708.0,31708.0,31708.0
1,DeepSeek-R1-Distill-Qwen-14B-F16,233,"Aunque el volumen total y la tasa de mortalidad por cáncer de estómago, colon y recto son mayores en los hombres (fallecen más hombres en términos absolutos), las mujeres que mueren por estas neoplasias lo hacen a edades más jóvenes en comparación con la edad de referencia.
Estadísticamente, la media de Años de Vida Potencialmente Perdidos (YPLL) por fallecimiento es mayor en las mujeres (16.49 años) que en los hombres (14.10 años). Esto demuestra que, cuando una mujer muere por estos tipos de cáncer, pierde en promedio más años de vida que un hombre.","</think>

El enunciado significa que, aunque los hombres tienen una tasa de mortalidad más alta por cáncer de estómago, colon y recto, las mujeres tienden a fallecer de estos tipos de cáncer a edades más jóvenes o en etapas prematuras de la vida. Esto se refleja en que, a pesar de que las tasas de mortalidad son mayores en hombres (111.0 por 100,000 habitantes) que en mujeres (98.6), la mortalidad en mujeres muestra una tendencia a incrementar en grupos de edad más jóvenes, lo que sugiere una mayor mortalidad prematura en este sexo.",6.694395532016642,1662,149,1811,open_ended,93.21290322580653,10.0,109.8,2437.251512096774,2436.01953125,2437.359375,95.48484848484848,61.0,99.0,31708.0,31708.0,31708.0
1,DeepSeek-R1-Distill-Qwen-14B-F16,277,"El Director General del CNDTCG es responsable de liderar técnica y administrativamente el funcionamiento integral del centro. Le corresponde coordinar, supervisar y orientar la implementación del modelo de atención especializado en detección temprana, diagnóstico, tratamiento y seguimiento del cáncer gástrico y colorrectal, asegurando los objetivos estratégicos.
Sus funciones principales incluyen:

Representar al centro ante instancias superiores de la CCSS, la Gerencia Médica y redes de salud.
Supervisar todas las unidades funcionales clínicas y administrativas, promoviendo el uso eficiente de recursos y la mejora continua.
Impulsar la planificación operativa anual, liderar la gestión de indicadores de desempeño y promover la investigación aplicada.
Garantizar la correcta aplicación de la normativa técnica y administrativa vigente.","</think>

El Director General del CNDTCG tiene la responsabilidad de conducir estratégica, técnicamente y operativamente el centro. Coordina y supervisa todas las unidades funcionales, asegurando el cumplimiento de los objetivos estratégicos e institucionales. Además, lidera la planificación técnica y el seguimiento operativo de los procesos asistenciales, bajo su supervisión. También se encarga de establecer las responsabilidades operativas del personal, optimizar el desempeño y fortalecer la gestión por procesos. Por último, alinea las funciones del centro con las políticas institucionales en salud, modelos de atención y normativa técnica vigentes.",6.470735835027881,1472,148,1620,open_ended,94.32500000000007,10.0,109.8,2438.382747395833,2437.55859375,2438.45703125,95.75,48.0,99.0,31708.0,31708.0,31708.0
1,DeepSeek-R1-Distill-Qwen-14B-F16,312,"La interoperabilidad de los sistemas de información es crucial para garantizar la trazabilidad continua del paciente a lo largo de todas las etapas del tamizaje: desde la captación e invitación inicial, el registro de pruebas (FIT y SGD), el agendamiento y hallazgos endoscópicos, hasta los resultados histopatológicos de biopsias y tratamientos.
La falta de integración fragmenta la información en sistemas independientes e impide un flujo automatizado de datos.","</think>

La interoperabilidad de los sistemas de información como SIAC, SIES, ARCA, SILC, Imágenes Médicas y SIFA es esencial para la trazabilidad de los pacientes en los programas de tamizaje. Estos sistemas permiten una comunicación y un intercambio de datos estandarizados, asegurando que toda la información médica de un paciente sea accesible, actualizada y consistente en cualquier punto del sistema. Esto facilita el seguimiento continuo de los pacientes, desde el tamizaje inicial hasta el diagnóstico, tratamiento y seguimiento posterior.

La falta de integración entre estos sistemas puede generar gaps en la información, lo que dificulta la toma de decisiones oduce errores en el diagnóstico y retrasos en el tratamiento. Además, sin una interoperabilidad adecuada, los profesionales de salud enfrentan dificultades para acceder a toda la historia clínica del paciente, lo que compromete la calidad de los servicios y la efectividad del Plan de Abordaje Integral. Por lo tanto, la integración de estos sistemas es crítica para garantizar la continuidad, la eficiencia y la calidad en la atención de los pacientes.",10.962926707929,1299,253,1552,open_ended,95.35841584158413,0.0,109.8,2440.6678913985147,2439.12109375,2440.8671875,94.03636363636363,0.0,99.0,31708.0,31708.0,31708.0
1,DeepSeek-R1-Distill-Qwen-14B-F16,267,"Torres de endoscopía de alta definición para tracto digestivo alto y bajo, con visualización y grabación digital.
Equipamiento para Resección Submucosa Endoscópica (ESD): cuchillos endoscópicos, inyectores submucosos, clips hemostáticos y unidades electroquirúrgicas.
Equipo de Ultrasonido Endoscópico (USE) para estadificación loco-regional y evaluación de lesiones subepiteliales.
Equipo para CPRE: accesorios para drenaje biliar, esfinterotomías, extracción de cálculos y prótesis biliares.
Fluoroscopio de alta resolución y tomógrafo (TAC) para guía de CPRE, cirugía percutánea y estadificación oncológica.
Ultrasonido convencional para guía de procedimientos e imagenología.
Monitores multiparámetros, bombas de infusión y soporte para sedación/recuperación anestésica.
Instrumental quirúrgico especializado para laparotomía, laparoscopía y cirugía percutánea.
Equipos de apoyo en recuperación y anestesia.
Sistemas informáticos clínicos articulados con los sistemas institucionales como el EDUS.","</think>

El CNDTCG dispone de equipos médicos y tecnológicos de alta especialización, entre los cuales se encuentran:

1. Torres de endoscopía de alta definición para procedimientos digestivos altos y bajos, equipadas con sistemas de visualización, iluminación, documentación y grabación digital.
2. Equipamiento para Resección Submucosa Endoscópica (ESD), que incluye cuchillos endoscópicos, inyectores submucosos, clips hemostáticos y unidades electroquirúrgicas.
3. Equipo de ultrasonido endoscópico (USE) para estadificación loco-regional, evaluación de lesiones subepiteliales y localización de estructuras profundas.

Estos recursos aseguran la ejecución de procedimientos diagnósticos, terapéuticos y quirúrgicos con altos estándares de seguridad y calidad técnica.",10.331169186043553,1429,205,1634,open_ended,98.67083333333333,30.0,109.8,2441.730428059896,2441.25,2441.7578125,97.72549019607843,52.0,100.0,31708.0,31708.0,31708.0
1,DeepSeek-R1-Distill-Qwen-14B-F16,225,"Capacidad instalada: Los recursos actuales (personal, equipamiento e infraestructura) están dedicados a atenciones diagnósticas y terapéuticas ordinarias, lo que dificulta determinar la capacidad adicional disponible para absorber la nueva demanda del tamizaje.
Datos clínicos faltantes: No se dispone de datos sobre la cantidad de pacientes endoscópicos que requieren estudios complementarios (como ultrasonidos), vigilancia hemodinámica en gastroscopías, sedación especializada por anestesiología o requerimiento de biopsias, limitando el plan al cálculo de estudios básicos.
Falta de guías de seguimiento: Al no estar implementadas las guías de seguimiento endoscópico del Ministerio de Salud, no es posible estimar la demanda de procedimientos de control, afectando la determinación precisa de la capacidad instalada.","</think>

Las principales limitaciones del plan en cuanto a la disponibilidad de información son:

1. **Falta de datos sobre capacidad instalada**: No se dispone de información suficiente para determinar la capacidad adicional necesaria para expandir los servicios de tamizaje, diagnóstico y tratamiento, especialmente en lo que respecta a médicos endoscopistas, radiólogos, personal técnico y de apoyo.

2. **Ausencia de datos clínicos específicos**: No se cuenta con información sobre la cantidad de pacientes que requieren estudios complementarios, como ultrasonidos, lo que dificulta planificar y gestionar adecuadamente los recursos necesarios.

Estas deficiencias complican la planificación y ejecución del plan, requeriendo un estudio exhaustivo para evaluar y mejorar la capacidad instalada y disponibilidad de datos.",8.199623908032663,1218,181,1399,open_ended,96.13026315789484,10.0,109.8,2442.96484375,2441.9296875,2443.015625,96.53658536585365,36.0,100.0,31708.0,31708.0,31708.0
1,DeepSeek-R1-Distill-Qwen-14B-F16,315,"El radiólogo en el CNDTCG es el responsable de realizar, interpretar y validar estudios de imagen de alta calidad que apoyan el tamizaje, diagnóstico, estadificación y seguimiento clínico de los pacientes. Su rol es clave en el Programa de Tamizaje de Cáncer Gástrico mediante la realización e interpretación de la serie gastroduodenal (SGD) para identificar lesiones premalignas o sospechosas. Además, ejecuta e interpreta tomografías computarizadas (TAC), fluoroscopías, sonografías y radiología convencional; realiza procedimientos mínimamente invasivos guiados por imagen (como drenajes y biopsias dirigidas).","</think>

El radiólogo en el CNDTCG realiza interpretaciones de estudios de imagenología, como la Serie Gastroduodenal (SGD), utilizando fluoroscopios y salas de fluoroscopia. Además, está capacitado para contribuir en procedimientos endoscópicos terapéuticos y el seguimiento de biopsias, asegurando la calidad y oportunidad de la atención. También gestiona la lectura de imágenes directamente o a través de mecanismos institucionales, evitando retrasos en el diagnóstico.",5.833505665068515,1147,122,1269,open_ended,98.33148148148156,49.9,109.8,2443.684172453704,2443.3515625,2443.73046875,98.71428571428571,97.0,100.0,31708.0,31708.0,31708.0
1,DeepSeek-R1-Distill-Qwen-14B-F16,274,"Protocolos y procedimientos normalizados: Instrucciones técnicas detalladas que estandarizan las tareas clínicas y administrativas.
Documentos técnicos normativos complementarios: Guías y manuales de procedimientos para operacionalizar y replicar el modelo de atención.
Sistemas de información institucionales: Plataformas (SIES, SIAC, ARCA, FileMaker) para registro, monitoreo, trazabilidad y análisis de datos.
Matrices de indicadores e instrumentos de evaluación: Mecanismos para el control de gestión y auditoría clínica continua.
Instancias de coordinación y supervisión: Comités técnicos y reuniones multidisciplinarias para ajuste y retroalimentación de procesos.
Capacitación e inducción interna: Programas de formación continua para el personal asistencial y administrativo.","</think>

El Manual de Gestión del CNDTCG incluye herramientas como indicadores específicos para medir el desempeño, fórmulas para su cálculo, fuentes de datos, periodicidad y responsables. Ejemplos son el ""Número de cirugías mayores realizadas"" y la ""Tasa de complicaciones quirúrgicas"". Además, utiliza modelos de coordinación interinstitucional y asistencia técnica para fortalecer capacidades y monitorear indicadores clínicos y operativos, asegurando estandarización, trazabilidad y calidad en las actividades del centro.",6.566826023044996,1404,134,1538,open_ended,99.15245901639354,79.9,109.8,2443.8069928278687,2443.640625,2443.86328125,97.81818181818181,78.0,100.0,31708.0,31708.0,31708.0
1,DeepSeek-R1-Distill-Qwen-14B-F16,271,"La captación de pacientes la realiza de forma centralizada el CNDTCG sobre la población objetivo asintomática (de 50 a 74 años), utilizando los datos de adscripción del primer nivel de atención y respetando la normativa de protección de datos personales.
Se ejecuta mediante invitación telefónica personalizada y sistemática para convocar a los usuarios a realizarse las pruebas de tamizaje iniciales: la Serie Gastroduodenal (SGD) para cáncer gástrico o el Test Inmunológico Fecal (FIT) para cáncer colorrectal. Este proceso se repite de manera bienal. Debido a que se requiere contactar al menos al triple de personas proyectadas para alcanzar las metas y realizar múltiples reintentos de llamada, la captación utiliza herramientas informáticas y personal especializado.","</think>

La captación de pacientes en los programas de tamizaje es realizada por el CNDTCG, quien necesita acceso a datos personales de la población adscrita, como nombre, apellidos, teléfonos, correo electrónico, provincia, cantón, distrito y Área de Salud. Estos datos, respetando la Ley No. 8968, se utilizan para localizar y contactar a los pacientes, invitándolos a realizarse un FIT o una SGD.",4.8483936509583145,1121,109,1230,open_ended,93.59777777777784,10.0,109.8,2445.003732638889,2444.2890625,2445.07421875,93.375,0.0,99.0,31708.0,31708.0,31708.0
1,DeepSeek-R1-Distill-Qwen-14B-F16,232,"Dado que la incidencia de cáncer de estómago, colon y recto está estrechamente ligada a la edad, la mayor longevidad brinda más oportunidades para llegar a edades en donde el riesgo de desarrollar cáncer es más alto.
Implicaciones para el tamizaje: El incremento de población en edades de mayor riesgo hace indispensables los programas organizados de detección temprana (como la prueba FIT y la Serie Gastroduodenal) ya que pueden mejorar significativamente la detección temprana y, por ende, las tases de supervivencia.","</think>

El aumento de la esperanza de vida en Costa Rica está relacionado con un incremento en la incidencia de cáncer de estómago y colorrectal. Esto ocurre porque, con mayor longevidad, la población tiene una mayor probabilidad de desarrollar enfermedades crónicas, entre ellas el cáncer. Este incremento en la incidencia, sumado a las tasas de mortalidad ya existentes, hace más crítica la necesidad de implementar programas de tamizaje efectivos. Los programas de tamizaje temprano permitirán detectar casos de cáncer en etapas iniciales, mejorando así los resultados terapéuticos y reduciendo la mortalidad. Además, alarga la esperanza de vida y disminuye la carga de enfermedad, lo que resulta en una mejor calidad de vida para la población.",7.9898383730323985,1342,188,1530,open_ended,96.17432432432443,10.0,99.9,2446.0111908783783,2445.42578125,2446.0625,95.875,39.0,99.0,31708.0,31708.0,31708.0
1,DeepSeek-R1-Distill-Qwen-14B-F16,272,"El médico general asistente en el CNDTCG brinda apoyo clínico directo en procedimientos endoscópicos (diagnósticos y terapéuticos) e intervenciones quirúrgicas (percutáneas y mayores).
Sus funciones principales comprenden:

Atención clínica: Evalúa la condición previa del paciente, verifica consentimientos informados, monitorea signos vitales y parámetros clínicos, está capacitado para manejar la sedación profunda por vía aérea y vigila la recuperación postoperatoria inmediata.
Asistencia quirúrgica: Colabora directamente en las etapas del acto operatorio mediante exposición quirúrgica, manejo de instrumental y hemostasia básica.
Gestión administrativa y operativa: Coordina la programación y agendas de TAC (midiendo ausentismo y suspensiones), gestiona el flujo y seguimiento de biopsias, y actúa como gestor y evaluador de referencias clínicas.","</think>

El médico general asistente en el CNDTCG forma parte activa del equipo quirúrgico, colaborando como asistente en las etapas del acto operatorio. Su rol incluye preparar al paciente, asistir técnicamente durante la cirugía (exposición quirúrgica, manejo de instrumental y hemostasia básica), y realizar seguimiento clínico inmediato en la fase postquirúrgica. Además, coordina la programación de estudios de tomografía computarizada, gestionando agendas, priorizando casos, y asegurando el aprovechamiento óptimo de los recursos. También mide y analiza indicadores de ausentismo y suspensión de citas.",6.692406171001493,1444,158,1602,open_ended,98.20161290322588,20.0,109.9,2446.0696824596776,2445.953125,2446.078125,96.38235294117646,61.0,99.0,31708.0,31708.0,31708.0
1,DeepSeek-R1-Distill-Qwen-14B-F16,221,"Sin programa nacional, es decir evolución natura, se mantendrá una mortalidad de 234 defunciones anuales. Con el programa nacional propuesto se proyecta una reducción del 35% en la mortalidad de la población objetivo y se alcanzará la detección de 40% a 50% de los casos de cáncer en etapa temprana. ","</think>

El impacto social y epidemiológico proyectado con la implementación del Programa Nacional del CNDTCG en 10 años incluye una reducción significativa en la incidencia y mortalidad de cánceres gástrico y colorrectal, especialmente en áreas con mayor riesgo. Sin el programa, se prevé un mantenimiento de las tasas actuales, con un continuo impacto en la salud pública y una carga económica mayor debido a la atención tardía de los casos. Con el programa, se espera una mejora en la detección temprana, reducción de complicaciones y costos, y un aumento en la expectativa de vida de la población.",6.2466716970084235,1301,148,1449,open_ended,97.91896551724146,10.0,109.8,2446.5075431034484,2446.14453125,2446.5546875,97.6774193548387,65.0,99.0,31708.0,31708.0,31708.0
1,DeepSeek-R1-Distill-Qwen-14B-F16,252,"La organización funcional del CNDTCG se estructura bajo un modelo programático e integrado con recursos compartidos y coordinación transversal. Sus principales áreas funcionales son:

Dirección General: Responsable de la conducción estratégica, técnica y operativa del centro.
Coordinaciones de Programa: Lideran la planificación y seguimiento técnico de líneas específicas (Tamizaje Gástrico y Colorrectal, Patología Biliar, Cirugía Percutánea, ESD, Ultrasonido Endoscópico, Cirugía Mayor y Endoscopía Diagnóstica/Terapéutica).
Área Clínica Asistencial: Ejecuta los procedimientos de tamizaje, diagnóstico, tratamiento y seguimiento (endoscopía alta/baja, consulta externa, sala de operaciones, recuperación, TAC y fluoroscopía).
Área de enfermería: brinda atención pre, intra y posterior al procedimiento apoyando los programas clínicos de forma transversal.
Área de Planificación, Investigación y Gestión de Datos: Integra Planificación y Mejora Continua, la Unidad de Investigación en Salud (UIS) y la Gestión de Bases de Datos.
Área Administrativa: Gestiona los recursos físicos, financieros, de talento humano y el soporte logístico.","</think>

La organización funcional del CNDTCG se estructura en un modelo programático con recursos compartidos y coordinación transversal de áreas de soporte. Su estructura permite una atención especializada, integral y eficiente, alineada con los principios de atención centrada en las personas y los lineamientos estratégicos de la CCSS. Las principales áreas incluyen la implementación de programas de tamizaje, diagnóstico endoscópico, cirugía y seguimiento clínico, contribuyendo al Macroproceso Sustantivo de Atención de la Salud, especialmente en promoción, prevención, recuperación y rehabilitación de patologías gastrointestinales. Además, se enfoca en la evaluación de resultados y mejora continua como herramienta para la toma de decisiones basadas en evidencia y el cumplimiento de metas institucionales.",8.125783953000791,1307,193,1500,open_ended,99.14933333333344,39.9,109.8,2446.654791666667,2446.546875,2446.65625,98.375,97.0,99.0,31708.0,31708.0,31708.0
1,DeepSeek-R1-Distill-Qwen-14B-F16,293,"Un programa organizado de tamizaje es una estrategia de salud pública estructurada, planificada y estandarizada orientada a la detección precoz de enfermedades en una población objetivo asintomática.
Se caracteriza por desarrollarse mediante procesos sistemáticos, continuos y con control de calidad en todas sus etapas, abarcando desde la captación e invitación activa de participantes hasta el diagnóstico, tratamiento y seguimiento continuo de los casos detectados.
Para su funcionamiento requiere de una planificación centralizada, recursos asignados, evaluación del desempeño y mecanismos que garanticen la equidad en el acceso y la adherencia de la población.","</think>

Un programa organizado de tamizaje es una estrategia de salud pública estructurada y estandarizada que busca la detección precoz de enfermedades en una población específica mediante procesos sistemáticos, continuos y con control de calidad en todas sus etapas, desde la captación hasta el tratamiento de los casos detectados. Requiere planificación centralizada, recursos asignados, seguimiento activo, evaluación de desempeño y mecanismos que aseguren la equidad en el acceso y la adherencia de la población objetivo.",5.3510907019954175,1334,122,1456,open_ended,96.22200000000008,10.0,99.9,2447.1359375,2446.71484375,2447.14453125,96.70370370370371,70.0,99.0,31708.0,31708.0,31708.0
1,DeepSeek-R1-Distill-Qwen-14B-F16,265,"Brinda soporte técnico especializado en procedimientos endoscópicos diagnósticos y terapéuticos en coordinación con el personal médico y de enfermería.

Sus funciones principales incluyen:
Preparación y mantenimiento: Verificación de equipos, accesorios y sistemas de video endoscópicos en óptimas condiciones.
Asistencia intraprocedimiento: Apoyo directo al endoscopista en el manejo de equipos, toma de muestras, succión, irrigación y uso de instrumentos auxiliares.
Bioseguridad: Limpieza, desinfección de alto nivel, resguardo y trazabilidad del instrumental según normas de control de infecciones.
Gestión técnica: Control de inventario de insumos, listas de verificación, mantenimiento preventivo y reporte de fallos o averías.
Atención al usuario: Orientación clara, respetuosa y centrada en el bienestar del paciente.","</think>

El Técnico en Gastroenterología en el CNDTCG realiza actividades técnicas y de apoyo en el área clínica, contribuyendo al abordaje de patologías gastrointestinales. Coordina actividades como la programación de usuarios, el suministro de materiales de promoción y la planificación de campañas. Asimismo, participa en la asistencia técnica y en la formación del talento humano, transfiriendo metodologías para fortalecer la capacidad resolutiva de la red. Además, supervisa indicadores clínicos y operativos, mejorando la calidad diagnóstica y el tiempo de resolución. Su trabajo asegura la integración del centro en la Red de Servicios de Salud, facilitando la continuidad del cuidado de las personas usuarias.",7.737476505106315,1347,182,1529,open_ended,98.41267605633809,30.0,109.8,2447.6944872359154,2447.30078125,2447.71484375,98.26315789473684,95.0,99.0,31708.0,31708.0,31708.0
1,DeepSeek-R1-Distill-Qwen-14B-F16,305,"El Manual de Gestión tiene como propósito principal establecer y formalizar el marco organizativo, técnico y funcional del Centro Nacional de Detección Temprana de Cáncer Gastrointestinal (CNDTCG). Busca orientar de manera sistemática sus procesos asistenciales, técnicos y administrativos, describiendo sus funciones, estructura, oferta de servicios y responsabilidades.
Su finalidad es garantizar la coherencia operativa, la eficiencia en la prestación de servicios y la alineación con los lineamientos estratégicos de la CCSS para la prevención, detección temprana, diagnóstico oportuno, seguimiento clínico y control del cáncer gástrico y colorrectal a nivel nacional.","</think>

El fin del Manual de Gestión del CNDTCG es describir y organizar las funciones, estructura, oferta de servicios y responsabilidades del centro. Busca orientar de manera sistemática los procesos asistenciales, técnicos y administrativos, garantizando la coherencia operativa, eficiencia en la prestación de servicios y alineación con los principios y lineamientos estratégicos de la CCSS. Además, constituye una herramienta técnica esencial para la detección precoz de enfermedades, integrando protocolos y procedimientos avanzados que aseguran la calidad y oportunidad en la atención.",5.932846524054185,1359,136,1495,open_ended,97.81272727272736,10.0,129.9,2448.361150568182,2447.703125,2448.37890625,96.43333333333334,72.0,99.0,31708.0,31708.0,31708.0
1,DeepSeek-R1-Distill-Qwen-14B-F16,320,"Una lesión premaligna es una alteración patológica del tejido (como el del colon o el recto) que presenta un riesgo significativo de progresar a cáncer si no recibe tratamiento. Entre estas lesiones se incluyen principalmente los pólipos adenomatosos, la displasia y los pólipos serrados. Su identificación y eliminación oportuna mediante procedimientos endoscópicos es fundamental para prevenir el desarrollo de una neoplasia maligna.","</think>

Una lesión premaligna es una alteración en las células del tracto gastrointestinal que puede evolucionar hacia un cáncer si no es tratada adecuadamente. En el contexto proporcionado, se menciona que técnicas como la resección submucosa endoscópica (ESD) son utilizadas para tratar lesiones precancerosas o neoplasias superficiales, especialmente en el estómago o colon. Esto sugiere que una lesión premaligna es una lesión que presenta características que aumentan el riesgo de progresión hacia el cáncer, por lo que su detección y tratamiento temprano son esenciales para prevenir el desarrollo de enfermedades más graves.",7.123156351037323,1473,160,1633,open_ended,96.78484848484858,39.9,109.8,2449.4955610795455,2448.49609375,2449.5703125,95.05555555555556,0.0,99.0,31708.0,31708.0,31708.0
1,DeepSeek-R1-Distill-Qwen-14B-F16,257,"El Programa de Cirugía Percutánea ofrece una alternativa terapéutica de mínima invasiónes. Utiliza técnicas quirúrgicas realizadas a través de pequeñas incisiones, guiadas por tecnologías de imagen como ecografía, tomografía axial computarizada (TAC) o fluoroscopía.
Entre los beneficios clave para los pacientes destacan:

Menor riesgo quirúrgico frente a la cirugía abierta convencional.
Reducción del tiempo de recuperación y estancias hospitalarias más cortas.
Menor impacto físico.","</think>

El Programa de Cirugía Percutánea del CNDTCG está orientado a ofrecer atención especializada a pacientes con patologías gastrointestinales, biliares o neoplásicas que requieren intervenciones quirúrgicas de mínima invasión guiadas por imagen. Este programa utiliza técnicas avanzadas para realizar procedimientos quirúrgicos con menor impacto en el paciente, lo que reduce el riesgo, acelera la recuperación y mejora la calidad de vida. Además, garantiza la implementación de protocolos técnicos institucionales, asegurando una atención segura y de calidad.",6.946007114020176,1182,140,1322,open_ended,98.3984375000001,49.9,109.8,2449.9890747070312,2449.62109375,2450.02734375,97.20588235294117,50.0,100.0,31708.0,31708.0,31708.0
1,DeepSeek-R1-Distill-Qwen-14B-F16,239,"La CCSS dispone de 87 endoscopistas capacitados para la detección temprana de cáncer (tasa de 1,70 por 100.000 hab.):
Gastroenterólogos: 63,5 en total, de los cuales el 88% (56) está capacitado.
Cirujanos generales: 139 en total, pero solo el 22% (31) cuenta con dicha capacitación.
Técnicos en gastroenterología: 45,5 a nivel nacional; en centros donde faltan, el personal de enfermería asume sus funciones.
Salvo los del CNDTCG, este personal está dedicado casi en su totalidad al diagnóstico y no a programas de tamizaje.
Oportunidad de mejora: La baja proporción de cirujanos generales capacitados (22%) representa la principal brecha y la mayor oportunidad para fortalecer la formación continua e incrementar la capacidad nacional de detección temprana.","</think>

La situación actual de los recursos humanos para endoscopia en la CCSS se refleja en el Cuadro No. 3, donde se menciona que hay 4 médicos en la especialidad de Endoscopía con jornada completa. No se identifican oportunidades de mejora específicas en el contexto proporcionado.",4.464770563063212,1478,74,1552,open_ended,97.19523809523818,20.0,129.8,2450.9250372023807,2450.171875,2451.01953125,98.36363636363636,97.0,100.0,31708.0,31708.0,31708.0
1,DeepSeek-R1-Distill-Qwen-14B-F16,224,"Etapa I (2024–2025): Elaboración de la normativa institucional, mecanismos de acceso en el EDUS a datos de población, FIT y biopsias, captación/invitación de participantes, capacitación en endoscopia de tamizaje y convenio CNDTCG-CICICA.
Etapa II (2025–2026): Diseño de indicadores de gestión, implementación nacional del FIT cuantitativo, campañas de comunicación/sensibilización, despliegue del SILC, y planes de formación, equipamiento, infraestructura e investigación en salud.
Etapa III (2026–2028): Interoperabilidad en EDUS, análisis de desafíos operativos, implementación de modelos predictivos con inteligencia artificial para priorización, entrega de infraestructura/equipamiento y puesta en marcha de programas de tamizaje.
Etapa IV (2028–2029): Evaluación integral del plan por la Auditoría Interna y ejecución de ajustes correspondientes.","</think>

El Plan de Abordaje Integral para el Tamizaje de Cáncer de Estómago y Colorrectal se articula en respuesta a la sesión No. 9414 de la Junta Directiva de la Caja Costarricense de Seguro Social, conformando el Centro Nacional de Detección Temprana de Cáncer Gastrointestinal (CNDTCG). El plan tiene un horizonte temporal de 10 años, iniciando en 2025, y se enfoca en la evaluación de la situación actual, recopilación de datos epidemiológicos y establecimiento de metas para la cobertura, invitación y participación de la población objetivo.

Las principales etapas del plan incluyen:
1. **Invitación a participar**: Se extiende a individuos que cumplen con los criterios de inclusión.
2. **Realización de pruebas**: Se realizan pruebas FIT en laboratorio para detectar sangre oculta en heces.
3. **Análisis y diagnóstico**: Involucran a microbiólogos y personal de laboratorio en el análisis de resultados.
4. **Endoscopias y seguimiento**: En caso de resultados positivos, se realizan endoscopias con la participación de endoscopistas y técnicos de endoscopia.
5. **Tratamiento y seguimiento**: En caso de detección de enfermedad, se derivan al tratamiento oportuno.

El plan también contempla la capacitación y retención del personal, la disponibilidad de recursos y la implementación de un mapa conceptual para guiar la formulación estratégica.",14.680295684956945,1262,353,1615,open_ended,98.91777777777754,29.9,109.8,2451.6405381944446,2451.30078125,2451.6796875,97.52054794520548,86.0,99.0,31708.0,31708.0,31708.0
1,DeepSeek-R1-Distill-Qwen-14B-F16,299,"Un pólipo colorrectal es un abultamiento en el revestimiento interno del intestino grueso, cuyo tamaño varía desde algunos milímetros hasta varios centímetros. Generalmente es asintomático y es provocado por una combinación de factores hereditarios y ambientales, como tabaquismo, obesidad,  una dieta alta en grasas y baja en fibra.
Se clasifican principalmente en:
    Hiperplásicos o inflamatorios: Tienen un riesgo bajo o nulo de convertirse en cáncer.
    Adenomatosos (adenomas): A mayor tamaño, presentan mayor riesgo de progresar a cáncer tras un proceso de varios años.
    Serrados: Pueden presentar riesgo de cáncer según su tamaño y localización.","</think>

Un pólipo colorrectal es un abultamiento en el revestimiento interno del intestino grueso, cuyo tamaño puede variar desde algunos milímetros hasta varios centímetros. Generalmente, es asintomático y se relaciona con factores hereditarios y ambientales, como el tabaquismo, la obesidad, una dieta alta en grasas y baja en fibra. Existen diferentes tipos de pólipos colorrectales:

1. **Hiperplásico o inflamatorio**: Presentan bajo o nulo riesgo de cáncer.
2. **Adenomatosos (adenomas)**: El riesgo de cáncer aumenta con el tamaño del pólipo, ya que puede progresar a través de varias etapas que requieren años.
3. **Serrados**: Su riesgo de cáncer depende de su tamaño y ubicación.",8.67040169192478,1145,198,1343,open_ended,98.06500000000008,39.9,109.9,2452.12265625,2451.609375,2452.18359375,96.83720930232558,68.0,100.0,31708.0,31708.0,31708.0
1,DeepSeek-R1-Distill-Qwen-14B-F16,242,"El cálculo del número de salas teóricas de fluoroscopia ($EF$) se realiza mediante la ecuación E1:
$$EF = \frac{PO \cdot PI \cdot PP}{PS \cdot DH}$$
PO: Población objetivo en el periodo.
PI: Porcentaje de invitación.
PP: Porcentaje de participación.
PS: Pacientes diarios por sala (20 pacientes/día).
DH: Días hábiles de funcionamiento al año.
Implicación: Al extrapolar este cálculo a nivel nacional para el año 2025, se requerirían aproximadamente 12 salas de fluoroscopia (y su respectivo personal de imagenología) funcionando a tiempo completo durante todo el año. La principal implicación es que este requerimiento no es factible en la práctica, ya que representa más del 60% de la disponibilidad nacional actual (19 salas existentes), las cuales hoy están destinadas casi en su totalidad a la atención asistencial y diagnóstica.","</think>

Para calcular el número de salas de fluoroscopia necesarias, se utiliza la ecuación E1:  
EF = (PO * PI * PP) / (PS * DH).  
Donde:  
- EF: Número de equipos de salas.  
- PO: Población objetivo.  
- PI: Porcentaje de invitación.  
- PP: Porcentaje de participación.  
- PS: Número de pacientes diarios por sala.  
- DH: Número de días hábiles.  

El resultado obtenido indica el número de salas y, por consecuencia, el personal de imagenología requerido, ya que la relación es de un recurso por sala. Este cálculo asegura la capacidad necesaria para atender a todos los pacientes derivados del programa de tamizaje, garantizando la cobertura y eficiencia del servicio.",8.397046498022974,1493,186,1679,open_ended,99.17012987012995,30.0,109.8,2452.9067065746754,2452.38671875,2452.9765625,96.95238095238095,42.0,100.0,31708.0,31708.0,31708.0
1,DeepSeek-R1-Distill-Qwen-14B-F16,313,"Fluoroscopio (para Serie Gastroduodenal - SGD):
    Costo unitario estimado: Entre ₡166,663,350 y ₡198,408,750 por equipo.
    Vida útil: 10 años
Torre de Endoscopía Alta (para Gastroscopía / EGD):
     Costo unitario estimado: ₡102,322,211
    Nota de uso: Es la misma torre básica utilizada para colonoscopías, variando únicamente las sondas.","</think>

Los costos para el equipamiento en el tamizaje de cáncer gástrico, según el contexto proporcionado, corresponden a los equipos adquiridos en el año 2020 por el Centro Nacional de Detección Temprana de Cáncer Gastrointestinal. Los equipos incluyen un procesador, una fuente de luz, videoendoscopios, carros de transporte, unidades de mantenimiento, insuflador de CO2, manguires, tubos, adaptadores, pinzas de biopsia y agujas de inyección. El costo total del equipamiento es de $54,856,051, considerando el puesto de trabajo y el procedimiento de 25.92 m².",7.812293360941113,1577,168,1745,open_ended,97.31944444444453,10.0,109.8,2454.2086046006943,2453.40234375,2454.30859375,97.71052631578948,59.0,99.0,31708.0,31708.0,31708.0
1,DeepSeek-R1-Distill-Qwen-14B-F16,263,"Más allá de los programas de tamizaje, la oferta de servicios del CNDTCG abarca líneas clínicas, quirúrgicas, diagnósticas, docentes y de investigación especializada:

Patología Biliar: Abordaje integral mediante una combinación de herramientas clínicas, diagnósticas, quirúrgicas y endoscópicas,
articuladas dentro del modelo de atención especializada del CNDTCG.
Resección Submucosa Endoscópica (ESD): Extirpación endoscópica en bloque de lesiones precancerosas y neoplasias superficiales gástricas y colorrectales.
Cirugía Mayor: Intervenciones quirúrgicas principalmente para perosnas con diagnóstico confirmado o alta sospecha de cáncer gástrico u otras patologías complejas.
Cirugía Percutánea: Procedimientos de mínima invasión guiados por TAC, ecografía o fluoroscopía para drenajes, biopsias y control de colecciones.
Ultrasonido Endoscópico: Evaluación diagnóstica y terapéutica que permite visualizar y evaluar en profundidad las capas de la pared gastrointestinal y las estructuras adyacentes desde el interior del tracto digestivo.
Endoscopía Diagnóstica y de Control: Gastroscopías y colonoscopías para confirmación diagnóstica, toma de biopsias y seguimiento de lesiones.","</think>

El CNDTCG ofrece servicios complementarios a sus programas de tamizaje, incluyendo patología biliar, resección submucosa endoscópica (ESD), cirugía mayor, cirugía percutánea, ultrasonido endoscópico, y endoscopía diagnóstica y de control. Estos servicios amplían su capacidad resolutiva y refuerzan su papel como centro especializado de referencia nacional en gastroenterología.",5.099354058969766,1521,106,1627,open_ended,99.60212765957455,69.9,109.8,2454.41522606383,2454.234375,2454.43359375,96.07692307692308,49.0,99.0,31708.0,31708.0,31708.0
1,DeepSeek-R1-Distill-Qwen-14B-F16,300,"Los factores patológicos de riesgo para el cáncer colorrectal comprenden antecedentes de salud específicos del paciente:
    Personas con antecedentes de irradiación abdominal.
    Enfermedad inflamatoria intestinal (enfermedad de Crohn y colitis ulcerativa).
    Antecedentes de pólipos intestinales.
    Antecedente de cáncer colorrectal.","</think>

El documento no especifica los factores patológicos de riesgo para el cáncer colorrectal. Sin embargo, menciona que el tamizaje se debe realizar en hombres y mujeres entre 50-74 años, cada dos años, utilizando la prueba de SOHi. También señala la importancia de considerar antecedentes heredofamiliares, antecedentes patológicos personales y el uso de anticoagulantes al solicitar una colonoscopia. No obstante, estos no constituyen factores patológicos de riesgo, sino criterios para la realización del tamizaje.",5.919757965020836,881,137,1018,open_ended,97.81272727272736,20.0,109.8,2455.0318181818184,2454.71875,2455.0390625,95.8,49.0,99.0,31708.0,31708.0,31708.0
1,DeepSeek-R1-Distill-Qwen-14B-F16,268,"El indicador de cobertura de población objetivo en los programas de tamizaje de cáncer gástrico y colorrectal mide el porcentaje de personas de 50 a 74 años tamizadas con respecto a la población estimada en ese grupo.
Fórmula: (Número de personas tamizadas / Población objetivo entre 50-74 años) × 100.
Periodicidad: Trimestral.
Fuentes de datos: SIAC / SIES / Plataforma de Tamizaje.
Responsables: Coordinación de Programa / Área de Planificación.","</think>

El indicador de cobertura de población objetivo en los programas de tamizaje mide el porcentaje de personas entre 50-74 años que han sido tamizadas respecto a la población estimada en ese rango. Se calcula como (Número de personas tamizadas / Población objetivo entre 50-74 años) x 100. Los datos se obtienen de fuentes como SIAC, SIES y la Plataforma de Tamizaje, con periodicidad trimestral. Es responsabilidad de la Coordinación de Programa y el Área de Planificación.",6.077628060011193,1398,130,1528,open_ended,98.92142857142866,69.9,109.8,2455.8312639508927,2455.32421875,2455.8828125,97.63333333333334,88.0,99.0,31708.0,31708.0,31708.0
1,DeepSeek-R1-Distill-Qwen-14B-F16,307,"El acceso al sistema ARCA-Patología busca permitir que el Centro Nacional de Detección Temprana de Cáncer Gastrointestinal (CNDTCG) consulte de forma masiva los resultados de las biopsias de pacientes sometidos a endoscopias por tamizaje.
Este mecanismo es trascendental para:

    Tomar acciones clínicas adecuadas y oportunas sobre los pacientes.
    Evaluar el desempeño de los programas de tamizaje en la detección de lesiones premalignas y cáncer en etapas tempranas o avanzadas.","</think>

No se proporciona información específica sobre el acuerdo propuesto para el acceso a ARCA-Patología en el contexto suministrado.",1.985528680961579,1243,31,1274,open_ended,96.66842105263157,49.9,109.8,2456.2510279605262,2455.98828125,2456.27734375,91.1,21.0,99.0,31708.0,31708.0,31708.0
1,DeepSeek-R1-Distill-Qwen-14B-F16,288,"La Norma Nacional para la Atención del Cáncer Colorrectal se establece debido a que este cáncer representa el tercer tipo de cáncer más común en el mundo y es la segunda causa más común de muerte de cáncer.
Se pretende garantizar el acceso a servicios médicos de buena calidad y estandarizar los métodos de tamizaje, con el fin de reducir los niveles de incidencia y mortalidad de cáncer colorrectal en los próximos años.","</think>

La norma para la atención del cáncer colorrectal se establece para garantizar un manejo integral y multidisciplinario de la enfermedad, desde el diagnóstico hasta el tratamiento y pronóstico. Esto incluye proporcionar información completa al paciente sobre sus opciones terapéuticas, efectos secundarios y pronóstico. Además, se enfoca en la prevención mediante tamizaje en la población de riesgo promedio, utilizando pruebas específicas como la FIT, y en la coordinación de profesionales de salud para un abordaje conjunto en casos avanzados o metastásicos.",6.03703525196761,1154,134,1288,open_ended,97.49464285714294,20.0,99.9,2456.533203125,2456.41796875,2456.54296875,97.3,66.0,99.0,31708.0,31708.0,31708.0
1,DeepSeek-R1-Distill-Qwen-14B-F16,257,"El Programa de Cirugía Percutánea ofrece una alternativa terapéutica de mínima invasiónes. Utiliza técnicas quirúrgicas realizadas a través de pequeñas incisiones, guiadas por tecnologías de imagen como ecografía, tomografía axial computarizada (TAC) o fluoroscopía.
Entre los beneficios clave para los pacientes destacan:

Menor riesgo quirúrgico frente a la cirugía abierta convencional.
Reducción del tiempo de recuperación y estancias hospitalarias más cortas.
Menor impacto físico.","</think>

El Programa de Cirugía Percutánea es una línea resolutiva del CNDTCG que ofrece atención especializada a pacientes con patologías gastrointestinales, biliares o neoplásicas que requieren intervenciones quirúrgicas de mínima invasión guiadas por imagen. Este programa utiliza técnicas avanzadas para realizar procedimientos percutáneos, asegurando la implementación de protocolos técnicos institucionales y estándares de calidad. Los beneficios para los pacientes incluyen menores intervenciones quirúrgicas, reducción de complicaciones, menor tiempo de hospitalización y una rápida recuperación, garantizando una atención integral y resolutiva.",6.858595497906208,1182,154,1336,open_ended,98.38095238095246,59.9,109.8,2456.5579737103176,2456.43359375,2456.5859375,97.17647058823529,61.0,99.0,31708.0,31708.0,31708.0
1,DeepSeek-R1-Distill-Qwen-14B-F16,270,"El análisis FODA del CNDTCG evalúa los factores internos y externos del centro para orientar la planificación estratégica, la gestión de riesgos y la adaptación de su modelo de atención. Sus principales hallazgos incluyen:

Fortalezas: Centro especializado con alcance nacional autorizado por la CCSS, modelo clínico basado en tamizaje poblacional y atención resolutiva, personal altamente calificado, e integración con servicios de apoyo y evaluación.
Debilidades: Dependencia de infraestructura ajena, tiempos no estandarizados en procesos de referencia/contra-referencia y falta de sistematización uniforme de protocolos entre niveles.
Oportunidades: Inclusión en la Política Nacional de Cáncer, alianzas académicas para investigación, implementación de analítica avanzada e interés creciente en tamizaje poblacional.
Amenazas: Desigualdad regional en acceso, saturación de hospitales de referencia, limitaciones presupuestarias institucionales, resistencia al cambio y rotación de personal clave.","</think>

No lo sé.",0.943076247931458,1219,7,1226,open_ended,105.36666666666665,89.9,129.8,2456.6037326388887,2456.5,2456.62109375,91.6,63.0,99.0,31708.0,31708.0,31708.0
1,DeepSeek-R1-Distill-Qwen-14B-F16,285,"Las condiciones que determinan el riesgo aumentado para cáncer colorrectal en las personas se clasifican en:
Historia Personal:
        Adenoma o síndrome de poliposis serrada.
        Cáncer colorrectal (CCR).
        Enfermedad inflamatoria intestinal.
        Fibrosis Quística.
Historia Familiar:
        Historia familiar positiva en parientes de primer grado (padre, madre, hijos, hermanos) a una edad de 50 años o menos.
        Síndromes hereditarios asociados al cáncer colorrectal.","</think>

El riesgo aumentado para cáncer colorrectal se determina por antecedentes heredofamiliares de primer grado (madre, padre, hermanos, hijos) de esta enfermedad, antecedentes patológicos personales, y el uso de anticoagulantes.",3.087487368960865,888,67,955,open_ended,98.78965517241382,30.0,109.8,2456.6477640086205,2456.53515625,2456.66015625,98.06666666666666,93.0,99.0,31708.0,31708.0,31708.0
1,DeepSeek-R1-Distill-Qwen-14B-F16,308," La investigación científica, liderada por la Unidad de Investigación en Salud (UIS), busca mejorar la efectividad y los procedimientos de los programas de tamizaje, generando evidencia útil para la toma de decisiones clínicas, administrativas y estratégicas.
Sus fines principales comprenden:

    Fomentar la investigación en áreas básicas, clínicas, epidemiológicas y de servicios de salud.
    Divulgar hallazgos en revistas científicas nacionales e internacionales para aplicar el conocimiento ampliamente.
    Incorporar nuevas tecnologías y metodologías en los programas de tamizaje.","</think>

La investigación científica contribuye a la mejora continua de los programas mediante la adaptación y perfeccionamiento de estrategias basadas en evidencias científicas. Esto permite evaluar la efectividad de los programas de tamizaje, incorporar nuevas tecnologías y metodologías, y asegurar un diagnóstico y estadiaje más preciso. Además, fomenta la innovación tecnológica, como el uso de inteligencia artificial, para mejorar la priorización de pacientes y la eficiencia en la interpretación de estudios diagnósticos. La investigación también fortalece las alianzas con la academia y promueve la formación continua del personal, asegurando un enfoque actualizado y eficiente en la atención médica.",7.30304270493798,1454,162,1616,open_ended,98.16567164179116,49.9,99.9,2457.529384328358,2456.87890625,2457.5859375,97.58333333333333,81.0,99.0,31708.0,31708.0,31708.0
1,DeepSeek-R1-Distill-Qwen-14B-F16,251,"El proceso de tamizaje para cáncer colorrectal sigue las siguientes etapas:

Invitación: Se convoca a personas asintomáticas (50 a 74 años) de la población objetivo.
Prueba FIT: El participante se realiza la prueba inmunoquímica fecal en un laboratorio clínico para detectar sangre oculta en heces, analizada por microbiólogos y personal técnico.
Colonoscopia: Si el resultado del FIT es positivo, un endoscopista (asistido por el técnico) realiza una colonoscopia para evaluar el colon y remover lesiones como adenomas.
Biopsia: De hallarse lesiones sospechosas de malignidad, se toma una muestra de tejido para análisis por parte del patólogo.
Resolución: Si la biopsia resulta positiva para cáncer, el paciente se remite a tratamiento (cirugía, quimioterapia, etc.). Si los resultados son negativos, el usuario reingresa al programa de tamizaje bienal.","</think>

El proceso de tamizaje para el cáncer colorrectal según el modelo del CNDTCG incluye varias etapas. Primero, se invita a los individuos que cumplen con los criterios de inclusión. Luego, los aceptados se someten a una prueba FIT en un laboratorio clínico, donde un microbiólogo y el personal de apoyo realizan el análisis. Si la prueba es positiva, el paciente es remitido a un endoscopista para una colonoscopia. Durante este procedimiento, un técnico de endoscopia y un patólogo participan en la realización y evaluación de las muestras. Si se detecta displasia de alto grado o cáncer, el paciente recibe tratamiento adecuado.",7.0393788509536535,867,166,1033,open_ended,98.42615384615394,30.0,109.8,2457.6469951923077,2457.4921875,2457.671875,98.31428571428572,94.0,99.0,31708.0,31708.0,31708.0
1,DeepSeek-R1-Distill-Qwen-14B-F16,287,"La evaluación de la norma está a cargo del Ministerio de Salud, el cual ejecuta la vigilancia y valora los resultados del cumplimiento mediante los siguientes indicadores oficiales:
    Tasa de incidencia de cáncer colorrectal.
    Porcentaje de diferentes estadios del cáncer colorrectal en el momento del diagnóstico.
    Tasa de mortalidad por cáncer colorrectal.

El Ministerio de Salud debe garantizar información estadística actualizada y de calidad, con la facultad de utilizar indicadores adicionales según su criterio técnico como ente rector. Los resultados de esta evaluación deben ser publicados cada 5 años.","</think>

La norma para el cáncer colorrectal se evalúa mediante el tamizaje en población de riesgo promedio, específicamente en hombres y mujeres entre 50-74 años, cada dos años. Se utiliza la prueba específica de SOHi, cualitativa con un punto de corte no mayor a 30 ng/ml o cuantitativa y automatizada con un punto de corte de 100 ng/ml, siendo esta última la recomendada. Además, para solicitar una colonoscopia, se debe incluir la información mínima: edad, antecedentes heredofamiliares de primer grado, antecedentes patológicos personales y uso de anticoagulantes.",6.376735900063068,634,155,789,open_ended,99.47457627118654,20.0,109.8,2457.681739936441,2457.57421875,2457.68359375,98.0,76.0,99.0,31708.0,31708.0,31708.0
1,DeepSeek-R1-Distill-Qwen-14B-F16,264,"El Anestesiólogo en el CNDTCG es responsable de la evaluación preanestésica, administración y monitoreo de la anestesia en procedimientos de alta complejidad, como la Resección Submucosa Endoscópica (ESD), cirugía percutánea, cirugía mayor y CPRE. Su objetivo es garantizar la seguridad, estabilidad clínica y bienestar del paciente.
En procedimientos prolongados como la CPRE, desempeña un rol determinante en el manejo de la vía aérea, el control hemodinámico y la sedación sostenida. Además, supervisa la recuperación anestésica, gestiona el dolor postoperatorio inmediato y vela por la estabilidad del paciente al egreso.
También participa en la definición de protocolos anestésicos y criterios de seguridad, capacita al personal en sedación segura y contribuye en proyectos de investigación clínica sobre anestesia ambulatoria y recuperación acelerada.","</think>

El Anestesiólogo en el CNDTCG tiene la responsabilidad de evaluar, administrar y monitorear la anestesia en procedimientos diagnósticos y terapéuticos, asegurando la seguridad y estabilidad clínica de las personas durante el proceso asistencial. Su intervención es esencial en procedimientos de endoscopía de alta complejidad, cirugía ambulatoria, resección submucosa endoscópica (ESD), cirugía percutánea, cirugía mayor y colangiopancreatografía retrógrada endoscópica (CPRE), requiriendo sedación profunda o anestesia general según el tipo de abordaje y las condiciones del paciente. Coordina con el equipo multidisciplinario para garantizar un abordaje seguro y eficiente.",8.371071522007696,1449,190,1639,open_ended,100.07662337662346,69.7,109.8,2458.030945616883,2457.73046875,2458.0390625,98.3170731707317,97.0,100.0,31708.0,31708.0,31708.0
1,DeepSeek-R1-Distill-Qwen-14B-F16,320,"Una lesión premaligna es una alteración patológica del tejido (como el del colon o el recto) que presenta un riesgo significativo de progresar a cáncer si no recibe tratamiento. Entre estas lesiones se incluyen principalmente los pólipos adenomatosos, la displasia y los pólipos serrados. Su identificación y eliminación oportuna mediante procedimientos endoscópicos es fundamental para prevenir el desarrollo de una neoplasia maligna.","</think>

Una lesión premaligna es una alteración en las células del tracto gastrointestinal que puede evolucionar hacia un cáncer si no es tratada adecuadamente. Estas lesiones suelen presentarse en la mucosa del estómago o colon y se caracterizan por tener características histológicas que las hacen susceptibles de progresar hacia una neoplasia maligna. En el contexto proporcionado, se menciona que procedimientos como la resección submucosa endoscópica (ESD) son utilizados para tratar estas lesiones, especialmente en el estómago o colon. La detección temprana y el tratamiento oportuno de estas lesiones son esenciales para prevenir el desarrollo de cáncer.",7.442686668015085,1473,167,1640,open_ended,98.93913043478271,10.0,109.8,2458.0601222826085,2457.9296875,2458.078125,97.70270270270271,64.0,99.0,31708.0,31708.0,31708.0
1,DeepSeek-R1-Distill-Qwen-14B-F16,318,"Ámbito Territorial: Es de alcance nacional, ya que opera como una unidad especializada que se articula con la red institucional de la CCSS en sus tres niveles de atención.
Ámbito Funcional: Cubre todos los programas y servicios desarrollados por el centro, desde el tamizaje poblacional hasta la atención diagnóstica, terapéutica, quirúrgica y de seguimiento clínico, además de los procesos de planificación, evaluación, formación e investigación.
Ámbito Temporal: Posee una vigencia indefinida, sujeta a revisiones y actualizaciones periódicas según se presenten cambios sustanciales en su estructura u operación.","</think>

El CNDTCG opera dentro del Macroproceso Sustantivo de Atención de la Salud, específicamente en las áreas de promoción de la salud, prevención secundaria, recuperación y rehabilitación. Esto se lleva a cabo mediante la implementación de programas de tamizaje, diagnóstico temprano, tratamiento quirúrgico y seguimiento clínico de personas con patologías gastrointestinales. Su estructura organizacional está diseñada para ofrecer una atención especializada, integral, resolutiva, eficiente y de alta calidad, alineada con los principios de atención centrada en las personas y los lineamientos estratégicos de la Caja Costarricense de Seguro Social.",6.920915766037069,1160,159,1319,open_ended,98.86875000000009,39.9,99.9,2458.0841674804688,2457.97265625,2458.09375,97.54285714285714,62.0,99.0,31708.0,31708.0,31708.0
1,DeepSeek-R1-Distill-Qwen-14B-F16,268,"El indicador de cobertura de población objetivo en los programas de tamizaje de cáncer gástrico y colorrectal mide el porcentaje de personas de 50 a 74 años tamizadas con respecto a la población estimada en ese grupo.
Fórmula: (Número de personas tamizadas / Población objetivo entre 50-74 años) × 100.
Periodicidad: Trimestral.
Fuentes de datos: SIAC / SIES / Plataforma de Tamizaje.
Responsables: Coordinación de Programa / Área de Planificación.","</think>

El indicador de cobertura de población objetivo en los programas de tamizaje mide el porcentaje de personas entre 50-74 años que han sido tamizadas respecto a la población estimada en ese rango. Se calcula como (Número de personas tamizadas / Población objetivo entre 50-74 años) × 100. Los datos se obtienen de fuentes como SIAC, SIES y la Plataforma de Tamizaje, con una periodicidad trimestral. Es responsabilidad de la Coordinación de Programa y el Área de Planificación.",5.925454460899346,1398,131,1529,open_ended,98.72363636363643,30.0,109.8,2458.0917613636366,2457.984375,2458.09375,99.0,98.0,100.0,31708.0,31708.0,31708.0
1,DeepSeek-R1-Distill-Qwen-14B-F16,266,"La Unidad de Investigación en Salud (UIS) lidera el diseño, ejecución y gestión de procesos de investigación científica en el CNDTCG. Su papel principal es generar evidencia útil para fortalecer la toma de decisiones clínicas, administrativas y estratégicas, formulando investigación para los programas de tamizaje poblacional, la detección temprana, la eficiencia de recursos y los desenlaces clínicos del cáncer gastrointestinal.
Sus funciones clave incluyen:

Elaboración y gestión: Diseñar protocolos de investigación y gestionar avales éticos e institucionales.
Coordinación interinstitucional: Articular proyectos con servicios clínicos internos, universidades, centros de investigación y entidades financiadoras.
Desarrollo académico: Fomentar la cultura investigativa, la educación continua y la divulgación de resultados mediante publicaciones científicas.
Mejora continua: Colaborar con las áreas de Planificación y Mejora Continua para transformar datos en innovación y aprendizaje institucional.","</think>

La Unidad de Investigación en Salud (UIS) del CNDTCG tiene un papel fundamental en la investigación continua de cáncer gástrico y colorrectal. Ella debe liderar esfuerzos en la generación de evidencia, el desarrollo de metodologías institucionales y la comunicación formal con el establecimiento de origen. Además, la UIS juega un rol central en fortalecer la capacidad investigativa del centro, asegurando que los programas de tamizaje y atención clínica estén respaldados por evidencia sólida y actualizada.",5.675644737086259,1208,127,1335,open_ended,98.48867924528311,10.0,109.9,2458.0928655660377,2457.984375,2458.109375,96.51724137931035,62.0,99.0,31708.0,31708.0,31708.0
1,DeepSeek-R1-Distill-Qwen-14B-F16,298," La colonoscopia incompleta es la exploración endoscópica del colon en la que no se logra avanzar el colonoscopio hasta alcanzar el ciego, por lo que no se visualiza la totalidad del órgano. Esta situación puede ser causada por diversos factores:
    Preparación intestinal insuficiente.
    Dolor o mala tolerancia del paciente durante la prueba.
    Características anatómicas como un colon demasiado largo, vólvulo intestinal, presencia de tejido cicatricial o diverticulosis.
    Factores individuales como bajo peso corporal o ciertas condiciones en mujeres jóvenes","</think>

La colonoscopia incompleta ocurre cuando el profesional de salud no puede avanzar el colonoscopio por completo a través del colon para llegar al ciego. Esto puede deberse a varias causas como una preparación intestinal insuficiente, dolor o mala tolerancia del paciente, características anatómicas como colon largo, vólvulo, tejido cicatricial o diverticulosis, o factores individuales como bajo peso corporal o ciertas condiciones en mujeres jóvenes.",5.051886344095692,1524,108,1632,open_ended,98.32765957446813,39.9,109.8,2458.419381648936,2458.05078125,2458.4375,98.12,79.0,100.0,31708.0,31708.0,31708.0
1,DeepSeek-R1-Distill-Qwen-14B-F16,316,"La secretaria en el CNDTCG brinda soporte administrativo y logístico a la Dirección General y al equipo técnico para asegurar el funcionamiento ordenado de los procesos internos y la fluidez en la comunicación. Sus responsabilidades principales incluyen organizar la agenda, coordinar reuniones y eventos, colabora en la elaboración y formato de informes y otras tareas administrativas.","</think>

No se menciona el rol de la secretaria en el contexto proporcionado.",1.4065522210439667,1351,19,1370,open_ended,91.97857142857141,10.0,109.9,2458.5075334821427,2458.33203125,2458.5234375,98.16666666666667,97.0,99.0,31708.0,31708.0,31708.0
1,DeepSeek-R1-Distill-Qwen-14B-F16,260,"El ultrasonido endoscópico es una herramienta diagnóstica y terapéutica de alta especialización que combina técnicas de alta resolución con acceso endoscópico interno. Permite evaluar lesiones del tracto gastrointestinal, estructuras perigestivas y sistema pancreatobiliar.","</think>

El ultrasonido endoscópico actúa como una herramienta diagnóstica avanzada en el contexto del cáncer gastrointestinal. Combina la tecnología de la endoscopía con la ecografía de alta resolución, permitiendo una visualización en profundidad de las capas de la pared gastrointestinal y las estructuras adyacentes desde el interior del tracto digestivo. Este procedimiento es esencial para evaluar lesiones sospechosas detectadas en los programas de tamizaje o en rutas clínicas alternativas. Además, facilita una evaluación más precisa de la extensión, localización y características de dichas lesiones, lo que contribuye a un diagnóstico más acertado y oportuno. También puede utilizarse para guiar procedimientos diagnósticos como biopsias por aspiración con aguja fina o para planificar intervenciones quirúrgicas y terapéuticas complejas.",8.479445443954319,1082,205,1287,open_ended,99.42051282051293,49.9,109.8,2459.3098958333335,2458.65625,2459.328125,98.0952380952381,96.0,99.0,31708.0,31708.0,31708.0
1,DeepSeek-R1-Distill-Qwen-14B-F16,286,"Una vez confirmado el diagnóstico de cáncer colorrectal (vía endoscópica o por biopsia), se deben llevar a cabo las siguientes acciones:

Referencia prioritaria: Referir con carácter prioritario al especialista médico para continuar con la estadificación y manejo.
Atención e información integral: Brindar al paciente información completa sobre el manejo, pronóstico, tratamiento y efectos secundarios, además de evaluar su estado funcional, nutricional y comorbilidades.
Estadificación: Realizar tomografía tóracotóraco-abdominopélvica con medio de contraste (y ultrasonido endoscópico o resonancia magnética si la lesión es en el recto).
Definición de ruta terapéutica: Establecer el tratamiento según el estadio (resección endoscópica, cirugía, quimioterapia o radioterapia neoadyuvante/adyuvante).","</think>

Si se confirma el diagnóstico de cáncer colorrectal, la persona debe recibir toda la información relacionada con el manejo, tratamiento y pronóstico de su enfermedad, incluyendo las alternativas disponibles y los posibles efectos secundarios o secuelas. En los estadios recurrentes, avanzados y metastásicos, se debe considerar un manejo multidisciplinario, valorando a la persona con las especialidades necesarias para garantizar un manejo integral, como gastroenterología, cirugía oncológica médica, oncología radioterápica, medicina paliativa, nutrición, psicología y trabajo social, según el criterio del médico tratante.",6.419343937071972,699,158,857,open_ended,98.9644067796611,59.9,99.9,2459.416114936441,2459.30859375,2459.41796875,97.875,76.0,99.0,31708.0,31708.0,31708.0
1,DeepSeek-R1-Distill-Qwen-14B-F16,292,"La Clasificación JNET (Japan NBI Expert Team) es una clasificación para pólipos colorrectales que se divide en cuatro subtipos:
    JNET 1: Pólipo hiperplásico.
    JNET 2A: Pólipo con neoplasia intramucosa de bajo grado.
    JNET 2B: Pólipo con neoplasia intramucosa de alto grado o invasión superficial de la submucosa.
    JNET 3: Lesión con cáncer invasor en la submucosa profunda.","</think>

La Clasificación JNET para pólipos colorrectales es una sistema de categorización que divide los pólipos en cuatro subtipos basados en su naturaleza y grado de malignidad. Fue desarrollado por el Japan NBI Expert Team (JNET). Los subtipos son:

1. **JNET 1**: Pólipo hiperplásico.
2. **JNET 2A**: Pólipo con neoplasia intramucosa de bajo grado.
3. **JNET 2B**: Pólipo con neoplasia intramucosa de alto grado o invasión superficial de la submucosa.
4. **JNET 3**: Lesión con cáncer invasor en la submucosa profunda.

Esta clasificación ayuda en el diagnóstico y management de los pólipos colorrectales, particularmente en预測 su potencial de invasión y necesidad de intervención quirúrgica.",9.580609629978426,1506,213,1719,open_ended,98.6831460674158,0.0,109.9,2459.464536516854,2459.328125,2459.5234375,97.77083333333333,90.0,99.0,31708.0,31708.0,31708.0
1,DeepSeek-R1-Distill-Qwen-14B-F16,295,"Sin Programa Nacional (Evolución Natural)
    Mortalidad: Se mantiene una tendencia con un promedio de 234 muertes anuales atribuibles al cáncer colorrectal.
Con el Programa Nacional Propuesto
    Reducción de la mortalidad: Se alcanza una disminución del 35% en la tasa de mortalidad en la población objetivo.
    Vidas salvadas: La reducción en la mortalidad se traduce en 82 muertes menos cada año por cáncer colorrectal.
    Detección oportuna: Se logra la detección de 40% a 50% de los casos en etapas tempranas o precancerosas, permitiendo abordajes terapéuticos menos invasivos y más efectivos.
    Ahorro económico: Se genera un impacto económico positivo con un ahorro anual estimado de ₡3.563.250.779 para la institución, al reducir la necesidad de tratamientos oncológicos complejos y hospitalizaciones prolongadas.","</think>

Sin el Programa Nacional de tamizaje propuesto, se proyectan 234 muertes anuales debido al cáncer colorrectal. Con el programa implementado, se espera una disminución del 35% en la mortalidad de la población objetivo, lo que resulta en 82 muertes menos cada año. Además, el programa permitirá la detección de más del 40% a 50% de los casos tempranos del cáncer. Económicamente, el programa generaría un ahorro anual de ₡3 563 250 779.",6.613254762021825,1189,144,1333,open_ended,98.66393442622962,40.0,109.8,2460.0785732581967,2459.765625,2460.10546875,97.12121212121212,52.0,99.0,31708.0,31708.0,31708.0
1,DeepSeek-R1-Distill-Qwen-14B-F16,233,"Aunque el volumen total y la tasa de mortalidad por cáncer de estómago, colon y recto son mayores en los hombres (fallecen más hombres en términos absolutos), las mujeres que mueren por estas neoplasias lo hacen a edades más jóvenes en comparación con la edad de referencia.
Estadísticamente, la media de Años de Vida Potencialmente Perdidos (YPLL) por fallecimiento es mayor en las mujeres (16.49 años) que en los hombres (14.10 años). Esto demuestra que, cuando una mujer muere por estos tipos de cáncer, pierde en promedio más años de vida que un hombre.","</think>

En el contexto proporcionado, se menciona que ""mueren más hombres por estos tipos de cáncer, no obstante, mueren de forma más prematura las mujeres"". Esto significa que, aunque la tasa de mortalidad por cáncer de estómago, colon y recto es mayor en hombres (111.0 por 100,000 habitantes) que en mujeres (98.6), las mujeres tienden a fallecer a edades más jóvenes en comparación con los hombres. Esto se refleja en que, a pesar de que las tasas de mortalidad son más altas en hombres, las mujeres presentan una mortalidad más prematura, lo que sugiere que los hombres, en general, fallecen a edades más avanzadas que las mujeres en este grupo de enfermedades.",8.783638625987807,1662,185,1847,open_ended,98.95243902439037,0.0,109.8,2460.1047065548782,2459.99609375,2460.12109375,97.81818181818181,55.0,100.0,31708.0,31708.0,31708.0
1,DeepSeek-R1-Distill-Qwen-14B-F16,319,"El cáncer gástrico es una neoplasia maligna que se origina en el revestimiento o en los tejidos del estómago. Se caracteriza por ser uno de los tipos de cáncer más comunes y representa una causa significativa de mortalidad, especialmente en etapas avanzadas.
El cáncer colorrectal es una neoplasia maligna que se origina en el colon o en el recto. Puede desarrollarse a partir de pólipos en el intestino grueso, por lo que su detección temprana es fundamental para recibir un tratamiento eficaz.","</think>

El cáncer gástrico es una enfermedad en la que se forman células malignas en los tejidos del estómago, según el NIH en 2022. Por otro lado, el cáncer colorrectal se refiere a un estudio radiológico con contraste que permite observar la morfología del estómago y el duodeno, según SERAM en 2020.",4.342753128963523,714,94,808,open_ended,99.30250000000008,79.9,99.8,2460.19375,2460.078125,2460.203125,98.23809523809524,96.0,99.0,31708.0,31708.0,31708.0
1,DeepSeek-R1-Distill-Qwen-14B-F16,305,"El Manual de Gestión tiene como propósito principal establecer y formalizar el marco organizativo, técnico y funcional del Centro Nacional de Detección Temprana de Cáncer Gastrointestinal (CNDTCG). Busca orientar de manera sistemática sus procesos asistenciales, técnicos y administrativos, describiendo sus funciones, estructura, oferta de servicios y responsabilidades.
Su finalidad es garantizar la coherencia operativa, la eficiencia en la prestación de servicios y la alineación con los lineamientos estratégicos de la CCSS para la prevención, detección temprana, diagnóstico oportuno, seguimiento clínico y control del cáncer gástrico y colorrectal a nivel nacional.","</think>

El fin del Manual de Gestión del CNDTCG es describir y organizar las funciones, estructura, oferta de servicios y responsabilidades del centro, orientando de manera sistemática los procesos asistenciales, técnicos y administrativos. Busca garantizar la coherencia operativa, eficiencia en la prestación de servicios y alineación con los principios y lineamientos estratégicos de la CCSS. Además, constituye una herramienta técnica esencial para orientar y guiar los procesos del centro, asegurando la calidad, oportunidad y seguridad en la prestación de servicios.",6.610023770015687,1359,133,1492,open_ended,98.68225806451622,20.0,109.8,2460.2013608870966,2460.09375,2460.203125,97.9090909090909,70.0,99.0,31708.0,31708.0,31708.0
1,DeepSeek-R1-Distill-Qwen-14B-F16,232,"Dado que la incidencia de cáncer de estómago, colon y recto está estrechamente ligada a la edad, la mayor longevidad brinda más oportunidades para llegar a edades en donde el riesgo de desarrollar cáncer es más alto.
Implicaciones para el tamizaje: El incremento de población en edades de mayor riesgo hace indispensables los programas organizados de detección temprana (como la prueba FIT y la Serie Gastroduodenal) ya que pueden mejorar significativamente la detección temprana y, por ende, las tases de supervivencia.","</think>

El aumento de la esperanza de vida en Costa Rica está directamente relacionado con el incremento en la incidencia de cáncer de estómago y colorrectal. A medida que la población vive más años, la probabilidad de desarrollar enfermedades crónicas, incluyendo el cáncer, aumenta. Este incremento en la esperanza de vida ha llevado a una mayor incidencia de estos tipos de cáncer, lo que tiene implicaciones importantes para los programas de tamizaje. 

Estos programas se han diseñado para abordar la creciente necesidad de detección temprana, tratamiento y seguimiento de los pacientes con cáncer gástrico y colorrectal. La implementación gradual y sostenida de estas estrategias busca mejorar la prevención y el manejo de estos cánceres, disminuyendo la mortalidad y los años de vida potencialmente perdidos.",9.549255214980802,1342,203,1545,open_ended,99.35842696629217,39.9,109.8,2460.2248946629215,2460.09375,2460.24609375,98.61702127659575,97.0,99.0,31708.0,31708.0,31708.0
1,DeepSeek-R1-Distill-Qwen-14B-F16,286,"Una vez confirmado el diagnóstico de cáncer colorrectal (vía endoscópica o por biopsia), se deben llevar a cabo las siguientes acciones:

Referencia prioritaria: Referir con carácter prioritario al especialista médico para continuar con la estadificación y manejo.
Atención e información integral: Brindar al paciente información completa sobre el manejo, pronóstico, tratamiento y efectos secundarios, además de evaluar su estado funcional, nutricional y comorbilidades.
Estadificación: Realizar tomografía tóracotóraco-abdominopélvica con medio de contraste (y ultrasonido endoscópico o resonancia magnética si la lesión es en el recto).
Definición de ruta terapéutica: Establecer el tratamiento según el estadio (resección endoscópica, cirugía, quimioterapia o radioterapia neoadyuvante/adyuvante).","</think>

Si se confirma el diagnóstico de cáncer colorrectal, la persona debe recibir toda la información relacionada con el manejo, tratamiento y pronóstico de su enfermedad, incluyendo las alternativas disponibles y los posibles efectos secundarios o secuelas. En los estadios recurrentes, avanzados y metastásicos, se debe considerar un manejo multidisciplinario, valorando a la persona con las especialidades necesarias para garantizar un manejo integral, como gastroenterología, cirugía oncológica médica, oncología radioterápica, medicina paliativa, nutrición, psicología y trabajo social, según el criterio del médico tratante.",6.952610323904082,699,158,857,open_ended,100.27031250000012,99.8,109.9,2460.244384765625,2460.13671875,2460.24609375,98.82352941176471,98.0,100.0,31708.0,31708.0,31708.0
1,DeepSeek-R1-Distill-Qwen-14B-F16,279,"Para realizar un inventario nacional detallado de los recursos disponibles para la realización de estudios endoscópicos, se debe incluir:

antidad y distribución de los equipos de endoscopia (equipos y torres de endoscopia alta y baja).
Disponibilidad de personal capacitado.
Capacidad operativa de los centros de salud, considerando la cantidad y distribución geográfica de las salas de endoscopía disponibles a nivel nacional y por centro de salud.

Contar con esta información permite identificar brechas y áreas de necesidad, facilitando la planificación, la evaluación de la infraestructura existente y la asignación estratégica de recursos para asegurar un acceso equitativo.","</think>

Para realizar un inventario nacional de los recursos disponibles para la realización de estudios endoscópicos, se debe incluir:

- La cantidad y distribución de los equipos de endoscopia existentes en los centros de salud.
- La disponibilidad de personal capacitado y cualificado para realizar estudios endoscópicos.
- La capacidad operativa de los centros de salud, considerando su infraestructura y recursos.
- La información permitirá identificar brechas y áreas de necesidad, facilitando la planificación y asignación de recursos estratégicamente.

Esto asegurará un acceso equitativo y eficiente a los servicios de diagnóstico endoscópico en todo el país.",7.241652954020537,1240,153,1393,open_ended,99.05671641791056,40.0,109.8,2460.4652518656717,2460.3203125,2460.46875,96.88888888888889,33.0,100.0,31708.0,31708.0,31708.0
1,DeepSeek-R1-Distill-Qwen-14B-F16,260,"El ultrasonido endoscópico es una herramienta diagnóstica y terapéutica de alta especialización que combina técnicas de alta resolución con acceso endoscópico interno. Permite evaluar lesiones del tracto gastrointestinal, estructuras perigestivas y sistema pancreatobiliar.","</think>

El ultrasonido endoscópico es una herramienta diagnóstica avanzada que combina la tecnología de la endoscopía con la ecografía de alta resolución. Su papel en el diagnóstico del cáncer gastrointestinal consiste en permitir una visualización en profundidad de las capas de la pared gastrointestinal y las estructuras adyacentes desde el interior del tracto digestivo. Esto es especialmente útil para evaluar lesiones sospechosas detectadas en los programas de tamizaje o en rutas clínicas, proporcionando una evaluación más precisa de la extensión, localización y características de dichas lesiones. Además, puede utilizarse para guiar procedimientos diagnósticos como biopsias por aspiración con aguja fina o para planificar abordajes quirúrgicos y terapéuticos complejos.",8.393738162936643,1082,187,1269,open_ended,99.16538461538474,20.0,109.9,2460.46734775641,2460.359375,2460.46875,98.19047619047619,77.0,99.0,31708.0,31708.0,31708.0
1,DeepSeek-R1-Distill-Qwen-14B-F16,238,"La red de laboratorios clínicos representa una fortaleza estratégica porque la CCSS cuenta con 110 laboratorios distribuidos en todo el país, lo que brinda una infraestructura robusta para implementar la prueba de sangre oculta en heces (FIT) a nivel nacional.
Respecto a las diferencias:
Prueba cualitativa: Está disponible en todos los laboratorios de la red mediante compra centralizada y distribución de la Gerencia de Logística, siendo una alternativa de implementación con resultados digitales homologados.
Prueba cuantitativa: Solo está disponible en dos laboratorios. Requiere equipos automatizados que otorgan un resultado cuantificable para medir frente a un punto de corte de positividad, exigiendo una compra nacional y una red centralizada para su uso masivo, por lo que no es viable a corto plazo.","</think>

La red de laboratorios clínicos de la CCSS representa una fortaleza para el programa de tamizaje de cáncer colorrectal debido a su capacidad para manejar grandes volúmenes de pruebas, garantizando la precisión y oportunidad en el análisis de muestras, lo que es esencial para el éxito del tamizaje con FIT.

La prueba de sangre oculta en heces cualitativa se realiza en todos los laboratorios clínicos del país, mientras que la cuantitativa solo está disponible en los laboratorios del Hospital México y el Hospital Max Peralta. La principal diferencia radica en su sensibilidad: la cuantitativa puede detectar cantidades más pequeñas de sangre, lo que podría reducir el número de colonoscopias necesarias.",8.039826471009292,1360,175,1535,open_ended,98.74133333333344,10.0,109.8,2460.8219270833333,2460.58203125,2460.84375,98.55,91.0,100.0,31708.0,31708.0,31708.0
1,DeepSeek-R1-Distill-Qwen-14B-F16,226,"Pruebas de tamizaje: Incrementar la disponibilidad nacional de la Serie Gastroduodenal (SGD) para cáncer gástrico y la prueba inmunoquímica fecal (FIT) para cáncer de colon y recto, dirigidas a la población adscrita de 50 a 74 años.
Procedimientos endoscópicos derivados: Los casos con pruebas alteradas se someterán a gastroscopia (diagnóstico de cáncer gástrico) o colonoscopia (diagnóstico de cáncer de colon y recto) para confirmación y tratamiento oportuno.
Rol del CNDTCG: Articular y coordinar a todos los actores involucrados en los programas de tamizaje, garantizando la derivación oportuna de pacientes con lesiones detectadas a los centros correspondientes para su atención integral y la gestión eficaz del proceso.","</think>

El plan del CNDTCG incluye pruebas de tamizaje para detectar tempranamente el cáncer gastrointestinal, asegurando la continuidad y oportunidad en el diagnóstico. Realiza procedimientos endoscópicos terapéuticos, como resecciones y biopsias, y coordina con otros hospitales para el seguimiento de estos procedimientos. Además, el CNDTCG lidera la gestión integral del proceso, desde la lectura de imágenes hasta el seguimiento de resultados, promoviendo la calidad y mejora continua en la atención.",6.201186800957657,1468,129,1597,open_ended,98.6000000000001,20.0,109.8,2460.841864224138,2460.734375,2460.84375,98.2258064516129,76.0,100.0,31708.0,31708.0,31708.0
1,DeepSeek-R1-Distill-Qwen-14B-F16,265,"Brinda soporte técnico especializado en procedimientos endoscópicos diagnósticos y terapéuticos en coordinación con el personal médico y de enfermería.

Sus funciones principales incluyen:
Preparación y mantenimiento: Verificación de equipos, accesorios y sistemas de video endoscópicos en óptimas condiciones.
Asistencia intraprocedimiento: Apoyo directo al endoscopista en el manejo de equipos, toma de muestras, succión, irrigación y uso de instrumentos auxiliares.
Bioseguridad: Limpieza, desinfección de alto nivel, resguardo y trazabilidad del instrumental según normas de control de infecciones.
Gestión técnica: Control de inventario de insumos, listas de verificación, mantenimiento preventivo y reporte de fallos o averías.
Atención al usuario: Orientación clara, respetuosa y centrada en el bienestar del paciente.","</think>

El Técnico en Gastroenterología en el CNDTCG realiza actividades técnicas y de apoyo en el área clínica, contribuyendo al diagnóstico y manejo de pacientes con patologías gastrointestinales. Coordina actividades como el tamizaje, programación de citas, suministro de materiales y campañas de promoción. Asimismo, participa en la asistencia técnica y formación del talento humano, y contribuye al monitoreo de indicadores clínicos para mejorar la calidad y eficiencia de los servicios.",6.079259764985181,1347,129,1476,open_ended,99.80357142857153,99.8,99.9,2460.841796875,2460.734375,2460.84375,98.8,95.0,99.0,31708.0,31708.0,31708.0
1,DeepSeek-R1-Distill-Qwen-14B-F16,286,"Una vez confirmado el diagnóstico de cáncer colorrectal (vía endoscópica o por biopsia), se deben llevar a cabo las siguientes acciones:

Referencia prioritaria: Referir con carácter prioritario al especialista médico para continuar con la estadificación y manejo.
Atención e información integral: Brindar al paciente información completa sobre el manejo, pronóstico, tratamiento y efectos secundarios, además de evaluar su estado funcional, nutricional y comorbilidades.
Estadificación: Realizar tomografía tóracotóraco-abdominopélvica con medio de contraste (y ultrasonido endoscópico o resonancia magnética si la lesión es en el recto).
Definición de ruta terapéutica: Establecer el tratamiento según el estadio (resección endoscópica, cirugía, quimioterapia o radioterapia neoadyuvante/adyuvante).","</think>

Si se confirma el diagnóstico de cáncer colorrectal, la persona debe recibir toda la información relacionada con el manejo, tratamiento y pronóstico de su enfermedad, incluyendo las alternativas disponibles y sus posibles efectos secundarios o secuelas. En los estadios recurrentes, avanzados y metastásicos, se debe considerar un manejo multidisciplinario, valorando a la persona con las especialidades necesarias para garantizar un manejo integral, como gastroenterología, cirugía oncológica médica, oncología radioterápica, medicina paliativa, nutrición, psicología y trabajo social, según el criterio del médico tratante.",6.747775695985183,699,158,857,open_ended,99.81129032258072,89.9,109.8,2460.8419858870966,2460.734375,2460.84375,98.60606060606061,91.0,99.0,31708.0,31708.0,31708.0
1,DeepSeek-R1-Distill-Qwen-14B-F16,252,"La organización funcional del CNDTCG se estructura bajo un modelo programático e integrado con recursos compartidos y coordinación transversal. Sus principales áreas funcionales son:

Dirección General: Responsable de la conducción estratégica, técnica y operativa del centro.
Coordinaciones de Programa: Lideran la planificación y seguimiento técnico de líneas específicas (Tamizaje Gástrico y Colorrectal, Patología Biliar, Cirugía Percutánea, ESD, Ultrasonido Endoscópico, Cirugía Mayor y Endoscopía Diagnóstica/Terapéutica).
Área Clínica Asistencial: Ejecuta los procedimientos de tamizaje, diagnóstico, tratamiento y seguimiento (endoscopía alta/baja, consulta externa, sala de operaciones, recuperación, TAC y fluoroscopía).
Área de enfermería: brinda atención pre, intra y posterior al procedimiento apoyando los programas clínicos de forma transversal.
Área de Planificación, Investigación y Gestión de Datos: Integra Planificación y Mejora Continua, la Unidad de Investigación en Salud (UIS) y la Gestión de Bases de Datos.
Área Administrativa: Gestiona los recursos físicos, financieros, de talento humano y el soporte logístico.","</think>

La organización funcional del CNDTCG se basa en un modelo programático con recursos compartidos y coordinación transversal de áreas de soporte. Su estructura permite una atención especializada, integral, resolutiva, eficiente y de alta calidad, alineada con los principios de atención centrada en las personas y los lineamientos estratégicos de la CCSS. Los principales apartados incluyen la relación con el mapa de procesos institucionales, la estructura organizativa detallada, la descripción de puestos clave, la oferta de servicios y la metodología de elaboración del manual de gestión. Esto asegura la correcta implementación de lineamientos clínicos, administrativos y normativos, y fortalece la coordinación interna y articulación operativa con la red institucional.",7.977592195034958,1307,177,1484,open_ended,99.55000000000007,30.0,109.8,2460.8422719594596,2460.734375,2460.84375,97.725,60.0,99.0,31708.0,31708.0,31708.0
1,DeepSeek-R1-Distill-Qwen-14B-F16,256,"La Resección Submucosa Endoscópica (ESD) es una técnica endoscópica avanzada y de mínima invasión que permite resecar lesiones en bloque con precisión de margen y profundidad, especialmente en estómago y colon.
Su importancia radica en que ofrece una alternativa terapéutica  para tratar lesiones en etapa temprana que no pueden abordarse mediante polipectomía convencional. La ESD evita cirugías mayores invasivas, reduce los tiempos de recuperación, disminuye los costos de atención y mejora la calidad de vida de los pacientes.","</think>

La Resección Submucosa Endoscópica (ESD) es un procedimiento minimamente invasivo utilizado para resecar lesiones neoplásicas superficiales del tracto gastrointestinal. Es importante en el tratamiento del cáncer gastrointestinal ya que permite resecar lesiones premalignas, como metaplasia, displasia de bajo grado y displasia de alto grado (Cáncer in Situ), con un costo significativamente menor que el tratamiento en etapas avanzadas o quirúrgico. Esto mejora la eficiencia y reduce los costos asociados al tratamiento del cáncer.",5.877171529922634,1411,138,1549,open_ended,99.43888888888897,69.9,109.8,2460.9912471064813,2460.86328125,2460.99609375,98.79310344827586,97.0,99.0,31708.0,31708.0,31708.0
1,DeepSeek-R1-Distill-Qwen-14B-F16,225,"Capacidad instalada: Los recursos actuales (personal, equipamiento e infraestructura) están dedicados a atenciones diagnósticas y terapéuticas ordinarias, lo que dificulta determinar la capacidad adicional disponible para absorber la nueva demanda del tamizaje.
Datos clínicos faltantes: No se dispone de datos sobre la cantidad de pacientes endoscópicos que requieren estudios complementarios (como ultrasonidos), vigilancia hemodinámica en gastroscopías, sedación especializada por anestesiología o requerimiento de biopsias, limitando el plan al cálculo de estudios básicos.
Falta de guías de seguimiento: Al no estar implementadas las guías de seguimiento endoscópico del Ministerio de Salud, no es posible estimar la demanda de procedimientos de control, afectando la determinación precisa de la capacidad instalada.","</think>

Las principales limitaciones del plan en cuanto a la disponibilidad de información son:

1. **Falta de datos sobre capacidad instalada**: El inventario existente no proporciona suficiente información para determinar la capacidad adicional necesaria para expandir los servicios de tamizaje, diagnóstico y tratamiento, especialmente en lo referente a médicos endoscopistas, radiólogos, personal técnico y de apoyo.

2. **Ausencia de datos clínicos específicos**: No se cuenta con información sobre la cantidad de pacientes que requieren estudios complementarios, como ultrasonidos, lo que dificulta la planificación adecuada de los recursos necesarios.

Estas deficiencias complican la planificación y ejecución efectiva del plan, requeriendo un estudio exhaustivo para evaluar los recursos actuales y determinar la capacidad adicional necesaria.",7.640044145053253,1218,185,1403,open_ended,100.23000000000012,99.8,109.8,2460.99453125,2460.88671875,2460.99609375,98.65789473684211,98.0,99.0,31708.0,31708.0,31708.0
1,DeepSeek-R1-Distill-Qwen-14B-F16,276,"Antecedentes de familiares de primer grado (padre, madre, hijos y hermanos) diagnosticados con cáncer colorrectal a la edad de 50 años o menos.

Síndromes hereditarios asociados al cáncer colorrectal, entre los cuales se destacan:
    Síndrome de Lynch
    Poliposis adenomatosa familiar
    Poliposis adenomatosa familiar atenuada
    Poliposis asociada a MUTYH
    Síndrome de Peutz-Jeghers
    Síndrome de poliposis juvenil
    Síndrome de Cowden","</think>

De acuerdo con el contexto proporcionado, los principales factores de riesgo de antecedentes familiares para el cáncer colorrectal son:

- Antecedentes heredofamiliares de cáncer colorrectal de primer grado (madre, padre, hermanos, hijos).

Estos antecedentes se consideran en la solicitud de una colonoscopia como parte del tamizaje.",5.272454053978436,1578,89,1667,open_ended,96.56122448979599,30.0,109.8,2461.726642219388,2460.92578125,2461.8046875,99.11538461538461,98.0,100.0,31708.0,31708.0,31708.0
1,DeepSeek-R1-Distill-Qwen-14B-F16,269,"El área de Gestión de Bases de Datos en el CNDTCG es responsable del diseño, mantenimiento, consolidación y análisis de los sistemas de información que contienen los datos clínicos, administrativos y operativos del centro.

Sus funciones principales incluyen:
Crear y mantener bases de datos estructuradas para almacenar y procesar información de tamizaje, endoscopía, consulta externa, procedimientos quirúrgicos y seguimiento clínico.
Validar, depurar y actualizar los datos, asegurando el control de calidad.
Generar reportes e informes analíticos para la toma de decisiones estratégicas, evaluación de desempeño y monitoreo de indicadores clave.
Garantizar la seguridad, confidencialidad y resguardo de información sensible mediante controles de acceso y rutinas de respaldo.","</think>

El área de gestión de bases de datos en el CNDTCG tiene la función de administrar e integrar información clave para el funcionamiento del centro. Esto incluye el mantenimiento de registros y datos necesarios para la operación especializada del centro, como la gestión de la información médica y el seguimiento de los pacientes. Además, contribuye a la estandarización, trazabilidad y calidad de las actividades desarrolladas, promoviendo la eficiencia en la prestación de servicios. También se encarga de la recolección, análisis y almacenamiento de datos, lo cual es esencial para la toma de decisiones y la optimización de recursos.",6.139643853995949,1363,143,1506,open_ended,99.4578947368422,30.0,129.8,2463.434690241228,2461.7109375,2463.55859375,98.9,97.0,99.0,31708.0,31708.0,31708.0
1,DeepSeek-R1-Distill-Qwen-14B-F16,305,"El Manual de Gestión tiene como propósito principal establecer y formalizar el marco organizativo, técnico y funcional del Centro Nacional de Detección Temprana de Cáncer Gastrointestinal (CNDTCG). Busca orientar de manera sistemática sus procesos asistenciales, técnicos y administrativos, describiendo sus funciones, estructura, oferta de servicios y responsabilidades.
Su finalidad es garantizar la coherencia operativa, la eficiencia en la prestación de servicios y la alineación con los lineamientos estratégicos de la CCSS para la prevención, detección temprana, diagnóstico oportuno, seguimiento clínico y control del cáncer gástrico y colorrectal a nivel nacional.","</think>

El fin del Manual de Gestión del CNDTCG es describir y organizar las funciones, estructura, oferta de servicios y responsabilidades del centro. Busca orientar de manera sistemática los procesos asistenciales, técnicos y administrativos, garantizando la coherencia operativa, eficiencia en la prestación de servicios y alineación con los principios y lineamientos estratégicos de la CCSS. Además, constituye una herramienta técnica esencial para la detección precoz de enfermedades, orientada a población entre 50 y 74 años, integrando procedimientos avanzados y monitoreando indicadores clave como la tasa de cumplimiento de vigilancia y la detección de recurrencias.",6.980705710011534,1359,162,1521,open_ended,100.11406250000009,99.5,109.8,2465.1593627929688,2463.44921875,2465.296875,98.58823529411765,92.0,99.0,31708.0,31708.0,31708.0
1,DeepSeek-R1-Distill-Qwen-14B-F16,277,"El Director General del CNDTCG es responsable de liderar técnica y administrativamente el funcionamiento integral del centro. Le corresponde coordinar, supervisar y orientar la implementación del modelo de atención especializado en detección temprana, diagnóstico, tratamiento y seguimiento del cáncer gástrico y colorrectal, asegurando los objetivos estratégicos.
Sus funciones principales incluyen:

Representar al centro ante instancias superiores de la CCSS, la Gerencia Médica y redes de salud.
Supervisar todas las unidades funcionales clínicas y administrativas, promoviendo el uso eficiente de recursos y la mejora continua.
Impulsar la planificación operativa anual, liderar la gestión de indicadores de desempeño y promover la investigación aplicada.
Garantizar la correcta aplicación de la normativa técnica y administrativa vigente.","</think>

El Director General del CNDTCG tiene la responsabilidad de conducir estratégica, técnicamente y operativamente el centro. Coordina y supervisa todas las unidades funcionales, asegurando el cumplimiento de los objetivos estratégicos e institucionales. Además, lidera la planificación técnica y el seguimiento operativo de los procesos asistenciales, bajo su supervisión. También se encarga de establecer las responsabilidades operativas del personal, optimizar el desempeño y fortalecer la gestión por procesos. Por último, alinea las funciones del centro con las políticas institucionales en salud, modelos de atención y normativa técnica vigentes.",6.376279076910578,1472,148,1620,open_ended,98.47118644067801,39.9,99.9,2466.889565677966,2465.1875,2467.0390625,97.71875,60.0,99.0,31708.0,31708.0,31708.0
2,DeepSeek-R1-Distill-Qwen-14B-F16,67,Sí,sí,2.4081886659841985,1142,10,1152,yes_no,95.24166666666667,0.0,109.8,2467.89501953125,2467.12109375,2469.203125,93.66666666666667,34.0,100.0,31708.0,31708.0,31708.0
2,DeepSeek-R1-Distill-Qwen-14B-F16,32,Sí,no,3.384891416062601,2092,51,2143,yes_no,97.95000000000005,39.9,109.8,2469.5772705078125,2469.21484375,2469.66796875,96.17647058823529,63.0,100.0,31708.0,31708.0,31708.0
2,DeepSeek-R1-Distill-Qwen-14B-F16,71,Sí,sí,0.837094689020887,1271,10,1281,yes_no,99.81249999999999,89.7,109.8,2469.91015625,2469.80859375,2469.92578125,98.75,98.0,99.0,31708.0,31708.0,31708.0
2,DeepSeek-R1-Distill-Qwen-14B-F16,63,Sí,no,2.452114711981267,1370,51,1421,yes_no,98.50434782608696,49.9,109.8,2469.9483695652175,2469.84375,2469.953125,98.9090909090909,98.0,99.0,31708.0,31708.0,31708.0
2,DeepSeek-R1-Distill-Qwen-14B-F16,85,Sí,no,1.0413125000195578,1979,8,1987,yes_no,98.81999999999998,79.9,109.8,2470.075,2469.9765625,2470.0859375,98.75,98.0,99.0,31708.0,31708.0,31708.0
2,DeepSeek-R1-Distill-Qwen-14B-F16,39,No,no,0.5375230209901929,726,8,734,yes_no,97.82000000000001,89.9,99.8,2470.1578125,2470.0703125,2470.1796875,98.5,98.0,99.0,31708.0,31708.0,31708.0
2,DeepSeek-R1-Distill-Qwen-14B-F16,96,Sí,no,2.5272505539469425,1429,51,1480,yes_no,94.39583333333331,29.9,109.8,2470.6414388020835,2470.46484375,2470.65625,96.16666666666667,76.0,99.0,31708.0,31708.0,31708.0
2,DeepSeek-R1-Distill-Qwen-14B-F16,53,Sí,no,2.5027787178987637,1476,51,1527,yes_no,96.91250000000001,0.0,139.8,2470.8447265625,2470.62109375,2470.86328125,98.08333333333333,97.0,99.0,31708.0,31708.0,31708.0
2,DeepSeek-R1-Distill-Qwen-14B-F16,83,Sí,sí,2.019084054045379,1361,10,1371,yes_no,92.83499999999998,10.0,109.8,2471.619140625,2471.140625,2471.703125,96.5,76.0,100.0,31708.0,31708.0,31708.0
2,DeepSeek-R1-Distill-Qwen-14B-F16,62,Sí,sí,0.769443694036454,1260,10,1270,yes_no,82.37499999999999,10.0,99.9,2472.15283203125,2471.9375,2472.18359375,88.75,61.0,99.0,31708.0,31708.0,31708.0
2,DeepSeek-R1-Distill-Qwen-14B-F16,118,No,no,0.6565382839180529,1235,8,1243,yes_no,84.15714285714286,10.0,99.9,2472.53125,2472.4375,2472.546875,78.25,56.0,99.0,31708.0,31708.0,31708.0
2,DeepSeek-R1-Distill-Qwen-14B-F16,96,Sí,no,2.3631421050522476,1429,51,1480,yes_no,98.90454545454544,69.9,109.9,2472.541903409091,2472.4375,2472.546875,98.0,97.0,99.0,31708.0,31708.0,31708.0
2,DeepSeek-R1-Distill-Qwen-14B-F16,11,Sí,sí,0.5986512000672519,1463,5,1468,yes_no,89.83333333333333,59.9,99.8,2472.5989583333335,2472.5078125,2472.6171875,81.33333333333333,48.0,99.0,31708.0,31708.0,31708.0
2,DeepSeek-R1-Distill-Qwen-14B-F16,52,No,no,0.7462304250802845,1543,8,1551,yes_no,95.55714285714285,89.9,99.8,2473.0172991071427,2472.87890625,2473.05078125,95.33333333333333,91.0,99.0,31708.0,31708.0,31708.0
2,DeepSeek-R1-Distill-Qwen-14B-F16,44,Sí,no,2.3352724500000477,1265,51,1316,yes_no,97.54090909090907,49.9,109.8,2473.0866477272725,2472.9609375,2473.09375,94.66666666666667,79.0,98.0,31708.0,31708.0,31708.0
2,DeepSeek-R1-Distill-Qwen-14B-F16,46,Sí,sí,0.6339052119292319,1305,5,1310,yes_no,93.2,89.9,99.8,2473.294921875,2473.12890625,2473.3359375,95.66666666666667,92.0,99.0,31708.0,31708.0,31708.0
2,DeepSeek-R1-Distill-Qwen-14B-F16,65,No,sí,0.6686316550476478,1374,5,1379,yes_no,89.8,29.9,109.8,2473.4514508928573,2473.296875,2473.48828125,94.33333333333333,85.0,99.0,31708.0,31708.0,31708.0
2,DeepSeek-R1-Distill-Qwen-14B-F16,73,Sí,sí,0.8608355869073421,1374,10,1384,yes_no,101.06249999999999,89.9,109.8,2473.63671875,2473.5234375,2473.65625,98.0,96.0,99.0,31708.0,31708.0,31708.0
2,DeepSeek-R1-Distill-Qwen-14B-F16,115,No,no,0.7017179569229484,1025,8,1033,yes_no,79.85714285714286,30.0,99.8,2474.66015625,2474.12109375,2474.75,97.0,96.0,99.0,31708.0,31708.0,31708.0
2,DeepSeek-R1-Distill-Qwen-14B-F16,105,No,no,0.7177241039462388,1198,8,1206,yes_no,98.39999999999999,79.9,109.8,2474.78515625,2474.69140625,2474.80078125,98.0,97.0,99.0,31708.0,31708.0,31708.0
2,DeepSeek-R1-Distill-Qwen-14B-F16,4,Sí,sí,1.1048016219865533,1991,10,2001,yes_no,95.27272727272725,39.9,109.8,2474.919744318182,2474.8203125,2474.9296875,97.4,94.0,99.0,31708.0,31708.0,31708.0
2,DeepSeek-R1-Distill-Qwen-14B-F16,55,No,no,2.48572116100695,1480,51,1531,yes_no,100.6695652173913,89.8,139.8,2474.9444633152175,2474.83984375,2474.94921875,98.0,96.0,99.0,31708.0,31708.0,31708.0
2,DeepSeek-R1-Distill-Qwen-14B-F16,7,Sí,sí,0.9156084969872608,1542,10,1552,yes_no,88.72222222222221,49.9,99.8,2475.0789930555557,2474.92578125,2475.1015625,98.25,97.0,99.0,31708.0,31708.0,31708.0
2,DeepSeek-R1-Distill-Qwen-14B-F16,104,No,no,0.4382677669636905,935,4,939,yes_no,77.86,10.0,99.8,2475.2578125,2475.1171875,2475.29296875,80.5,62.0,99.0,31708.0,31708.0,31708.0
2,DeepSeek-R1-Distill-Qwen-14B-F16,77,No,no,0.6544323330745101,1276,8,1284,yes_no,84.15714285714286,10.0,99.9,2475.2890625,2475.1953125,2475.3046875,97.33333333333333,96.0,99.0,31708.0,31708.0,31708.0
2,DeepSeek-R1-Distill-Qwen-14B-F16,77,No,no,0.3328788449289277,1276,8,1284,yes_no,99.83333333333333,99.8,99.9,2475.2682291666665,2475.1953125,2475.3046875,95.0,95.0,95.0,31708.0,31708.0,31708.0
2,DeepSeek-R1-Distill-Qwen-14B-F16,29,Sí,sí,0.7106153159402311,1102,10,1112,yes_no,91.28571428571429,59.9,99.9,2475.40625,2475.3125,2475.421875,94.0,87.0,98.0,31708.0,31708.0,31708.0
2,DeepSeek-R1-Distill-Qwen-14B-F16,99,Sí,sí,0.5365450219251215,1281,5,1286,yes_no,95.82000000000001,89.8,99.8,2475.55,2475.453125,2475.578125,87.0,75.0,99.0,31708.0,31708.0,31708.0
2,DeepSeek-R1-Distill-Qwen-14B-F16,15,No,no,0.8898597209481524,1910,8,1918,yes_no,84.28888888888888,39.9,99.8,2476.0911458333335,2475.7578125,2476.1640625,82.6,50.0,99.0,31708.0,31708.0,31708.0
2,DeepSeek-R1-Distill-Qwen-14B-F16,53,Sí,no,2.386727195000276,1476,51,1527,yes_no,100.25454545454544,99.8,109.8,2476.159090909091,2476.0546875,2476.1640625,94.16666666666667,53.0,99.0,31708.0,31708.0,31708.0
2,DeepSeek-R1-Distill-Qwen-14B-F16,22,No,no,0.8591328880283982,1881,8,1889,yes_no,87.35,30.0,99.8,2477.1513671875,2476.15625,2478.3359375,96.5,93.0,99.0,31708.0,31708.0,31708.0
2,DeepSeek-R1-Distill-Qwen-14B-F16,58,Sí,sí,2.329255819087848,1238,50,1288,yes_no,96.63181818181816,39.9,99.9,2478.3822798295455,2478.265625,2478.3984375,97.54545454545455,96.0,99.0,31708.0,31708.0,31708.0
2,DeepSeek-R1-Distill-Qwen-14B-F16,60,No,no,0.8039007040206343,1615,8,1623,yes_no,92.33749999999999,49.9,109.8,2478.6787109375,2478.5390625,2478.70703125,88.25,59.0,99.0,31708.0,31708.0,31708.0
2,DeepSeek-R1-Distill-Qwen-14B-F16,97,Sí,no,0.9047544919885695,1462,13,1475,yes_no,95.37777777777777,49.9,119.8,2478.7743055555557,2478.61328125,2478.8046875,97.75,96.0,99.0,31708.0,31708.0,31708.0
2,DeepSeek-R1-Distill-Qwen-14B-F16,41,Sí,sí,0.7915771319530904,1505,10,1515,yes_no,96.07499999999999,39.9,109.8,2478.791015625,2478.6953125,2478.8046875,95.75,92.0,99.0,31708.0,31708.0,31708.0
2,DeepSeek-R1-Distill-Qwen-14B-F16,114,No,no,0.5128824670100585,1347,4,1351,yes_no,89.84,69.9,99.8,2478.9109375,2478.78515625,2478.94921875,90.5,82.0,99.0,31708.0,31708.0,31708.0
2,DeepSeek-R1-Distill-Qwen-14B-F16,17,No,no,0.674731306033209,1388,8,1396,yes_no,86.98571428571428,20.0,99.9,2478.968191964286,2478.84375,2478.99609375,92.33333333333333,82.0,99.0,31708.0,31708.0,31708.0
2,DeepSeek-R1-Distill-Qwen-14B-F16,8,No,no,0.8280509560136126,1775,8,1783,yes_no,93.59999999999998,79.9,99.8,2479.146484375,2479.03125,2479.171875,86.0,50.0,99.0,31708.0,31708.0,31708.0
2,DeepSeek-R1-Distill-Qwen-14B-F16,88,No,no,0.8686388640198857,1864,8,1872,yes_no,92.05555555555554,10.0,109.8,2479.5720486111113,2479.2890625,2479.6328125,98.0,96.0,99.0,31708.0,31708.0,31708.0
2,DeepSeek-R1-Distill-Qwen-14B-F16,19,No,no,0.7157712229527533,1467,8,1475,yes_no,94.11428571428571,69.9,99.8,2479.88671875,2479.79296875,2479.90234375,85.0,54.0,99.0,31708.0,31708.0,31708.0
2,DeepSeek-R1-Distill-Qwen-14B-F16,63,Sí,no,0.673735830001533,1370,8,1378,yes_no,89.84285714285714,20.0,109.8,2479.88671875,2479.79296875,2479.90234375,98.0,97.0,99.0,31708.0,31708.0,31708.0
2,DeepSeek-R1-Distill-Qwen-14B-F16,106,No,no,0.8935274499235676,1935,8,1943,yes_no,88.72222222222221,39.9,99.8,2480.1341145833335,2479.921875,2480.19140625,95.75,89.0,99.0,31708.0,31708.0,31708.0
2,DeepSeek-R1-Distill-Qwen-14B-F16,71,Sí,sí,0.7335679350653662,1271,10,1281,yes_no,95.55714285714285,89.9,99.8,2480.17578125,2480.08203125,2480.19140625,96.33333333333333,94.0,98.0,31708.0,31708.0,31708.0
2,DeepSeek-R1-Distill-Qwen-14B-F16,71,Sí,sí,0.4045840329490602,1271,10,1281,yes_no,89.85,59.9,99.9,2480.1640625,2480.08203125,2480.19140625,98.0,98.0,98.0,31708.0,31708.0,31708.0
2,DeepSeek-R1-Distill-Qwen-14B-F16,97,Sí,no,2.388759534107521,1462,51,1513,yes_no,99.80454545454545,99.8,99.9,2480.186434659091,2480.08203125,2480.19140625,98.0,97.0,99.0,31708.0,31708.0,31708.0
2,DeepSeek-R1-Distill-Qwen-14B-F16,1,Sí,no,0.5100761849898845,813,8,821,yes_no,93.84,79.9,99.9,2480.23203125,2480.14453125,2480.25390625,93.5,91.0,96.0,31708.0,31708.0,31708.0
2,DeepSeek-R1-Distill-Qwen-14B-F16,93,No,no,0.7080855369567871,1403,8,1411,yes_no,88.38571428571427,59.9,99.8,2480.50390625,2480.29296875,2480.55078125,82.25,51.0,99.0,31708.0,31708.0,31708.0
2,DeepSeek-R1-Distill-Qwen-14B-F16,39,No,no,0.49122054607141763,726,8,734,yes_no,91.84,49.9,109.9,2480.52890625,2480.44140625,2480.55078125,97.0,96.0,98.0,31708.0,31708.0,31708.0
2,DeepSeek-R1-Distill-Qwen-14B-F16,78,Sí,sí,0.9410187199246138,1307,15,1322,yes_no,96.48888888888888,69.9,109.8,2480.6032986111113,2480.4609375,2480.63671875,88.4,53.0,99.0,31708.0,31708.0,31708.0
2,DeepSeek-R1-Distill-Qwen-14B-F16,104,No,no,0.3685393559280783,935,4,939,yes_no,84.85,39.9,99.9,2480.609375,2480.52734375,2480.63671875,99.0,99.0,99.0,31708.0,31708.0,31708.0
2,DeepSeek-R1-Distill-Qwen-14B-F16,120,No,no,0.6921936590224504,1421,8,1429,yes_no,91.25714285714285,49.9,99.8,2480.738839285714,2480.63671875,2480.7578125,82.75,58.0,99.0,31708.0,31708.0,31708.0
2,DeepSeek-R1-Distill-Qwen-14B-F16,2,No,no,2.425244536017999,1568,51,1619,yes_no,94.60869565217389,29.9,99.9,2480.8598845108695,2480.703125,2480.8828125,94.83333333333333,65.0,99.0,31708.0,31708.0,31708.0
2,DeepSeek-R1-Distill-Qwen-14B-F16,23,No,sí,0.5060306229861453,1098,5,1103,yes_no,95.84,79.9,109.8,2480.95859375,2480.87109375,2480.98046875,97.5,96.0,99.0,31708.0,31708.0,31708.0
2,DeepSeek-R1-Distill-Qwen-14B-F16,90,Sí,no,0.681348508107476,1389,8,1397,yes_no,89.84285714285714,30.0,99.9,2480.98828125,2480.89453125,2481.00390625,98.0,97.0,99.0,31708.0,31708.0,31708.0
2,DeepSeek-R1-Distill-Qwen-14B-F16,7,Sí,sí,0.811407534056343,1542,10,1552,yes_no,93.57499999999999,59.9,99.8,2480.990234375,2480.89453125,2481.00390625,94.75,86.0,99.0,31708.0,31708.0,31708.0
2,DeepSeek-R1-Distill-Qwen-14B-F16,14,No,no,0.8087543520377948,1650,8,1658,yes_no,92.32499999999999,59.9,109.8,2481.212890625,2481.1171875,2481.2265625,92.75,77.0,99.0,31708.0,31708.0,31708.0
2,DeepSeek-R1-Distill-Qwen-14B-F16,117,No,no,0.7413751570275054,1568,8,1576,yes_no,99.8142857142857,89.8,109.8,2481.2633928571427,2481.14453125,2481.2890625,98.0,96.0,99.0,31708.0,31708.0,31708.0
2,DeepSeek-R1-Distill-Qwen-14B-F16,22,No,no,0.8451091640163213,1881,8,1889,yes_no,98.56249999999999,89.8,99.9,2481.275390625,2481.1796875,2481.2890625,92.0,74.0,99.0,31708.0,31708.0,31708.0
2,DeepSeek-R1-Distill-Qwen-14B-F16,70,Sí,sí,0.7367945830337703,1290,10,1300,yes_no,99.84285714285714,89.9,109.8,2481.363839285714,2481.26171875,2481.3828125,94.33333333333333,88.0,98.0,31708.0,31708.0,31708.0
2,DeepSeek-R1-Distill-Qwen-14B-F16,119,No,no,0.49536665400955826,1265,4,1269,yes_no,93.84,59.9,109.9,2481.43125,2481.3203125,2481.46875,80.0,61.0,99.0,31708.0,31708.0,31708.0
2,DeepSeek-R1-Distill-Qwen-14B-F16,102,No,no,0.5425549959763885,976,8,984,yes_no,101.82000000000001,99.8,109.8,2482.51328125,2481.3828125,2483.23046875,90.5,85.0,96.0,31708.0,31708.0,31708.0
2,DeepSeek-R1-Distill-Qwen-14B-F16,68,Sí,sí,0.7938839880516754,1461,10,1471,yes_no,91.08749999999999,39.9,109.8,2483.453125,2483.328125,2483.4765625,84.75,45.0,99.0,31708.0,31708.0,31708.0
2,DeepSeek-R1-Distill-Qwen-14B-F16,74,No,no,0.8970691059948875,1427,13,1440,yes_no,92.05555555555554,30.0,109.8,2483.628472222222,2483.50390625,2483.6484375,93.25,80.0,99.0,31708.0,31708.0,31708.0
2,DeepSeek-R1-Distill-Qwen-14B-F16,39,No,no,0.4928843220695853,726,8,734,yes_no,89.84,49.9,99.9,2483.6265625,2483.5390625,2483.6484375,97.5,97.0,98.0,31708.0,31708.0,31708.0
2,DeepSeek-R1-Distill-Qwen-14B-F16,115,No,no,0.40540087094996125,1025,4,1029,yes_no,94.85,79.9,99.9,2483.62109375,2483.5390625,2483.6484375,99.0,99.0,99.0,31708.0,31708.0,31708.0
2,DeepSeek-R1-Distill-Qwen-14B-F16,35,No,no,0.692835533991456,1336,8,1344,yes_no,88.41428571428571,49.9,99.8,2483.7237723214284,2483.6015625,2483.74609375,96.0,93.0,99.0,31708.0,31708.0,31708.0
2,DeepSeek-R1-Distill-Qwen-14B-F16,21,Sí,sí,0.727007625042461,1227,10,1237,yes_no,95.55714285714285,79.9,99.9,2483.76171875,2483.66796875,2483.77734375,88.66666666666667,71.0,99.0,31708.0,31708.0,31708.0
2,DeepSeek-R1-Distill-Qwen-14B-F16,67,Sí,sí,0.7165315919555724,1142,10,1152,yes_no,94.11428571428571,59.9,99.9,2483.76171875,2483.66796875,2483.77734375,98.0,97.0,99.0,31708.0,31708.0,31708.0
2,DeepSeek-R1-Distill-Qwen-14B-F16,43,No,no,0.548902378999628,1523,4,1527,yes_no,81.53333333333335,10.0,99.9,2483.8216145833335,2483.68359375,2483.86328125,87.66666666666667,78.0,99.0,31708.0,31708.0,31708.0
2,DeepSeek-R1-Distill-Qwen-14B-F16,37,No,no,0.6638143860036506,1284,8,1292,yes_no,84.14285714285714,20.0,99.8,2484.0809151785716,2483.96484375,2484.10546875,96.0,93.0,99.0,31708.0,31708.0,31708.0
2,DeepSeek-R1-Distill-Qwen-14B-F16,60,No,no,0.7922039580298589,1615,8,1623,yes_no,97.32499999999999,39.9,109.8,2484.091796875,2483.99609375,2484.10546875,98.0,96.0,99.0,31708.0,31708.0,31708.0
2,DeepSeek-R1-Distill-Qwen-14B-F16,13,Sí,sí,0.9825957269640638,1921,10,1931,yes_no,86.83999999999999,20.0,109.8,2484.334765625,2484.18359375,2484.359375,83.6,25.0,99.0,31708.0,31708.0,31708.0
2,DeepSeek-R1-Distill-Qwen-14B-F16,77,No,no,0.6584593380102887,1276,8,1284,yes_no,86.98571428571428,10.0,99.9,2484.34375,2484.25,2484.359375,89.33333333333333,74.0,99.0,31708.0,31708.0,31708.0
2,DeepSeek-R1-Distill-Qwen-14B-F16,62,Sí,sí,0.7322242020163685,1260,10,1270,yes_no,102.68571428571428,79.9,109.8,2484.34375,2484.25,2484.359375,97.66666666666667,96.0,99.0,31708.0,31708.0,31708.0
2,DeepSeek-R1-Distill-Qwen-14B-F16,25,Sí,sí,1.1518508170265702,1622,15,1637,yes_no,93.47272727272725,30.0,109.8,2484.743252840909,2484.52734375,2484.7734375,90.8,62.0,99.0,31708.0,31708.0,31708.0
2,DeepSeek-R1-Distill-Qwen-14B-F16,60,No,no,0.7946768479887396,1615,8,1623,yes_no,92.33749999999999,39.9,109.8,2484.759765625,2484.6640625,2484.7734375,91.75,73.0,99.0,31708.0,31708.0,31708.0
2,DeepSeek-R1-Distill-Qwen-14B-F16,60,No,no,0.32591258501634,1615,8,1623,yes_no,99.83333333333333,99.8,99.9,2484.7369791666665,2484.6640625,2484.7734375,87.0,87.0,87.0,31708.0,31708.0,31708.0
2,DeepSeek-R1-Distill-Qwen-14B-F16,58,Sí,sí,0.9236800220096483,1238,15,1253,yes_no,97.59999999999998,59.9,109.8,2484.761284722222,2484.6640625,2484.7734375,88.8,53.0,99.0,31708.0,31708.0,31708.0
2,DeepSeek-R1-Distill-Qwen-14B-F16,21,Sí,sí,0.7281296600122005,1227,10,1237,yes_no,98.41428571428571,89.9,109.8,2484.7578125,2484.6640625,2484.7734375,98.0,97.0,99.0,31708.0,31708.0,31708.0
2,DeepSeek-R1-Distill-Qwen-14B-F16,4,Sí,sí,0.9629789470927789,1991,10,2001,yes_no,102.03333333333332,99.8,109.8,2484.761284722222,2484.6640625,2484.7734375,97.75,97.0,99.0,31708.0,31708.0,31708.0
2,DeepSeek-R1-Distill-Qwen-14B-F16,55,No,no,0.7037541290046646,1480,8,1488,yes_no,96.97142857142856,59.9,109.9,2484.7578125,2484.6640625,2484.7734375,92.33333333333333,82.0,99.0,31708.0,31708.0,31708.0
2,DeepSeek-R1-Distill-Qwen-14B-F16,104,No,no,0.5229773810133338,935,8,943,yes_no,99.82000000000001,89.8,109.8,2484.7515625,2484.6640625,2484.7734375,97.5,97.0,98.0,31708.0,31708.0,31708.0
2,DeepSeek-R1-Distill-Qwen-14B-F16,77,No,no,0.6577301120851189,1276,8,1284,yes_no,85.57142857142857,10.0,99.9,2484.7578125,2484.6640625,2484.7734375,97.33333333333333,96.0,99.0,31708.0,31708.0,31708.0
2,DeepSeek-R1-Distill-Qwen-14B-F16,78,Sí,sí,0.8587769620353355,1307,13,1320,yes_no,102.31249999999999,99.8,109.8,2484.759765625,2484.6640625,2484.7734375,97.75,97.0,98.0,31708.0,31708.0,31708.0
2,DeepSeek-R1-Distill-Qwen-14B-F16,100,No,no,0.31652631505858153,604,4,608,yes_no,96.5,89.8,99.9,2484.7643229166665,2484.69140625,2484.80078125,93.0,93.0,93.0,31708.0,31708.0,31708.0
2,DeepSeek-R1-Distill-Qwen-14B-F16,89,Sí,no,0.662456815945916,1324,8,1332,yes_no,89.84285714285714,20.0,109.9,2484.8487723214284,2484.73828125,2484.87109375,79.75,59.0,99.0,31708.0,31708.0,31708.0
2,DeepSeek-R1-Distill-Qwen-14B-F16,56,Sí,sí,0.7973465799586846,1520,10,1530,yes_no,92.33749999999999,39.9,109.8,2484.9599609375,2484.85546875,2484.9765625,92.25,75.0,99.0,31708.0,31708.0,31708.0
2,DeepSeek-R1-Distill-Qwen-14B-F16,112,No,no,0.6799495290033519,1253,8,1261,yes_no,82.7,30.0,99.8,2485.1969866071427,2485.0703125,2485.22265625,77.75,32.0,99.0,31708.0,31708.0,31708.0
2,DeepSeek-R1-Distill-Qwen-14B-F16,12,No,no,0.7529904750408604,1559,8,1567,yes_no,96.97142857142856,69.9,109.9,2485.6356026785716,2485.46484375,2485.6796875,98.0,96.0,99.0,31708.0,31708.0,31708.0
2,DeepSeek-R1-Distill-Qwen-14B-F16,64,No,sí,0.7457284349948168,1338,10,1348,yes_no,101.24285714285713,99.8,109.9,2485.7109375,2485.6171875,2485.7265625,85.75,50.0,99.0,31708.0,31708.0,31708.0
2,DeepSeek-R1-Distill-Qwen-14B-F16,95,No,no,0.6919851100537926,1405,8,1413,yes_no,81.27142857142857,49.9,99.8,2486.9748883928573,2485.76171875,2487.7578125,96.33333333333333,94.0,99.0,31708.0,31708.0,31708.0
2,DeepSeek-R1-Distill-Qwen-14B-F16,33,No,no,0.6816046120366083,1380,8,1388,yes_no,89.84285714285714,30.0,99.9,2487.79296875,2487.6796875,2487.81640625,94.0,87.0,99.0,31708.0,31708.0,31708.0
2,DeepSeek-R1-Distill-Qwen-14B-F16,18,Sí,sí,0.8859227880602704,1672,10,1682,yes_no,87.63333333333333,20.0,99.9,2488.0338541666665,2487.796875,2488.0859375,95.75,89.0,99.0,31708.0,31708.0,31708.0
2,DeepSeek-R1-Distill-Qwen-14B-F16,61,Sí,sí,0.7558267250424252,1338,10,1348,yes_no,99.8142857142857,89.8,109.8,2488.25390625,2488.08203125,2488.30078125,98.0,97.0,99.0,31708.0,31708.0,31708.0
2,DeepSeek-R1-Distill-Qwen-14B-F16,26,No,no,0.6453994630137457,1253,8,1261,yes_no,98.14999999999999,79.9,109.8,2488.4407552083335,2488.30859375,2488.47265625,97.5,96.0,99.0,31708.0,31708.0,31708.0
2,DeepSeek-R1-Distill-Qwen-14B-F16,79,Sí,sí,0.7254276359453797,1199,10,1209,yes_no,95.54285714285713,69.9,99.9,2488.53515625,2488.44140625,2488.55078125,97.66666666666667,96.0,99.0,31708.0,31708.0,31708.0
2,DeepSeek-R1-Distill-Qwen-14B-F16,43,No,no,0.7170563590480016,1523,8,1531,yes_no,95.54285714285713,69.9,99.9,2488.53515625,2488.44140625,2488.55078125,98.0,97.0,99.0,31708.0,31708.0,31708.0
2,DeepSeek-R1-Distill-Qwen-14B-F16,104,No,no,0.36858499597292393,935,4,939,yes_no,82.35,39.9,99.9,2488.5234375,2488.44140625,2488.55078125,87.5,78.0,97.0,31708.0,31708.0,31708.0
2,DeepSeek-R1-Distill-Qwen-14B-F16,67,Sí,sí,0.8345830349717289,1142,13,1155,yes_no,96.07499999999999,69.9,99.9,2488.537109375,2488.44140625,2488.55078125,98.0,97.0,99.0,31708.0,31708.0,31708.0
2,DeepSeek-R1-Distill-Qwen-14B-F16,114,No,no,0.5131018520332873,1347,4,1351,yes_no,95.84,89.8,99.9,2488.52890625,2488.44140625,2488.55078125,94.5,91.0,98.0,31708.0,31708.0,31708.0
2,DeepSeek-R1-Distill-Qwen-14B-F16,147,35 cantones.,"</think>

35 cantones presentan una incidencia superior a 11.66 para cáncer gástrico.
</think>

35",1.867057722993195,1956,33,1989,short_answer,93.71666666666664,20.0,109.8,2488.6697048611113,2488.52734375,2488.68359375,96.88888888888889,88.0,99.0,31708.0,31708.0,31708.0
2,DeepSeek-R1-Distill-Qwen-14B-F16,150,El número de Unidad Programática del CNDTCG es 2806.,"</think>

No lo sé.",0.4562343249563128,791,7,798,short_answer,83.86,20.0,99.9,2488.66171875,2488.57421875,2488.68359375,83.5,71.0,96.0,31708.0,31708.0,31708.0
2,DeepSeek-R1-Distill-Qwen-14B-F16,152,Cada 5 años,"</think>

No se especifica en el contexto la frecuencia de revisión o actualización de la norma nacional para la atención del cáncer colorrectal.

**Respuesta:** No lo sé.
</think>

No lo sé.",2.3803871349664405,1574,49,1623,short_answer,98.44999999999999,69.9,109.9,2488.724431818182,2488.609375,2488.73046875,95.0,62.0,99.0,31708.0,31708.0,31708.0
2,DeepSeek-R1-Distill-Qwen-14B-F16,148,2 salas de endoscopia.,"</think>

La pregunta es sobre cuántas salas de endoscopia puede contar la unidad móvil de endoscopía propuesta. 

Primero, reviso el contexto proporcionado para encontrar información relevante. El contexto habla sobre salas de fluoroscopia, personal de imagenología, y cálculos para determinar el número de salas necesarias. También menciona que para el año 2025 se necesitarían aproximadamente 12 salas de fluoroscopia distribuidas estratégicamente. 

Sin embargo, la pregunta se centra en salas de endoscopia, no en fluoroscopia. Busco en el contexto si hay menciones específicas sobre salas de endoscopia. En el apartado 99, se menciona que la infraestructura necesaria para colonoscopías es una sala de endoscopía, pero no se especifica el número de salas. 

En el Anexo",8.540664670057595,1808,200,2008,short_answer,97.02658227848113,10.0,109.8,2489.1551621835442,2488.67578125,2489.16796875,97.78571428571429,79.0,99.0,31708.0,31708.0,31708.0
2,DeepSeek-R1-Distill-Qwen-14B-F16,137,98.5 radiólogos.,"</think>

El número de radiólogos capacitados en la interpretación de la Serie Gastroduodenal (SGD) en la CCSS es de 98.5.
</think>

98.5",2.4995835359441116,1962,45,2007,short_answer,96.89999999999999,10.0,109.8,2489.1790364583335,2489.07421875,2489.18359375,94.6923076923077,54.0,99.0,31708.0,31708.0,31708.0
2,DeepSeek-R1-Distill-Qwen-14B-F16,217,Enfermero(a) Profesional,"</think>

El profesional responsable es el médico cirujano digestivo, quien coordina y supervisa los procedimientos diagnósticos y terapéuticos, asegurando la preparación del paciente y la vigilancia clínica adecuada.
</think>

El profesional responsable es el médico cirujano digestivo.
</think>

El profesional responsable es el médico cirujano digestivo.
</think>

El profesional responsable es el médico cirujano digestivo.
</think>

El profesional responsable es el médico cirujano digestivo.
</think>

El profesional responsable es el médico cirujano digestivo.
</think>

El profesional responsable es el médico cirujano digestivo.
</think>

El profesional responsable es el médico cirujano digestivo.
</think>

El profesional responsable es el médico cirujano digestivo.
</think>

El profesional responsable es el médico cirujano digestivo.
</think>

El profesional responsable es el médico cirujano digestivo.
</response>

**Respuesta:**

El",8.450134304934181,1312,201,1513,short_answer,98.40384615384625,30.0,99.9,2489.3050380608975,2489.18359375,2489.34765625,96.44186046511628,45.0,99.0,31708.0,31708.0,31708.0
2,DeepSeek-R1-Distill-Qwen-14B-F16,132,44.58 casos.,"</think>

No lo sé.",1.3527852450497448,2006,7,2013,short_answer,96.75384615384615,79.9,99.9,2489.4014423076924,2489.2734375,2489.41796875,98.66666666666667,97.0,99.0,31708.0,31708.0,31708.0
2,DeepSeek-R1-Distill-Qwen-14B-F16,155,8 hospitales regionales,"</think>

La CCSS cuenta actualmente con 8 hospitales regionales.

**Respuesta:** 8 hospitales regionales.",1.6897384439362213,1067,30,1097,short_answer,99.18749999999999,69.9,109.9,2489.441650390625,2489.328125,2489.44921875,92.22222222222223,49.0,99.0,31708.0,31708.0,31708.0
2,DeepSeek-R1-Distill-Qwen-14B-F16,122,CNDTCG y DICE.,"</think>

CNDTCG y DICE.",0.8718268139055,951,11,962,short_answer,89.83333333333331,10.0,99.9,2489.448784722222,2489.3515625,2489.4609375,95.5,86.0,99.0,31708.0,31708.0,31708.0
2,DeepSeek-R1-Distill-Qwen-14B-F16,173,Taminzaje de cáncer gástrico y tamizaje de cáncer colorrectal,"</think>

El CNDTCG implementa programas de tamizaje poblacional para cáncer gástrico y colorrectal.
</think>

El CNDTCG implementa programas de tamizaje poblacional para cáncer gástrico y colorrectal.",2.733544355025515,1491,59,1550,short_answer,98.27692307692308,10.0,109.9,2489.456730769231,2489.3515625,2489.4609375,95.71428571428571,56.0,99.0,31708.0,31708.0,31708.0
2,DeepSeek-R1-Distill-Qwen-14B-F16,200,"Cirugía para extirpar el ano, el recto y parte del colorrectal sigmoide","</think>

La resección abdominoperineal es una cirugía que extirpa el recto, el colon sigmoide y el perineo, generalmente por cáncer, requiriendo una colostomía.",2.4970931879943237,1275,52,1327,short_answer,99.38260869565217,89.9,109.8,2489.4757133152175,2489.37109375,2489.48046875,98.83333333333333,98.0,99.0,31708.0,31708.0,31708.0
2,DeepSeek-R1-Distill-Qwen-14B-F16,126, Los 81 cantones originales previos a 2019.,"</think>

El plan utiliza la estructura de los 81 cantones originales previos al 2019 para sus proyecciones, debido a que la creación de nuevos cantones genera distorsión en los datos.",2.2886979749891907,887,51,938,short_answer,100.29047619047617,89.9,109.8,2489.6510416666665,2489.546875,2489.65625,98.9,98.0,99.0,31708.0,31708.0,31708.0
2,DeepSeek-R1-Distill-Qwen-14B-F16,157,El 88% de los gastroenterólogos,"</think>

No lo sé.
</think>

No lo sé.",3.031590798054822,1441,13,1454,short_answer,100.4931034482759,89.9,109.8,2489.6829202586205,2489.56640625,2489.6875,99.21428571428571,98.0,100.0,31708.0,31708.0,31708.0
2,DeepSeek-R1-Distill-Qwen-14B-F16,165,7 debilidades,"</think>

Según el análisis FODA del CNDTCG, se identifican 6 debilidades en el centro.",1.9451861440902576,1524,29,1553,short_answer,94.03684210526313,0.0,109.8,2489.6817434210525,2489.578125,2489.6875,95.0,62.0,99.0,31708.0,31708.0,31708.0
2,DeepSeek-R1-Distill-Qwen-14B-F16,203,95%,"</think>

La tasa de intubación cecal a considerar en el programa de tamizaje es del 95%.",1.4484186720801517,1290,28,1318,short_answer,94.82142857142856,39.9,99.9,2489.6953125,2489.59375,2489.703125,92.71428571428571,56.0,99.0,31708.0,31708.0,31708.0
2,DeepSeek-R1-Distill-Qwen-14B-F16,196,Sistema de Identificación Agendas y Citas (SIAC) ,"</think>

No lo sé.
</think>

No lo sé.",0.9271513069979846,1542,13,1555,short_answer,95.39999999999999,69.9,99.9,2489.730034722222,2489.6328125,2489.7421875,90.4,60.0,99.0,31708.0,31708.0,31708.0
2,DeepSeek-R1-Distill-Qwen-14B-F16,164,"Central Norte, Central Sur, Chorotega, Huetar Atlántica, Huetar Norte, Brunca y Pacífico Central","</think>

No lo sé.",0.7265014299191535,1445,7,1452,short_answer,86.98571428571428,39.9,99.8,2491.074776785714,2490.26171875,2491.21875,98.66666666666667,98.0,99.0,31708.0,31708.0,31708.0
2,DeepSeek-R1-Distill-Qwen-14B-F16,145,1995,"</think>

No lo sé.
</think>

No lo sé.",0.867495274054818,1350,13,1363,short_answer,101.06249999999999,99.8,109.8,2491.228515625,2491.1328125,2491.2421875,98.75,98.0,99.0,31708.0,31708.0,31708.0
2,DeepSeek-R1-Distill-Qwen-14B-F16,126, Los 81 cantones originales previos a 2019.,"</think>

El plan utiliza la estructura de los 81 cantones originales previos al 2019 para sus proyecciones debido a que la creación de nuevos cantones distorsiona los datos.",2.1055006270762533,887,48,935,short_answer,96.32499999999999,20.0,109.8,2491.23671875,2491.1328125,2491.2421875,97.9,97.0,98.0,31708.0,31708.0,31708.0
2,DeepSeek-R1-Distill-Qwen-14B-F16,178,Técnico en Imágenes Médicas / Imagenólogo,"</think>

El profesional que administra el medio de contraste y realiza las imágenes fluoroscópicas en la SGD es el técnico de imagenología.",1.6333039329620078,1380,32,1412,short_answer,100.48666666666665,99.8,109.8,2491.246614583333,2491.14453125,2491.25390625,98.0,97.0,99.0,31708.0,31708.0,31708.0
2,DeepSeek-R1-Distill-Qwen-14B-F16,142,5.02 equipos,"</think>

No lo sé.
</think>

No lo sé.",0.8722669329727067,1353,13,1366,short_answer,87.6111111111111,0.0,99.8,2492.636284722222,2491.37109375,2493.23046875,98.0,97.0,99.0,31708.0,31708.0,31708.0
2,DeepSeek-R1-Distill-Qwen-14B-F16,177,FIT,"</think>

La prueba inicial de tamizaje para el cáncer colorrectal es la prueba FIT (Sangre oculta en heces).",1.6063100270694122,1242,32,1274,short_answer,100.47999999999999,79.9,109.8,2493.223177083333,2493.12109375,2493.23046875,97.375,94.0,98.0,31708.0,31708.0,31708.0
2,DeepSeek-R1-Distill-Qwen-14B-F16,128,11.66 casos.,"</think>

No lo sé.
</think>

No lo sé.",1.060244840104133,1923,13,1936,short_answer,96.81999999999998,79.9,109.8,2493.24375,2493.1328125,2493.2578125,98.2,97.0,99.0,31708.0,31708.0,31708.0
2,DeepSeek-R1-Distill-Qwen-14B-F16,207,Escala de Preparación Intestinal de Boston,"</think>

No lo sé.",0.6194775190670043,1315,7,1322,short_answer,98.16666666666667,79.9,109.9,2493.2630208333335,2493.171875,2493.28125,97.5,96.0,99.0,31708.0,31708.0,31708.0
2,DeepSeek-R1-Distill-Qwen-14B-F16,127,"Análisis demográfico, herramientas GIS y MS-Excel.","</think>

Para analizar la población adscrita por provincia, cantón, sexo y edad, se utilizan herramientas de GIS y MS-Excel.
</think>

Para analizar la población adscrita por provincia, cantón, sexo y edad, se utilizan herramientas de GIS y MS-Excel.",2.924650960951112,1151,65,1216,short_answer,98.70000000000002,89.8,99.9,2493.339988425926,2493.2265625,2493.3515625,95.85714285714286,71.0,99.0,31708.0,31708.0,31708.0
2,DeepSeek-R1-Distill-Qwen-14B-F16,208,40 años o 10 años antes del familiar afectado más joven,"</think>

La edad para realizar tamizaje por colonoscopia directa si tiene parientes de primer grado con antecedentes de cáncer de colorrectal diagnosticado a los 50 años o menos es a los 40 años.

**Respuesta:** A los 40 años.",3.9201255629304796,1661,64,1725,short_answer,98.46216216216222,49.9,109.8,2493.4111064189187,2493.3046875,2493.4140625,96.3,54.0,100.0,31708.0,31708.0,31708.0
2,DeepSeek-R1-Distill-Qwen-14B-F16,167,40%,"</think>

El porcentaje de invitación para los programas de tamizaje es del 40%.
</think>

El porcentaje de invitación para los programas de tamizaje es del 40%.",2.8546202040743083,1501,44,1545,short_answer,97.22222222222224,49.9,109.8,2493.534577546296,2493.41796875,2493.5390625,97.92857142857143,90.0,100.0,31708.0,31708.0,31708.0
2,DeepSeek-R1-Distill-Qwen-14B-F16,189,Nacional,"</think>

No lo sé.
</think>

No lo sé.",1.2657741499133408,1130,13,1143,short_answer,100.64999999999998,89.9,109.8,2493.5455729166665,2493.4453125,2493.5546875,98.8,98.0,99.0,31708.0,31708.0,31708.0
2,DeepSeek-R1-Distill-Qwen-14B-F16,207,Escala de Preparación Intestinal de Boston,"</think>

No se menciona una escala específica para evaluar la calidad de la preparación intestinal en el contexto proporcionado.
</think>

No lo sé.",1.9212435850640759,1315,33,1348,short_answer,100.9222222222222,79.9,109.9,2493.5486111111113,2493.4453125,2493.5546875,99.0,98.0,100.0,31708.0,31708.0,31708.0
2,DeepSeek-R1-Distill-Qwen-14B-F16,194,Cáncer de colon,"</think>

El código C18 en la clasificación CIE-10 corresponde a tumores malignos del colon, incluyendo el apéndice y diferentes partes del colon.
</think>

El código C18 en la clasificación CIE-10 corresponde a tumores malignos del colon.",3.015284892055206,1314,67,1381,short_answer,98.74285714285716,59.9,109.8,2493.7106584821427,2493.53125,2493.71875,97.26666666666667,87.0,99.0,31708.0,31708.0,31708.0
2,DeepSeek-R1-Distill-Qwen-14B-F16,147,35 cantones.,"</think>

35 cantones presentan una incidencia superior a 11.66 para cáncer gástrico.
</think>

35",1.8530742230359463,1956,33,1989,short_answer,94.2722222222222,10.0,109.8,2493.7126736111113,2493.609375,2493.71875,97.66666666666667,88.0,99.0,31708.0,31708.0,31708.0
2,DeepSeek-R1-Distill-Qwen-14B-F16,152,Cada 5 años,"</think>

No se menciona en el contexto la periodicidad para revisar y actualizar la norma nacional para la atención del cáncer colorrectal.

Respuesta: No lo sé.
</think>

No lo sé.",2.238902311073616,1574,46,1620,short_answer,99.81428571428569,59.9,109.8,2493.7135416666665,2493.609375,2493.71875,97.63636363636364,85.0,99.0,31708.0,31708.0,31708.0
2,DeepSeek-R1-Distill-Qwen-14B-F16,171,Médico General Asistente,"</think>

El puesto encargado de brindar apoyo clínico directo durante la realización de procedimientos endoscópicos diagnósticos y terapéuticos es el de **""Médico Endoscopista""**.
</think>

Médico Endoscopista",2.903662620927207,1399,64,1463,short_answer,99.44444444444446,69.9,109.9,2493.761574074074,2493.65625,2493.765625,95.4,54.0,99.0,31708.0,31708.0,31708.0
2,DeepSeek-R1-Distill-Qwen-14B-F16,130,35.79 casos.,"</think>

No lo sé.
</think>

No lo sé.",1.0028887869557366,1689,13,1702,short_answer,91.83999999999997,20.0,109.8,2493.903125,2493.8046875,2493.9140625,88.2,49.0,99.0,31708.0,31708.0,31708.0
2,DeepSeek-R1-Distill-Qwen-14B-F16,146,2027,"</think>

2025",0.5874370529782027,1135,7,1142,short_answer,86.53333333333335,39.9,99.9,2493.9309895833335,2493.83984375,2493.94921875,85.33333333333333,60.0,99.0,31708.0,31708.0,31708.0
2,DeepSeek-R1-Distill-Qwen-14B-F16,197,"SIES, SIAC, ARCA, FileMaker, bases de datos internas","</think>

No lo sé.
</think>

No lo sé.",0.837307940935716,1170,13,1183,short_answer,96.08749999999999,79.9,99.9,2494.076171875,2493.98046875,2494.08984375,88.0,59.0,99.0,31708.0,31708.0,31708.0
2,DeepSeek-R1-Distill-Qwen-14B-F16,194,Cáncer de colon,"</think>

El código C18 en la clasificación CIE-10 corresponde a tumores malignos del colon.
</think>

El código C18 en la clasificación CIE-10 corresponde a tumores malignos del colon.",2.452889041043818,1314,53,1367,short_answer,98.0695652173913,49.9,109.8,2494.0850883152175,2493.98046875,2494.08984375,94.0,50.0,99.0,31708.0,31708.0,31708.0
2,DeepSeek-R1-Distill-Qwen-14B-F16,195,"Accesorios para drenaje biliar, esfinterotomías, extracción de cálculos y colocación de prótesis","</think>

El CNDTCG dispone de un equipo para Colangiopancreatografía Retrógrada Endoscópica (CPRE), incluyendo accesorios para drenaje biliar, esfinterotomías, extracción de cálculos y colocación de prótesis.",2.999990681069903,1290,67,1357,short_answer,99.10000000000002,59.9,109.9,2494.1015625,2493.99609375,2494.10546875,98.92857142857143,98.0,99.0,31708.0,31708.0,31708.0
2,DeepSeek-R1-Distill-Qwen-14B-F16,219,Dra. Rosalyn Vargas Barquero,"</think>

Se debe contactar al CNDTCG para consultas sobre rutas clínicas y protocolos de tamizaje.",1.5919496460119262,1322,29,1351,short_answer,99.15333333333332,79.9,109.8,2494.15859375,2494.04296875,2494.16796875,94.125,61.0,99.0,31708.0,31708.0,31708.0
2,DeepSeek-R1-Distill-Qwen-14B-F16,128,11.66 casos.,"</think>

No lo sé.",0.9626020040595903,1923,7,1930,short_answer,100.94444444444443,99.8,109.9,2494.155815972222,2494.05859375,2494.16796875,97.25,93.0,99.0,31708.0,31708.0,31708.0
2,DeepSeek-R1-Distill-Qwen-14B-F16,186,Coordinaciones de Programa,"</think>

La área funcional del CNDTCG que establece coordinaciones técnicas para el Tamizaje de Cáncer Gástrico y Colorrectal es la **Asistencia técnica y fortalecimiento de capacidades**.",2.2661520340479906,851,51,902,short_answer,98.86666666666663,79.9,99.9,2494.1666666666665,2494.0625,2494.171875,97.72727272727273,86.0,99.0,31708.0,31708.0,31708.0
2,DeepSeek-R1-Distill-Qwen-14B-F16,141,"San José, Alajuela y Cartago","</think>

La concentración de recursos se encuentra en las provincias de San José, Alajuela y Cartago.
</think>

La concentración de recursos se encuentra en las provincias de San José, Alajuela y Cartago.",2.5923635020153597,1744,49,1793,short_answer,99.39166666666667,89.9,99.9,2494.3470052083335,2494.2421875,2494.3515625,97.91666666666667,96.0,99.0,31708.0,31708.0,31708.0
2,DeepSeek-R1-Distill-Qwen-14B-F16,194,Cáncer de colon,"</think>

El código C18 en la clasificación CIE-10 corresponde a tumores malignos del colon, incluyendo el apéndice y diferentes partes del colon.
</think>

El código C18 en la clasificación CIE-10 corresponde a tumores malignos del colon.",3.1055124010890722,1314,67,1381,short_answer,98.77931034482762,49.9,109.8,2494.347790948276,2494.2421875,2494.3515625,95.75,68.0,99.0,31708.0,31708.0,31708.0
2,DeepSeek-R1-Distill-Qwen-14B-F16,127,"Análisis demográfico, herramientas GIS y MS-Excel.","</think>

MS-Excel y herramientas de GIS.
</think>

MS-Excel y herramientas de GIS.",2.8325188169255853,1151,23,1174,short_answer,96.5964285714286,0.0,109.8,2494.34765625,2494.2421875,2494.3515625,96.85714285714286,70.0,99.0,31708.0,31708.0,31708.0
2,DeepSeek-R1-Distill-Qwen-14B-F16,192,Cualitativa y Cuantitativa,"</think>

La prueba SOHi tiene dos tipos: cualitativa y cuantitativa.
</think>

La prueba SOHi tiene dos tipos: cualitativa y cuantitativa.",1.9722654010402039,1421,39,1460,short_answer,96.1315789473684,10.0,109.8,2494.3575246710525,2494.25390625,2494.36328125,96.8,78.0,99.0,31708.0,31708.0,31708.0
2,DeepSeek-R1-Distill-Qwen-14B-F16,156,12 hospitales periféricos,"</think>

La CCSS cuenta con 12 hospitales periféricos.
</think>

La CCSS cuenta con 12 hospitales periféricos.",1.779084271052852,1135,37,1172,short_answer,98.05294117647057,39.9,109.8,2494.3763786764707,2494.2734375,2494.3828125,98.875,98.0,99.0,31708.0,31708.0,31708.0
2,DeepSeek-R1-Distill-Qwen-14B-F16,202,6 minutos,"</think>

El tiempo de retirada mínimo recomendado en una colonoscopia de calidad es de 6 minutos.
</think>

El tiempo de retirada mínimo recomendado en una colonoscopia de calidad es de 6 minutos.",3.0564623799873516,1529,47,1576,short_answer,97.40344827586209,39.9,109.8,2494.4027478448274,2494.2890625,2494.41015625,97.06666666666666,80.0,100.0,31708.0,31708.0,31708.0
2,DeepSeek-R1-Distill-Qwen-14B-F16,190,No mayor a seis meses,"</think>

En caso de una prueba SOHi positiva, se debe realizar colonoscopia en un plazo no mayor a seis meses.
</think>

En caso de una prueba SOHi positiva, se debe realizar colonoscopia en un plazo no mayor a seis meses.",2.4881890019169077,1428,57,1485,short_answer,100.68260869565216,89.9,129.8,2494.4093070652175,2494.3046875,2494.4140625,96.75,73.0,99.0,31708.0,31708.0,31708.0
2,DeepSeek-R1-Distill-Qwen-14B-F16,158,19 salas,"</think>

La CCSS cuenta con 19 salas de fluoroscopia disponibles para realizar SGD.
</think>

La CCSS tiene 19 salas de fluoroscopia disponibles para estos procedimientos.",2.072643082938157,1390,43,1433,short_answer,99.81578947368419,89.9,109.8,2494.4261924342104,2494.30859375,2494.43359375,96.5,75.0,99.0,31708.0,31708.0,31708.0
2,DeepSeek-R1-Distill-Qwen-14B-F16,147,35 cantones.,"</think>

35 cantones presentan una incidencia superior a 11.66 para cáncer gástrico.
</think>

35",2.132883460028097,1956,33,1989,short_answer,98.81499999999998,89.8,99.9,2494.428125,2494.32421875,2494.43359375,98.2,92.0,99.0,31708.0,31708.0,31708.0
2,DeepSeek-R1-Distill-Qwen-14B-F16,210,Tomografía tóracoabdominopélvica con medio de contraste,"</think>

No lo sé.",0.36828769894782454,435,7,442,short_answer,89.85,39.9,109.8,2495.716796875,2494.328125,2496.1796875,98.0,98.0,98.0,31708.0,31708.0,31708.0
2,DeepSeek-R1-Distill-Qwen-14B-F16,135,"1,203,483 personas.","</think>

La población objetivo total proyectada para el año 2025 es de aproximadamente 1.2 millones de personas.
</think>

La población objetivo total proyectada para el año 2025 es de aproximadamente 1.2 millones de personas.",2.888993607950397,1372,59,1431,short_answer,99.81481481481484,69.9,109.8,2496.175636574074,2496.0703125,2496.1796875,98.07142857142857,87.0,99.0,31708.0,31708.0,31708.0
2,DeepSeek-R1-Distill-Qwen-14B-F16,161,1 mes,"</think>

No se menciona un plazo específico para definir la estructura organizacional del CNDTCG en el contexto proporcionado.
</think>

No lo sé.",1.9793710239464417,1367,36,1403,short_answer,95.0894736842105,30.0,99.9,2496.325863486842,2496.19921875,2496.3359375,97.3,85.0,99.0,31708.0,31708.0,31708.0
2,DeepSeek-R1-Distill-Qwen-14B-F16,195,"Accesorios para drenaje biliar, esfinterotomías, extracción de cálculos y colocación de prótesis","</think>

El CNDTCG dispone de un equipo para Colangiopancreatografía Retrógrada Endoscópica (CPRE), incluyendo accesorios para drenaje biliar, esfinterotomías, extracción de cálculos y colocación de prótesis.",3.1829737559892233,1290,67,1357,short_answer,97.82000000000002,30.0,109.8,2496.3322916666666,2496.2265625,2496.3359375,97.0625,69.0,99.0,31708.0,31708.0,31708.0
2,DeepSeek-R1-Distill-Qwen-14B-F16,166,2 plazas MQC2 para proyectos especiales,"</think>

2 plazas de MQC2 se requieren para la implementación del SILC.
</think>

2 plazas de MQC2 se requieren para la implementación del SILC.",3.49060607003048,1479,43,1522,short_answer,99.80909090909095,59.9,109.9,2496.395478219697,2496.234375,2496.40234375,99.11764705882354,98.0,100.0,31708.0,31708.0,31708.0
2,DeepSeek-R1-Distill-Qwen-14B-F16,170,"₡102,322,211.","</think>

El costo estimado de una torre de endoscopia es de ₡102,322,211.",2.126158219994977,2259,32,2291,short_answer,98.82999999999998,69.9,109.8,2496.55546875,2496.31640625,2496.5859375,98.2,96.0,99.0,31708.0,31708.0,31708.0
2,DeepSeek-R1-Distill-Qwen-14B-F16,165,7 debilidades,"</think>

Según el análisis FODA del CNDTCG, se identifican 5 debilidades en el centro.",1.6716990370769051,1524,29,1553,short_answer,100.43749999999999,49.9,169.8,2496.5791015625,2496.4765625,2496.5859375,97.875,96.0,99.0,31708.0,31708.0,31708.0
2,DeepSeek-R1-Distill-Qwen-14B-F16,126, Los 81 cantones originales previos a 2019.,"</think>

El plan utiliza la estructura de los 81 cantones originales previos al 2019 para sus proyecciones, debido a que la creación de nuevos cantones genera distorsión en los datos.",2.2887516859918833,887,51,938,short_answer,99.34285714285711,89.9,109.8,2496.5807291666665,2496.4765625,2496.5859375,95.36363636363636,70.0,98.0,31708.0,31708.0,31708.0
2,DeepSeek-R1-Distill-Qwen-14B-F16,179,Radiólogo,"</think>

El profesional que analiza las imágenes de la SGD es el radiólogo especialista en interpretación de imágenes médicas.
</think>

El profesional que analiza las imágenes de la SGD es el radiólogo especialista en interpretación de imágenes médicas.",2.4584945490350947,1231,53,1284,short_answer,98.95217391304348,59.9,109.8,2496.6007133152175,2496.49609375,2496.60546875,97.58333333333333,84.0,99.0,31708.0,31708.0,31708.0
2,DeepSeek-R1-Distill-Qwen-14B-F16,161,1 mes,"</think>

No se menciona un plazo específico para definir la estructura organizacional del CNDTCG en el contexto proporcionado.
</think>

No lo sé.
</think>

No se menciona un plazo específico para definir la estructura organizacional del CNDTCG en el contexto proporcionado.
</think>

No lo sé.
</think>

No se menciona un plazo específico para definir la estructura organizacional del CNDTCG en el contexto proporcionado.
</think>

No lo sé.
</think>

No se menciona un plazo específico para definir la estructura organizacional del CNDTCG en el contexto proporcionado.
</think>

No lo sé.
</think>

No se menciona un plazo específico para definir la estructura organizacional del CNDTCG en el contexto proporcionado.
</think>

No lo sé.
</think>

No se menciona un plazo específico para definir la estructura organizacional del CNDTCG en el",11.673872994957492,1367,201,1568,short_answer,99.62432432432422,39.9,109.9,2496.6044833896394,2496.49609375,2496.60546875,97.84745762711864,56.0,100.0,31708.0,31708.0,31708.0
2,DeepSeek-R1-Distill-Qwen-14B-F16,127,"Análisis demográfico, herramientas GIS y MS-Excel.","</think>

MS-Excel y herramientas de GIS.
</think>

MS-Excel y herramientas de GIS.",2.09740533598233,1151,23,1174,short_answer,98.31499999999997,79.9,109.8,2496.6,2496.49609375,2496.60546875,94.7,57.0,99.0,31708.0,31708.0,31708.0
2,DeepSeek-R1-Distill-Qwen-14B-F16,160,1 año,"</think>

No se menciona el plazo máximo para la Gerencia de Logística en el contexto proporcionado.
</think>

No lo sé.
</think>

No lo sé.
</think>

No lo sé.
</think>

No lo sé.
</think>

No lo sé.
</think>

No lo sé.
</think>

No lo sé.
</think>

No lo sé.
</think>

No lo sé.
</think>

No lo sé.
</think>

No lo sé.
</think>

No lo sé.
</think>

No lo sé.
</think>

No lo sé.
</think>

No lo sé.
</think>

No lo sé.
</think>

No lo sé.
</think>

No lo sé.
</think>

No lo sé.
</think>

No lo sé.
</think>

No lo sé.
</think>

No lo sé.
</think>

No lo sé.
</think>

No lo sé.
</think>

No lo sé.
</think>

No lo sé.
</think>

No lo sé.
</think>

No lo sé.
</think>

No lo sé.
</think>

No",8.876604830031283,1428,201,1629,short_answer,99.80731707317084,49.9,109.8,2496.6431974085367,2496.53515625,2496.64453125,97.9090909090909,63.0,99.0,31708.0,31708.0,31708.0
2,DeepSeek-R1-Distill-Qwen-14B-F16,200,"Cirugía para extirpar el ano, el recto y parte del colorrectal sigmoide","</think>

La resección abdominoperineal es una cirugía que extirpa el recto, el colon sigmoide y el perineo, realizada por incisión en abdomen y perineo, generalmente por carcinoma de recto avanzado.
</think>

La resección abdominoperineal es una cirugía que extirpa el recto, el colon sigmoide y el perineo, realizada por incisión en abdomen y perineo, generalmente por carcinoma de recto avanzado.",5.003214203985408,1275,115,1390,short_answer,100.02391304347833,89.9,109.8,2496.6503057065215,2496.53515625,2496.66015625,96.52,50.0,99.0,31708.0,31708.0,31708.0
2,DeepSeek-R1-Distill-Qwen-14B-F16,147,35 cantones.,"</think>

35 cantones presentan una incidencia superior a 11.66 para cáncer gástrico.
</think>

35",4.0908127260627225,1956,33,1989,short_answer,100.3256410256411,89.9,109.8,2496.6573517628203,2496.55078125,2496.66015625,99.1,98.0,100.0,31708.0,31708.0,31708.0
2,DeepSeek-R1-Distill-Qwen-14B-F16,163,6 meses,"</think>

El plazo máximo propuesto es de 6 meses.
</think>

El plazo máximo propuesto es de 6 meses.",2.3047203150345013,1119,29,1148,short_answer,97.54090909090907,49.9,109.8,2496.767755681818,2496.65234375,2496.7734375,99.18181818181819,98.0,100.0,31708.0,31708.0,31708.0
2,DeepSeek-R1-Distill-Qwen-14B-F16,160,1 año,"</think>

No se menciona el plazo máximo para la Gerencia de Logística en el contexto proporcionado.
</think>

No lo sé.",1.5327736060135067,1428,30,1458,short_answer,95.16666666666666,10.0,109.9,2496.766145833333,2496.6640625,2496.7734375,94.125,75.0,99.0,31708.0,31708.0,31708.0
2,DeepSeek-R1-Distill-Qwen-14B-F16,211,Ultrasonido endoscópico o Resonancia Magnética Nuclear,"</think>

No lo sé.",0.38589895504992455,564,7,571,short_answer,89.85,49.9,109.9,2496.8203125,2496.73828125,2496.84765625,97.0,97.0,97.0,31708.0,31708.0,31708.0
2,DeepSeek-R1-Distill-Qwen-14B-F16,159,71%,"</think>

El 71% del personal de imagenología está capacitado para el uso de fluoroscopios.
</think>

El 71% del personal de imagenología está capacitado para el uso de fluoroscopios.",2.441701206029393,1713,49,1762,short_answer,97.2086956521739,49.9,119.8,2496.971976902174,2496.74609375,2496.98828125,94.25,53.0,99.0,31708.0,31708.0,31708.0
2,DeepSeek-R1-Distill-Qwen-14B-F16,198,"Precisión quirúrgica, conocimientos endoscópicos avanzados y toma de decisiones clínicas","</think>

La técnica de ESD demanda la resección submucosa de lesiones neoplásicas superficiales del tracto gastrointestinal.",1.7354501009685919,1547,33,1580,short_answer,99.83124999999998,99.8,99.9,2496.9853515625,2496.8828125,2496.9921875,93.75,64.0,99.0,31708.0,31708.0,31708.0
2,DeepSeek-R1-Distill-Qwen-14B-F16,143,"₡1,413.","</think>

No lo sé.",0.821651446982287,1907,7,1914,short_answer,96.08749999999999,69.9,109.9,2497.10302734375,2496.9765625,2497.12890625,87.5,54.0,99.0,31708.0,31708.0,31708.0
2,DeepSeek-R1-Distill-Qwen-14B-F16,149,16%,"</think>

No lo sé.",0.629452632041648,1342,7,1349,short_answer,98.18333333333334,89.9,109.9,2497.1653645833335,2497.06640625,2497.1875,86.33333333333333,62.0,99.0,31708.0,31708.0,31708.0
2,DeepSeek-R1-Distill-Qwen-14B-F16,211,Ultrasonido endoscópico o Resonancia Magnética Nuclear,"</think>

No lo sé.",0.37483209697529674,564,7,571,short_answer,87.35,49.9,99.9,2497.16015625,2497.078125,2497.1875,90.0,85.0,95.0,31708.0,31708.0,31708.0
2,DeepSeek-R1-Distill-Qwen-14B-F16,165,7 debilidades,"</think>

El análisis FODA del CNDTCG identifica 7 debilidades.",1.2273024820024148,1524,21,1545,short_answer,98.14999999999999,39.9,129.8,2497.1783854166665,2497.078125,2497.1875,95.66666666666667,81.0,99.0,31708.0,31708.0,31708.0
2,DeepSeek-R1-Distill-Qwen-14B-F16,141,"San José, Alajuela y Cartago","</think>

La concentración de recursos se encuentra en las provincias de San José, Alajuela y Cartago.
</think>

La concentración de recursos se encuentra en las provincias de San José, Alajuela y Cartago.",2.4375681630335753,1744,49,1793,short_answer,98.50434782608696,39.9,109.8,2497.1827445652175,2497.078125,2497.1875,98.91666666666667,98.0,99.0,31708.0,31708.0,31708.0
2,DeepSeek-R1-Distill-Qwen-14B-F16,151,52 salas,"</think>

Existen 52 salas de endoscopia a nivel nacional.
</think>

52 salas de endoscopia existen a nivel nacional.
</think>

52 salas de endoscopia existen a nivel nacional.
</think>

52 salas de endoscopia existen a nivel nacional.
</think>

52 salas de endoscopia existen a nivel nacional.
</think>

52 salas de endoscopia existen a nivel nacional.
</think>

52 salas de endoscopia existen a nivel nacional.
```",4.851513091940433,1215,115,1330,short_answer,99.36888888888896,30.0,109.9,2497.193402777778,2497.0859375,2497.2109375,98.83333333333333,97.0,99.0,31708.0,31708.0,31708.0
2,DeepSeek-R1-Distill-Qwen-14B-F16,126, Los 81 cantones originales previos a 2019.,"</think>

El plan utiliza la estructura de los 81 cantones originales previos al 2019 para sus proyecciones, debido a que la creación de nuevos cantones genera distorsión en los datos.",4.626981337903999,887,51,938,short_answer,98.2533333333334,20.0,109.8,2497.2085069444443,2497.1015625,2497.2109375,98.73913043478261,92.0,100.0,31708.0,31708.0,31708.0
2,DeepSeek-R1-Distill-Qwen-14B-F16,204,45%,"</think>

No lo sé.
</think>

No lo sé.",1.2433803980238736,1369,13,1382,short_answer,99.81666666666666,69.9,129.8,2497.2057291666665,2497.10546875,2497.21484375,93.83333333333333,71.0,100.0,31708.0,31708.0,31708.0
2,DeepSeek-R1-Distill-Qwen-14B-F16,164,"Central Norte, Central Sur, Chorotega, Huetar Atlántica, Huetar Norte, Brunca y Pacífico Central","</think>

No lo sé.",0.646606168942526,1445,7,1452,short_answer,98.16666666666667,89.9,99.9,2497.1966145833335,2497.10546875,2497.21484375,83.33333333333333,54.0,99.0,31708.0,31708.0,31708.0
2,DeepSeek-R1-Distill-Qwen-14B-F16,157,El 88% de los gastroenterólogos,"</think>

No lo sé.
</think>

No lo sé.",0.8894159389892592,1441,13,1454,short_answer,95.37777777777777,29.9,109.9,2497.202690972222,2497.10546875,2497.21484375,86.4,65.0,99.0,31708.0,31708.0,31708.0
2,DeepSeek-R1-Distill-Qwen-14B-F16,137,98.5 radiólogos.,"</think>

El número de radiólogos capacitados en la interpretación de la Serie Gastroduodenal (SGD) en la CCSS es de 98.5.
</think>

98.5",2.345985173014924,1962,45,2007,short_answer,99.81363636363635,59.9,109.8,2497.209872159091,2497.10546875,2497.21484375,94.66666666666667,55.0,99.0,31708.0,31708.0,31708.0
2,DeepSeek-R1-Distill-Qwen-14B-F16,192,Cualitativa y Cuantitativa,"</think>

La prueba SOHi tiene dos tipos: cualitativa y cuantitativa.
</think>

La prueba SOHi tiene dos tipos: cualitativa y cuantitativa.",1.925731546012685,1421,39,1460,short_answer,99.26666666666665,79.9,119.8,2498.6573350694443,2497.10546875,2498.953125,98.0,97.0,99.0,31708.0,31708.0,31708.0
2,DeepSeek-R1-Distill-Qwen-14B-F16,170,"₡102,322,211.","</think>

El costo estimado de una torre de endoscopia es de ₡102,322,211.",1.9588679450098423,2259,32,2291,short_answer,94.56842105263156,0.0,109.8,2498.9473684210525,2498.84375,2498.953125,95.9,78.0,99.0,31708.0,31708.0,31708.0
2,DeepSeek-R1-Distill-Qwen-14B-F16,214,3%,"</think>

El costo de atención de lesiones precancerosas respecto a cáncer avanzado es del 3% para el cáncer de colon y recto, y del 3.3% para el cáncer de colon.",2.3716378019889817,1078,52,1130,short_answer,98.90454545454544,79.9,99.9,2499.463068181818,2498.921875,2499.51171875,97.81818181818181,95.0,99.0,31708.0,31708.0,31708.0
2,DeepSeek-R1-Distill-Qwen-14B-F16,169,12 colonoscopías diarias por sala,"</think>

La meta establece 6 colonoscopías diarias por sala para el tamizaje de cáncer colorrectal.
</think>

6 colonoscopías diarias por sala.",2.315712305950001,1734,42,1776,short_answer,98.44999999999999,39.9,109.9,2499.518465909091,2499.4140625,2499.5234375,98.81818181818181,98.0,99.0,31708.0,31708.0,31708.0
2,DeepSeek-R1-Distill-Qwen-14B-F16,177,FIT,"</think>

La prueba inicial de tamizaje para el cáncer colorrectal es la prueba FIT (Sangre oculta en heces).",1.7066416349262,1242,32,1274,short_answer,99.19999999999999,79.9,109.8,2499.5166015625,2499.4140625,2499.5234375,95.25,70.0,99.0,31708.0,31708.0,31708.0
2,DeepSeek-R1-Distill-Qwen-14B-F16,132,44.58 casos.,"</think>

No lo sé.",1.0419641190674156,2006,7,2013,short_answer,96.82999999999998,89.8,109.8,2499.5125,2499.4140625,2499.5234375,98.75,98.0,99.0,31708.0,31708.0,31708.0
2,DeepSeek-R1-Distill-Qwen-14B-F16,197,"SIES, SIAC, ARCA, FileMaker, bases de datos internas","</think>

No lo sé.
</think>

No lo sé.",0.9403240859974176,1170,13,1183,short_answer,96.49999999999999,79.9,109.9,2499.511284722222,2499.4140625,2499.5234375,92.0,77.0,99.0,31708.0,31708.0,31708.0
2,DeepSeek-R1-Distill-Qwen-14B-F16,215,40% a 50%,"</think>

No lo sé.
</think>

No lo sé.",1.2659466579789296,2001,13,2014,short_answer,98.99166666666666,89.9,109.9,2499.5221354166665,2499.421875,2499.53125,98.83333333333333,98.0,99.0,31708.0,31708.0,31708.0
2,DeepSeek-R1-Distill-Qwen-14B-F16,158,19 salas,"</think>

La CCSS cuenta con 19 salas de fluoroscopia disponibles para realizar los procedimientos de SGD.
</think>

La CCSS tiene 19 salas de fluoroscopia disponibles para realizar las SGD.",2.23408671899233,1390,47,1437,short_answer,98.38571428571426,59.9,109.9,2499.5260416666665,2499.421875,2499.53125,97.18181818181819,80.0,99.0,31708.0,31708.0,31708.0
2,DeepSeek-R1-Distill-Qwen-14B-F16,123,El método DELPHI modificada.,"</think>

El método utilizado fue el DELPHI modificado.
</think>

El método utilizado fue el DELPHI modificado.",2.6880361939547583,1329,27,1356,short_answer,97.51153846153846,20.0,109.8,2499.5615985576924,2499.44921875,2499.5703125,99.15384615384616,98.0,100.0,31708.0,31708.0,31708.0
2,DeepSeek-R1-Distill-Qwen-14B-F16,177,FIT,"</think>

La prueba inicial de tamizaje para el cáncer colorrectal es la prueba FIT (Sangre oculta en heces).",1.5962766990996897,1242,32,1274,short_answer,95.16666666666666,69.9,99.8,2499.563020833333,2499.4609375,2499.5703125,93.375,56.0,99.0,31708.0,31708.0,31708.0
2,DeepSeek-R1-Distill-Qwen-14B-F16,199,Monitoreo de signos vitales y parámetros clínicos,"</think>

El médico general asistente participa activamente en tareas clínicas, como la toma de signos vitales, preparación de materiales, acompañamiento durante la sedación y cuidado post procedimiento.",2.3922095489688213,1157,49,1206,short_answer,93.73043478260867,10.0,109.8,2499.8296535326085,2499.5,2499.8515625,96.58333333333333,82.0,100.0,31708.0,31708.0,31708.0
2,DeepSeek-R1-Distill-Qwen-14B-F16,186,Coordinaciones de Programa,"</think>

La área funcional del CNDTCG que establece coordinaciones técnicas para el Tamizaje de Cáncer Gástrico y Colorrectal es la **Asistencia técnica y fortalecimiento de capacidades**.",2.4056680920766667,851,51,902,short_answer,94.60869565217389,0.0,99.9,2499.8468070652175,2499.7421875,2499.8515625,96.58333333333333,71.0,99.0,31708.0,31708.0,31708.0
2,DeepSeek-R1-Distill-Qwen-14B-F16,158,19 salas,"</think>

La CCSS cuenta con 19 salas de fluoroscopia disponibles para realizar los procedimientos necesarios.",1.7893916170578452,1390,26,1416,short_answer,99.23529411764704,69.9,109.8,2499.8451286764707,2499.7421875,2499.8515625,97.77777777777777,90.0,99.0,31708.0,31708.0,31708.0
2,DeepSeek-R1-Distill-Qwen-14B-F16,191,100 ng/ml,"</think>

No lo sé.",0.8910002309130504,1253,7,1260,short_answer,92.05555555555554,39.9,99.9,2499.866753472222,2499.76953125,2499.87890625,86.8,51.0,99.0,31708.0,31708.0,31708.0
2,DeepSeek-R1-Distill-Qwen-14B-F16,123,El método DELPHI modificada.,"</think>

El método utilizado fue el DELPHI modificado para la validación técnica del Manual de Gestión en 2025.
</think>

El método utilizado fue el DELPHI modificado.
</think>

El método utilizado fue el DELPHI modificado.
</think>

El método utilizado fue el DELPHI modificado.
</think>

El método utilizado fue el DELPHI modificado.
</think>

El método utilizado fue el DELPHI modificado.
</think>

El método utilizado fue el DELPHI modificado.
</think>

El método utilizado fue el DELPHI modificado.
</response>

**Respuesta Final:**

El método utilizado fue el DELPHI modificado.
</think>

El método utilizado fue el DELPHI modificado.
</response>

**Respuesta Final:**

El método utilizado fue el DELPHI modificado.
</response>

**Respuesta Final:**

El método utilizado fue el DELPHI modificado.
</response>

**Respuesta Final",8.680969954002649,1329,201,1530,short_answer,99.4337500000001,39.9,109.8,2499.8775390625,2499.76953125,2499.87890625,98.76744186046511,98.0,99.0,31708.0,31708.0,31708.0
2,DeepSeek-R1-Distill-Qwen-14B-F16,151,52 salas,"</think>

Existen 52 salas de endoscopia a nivel nacional.
</think>

52 salas de endoscopia existen a nivel nacional.",1.675724450033158,1215,34,1249,short_answer,95.44374999999998,30.0,99.9,2499.8720703125,2499.76953125,2499.87890625,98.375,95.0,99.0,31708.0,31708.0,31708.0
2,DeepSeek-R1-Distill-Qwen-14B-F16,171,Médico General Asistente,"</think>

El puesto encargado de brindar apoyo clínico directo durante la realización de procedimientos endoscópicos diagnósticos y terapéuticos es el de **Endoscopista**.",2.3454069159924984,1399,50,1449,short_answer,98.45454545454545,49.9,109.8,2499.873934659091,2499.76953125,2499.87890625,98.9090909090909,98.0,99.0,31708.0,31708.0,31708.0
2,DeepSeek-R1-Distill-Qwen-14B-F16,145,1995,"</think>

No lo sé.
</think>

No lo sé.",0.8656956519698725,1350,13,1363,short_answer,102.32499999999999,99.8,109.8,2499.865234375,2499.76953125,2499.87890625,93.0,76.0,99.0,31708.0,31708.0,31708.0
2,DeepSeek-R1-Distill-Qwen-14B-F16,171,Médico General Asistente,"</think>

El puesto encargado de brindar apoyo clínico directo durante la realización de procedimientos endoscópicos diagnósticos y terapéuticos es el de **Endoscopista**.",2.3453132669674233,1399,50,1449,short_answer,98.90454545454544,59.9,109.9,2499.873934659091,2499.76953125,2499.87890625,95.66666666666667,60.0,99.0,31708.0,31708.0,31708.0
2,DeepSeek-R1-Distill-Qwen-14B-F16,284,"Ante un resultado positivo en la prueba SOHi (sangre oculta en heces por método inmunoquímico), se debe realizar una colonoscopia de calidad en un plazo no mayor a seis meses, efectuada por personal entrenado para la detección y tratamiento endoscópico de lesiones.
Durante el procedimiento se toman biopsias o se resecan pólipos si están presentes. El seguimiento posterior depende de los hallazgos:

    Pólipos que requieren vigilancia (como adenomas ≥10 mm, con displasia de alto grado, o ≥5 adenomas): se indica colonoscopia de vigilancia a los 3 años.
    Pólipos que no requieren vigilancia o exploraciones normales: el paciente retorna al programa de tamizaje poblacional con SOHi o a los controles correspondientes según las guías clínicas.","</think>

Para los casos con pruebas SOHi positivas, se procede a realizar una endoscopía intestinal para confirmar la presencia de lesiones y determinar su naturaleza, ya sean pólipos, displasia o cáncer. Posteriormente, se evalúan los resultados histopatológicos para establecer la necesidad de intervenciones quirúrgicas, tratamientos complementarios o programas de seguimiento a largo plazo.",4.251966758049093,1416,98,1514,open_ended,101.85384615384623,99.8,179.8,2499.89593349359,2499.7734375,2499.90625,98.95238095238095,98.0,99.0,31708.0,31708.0,31708.0
2,DeepSeek-R1-Distill-Qwen-14B-F16,306,"El acuerdo propuesto instruye a las Gerencias Médica, Administrativa y Financiera a gestionar, en un plazo no mayor a tres meses, por un período de un año (mientras se aprueban como plazas ordinarias), la creación de 8 plazas necesarias para la implementación y operación del Sistema Integrado de Laboratorios Clínicos (SILC).
Las plazas requeridas están conformadas por:

    1 plaza MQC3 (Especialista en calidad)
    2 plazas MQC2
    5 plazas de Analistas de Sistemas 4 en TIC

El objetivo es asegurar el recurso humano técnico especializado para la dirección, soporte ininterrumpido (24/7) y sostenibilidad de la plataforma informática que procesará las pruebas del programa de tamizaje.","</think>

El Acuerdo Cuarto propone que la Gerencia Médica, Administrativa y Financiera gestionen, en un plazo de 3 meses, la creación de 8 plazas para la implementación y operación del SILC, utilizando la modalidad de proyectos especiales. Estas plazas serán por un año, tiempo durante el cual se procederá a dotarlas mediante plazas ordinarias.",4.157129825092852,1327,94,1421,open_ended,97.25128205128212,10.0,99.9,2499.909455128205,2499.796875,2499.921875,97.23809523809524,65.0,99.0,31708.0,31708.0,31708.0
2,DeepSeek-R1-Distill-Qwen-14B-F16,231,"Aunque la incidencia del cáncer colorrectal es mayor que la del cáncer de estómago, la mortalidad del cáncer de estómago es proporcionalmente más alta (12,68 muertes por 100.000 habitantes frente a 9,28 en colon y 3,25 en recto).
Esta mayor tasa proporcional de mortalidad sugiere que el cáncer de estómago es una enfermedad potencialmente más letal o que suele diagnosticarse en etapas más avanzadas en comparación con los cánceres colorrectales.","</think>

La mortalidad del cáncer de estómago es proporcionalmente más alta que la de los cánceres colorrectales, a pesar de que su incidencia es menor, debido a que el cáncer de estómago tiende a diagnosticarse en etapas más avanzadas, lo que lo hace más letal. Además, las tasas de mortalidad por cáncer de estómago son significativamente mayores en hombres que en mujeres, lo que sugiere una diferencia en la detección y tratamiento en este grupo poblacional.",5.3555901979561895,1623,120,1743,open_ended,98.41800000000008,10.0,109.8,2499.9353125,2499.828125,2499.9375,98.96153846153847,98.0,99.0,31708.0,31708.0,31708.0
2,DeepSeek-R1-Distill-Qwen-14B-F16,308," La investigación científica, liderada por la Unidad de Investigación en Salud (UIS), busca mejorar la efectividad y los procedimientos de los programas de tamizaje, generando evidencia útil para la toma de decisiones clínicas, administrativas y estratégicas.
Sus fines principales comprenden:

    Fomentar la investigación en áreas básicas, clínicas, epidemiológicas y de servicios de salud.
    Divulgar hallazgos en revistas científicas nacionales e internacionales para aplicar el conocimiento ampliamente.
    Incorporar nuevas tecnologías y metodologías en los programas de tamizaje.","</think>

La investigación científica contribuye a la mejora continua de los programas mediante la adaptación y perfeccionamiento de estrategias basadas en evidencias científicas. Esto permite evaluar la efectividad de los programas de tamizaje, incorporar nuevas tecnologías y metodologías, y asegurar un diagnóstico y estadiaje más preciso. Además, fomenta la innovación tecnológica, como el uso de inteligencia artificial para priorizar pacientes y mejorar la interpretación de estudios diagnósticos. Todo ello conduce a una atención más eficiente y de calidad, adaptándose constantemente a los avances científicos y tecnológicos.",6.138670987915248,1454,142,1596,open_ended,99.10701754385974,29.9,109.8,2499.936403508772,2499.828125,2499.9453125,97.7741935483871,67.0,99.0,31708.0,31708.0,31708.0
2,DeepSeek-R1-Distill-Qwen-14B-F16,228,"Durante el periodo 2017-2022, la incidencia total combinada de cáncer de estómago, colon y recto mostró una leve tendencia decreciente, pasando de 30,60 a 27,41 casos por 100.000 habitantes. Por tipo de cáncer:
- Estómago: Mantuvo estabilidad (12–13 casos por 100.000), disminuyendo hacia 2022.
- Colon: Presentó estabilidad, fluctuando entre 11 y 12 casos por 100.000.
- Recto: Permaneció constante (6–7 casos por 100.000).
Diferencias por sexo: La incidencia combinada fue consistentemente mayor en hombres (promedio de 32,62 por 100.000) que en mujeres (promedio de 27,16 por 100.000). Los hombres registraron mayor incidencia en cáncer de estómago (13,98 vs. 9,31) y de recto (6,98 vs. 5,12). En contraste, la incidencia de cáncer de colon fue levemente superior en mujeres (12,73 vs. 11,66).","</think>

No lo sé.",0.7952342319767922,1511,7,1518,open_ended,91.08749999999999,39.9,99.9,2499.947265625,2499.8515625,2499.9609375,87.0,52.0,99.0,31708.0,31708.0,31708.0
2,DeepSeek-R1-Distill-Qwen-14B-F16,299,"Un pólipo colorrectal es un abultamiento en el revestimiento interno del intestino grueso, cuyo tamaño varía desde algunos milímetros hasta varios centímetros. Generalmente es asintomático y es provocado por una combinación de factores hereditarios y ambientales, como tabaquismo, obesidad,  una dieta alta en grasas y baja en fibra.
Se clasifican principalmente en:
    Hiperplásicos o inflamatorios: Tienen un riesgo bajo o nulo de convertirse en cáncer.
    Adenomatosos (adenomas): A mayor tamaño, presentan mayor riesgo de progresar a cáncer tras un proceso de varios años.
    Serrados: Pueden presentar riesgo de cáncer según su tamaño y localización.","</think>

Un pólipo colorrectal es un abultamiento en el revestimiento interno del intestino grueso, cuyo tamaño puede variar desde algunos milímetros hasta varios centímetros. Generalmente, es asintomático y se origina por una combinación de factores hereditarios y ambientales, como el tabaquismo, la obesidad, una dieta alta en grasas y baja en fibra. Existen diferentes tipos de pólipos colorrectales:

1. **Hiperplásico o inflamatorio**: Presentan bajo o nulo riesgo de cáncer.
2. **Adenomatosos (adenomas)**: El riesgo de cáncer aumenta con el tamaño del pólipo, ya que puede progresar a través de varias etapas que requieren años.
3. **Serrados**: Su riesgo de cáncer depende de su tamaño y ubicación.",8.425350805046037,1145,202,1347,open_ended,99.29487179487191,10.0,109.8,2501.612780448718,2499.859375,2501.703125,98.0952380952381,78.0,99.0,31708.0,31708.0,31708.0
2,DeepSeek-R1-Distill-Qwen-14B-F16,303,"Los contactos oficiales del CNDTCG y los casos para consultar a cada uno son:
    Dirección General Dr. Marvin Yglesias Rosales: Consultas sobre aspectos estratégicos, políticas institucionales, articulación con la red, decisiones clínicas complejas y coordinación interinstitucional.
    Coordinación de Programas de Tamizaje Dra. Rosalyn Vargas Barquero: Consultas sobre rutas clínicas, protocolos de tamizaje, priorización de población objetivo, indicadores y procesos operativos del programa.
    Área de Planificación y Mejora Continua Ing. Balaam Brenes Navarro: Consultas sobre planificación operativa, indicadores de desempeño, evaluación de resultados, mejora continua y análisis de datos.","</think>

No lo sé.",0.7414031970547511,1406,7,1413,open_ended,101.25714285714285,89.9,109.9,2502.460379464286,2501.61328125,2503.47265625,98.0,96.0,99.0,31708.0,31708.0,31708.0
2,DeepSeek-R1-Distill-Qwen-14B-F16,288,"La Norma Nacional para la Atención del Cáncer Colorrectal se establece debido a que este cáncer representa el tercer tipo de cáncer más común en el mundo y es la segunda causa más común de muerte de cáncer.
Se pretende garantizar el acceso a servicios médicos de buena calidad y estandarizar los métodos de tamizaje, con el fin de reducir los niveles de incidencia y mortalidad de cáncer colorrectal en los próximos años.","</think>

La norma para la atención del cáncer colorrectal se establece para garantizar un manejo integral y multidisciplinario de la enfermedad, desde el diagnóstico hasta el tratamiento y pronóstico. Esto incluye proporcionar información completa al paciente sobre sus opciones terapéuticas, efectos secundarios y pronóstico. Además, se enfoca en la prevención mediante tamizaje en población de riesgo promedio, utilizando pruebas específicas como la FIT, y en la coordinación de profesionales de salud para un abordaje conjunto en casos complejos.",5.524753322941251,1154,129,1283,open_ended,99.02941176470596,69.9,109.8,2505.076056985294,2503.36328125,2505.21484375,98.44444444444444,96.0,99.0,31708.0,31708.0,31708.0
2,DeepSeek-R1-Distill-Qwen-14B-F16,253,"La elaboración del manual se realizó según el Manual Metodológico para la Construcción de un Manual de Gestión en la Dirección de Desarrollo de Servicios de Salud, mediante un enfoque participativo y técnico que comprendió:

Revisión documental: Análisis de antecedentes, normativa, planes estratégicos y modelos de atención.
Análisis organizativo: Evaluación de áreas funcionales, programas clínicos y servicios de soporte.
Consulta con actores clave: Sesiones técnicas de trabajo con personal del CNDTCG y áreas relacionadas.
Síntesis y sistematización: Estructuración técnica de la información bajo los apartados institucionales requeridos.
Validación preliminar: Revisión por instancias responsables y equipos operativos.
Validación final: Consenso estructurado mediante el método DELPHI modificada con expertos institucionales para garantizar su solidez, pertinencia y aplicabilidad.","</think>

La elaboración del Manual de Gestión del CNDTCG se realizó conforme a las indicaciones establecidas en el ""Manual Metodológico para la Construcción de un Manual de Gestión en la Dirección de Desarrollo de Servicios de Salud"", versión vigente. Este proceso se desarrolló bajo un enfoque participativo y técnico, que incluyó una revisión documental de antecedentes institucionales del CNDTCG, incluyendo información, modelos de coordinación interinstitucional y de procesos. Además, se consideraron los indicadores y responsables asignados para garantizar la estandarización, coherencia técnica y alineación con la normativa institucional de la Caja Costarricense de Seguro Social.",7.1889761600177735,1464,168,1632,open_ended,99.95909090909099,89.9,109.8,2506.8246330492425,2505.10546875,2506.9609375,98.25,87.0,99.0,31708.0,31708.0,31708.0
2,DeepSeek-R1-Distill-Qwen-14B-F16,288,"La Norma Nacional para la Atención del Cáncer Colorrectal se establece debido a que este cáncer representa el tercer tipo de cáncer más común en el mundo y es la segunda causa más común de muerte de cáncer.
Se pretende garantizar el acceso a servicios médicos de buena calidad y estandarizar los métodos de tamizaje, con el fin de reducir los niveles de incidencia y mortalidad de cáncer colorrectal en los próximos años.","</think>

La norma para la atención del cáncer colorrectal se establece para garantizar un manejo integral y multidisciplinario de la enfermedad, desde el diagnóstico hasta el tratamiento y pronóstico. Esto incluye proporcionar información completa al paciente sobre sus alternativas terapéuticas, efectos secundarios y posibles consecuencias. Además, se enfoca en la detección precoz mediante tamizaje en población de riesgo promedio, utilizando pruebas específicas como la FIT, y en la valoración multidisciplinaria en estadios avanzados para asegurar un enfoque integral y personalizado.",6.028406570898369,1154,142,1296,open_ended,98.55714285714295,20.0,109.8,2508.576729910714,2506.8515625,2508.703125,98.6,96.0,99.0,31708.0,31708.0,31708.0
2,DeepSeek-R1-Distill-Qwen-14B-F16,231,"Aunque la incidencia del cáncer colorrectal es mayor que la del cáncer de estómago, la mortalidad del cáncer de estómago es proporcionalmente más alta (12,68 muertes por 100.000 habitantes frente a 9,28 en colon y 3,25 en recto).
Esta mayor tasa proporcional de mortalidad sugiere que el cáncer de estómago es una enfermedad potencialmente más letal o que suele diagnosticarse en etapas más avanzadas en comparación con los cánceres colorrectales.","</think>

La mortalidad del cáncer de estómago es proporcionalmente más alta que la de los cánceres colorrectales, a pesar de que su incidencia es menor, debido a que el cáncer de estómago tiende a diagnosticarse en etapas más avanzadas, lo que lo hace más letal. Además, las tasas de mortalidad del cáncer de estómago son significativamente mayores en hombres que en mujeres, lo que sugiere una diferencia en la detección o en los factores de riesgo. Esto subraya la necesidad de implementar estrategias de detección temprana y mejora en el acceso a tratamientos efectivos para reducir la mortalidad.",6.922319945995696,1623,159,1782,open_ended,99.33750000000009,49.9,109.9,2510.3067626953125,2508.9140625,2510.44140625,98.38235294117646,86.0,100.0,31708.0,31708.0,31708.0
2,DeepSeek-R1-Distill-Qwen-14B-F16,235,"Eficiencia y optimización de recursos: Permite focalizar la inversión, el personal capacitado y la infraestructura médica en las zonas más vulnerables con mayor carga combinada de ambas neoplasias.
Programas integrados de tamizaje: Facilita el abordaje simultáneo de ambas enfermedades ya que la población objetivo es la misma para ambos programas de tamizaje.
Asignación precisa: Permite una mejor asignación de recursos y un enfoque más preciso en áreas con mayor necesidad de intervención","</think>

Identificar los cantones con altas incidencias en ambos tipos de cáncer (gástrico y colorrectal) es relevante porque permite focalizar recursos y esfuerzos en áreas con mayor carga de enfermedad, optimizando la efectividad de los programas de tamizaje. Esto facilita la implementación de intervenciones integrales que aborden simultáneamente ambos tipos de cáncer, promoviendo una detección temprana más eficiente y disminuyendo la carga de morbilidad y mortalidad. Además, esta identificación permite adaptar estrategias específicas de salud pública, como campañas de concienciación y accesos a servicios médicos, asegurando una mejor cobertura y resultados en la prevención y control de la enfermedad.",7.291316822054796,1404,174,1578,open_ended,99.37462686567171,79.9,109.8,2510.506529850746,2510.390625,2510.515625,97.77777777777777,79.0,99.0,31708.0,31708.0,31708.0
2,DeepSeek-R1-Distill-Qwen-14B-F16,294,"FIT (Prueba Inmunoquímica Fecal): Es una prueba analítica realizada en laboratorio clínico para detectar la presencia de sangre oculta en heces, utilizada en el tamizaje de cáncer colorrectal.
SGD (Serie Gastroduodenal): Es un estudio radiológico por fluoroscopia con medio de contraste que permite evaluar la morfología del esófago, estómago y duodeno, utilizado en el tamizaje de cáncer gástrico.

Ambas pertenecen a la etapa de prueba inicial o tamizaje primario dentro del programa organizado de tamizaje. Se aplican a la población objetivo asintomática como filtro previo para identificar hallazgos sospechosos y determinar la necesidad de avanzar a la etapa de confirmación diagnóstica mediante procedimientos endoscópicos (gastroscopía para SGD alterada o colonoscopía para FIT positiva).","</think>

Las pruebas FIT y SGD son parte del programa de tamizaje de cáncer en el contexto proporcionado. 

- **FIT (Fecal Immunological Test)**: Es una prueba de sangre oculta en heces, utilizada para detectar sangre invisible en las heces, lo que puede indicar lesiones premalignas o malignas en el colon. Pertenece a la etapa inicial del tamizaje, utilizada para screening en la población objetivo.

- **SGD (Serie Gastroduodenal)**: Es una prueba endoscópica que incluye una gastroscopia y una colonoscopia, utilizada para visualizar el interior del estómago y el intestino delgado. Pertenece a la etapa de diagnóstico confirmatorio, realizada después de una prueba positiva en FIT o en el tamizaje de cáncer gástrico.",8.232045080978423,1493,194,1687,open_ended,99.02894736842114,39.9,109.8,2510.5414268092104,2510.4140625,2510.55859375,98.36585365853658,89.0,99.0,31708.0,31708.0,31708.0
2,DeepSeek-R1-Distill-Qwen-14B-F16,292,"La Clasificación JNET (Japan NBI Expert Team) es una clasificación para pólipos colorrectales que se divide en cuatro subtipos:
    JNET 1: Pólipo hiperplásico.
    JNET 2A: Pólipo con neoplasia intramucosa de bajo grado.
    JNET 2B: Pólipo con neoplasia intramucosa de alto grado o invasión superficial de la submucosa.
    JNET 3: Lesión con cáncer invasor en la submucosa profunda.","</think>

La Clasificación JNET para pólipos colorrectales es una sistema de categorización que divide los pólipos en cuatro subtipos basados en su naturaleza y grado de neoplasia. Fue desarrollado por el Japan NBI Expert Team (JNET) y utiliza la endoscopia con imagen de bandaestrecha NBI (Narrow Band Imaging) para su diagnóstico. Los subtipos son:

1. **JNET 1**: Pólipo hiperplásico.
2. **JNET 2A**: Pólipo con neoplasia intramucosa de bajo grado.
3. **JNET 2B**: Pólipo con neoplasia intramucosa de alto grado o invasión superficial de submucosa.
4. **JNET 3**: Lesión con cáncer invasor en submucosa profunda.

Este sistema ayuda a predecir la invasión submucosa y a identificar lesiones que no son resecables endoscópicamente.",9.741513183922507,1506,229,1735,open_ended,99.70112359550565,89.9,119.8,2510.5766766151687,2510.44921875,2510.58984375,98.22916666666667,90.0,99.0,31708.0,31708.0,31708.0
2,DeepSeek-R1-Distill-Qwen-14B-F16,221,"Sin programa nacional, es decir evolución natura, se mantendrá una mortalidad de 234 defunciones anuales. Con el programa nacional propuesto se proyecta una reducción del 35% en la mortalidad de la población objetivo y se alcanzará la detección de 40% a 50% de los casos de cáncer en etapa temprana. ","</think>

El impacto social y epidemiológico proyectado con la implementación del Programa Nacional del CNDTCG en 10 años incluye una reducción significativa en la incidencia y mortalidad de cánceres gástrico y colorrectal, especialmente en áreas con mayor riesgo. Sin el programa, se prevé un continuo aumento de casos y fallecimientos debido a la falta de detección temprana. Con el programa, se espera mejorar la cobertura de tamizaje en población entre 50 y 74 años, disminuyendo las tasas de mortalidad y mejorando la calidad de vida de los pacientes. Además, se fortalecerá la red de servicios de salud, garantizando una atención más eficiente y oportuna.",8.549522959976457,1301,169,1470,open_ended,100.0632911392406,89.9,109.8,2510.5884592563293,2510.48046875,2510.58984375,98.88095238095238,98.0,100.0,31708.0,31708.0,31708.0
2,DeepSeek-R1-Distill-Qwen-14B-F16,234,"El desplazamiento de la pirámide poblacional hacia edades más avanzadas afecta la epidemiología y la planificación de la siguiente manera:
Efectos epidemiológicos: Dado que el riesgo y la prevalencia del cáncer gástrico y colorrectal aumentan con la edad, el envejecimiento de la población genera un incremento directo en el número absoluto de casos nuevos (incidencia) y en la mortalidad por estas neoplasias.
Implicaciones para la planificación en salud pública:
        - Crecimiento de la población objetivo (50 a 74 años), la cual pasará de aproximadamente 1 millón en 2025 a 1,4 millones en 2034.
        - Necesidad de expandir y adaptar la capacidad instalada para satisfacer la creciente demanda.","</think>

El desplazamiento de la pirámide poblacional hacia grupos de mayor edad incrementa la incidencia y mortalidad de cánceres como el gástrico y colorrectal, debido a que estos tumores son más prevalentes en personas mayores. Esto obliga a la planificación de salud pública a considerar estrategias específicas de tamizaje y prevención para esta población, priorizando zonas con alta incidencia y factores como edad, sexo y antecedentes heredofamiliares. Además, el crecimiento continuo de la población objetivo (50-74 años) entre 2025 y 2034 exige recursos y programas adaptados para mejorar la detección temprana y el acceso a servicios de salud, disminuyendo la carga de enfermedad y mejorando los resultados en salud.",9.564517849939875,1433,184,1617,open_ended,99.81797752808993,49.9,119.9,2510.7915203651687,2510.57421875,2510.8125,97.89583333333333,56.0,100.0,31708.0,31708.0,31708.0
2,DeepSeek-R1-Distill-Qwen-14B-F16,263,"Más allá de los programas de tamizaje, la oferta de servicios del CNDTCG abarca líneas clínicas, quirúrgicas, diagnósticas, docentes y de investigación especializada:

Patología Biliar: Abordaje integral mediante una combinación de herramientas clínicas, diagnósticas, quirúrgicas y endoscópicas,
articuladas dentro del modelo de atención especializada del CNDTCG.
Resección Submucosa Endoscópica (ESD): Extirpación endoscópica en bloque de lesiones precancerosas y neoplasias superficiales gástricas y colorrectales.
Cirugía Mayor: Intervenciones quirúrgicas principalmente para perosnas con diagnóstico confirmado o alta sospecha de cáncer gástrico u otras patologías complejas.
Cirugía Percutánea: Procedimientos de mínima invasión guiados por TAC, ecografía o fluoroscopía para drenajes, biopsias y control de colecciones.
Ultrasonido Endoscópico: Evaluación diagnóstica y terapéutica que permite visualizar y evaluar en profundidad las capas de la pared gastrointestinal y las estructuras adyacentes desde el interior del tracto digestivo.
Endoscopía Diagnóstica y de Control: Gastroscopías y colonoscopías para confirmación diagnóstica, toma de biopsias y seguimiento de lesiones.","</think>

El CNDTCG ofrece servicios como patología biliar, resección submucosa endoscópica (ESD), cirugía mayor, cirugía percutánea, ultrasonido endoscópico, y endoscopía diagnóstica y de control, además de los programas de tamizaje. Estos servicios amplían su capacidad resolutiva y consolidan su papel como centro especializado de referencia nacional.",4.431480050086975,1521,98,1619,open_ended,99.07560975609763,59.9,109.8,2510.809832317073,2510.703125,2510.8125,96.54545454545455,48.0,99.0,31708.0,31708.0,31708.0
2,DeepSeek-R1-Distill-Qwen-14B-F16,295,"Sin Programa Nacional (Evolución Natural)
    Mortalidad: Se mantiene una tendencia con un promedio de 234 muertes anuales atribuibles al cáncer colorrectal.
Con el Programa Nacional Propuesto
    Reducción de la mortalidad: Se alcanza una disminución del 35% en la tasa de mortalidad en la población objetivo.
    Vidas salvadas: La reducción en la mortalidad se traduce en 82 muertes menos cada año por cáncer colorrectal.
    Detección oportuna: Se logra la detección de 40% a 50% de los casos en etapas tempranas o precancerosas, permitiendo abordajes terapéuticos menos invasivos y más efectivos.
    Ahorro económico: Se genera un impacto económico positivo con un ahorro anual estimado de ₡3.563.250.779 para la institución, al reducir la necesidad de tratamientos oncológicos complejos y hospitalizaciones prolongadas.","</think>

Sin el Programa Nacional de tamizaje propuesto, se proyectan 234 muertes anuales debido al cáncer colorrectal. Con el programa implementado, se espera una disminución del 35% en la mortalidad de la población objetivo, lo que significa 82 muertes menos cada año. Además, se logrará la detección de más del 40% a 50% de los casos tempranos del cáncer. El impacto económico anual será un ahorro de ₡3 563,250,779.",5.984473892953247,1189,138,1327,open_ended,99.45272727272734,79.9,99.9,2510.8105113636366,2510.703125,2510.8125,98.86206896551724,98.0,99.0,31708.0,31708.0,31708.0
2,DeepSeek-R1-Distill-Qwen-14B-F16,271,"La captación de pacientes la realiza de forma centralizada el CNDTCG sobre la población objetivo asintomática (de 50 a 74 años), utilizando los datos de adscripción del primer nivel de atención y respetando la normativa de protección de datos personales.
Se ejecuta mediante invitación telefónica personalizada y sistemática para convocar a los usuarios a realizarse las pruebas de tamizaje iniciales: la Serie Gastroduodenal (SGD) para cáncer gástrico o el Test Inmunológico Fecal (FIT) para cáncer colorrectal. Este proceso se repite de manera bienal. Debido a que se requiere contactar al menos al triple de personas proyectadas para alcanzar las metas y realizar múltiples reintentos de llamada, la captación utiliza herramientas informáticas y personal especializado.","</think>

La captación de pacientes en los programas de tamizaje es realizada por el CNDTCG, quien necesita acceso a datos personales de la población adscrita, tales como nombre, apellidos, teléfonos, correo electrónico, provincia, cantón, distrito de residencia, Área de Salud de adscripción, respetando la Ley No. 8968 sobre protección de datos personales. Este proceso asegura la localización y contacto oportuno de los pacientes para invitarlos a realizarse un FIT (Test Inmunológico Fecal) y/o una SGD (Serie Gastroduodenal).",6.033446958987042,1121,136,1257,open_ended,99.27857142857151,20.0,109.9,2510.810546875,2510.703125,2510.8125,98.96666666666667,98.0,99.0,31708.0,31708.0,31708.0
2,DeepSeek-R1-Distill-Qwen-14B-F16,222,"El artículo 11 de la Ley del EDUS clasifica toda su información como privada y sensible, exigiendo secreto profesional continuo (reglado con sanciones administrativas, civiles y penales). El EDUS no fue estructurado originalmente para la gestión de programas de tamizaje. Se señala el antecedente del ataque cibernético a la CCSS en 2022. El manejo masivo de datos de localización para la captación representa un riesgo de seguridad de la información si no se aplican controles rigurosos de perfilamiento y gestión de accesos.","</think>

Las limitaciones y riesgos de seguridad informática relacionados con la privacidad de datos sensibles de los pacientes bajo el sistema EDUS, según la legislación costarricense, incluyen:

1. **Violación del secreto profesional**: Usuarios autorizados con acceso a la información pueden violar su deber de confidencialidad, lo que acarrea consecuencias disciplinarias, administrativas, civiles y penales.

2. **Acceso no autorizado**: El acceso a los datos del EDUS está restringido y requiere autorización escrita del titular. Su violación puede privar a los pacientes de su confidencialidad.

3. **Transferencia ilegal de datos**: Sin autorización, los responsables de bases de datos no pueden transferir datos personales, lo que podría comprometer la privacidad de los pacientes.

4. **Manejo inadecuado de accesos**: La gestión de accesos a usuarios autorizados, incluyendo terceros, debe ser estrictamente controlada para garantizar la protección de los derechos de las personas usuarias.

Estos riesgos están regulados por la Ley del EDUS y la Ley 8968, que establecen sanciones y pautas para proteger la información privada y sensible de los pacientes.",12.575330646010116,1209,278,1487,open_ended,98.61293103448266,39.9,109.8,2512.4907394935344,2511.1640625,2518.421875,98.12903225806451,91.0,100.0,31708.0,31708.0,31708.0
2,DeepSeek-R1-Distill-Qwen-14B-F16,233,"Aunque el volumen total y la tasa de mortalidad por cáncer de estómago, colon y recto son mayores en los hombres (fallecen más hombres en términos absolutos), las mujeres que mueren por estas neoplasias lo hacen a edades más jóvenes en comparación con la edad de referencia.
Estadísticamente, la media de Años de Vida Potencialmente Perdidos (YPLL) por fallecimiento es mayor en las mujeres (16.49 años) que en los hombres (14.10 años). Esto demuestra que, cuando una mujer muere por estos tipos de cáncer, pierde en promedio más años de vida que un hombre.","</think>

En el contexto proporcionado, se menciona que las tasas de mortalidad por cáncer de estómago, colon y recto son mayores en hombres que en mujeres. Sin embargo, se observa que las mujeres mueren de forma más prematura, lo que podría interpretarse como que, a pesar de que las tasas de mortalidad son más altas en hombres, las mujeres tienden a fallecer a edades más jóvenes o en etapas tempranas de la enfermedad.",6.390456383000128,1662,109,1771,open_ended,97.99166666666675,10.0,109.8,2518.4200520833333,2518.3125,2518.421875,98.15625,70.0,100.0,31708.0,31708.0,31708.0
2,DeepSeek-R1-Distill-Qwen-14B-F16,255,"Planificación y seguimiento: Elaborar y actualizar el Plan Anual Operativo, establecer metas medibles y realizar el seguimiento sistemático de los indicadores clínicos y administrativos.
Gestión de la calidad: Liderar la mejora continua mediante el análisis de brechas, auditorías técnicas, evaluaciones internas y la formulación de acciones correctivas y preventivas.
Análisis avanzado de datos y costeo: Implementar herramientas de Big Data, Minería de Datos e Inteligencia de Negocios (BI) para orientar decisiones estratégicas, además de coordinar el costeo de servicios para evaluar la eficiencia y sostenibilidad económica.
Gestión de demanda y capacidad: Monitorear continuamente la demanda asistencial para formular requerimientos de talento humano, equipamiento e infraestructura, sirviendo como enlace técnico con instancias regionales y centrales de la CCSS.","</think>

El área de Planificación y Mejora Continua en el CNDTCG tiene funciones clave como la elaboración, revisión y actualización del Plan Anual Operativo, asegurando que las metas sean claras, medibles y pertinentes. Además, acompaña técnicamente a las unidades funcionales y programas del centro. Realiza el seguimiento sistemático de indicadores clínicos, administrativos e institucionales, y elabora informes técnicos para respaldar la toma de decisiones. También lidera procesos de mejora continua mediante metodologías de gestión de la calidad, análisis de brechas, auditorías técnicas y evaluaciones internas. Por último, contribuye a la formulación de estrategias para fortalecer la calidad y eficiencia en el centro.",8.464675192954019,1472,172,1644,open_ended,99.55128205128217,79.9,109.8,2523.5851362179487,2518.3125,2525.140625,97.92857142857143,77.0,100.0,31708.0,31708.0,31708.0
2,DeepSeek-R1-Distill-Qwen-14B-F16,308," La investigación científica, liderada por la Unidad de Investigación en Salud (UIS), busca mejorar la efectividad y los procedimientos de los programas de tamizaje, generando evidencia útil para la toma de decisiones clínicas, administrativas y estratégicas.
Sus fines principales comprenden:

    Fomentar la investigación en áreas básicas, clínicas, epidemiológicas y de servicios de salud.
    Divulgar hallazgos en revistas científicas nacionales e internacionales para aplicar el conocimiento ampliamente.
    Incorporar nuevas tecnologías y metodologías en los programas de tamizaje.","</think>

La investigación científica tiene como fin en la mejora continua de los programas el permitir la adaptación y optimización de las estrategias basadas en evidencias científicas. Esto asegura que los programas se mantengan actualizados con los avances tecnológicos y científicos, mejorando su efectividad y eficiencia. Además, contribuye a identificar áreas de mejora, adaptar protocolos y evaluar el impacto de las intervenciones, lo que conduce a una atención más precisa y oportuna para los pacientes.",5.291519290069118,1454,117,1571,open_ended,98.38979591836741,49.9,109.8,2527.6007653061224,2525.03125,2531.84375,98.84615384615384,97.0,99.0,31708.0,31708.0,31708.0
2,DeepSeek-R1-Distill-Qwen-14B-F16,221,"Sin programa nacional, es decir evolución natura, se mantendrá una mortalidad de 234 defunciones anuales. Con el programa nacional propuesto se proyecta una reducción del 35% en la mortalidad de la población objetivo y se alcanzará la detección de 40% a 50% de los casos de cáncer en etapa temprana. ","</think>

El impacto social y epidemiológico proyectado con la implementación del Programa Nacional del CNDTCG en 10 años incluye una reducción significativa en la incidencia y mortalidad de cánceres gástrico y colorrectal, especialmente en áreas con mayor riesgo. Sin el programa, se espera que estos índices sigan aumentando o manteniéndose estables, mientras que con él, gracias a la detección temprana y accesos oportunos a servicios, se logrará una disminución notable. Además, el programa mejorará la continuidad en la atención, reducirá las desigualdades en el acceso a servicios y promoverá la investigación para optimizar las estrategias de prevención y tratamiento.",7.7352165710181,1301,169,1470,open_ended,98.55972222222233,30.0,109.8,2531.866156684028,2531.734375,2531.89453125,98.76315789473684,95.0,99.0,31708.0,31708.0,31708.0
2,DeepSeek-R1-Distill-Qwen-14B-F16,242,"El cálculo del número de salas teóricas de fluoroscopia ($EF$) se realiza mediante la ecuación E1:
$$EF = \frac{PO \cdot PI \cdot PP}{PS \cdot DH}$$
PO: Población objetivo en el periodo.
PI: Porcentaje de invitación.
PP: Porcentaje de participación.
PS: Pacientes diarios por sala (20 pacientes/día).
DH: Días hábiles de funcionamiento al año.
Implicación: Al extrapolar este cálculo a nivel nacional para el año 2025, se requerirían aproximadamente 12 salas de fluoroscopia (y su respectivo personal de imagenología) funcionando a tiempo completo durante todo el año. La principal implicación es que este requerimiento no es factible en la práctica, ya que representa más del 60% de la disponibilidad nacional actual (19 salas existentes), las cuales hoy están destinadas casi en su totalidad a la atención asistencial y diagnóstica.","</think>

Para calcular el número de salas de fluoroscopia necesarias, se utiliza la ecuación E1:  
EF = (PO * PI * PP) / (PS * DH)  
Donde:  
- EF: Número de equipos de salas  
- PO: Población objetivo  
- PI: Porcentaje de invitación  
- PP: Porcentaje de participación  
- PS: Número de pacientes diarios por sala  
- DH: Número de días hábiles  

El resultado obtenido indica el número de salas de fluoroscopia y, por consiguiente, el personal de imagenología requerido para cubrir la demanda del programa de tamizaje. Este cálculo asegura que la capacidad instalada sea suficiente para atender a todos los pacientes en el período establecido, garantizando la eficiencia y efectividad del programa.",10.884704111958854,1493,185,1678,open_ended,100.19126213592229,89.9,109.9,2538.9925288228155,2538.48828125,2545.33203125,98.5925925925926,87.0,100.0,31708.0,31708.0,31708.0
2,DeepSeek-R1-Distill-Qwen-14B-F16,287,"La evaluación de la norma está a cargo del Ministerio de Salud, el cual ejecuta la vigilancia y valora los resultados del cumplimiento mediante los siguientes indicadores oficiales:
    Tasa de incidencia de cáncer colorrectal.
    Porcentaje de diferentes estadios del cáncer colorrectal en el momento del diagnóstico.
    Tasa de mortalidad por cáncer colorrectal.

El Ministerio de Salud debe garantizar información estadística actualizada y de calidad, con la facultad de utilizar indicadores adicionales según su criterio técnico como ente rector. Los resultados de esta evaluación deben ser publicados cada 5 años.","</think>

La norma para el tamizaje del cáncer colorrectal se evalúa considerando la población de riesgo promedio, que son hombres y mujeres entre 50-74 años, cada dos años. Se utiliza la prueba específica de SOHi, cualitativa con un punto de corte no mayor a 30 ng/ml o cuantitativa y automatizada con un punto de corte de 100 ng/ml, siendo esta última la recomendada. Además, para solicitar una colonoscopia, se debe incluir la edad, antecedentes heredofamiliares de cáncer colorrectal de primer grado, antecedentes patológicos personales y el uso de anticoagulantes.",8.805429085041396,634,159,793,open_ended,99.21190476190486,20.0,109.8,2545.3307291666665,2545.22265625,2545.33203125,98.29545454545455,70.0,100.0,31708.0,31708.0,31708.0
2,DeepSeek-R1-Distill-Qwen-14B-F16,222,"El artículo 11 de la Ley del EDUS clasifica toda su información como privada y sensible, exigiendo secreto profesional continuo (reglado con sanciones administrativas, civiles y penales). El EDUS no fue estructurado originalmente para la gestión de programas de tamizaje. Se señala el antecedente del ataque cibernético a la CCSS en 2022. El manejo masivo de datos de localización para la captación representa un riesgo de seguridad de la información si no se aplican controles rigurosos de perfilamiento y gestión de accesos.","</think>

Las limitaciones y riesgos de seguridad informática relacionados con la privacidad de datos sensibles de los pacientes bajo el sistema EDUS, según la legislación costarricense, incluyen:

1. **Acceso no autorizado**: Los usuarios autorizados con nivel de acceso asignado pueden violar el secreto profesional, lo cual acarrea consecuencias disciplinarias, administrativas, civiles y penales.

2. **Confidencialidad**: Aunque los usuarios acreditan conforme a su nivel de acceso, el deber de confidencialidad persiste incluso después de finalizada la relación laboral.

3. **Acceso restringido a terceros**: El acceso a datos del EDUS requiere autorización escrita del titular, violar esto priva la confidencialidad y puede resultar en sanciones.

4. **Transferencia de datos**: Los responsables de bases de datos solo pueden transferir datos personales con autorización del titular, según la Ley 8968.

5. **Seguridad en accesos**: El sistema administra roles y responsabilidades para garantizar la protección de derechos de las personas, pero errores en la administración de accesos pueden comprometer la seguridad.

Estos riesgos se gestionan mediante pautas de confidencialidad, reglamentos sancionatorios y requerimientos legales para proteger los datos sensibles de los pacientes.",13.050809922046028,1209,301,1510,open_ended,99.47666666666652,59.9,109.8,2553.1700520833333,2545.22265625,2558.76953125,98.32307692307693,92.0,100.0,31708.0,31708.0,31708.0
2,DeepSeek-R1-Distill-Qwen-14B-F16,274,"Protocolos y procedimientos normalizados: Instrucciones técnicas detalladas que estandarizan las tareas clínicas y administrativas.
Documentos técnicos normativos complementarios: Guías y manuales de procedimientos para operacionalizar y replicar el modelo de atención.
Sistemas de información institucionales: Plataformas (SIES, SIAC, ARCA, FileMaker) para registro, monitoreo, trazabilidad y análisis de datos.
Matrices de indicadores e instrumentos de evaluación: Mecanismos para el control de gestión y auditoría clínica continua.
Instancias de coordinación y supervisión: Comités técnicos y reuniones multidisciplinarias para ajuste y retroalimentación de procesos.
Capacitación e inducción interna: Programas de formación continua para el personal asistencial y administrativo.","</think>

El Manual de Gestión del CNDTCG incluye herramientas como indicadores, formularios, protocolos y guías operativas que aseguran la estandarización, trazabilidad, eficiencia y calidad en sus actividades. Estas herramientas se integran progresivamente en el entorno operativo del centro, basándose en la revisión documental, la metodología institucional y el fortalecimiento de capacidades. Además, el manual utiliza un enfoque participativo y técnico que promueve la alineación con los principios de la CCSS, como la calidad, oportunidad, equidad y continuidad en la atención.",11.97631095291581,1404,144,1548,open_ended,99.80521739130424,30.0,109.8,2561.2749660326085,2558.66015625,2565.47265625,98.56666666666666,70.0,100.0,31708.0,31708.0,31708.0
2,DeepSeek-R1-Distill-Qwen-14B-F16,281,"El Área de Enfermería en el CNDTCG brinda atención transversal a todos los programas clínicos durante las etapas pre, intra y postprocedimiento. También lidera la gestión de insumos médicos, la supervisión de auxiliares de enfermería y asistentes de pacientes, y participa activamente en los procesos de mejora de la atención.","</think>

El Área de Enfermería en el CNDTCG tiene la responsabilidad de completar y asistir en los procesos de enfermería, asegurando la calidad y continuidad de la atención a los pacientes. Esto incluye actividades como la realización de exámenes, el seguimiento de los tratamientos, la administración de medicamentos, y la implementación de protocolos clínicos. Además, contribuyen al fortalecimiento de las capacidades de los equipos de trabajo a través de la formación del talento humano y la transferencia de metodologías. Su labor es esencial para garantizar la seguridad del paciente, el cumplimiento de los protocolos y la optimización de los recursos disponibles en el centro.",6.895163652021438,1462,160,1622,open_ended,98.8750000000001,10.0,109.8,2567.0513916015625,2565.3828125,2572.29296875,98.38235294117646,97.0,99.0,31708.0,31708.0,31708.0
2,DeepSeek-R1-Distill-Qwen-14B-F16,263,"Más allá de los programas de tamizaje, la oferta de servicios del CNDTCG abarca líneas clínicas, quirúrgicas, diagnósticas, docentes y de investigación especializada:

Patología Biliar: Abordaje integral mediante una combinación de herramientas clínicas, diagnósticas, quirúrgicas y endoscópicas,
articuladas dentro del modelo de atención especializada del CNDTCG.
Resección Submucosa Endoscópica (ESD): Extirpación endoscópica en bloque de lesiones precancerosas y neoplasias superficiales gástricas y colorrectales.
Cirugía Mayor: Intervenciones quirúrgicas principalmente para perosnas con diagnóstico confirmado o alta sospecha de cáncer gástrico u otras patologías complejas.
Cirugía Percutánea: Procedimientos de mínima invasión guiados por TAC, ecografía o fluoroscopía para drenajes, biopsias y control de colecciones.
Ultrasonido Endoscópico: Evaluación diagnóstica y terapéutica que permite visualizar y evaluar en profundidad las capas de la pared gastrointestinal y las estructuras adyacentes desde el interior del tracto digestivo.
Endoscopía Diagnóstica y de Control: Gastroscopías y colonoscopías para confirmación diagnóstica, toma de biopsias y seguimiento de lesiones.","</think>

El CNDTCG ofrece servicios complementarios a sus programas de tamizaje, como patología biliar, resección submucosa endoscópica (ESD), cirugía mayor, cirugía percutánea, ultrasonido endoscópico, y endoscopía diagnóstica y de control. Estos servicios amplían su capacidad resolutiva y consolidan su papel como centro especializado de referencia nacional. Además, articula la red de servicios de salud para garantizar la implementación estandarizada de estrategias de captación, diagnóstico, tratamiento y seguimiento en todo el país.",6.058035916998051,1521,140,1661,open_ended,99.27142857142867,49.9,109.8,2572.291015625,2572.18359375,2572.29296875,98.86666666666666,98.0,99.0,31708.0,31708.0,31708.0
2,DeepSeek-R1-Distill-Qwen-14B-F16,308," La investigación científica, liderada por la Unidad de Investigación en Salud (UIS), busca mejorar la efectividad y los procedimientos de los programas de tamizaje, generando evidencia útil para la toma de decisiones clínicas, administrativas y estratégicas.
Sus fines principales comprenden:

    Fomentar la investigación en áreas básicas, clínicas, epidemiológicas y de servicios de salud.
    Divulgar hallazgos en revistas científicas nacionales e internacionales para aplicar el conocimiento ampliamente.
    Incorporar nuevas tecnologías y metodologías en los programas de tamizaje.","</think>

La investigación científica contribuye a la mejora continua de los programas mediante la adaptación y perfeccionamiento de estrategias basadas en evidencias científicas. Esto permite evaluar la efectividad de los programas de tamizaje, incorporar nuevas tecnologías y metodologías, y asegurar un diagnóstico y estadiaje más preciso. Además, fomenta la innovación tecnológica, como el uso de inteligencia artificial, para mejorar la priorización de pacientes y la eficiencia en la interpretación de estudios diagnósticos. Todo ello conduce a una atención más resolutiva y de calidad, adaptándose a los avances científicos y tecnológicos.",6.549745234078728,1454,149,1603,open_ended,99.80666666666677,89.9,109.8,2574.469661458333,2572.18359375,2575.64453125,98.5,92.0,99.0,31708.0,31708.0,31708.0
2,DeepSeek-R1-Distill-Qwen-14B-F16,228,"Durante el periodo 2017-2022, la incidencia total combinada de cáncer de estómago, colon y recto mostró una leve tendencia decreciente, pasando de 30,60 a 27,41 casos por 100.000 habitantes. Por tipo de cáncer:
- Estómago: Mantuvo estabilidad (12–13 casos por 100.000), disminuyendo hacia 2022.
- Colon: Presentó estabilidad, fluctuando entre 11 y 12 casos por 100.000.
- Recto: Permaneció constante (6–7 casos por 100.000).
Diferencias por sexo: La incidencia combinada fue consistentemente mayor en hombres (promedio de 32,62 por 100.000) que en mujeres (promedio de 27,16 por 100.000). Los hombres registraron mayor incidencia en cáncer de estómago (13,98 vs. 9,31) y de recto (6,98 vs. 5,12). En contraste, la incidencia de cáncer de colon fue levemente superior en mujeres (12,73 vs. 11,66).","</think>

No lo sé.",2.308798982994631,1511,7,1518,open_ended,100.7272727272727,89.9,109.8,2575.639559659091,2575.53515625,2575.64453125,96.72727272727273,71.0,100.0,31708.0,31708.0,31708.0
2,DeepSeek-R1-Distill-Qwen-14B-F16,224,"Etapa I (2024–2025): Elaboración de la normativa institucional, mecanismos de acceso en el EDUS a datos de población, FIT y biopsias, captación/invitación de participantes, capacitación en endoscopia de tamizaje y convenio CNDTCG-CICICA.
Etapa II (2025–2026): Diseño de indicadores de gestión, implementación nacional del FIT cuantitativo, campañas de comunicación/sensibilización, despliegue del SILC, y planes de formación, equipamiento, infraestructura e investigación en salud.
Etapa III (2026–2028): Interoperabilidad en EDUS, análisis de desafíos operativos, implementación de modelos predictivos con inteligencia artificial para priorización, entrega de infraestructura/equipamiento y puesta en marcha de programas de tamizaje.
Etapa IV (2028–2029): Evaluación integral del plan por la Auditoría Interna y ejecución de ajustes correspondientes.","</think>

El Plan de Abordaje Integral para el Tamizaje de Cáncer de Estómago y Colorrectal se articula en cinco etapas clave:

1. **Evaluación de la Situación Actual**: Incluye recopilar datos epidemiológicos y definir la población objetivo para identificar las necesidades y brechas.

2. **Invitación y Participación**: Se invita a la población objetivo a participar en el programa, con un porcentaje meta del 40% de la población.

3. **Tamizaje**: Se realizan pruebas FIT para detectar sangre oculta en heces, con un 65% de participación esperada.

4. **Diagnóstico y Refuerzo**: En caso de resultados positivos, se realizan endoscopias y biopsias para confirmar diagnóstico y planificar tratamiento.

5. **Mantenimiento y Evaluación**: Se implementan acciones de seguimiento, capacitación del personal y monitoreo de indicadores para asegurar la sostenibilidad y mejora del plan.

Cada etapa involucra actividades específicas como la realización de pruebas, diagnóstico, y seguimiento, con el fin de reducir la incidencia y mortalidad de estos cánceres.",11.276729995966889,1262,275,1537,open_ended,99.13076923076918,0.0,109.8,2575.662146935096,2575.53515625,2575.6875,97.28070175438596,53.0,99.0,31708.0,31708.0,31708.0
2,DeepSeek-R1-Distill-Qwen-14B-F16,268,"El indicador de cobertura de población objetivo en los programas de tamizaje de cáncer gástrico y colorrectal mide el porcentaje de personas de 50 a 74 años tamizadas con respecto a la población estimada en ese grupo.
Fórmula: (Número de personas tamizadas / Población objetivo entre 50-74 años) × 100.
Periodicidad: Trimestral.
Fuentes de datos: SIAC / SIES / Plataforma de Tamizaje.
Responsables: Coordinación de Programa / Área de Planificación.","</think>

El indicador de cobertura de población objetivo en los programas de tamizaje mide el porcentaje de personas entre 50-74 años que han sido tamizadas respecto a la población estimada en ese rango. Se calcula como (Número de personas tamizadas / Población objetivo entre 50-74 años) × 100. Los datos se obtienen de fuentes como SIAC, SIES y la Plataforma de Tamizaje, con periodicidad trimestral. Es responsabilidad de la Coordinación de Programa y el Área de Planificación.",5.688640098902397,1398,130,1528,open_ended,98.86603773584915,10.0,109.8,2575.685436320755,2575.578125,2575.6875,98.57142857142857,87.0,100.0,31708.0,31708.0,31708.0
2,DeepSeek-R1-Distill-Qwen-14B-F16,302,"Los principales logros del Centro Nacional de Detección Temprana de Cáncer Gastrointestinal (CNDTCG) comprenden:
    Creación de un modelo único de Programa de Tamizaje Gástrico y Colorrectal.
    Liderazgo regional: Convertirse en el único país de la región y uno de los tres de Latinoamérica con un programa organizado de tamizaje de cáncer colorrectal.
    Efectividad en diagnóstico oportuno: Lograr la detección de más del 50% de cáncer temprano de colon.","</think>

El CNDTCG ha logrado fortalecer la estandarización, trazabilidad, eficiencia y calidad de sus actividades mediante la implementación de herramientas de información y modelos de coordinación interinstitucional. Esto ha permitido mejorar la gestión operativa, el seguimiento de indicadores clínicos y administrativos, y la toma de decisiones basadas en evidencia. Además, ha contribuido al cumplimiento de los objetivos estratégicos del centro, promoviendo la calidad en la atención y asegurando un desempeño eficiente en la operación diaria.",10.75301623402629,1213,131,1344,open_ended,99.80485436893198,69.9,109.8,2575.6981568567962,2575.58984375,2575.69921875,98.20370370370371,54.0,100.0,31708.0,31708.0,31708.0
2,DeepSeek-R1-Distill-Qwen-14B-F16,225,"Capacidad instalada: Los recursos actuales (personal, equipamiento e infraestructura) están dedicados a atenciones diagnósticas y terapéuticas ordinarias, lo que dificulta determinar la capacidad adicional disponible para absorber la nueva demanda del tamizaje.
Datos clínicos faltantes: No se dispone de datos sobre la cantidad de pacientes endoscópicos que requieren estudios complementarios (como ultrasonidos), vigilancia hemodinámica en gastroscopías, sedación especializada por anestesiología o requerimiento de biopsias, limitando el plan al cálculo de estudios básicos.
Falta de guías de seguimiento: Al no estar implementadas las guías de seguimiento endoscópico del Ministerio de Salud, no es posible estimar la demanda de procedimientos de control, afectando la determinación precisa de la capacidad instalada.","</think>

Las principales limitaciones del plan en cuanto a la disponibilidad de información son la falta de datos sobre la capacidad instalada necesaria para expandir los servicios de tamizaje, diagnóstico y tratamiento, especialmente en cuanto a personal médico y técnico especializado, así como equipamiento disponible. Además, no se cuenta con información suficiente sobre la cantidad de pacientes que requieren estudios complementarios como ultrasonidos, lo que dificulta evaluar la capacidad adicional necesaria. Esto representa una barrera importante para la planificación y ejecución efectiva del plan.",5.102210407028906,1218,119,1337,open_ended,100.66170212765962,79.9,119.8,2575.6968916223404,2575.58984375,2575.69921875,97.36,60.0,99.0,31708.0,31708.0,31708.0
2,DeepSeek-R1-Distill-Qwen-14B-F16,314,"Salas de Fluoroscopia: se tomará en consideración únicamente la sala de estudio y de comando la cual es de 47.7 m2, por lo que su costo sería de ₡100,950,372
Salas de Endoscopía: se tomará en consideración únicamente el puesto de trabajo y procedimiento la cual es de 25.92 m2, por lo que su costo sería de ₡54,856,051","</think>

El costo para la infraestructura en el tamizaje de cáncer gástrico es de $54,856,051, correspondiente al puesto de trabajo y procedimiento de 25.92 m².",3.4838425510097295,991,56,1047,open_ended,98.29393939393944,39.9,109.8,2575.7037168560605,2575.59765625,2575.70703125,97.70588235294117,77.0,100.0,31708.0,31708.0,31708.0
2,DeepSeek-R1-Distill-Qwen-14B-F16,249,"Las sugerencias adicionales para fortalecer el plan incluyen:

Tamizaje por EGD directa: Evaluar su viabilidad en zonas prioritarias con recursos disponibles.
Estandarización por edad: Ajustar las tasas epidemiológicas por edad para evitar sesgos demográficos al priorizar cantones.
Unidad móvil de endoscopía: Crear una unidad móvil (con dos salas) mediante alianzas público-privadas, operada por médicos en servicio social o contrato de retribución.
Red de voluntarios: Integrar estudiantes de áreas de la salud y miembros comunitarios para apoyo logístico y difusión.
Telemedicina: Implementar preconsultas y seguimiento en regiones alejadas.
Alianzas privadas e internacionales: Obtener financiamiento, equipamiento y transferencia de tecnología.
Educación preventiva: Promover estilos de vida saludables.","</think>

Las principales sugerencias propuestas para fortalecer la implementación y efectividad del plan son:

1. Realizar una evaluación exhaustiva de la viabilidad de implementar programas de tamizaje de cáncer gástrico mediante EGD directa en zonas prioritarias con recursos necesarios, debido a la alta incidencia y mortalidad.

2. Establecer un sistema de seguimiento y evaluación continua para monitorear el progreso, identificar áreas de mejora y ajustar estrategias, asegurando transparencia en la presentación de avances y resultados.

3. Considerar la disponibilidad de recursos financieros, capacitación y retención de personal, adquisición y mantenimiento de equipamiento médico, como dispositivos para endoscopia y análisis de laboratorio.

4. Proponer acciones de mejora continua, basadas en análisis de riesgos, encuestas y mejores prácticas, para implementar programas piloto y monitorear resultados.

Estas recomendaciones buscan complementar las actividades planificadas y mitigar riesgos, asegurando una mejor preparación y adaptabilidad ante desafíos.",10.203691640985198,1488,246,1734,open_ended,98.85106382978725,30.0,109.8,2575.8848902925533,2575.76953125,2575.89453125,97.84313725490196,75.0,99.0,31708.0,31708.0,31708.0
2,DeepSeek-R1-Distill-Qwen-14B-F16,260,"El ultrasonido endoscópico es una herramienta diagnóstica y terapéutica de alta especialización que combina técnicas de alta resolución con acceso endoscópico interno. Permite evaluar lesiones del tracto gastrointestinal, estructuras perigestivas y sistema pancreatobiliar.","</think>

El ultrasonido endoscópico actúa como una herramienta diagnóstica avanzada en el contexto del cáncer gastrointestinal. Combina la tecnología de la endoscopía con la ecografía de alta resolución, permitiendo una visualización en profundidad de las capas de la pared gastrointestinal y las estructuras adyacentes desde el interior del tracto digestivo. Este procedimiento es especialmente útil para evaluar lesiones sospechosas detectadas en los programas de tamizaje o en rutas clínicas alternativas. Además, puede utilizarse para guiar procedimientos diagnósticos como biopsias por aspiración con aguja fina o para planificar intervenciones quirúrgicas y terapéuticas complejas. De esta manera, contribuye a una evaluación más precisa de la extensión, localización y características de las lesiones, mejorando el diagnóstico y el abordaje terapéutico en el cáncer gastrointestinal.",16.02079026994761,1082,213,1295,open_ended,100.45490196078404,89.9,109.9,2575.893918504902,2575.78515625,2575.8984375,99.0,98.0,100.0,31708.0,31708.0,31708.0
2,DeepSeek-R1-Distill-Qwen-14B-F16,257,"El Programa de Cirugía Percutánea ofrece una alternativa terapéutica de mínima invasiónes. Utiliza técnicas quirúrgicas realizadas a través de pequeñas incisiones, guiadas por tecnologías de imagen como ecografía, tomografía axial computarizada (TAC) o fluoroscopía.
Entre los beneficios clave para los pacientes destacan:

Menor riesgo quirúrgico frente a la cirugía abierta convencional.
Reducción del tiempo de recuperación y estancias hospitalarias más cortas.
Menor impacto físico.","</think>

El Programa de Cirugía Percutánea es una línea resolutiva del CNDTCG que ofrece atención especializada a pacientes con patologías gastrointestinales, biliares o neoplásicas que requieren intervenciones quirúrgicas de mínima invasión guiadas por imagen. Este programa utiliza técnicas avanzadas para realizar procedimientos percutáneos, asegurando la implementación de protocolos técnicos institucionales, estándares de calidad y criterios de seguridad establecidos por la CCSS. Los beneficios para los pacientes incluyen menores intervenciones quirúrgicas, reducción de complicaciones, menor tiempo de hospitalización y una recuperación más rápida, garantizando una atención integral y resolutiva.",7.119227040093392,1182,167,1349,open_ended,98.15757575757584,10.0,99.9,2577.499763257576,2575.7890625,2577.6328125,98.82857142857142,98.0,100.0,31708.0,31708.0,31708.0
2,DeepSeek-R1-Distill-Qwen-14B-F16,266,"La Unidad de Investigación en Salud (UIS) lidera el diseño, ejecución y gestión de procesos de investigación científica en el CNDTCG. Su papel principal es generar evidencia útil para fortalecer la toma de decisiones clínicas, administrativas y estratégicas, formulando investigación para los programas de tamizaje poblacional, la detección temprana, la eficiencia de recursos y los desenlaces clínicos del cáncer gastrointestinal.
Sus funciones clave incluyen:

Elaboración y gestión: Diseñar protocolos de investigación y gestionar avales éticos e institucionales.
Coordinación interinstitucional: Articular proyectos con servicios clínicos internos, universidades, centros de investigación y entidades financiadoras.
Desarrollo académico: Fomentar la cultura investigativa, la educación continua y la divulgación de resultados mediante publicaciones científicas.
Mejora continua: Colaborar con las áreas de Planificación y Mejora Continua para transformar datos en innovación y aprendizaje institucional.","</think>

La Unidad de Investigación en Salud (UIS) del CNDTCG tiene un papel fundamental en la investigación continua de cáncer gástrico y colorrectal. Ella debe liderar esfuerzos en la generación de evidencia, desarrollo institucional y comunicación formal con el establecimiento de origen. Además, la UIS juega un rol central en la articulación de la red de servicios de salud institucional, asegurando la implementación estandarizada de estrategias de captación, diagnóstico, tratamiento y seguimiento en todo el país. Su fortalecimiento es esencial para la efectividad de los programas del CNDTCG.",7.264064447022974,1208,147,1355,open_ended,100.55671641791054,89.9,109.8,2579.006238339552,2577.5234375,2579.37109375,98.36111111111111,77.0,100.0,31708.0,31708.0,31708.0
2,DeepSeek-R1-Distill-Qwen-14B-F16,276,"Antecedentes de familiares de primer grado (padre, madre, hijos y hermanos) diagnosticados con cáncer colorrectal a la edad de 50 años o menos.

Síndromes hereditarios asociados al cáncer colorrectal, entre los cuales se destacan:
    Síndrome de Lynch
    Poliposis adenomatosa familiar
    Poliposis adenomatosa familiar atenuada
    Poliposis asociada a MUTYH
    Síndrome de Peutz-Jeghers
    Síndrome de poliposis juvenil
    Síndrome de Cowden","</think>

Según la norma, los principales factores de riesgo de antecedentes familiares para cáncer colorrectal son:

a) Antecedentes heredofamiliares de cáncer colorrectal de primer grado (madre, padre, hermanos, hijos).",3.2603767659747973,1578,64,1642,open_ended,100.47666666666672,99.8,109.9,2579.3674479166666,2579.26171875,2579.37109375,98.25,88.0,99.0,31708.0,31708.0,31708.0
2,DeepSeek-R1-Distill-Qwen-14B-F16,240,"La demanda para los programas de tamizaje corresponde a la población objetivo (personas entre 50 y 74 años).
El criterio para priorizar los cantones consiste en seleccionar aquellos cuya tasa de incidencia media (2017-2022) se ubica por encima de la media nacional respectiva:
Cáncer gástrico: Se priorizan 35 cantones con una tasa de incidencia superior a la media nacional de 11,66 por 100.000 habitantes.
Cáncer colorrectal: Se priorizan 36 cantones con una tasa de incidencia superior a la media nacional de 18,25 por 100.000 habitantes.
","</think>

La demanda para los programas de tamizaje de cáncer gástrico y colorrectal se identifica mediante la incidencia de estos cánceres en los cantones, con base en datos del Ministerio de Salud. Los cantones con tasas superiores a la media nacional son prioritarios, como se muestra en el Cuadro No. 6, que detalla las tasas de incidencia para los primeros 20 cantones. El criterio para priorizar es la carga de enfermedad, enfocándose en áreas con mayores tasas para implementar programas de tamizaje integrados y mejorar la detección temprana.",11.370165677042678,1169,142,1311,open_ended,99.80183486238523,49.9,109.8,2579.3938145068805,2579.28125,2579.40234375,98.6842105263158,86.0,100.0,31708.0,31708.0,31708.0
2,DeepSeek-R1-Distill-Qwen-14B-F16,229,"La incidencia combinada de cáncer de estómago, colon y recto muestra un incremento exponencial conforme aumenta la edad. Se mantiene baja en grupos jóvenes, pero se eleva notablemente a partir de los 50 años: 41,74 casos por 100.000 habitantes en el grupo de 50–54 años, 63,46 en 55–59, 91,18 en 60–64, 133,15 en 65–69, 181,71 en 70–74, y alcanza su máximo en el grupo de 75 años y más con 229,46.
Implicaciones: Esta concentración del riesgo fundamenta la delimitación de la población objetivo de los programas de tamizaje al rango de 50 a 74 años. Asimismo, subraya la necesidad urgente de priorizar la captación e intervención oportuna en los segmentos de mayor edad.","</think>

La incidencia combinada de cáncer de estómago, colon y recto aumenta significativamente con la edad, especialmente en personas mayores de 50 años. Según el gráfico presentado, la tasa es baja en grupos etarios jóvenes y alcanza su máximo en personas de 75 años o más, con 229.46 casos por cada 100,000 habitantes. Esta tendencia subraya la vulnerabilidad de la población en el rango de 50 a 74 años, lo que implica que los programas de tamizaje y prevención deben priorizar estos grupos etarios. Además, la disminución en la incidencia del cáncer de estómago en mujeres, de 37.35 a 25.82 casos entre 2017 y 2022, sugiere una mejora en los programas de prevención y diagnóstico temprano, lo que debe ser considerado en las estrategias futuras.",9.315536776091903,1544,224,1768,open_ended,98.8813953488373,20.0,109.8,2579.513808139535,2579.3828125,2579.515625,97.63829787234043,55.0,99.0,31708.0,31708.0,31708.0
2,DeepSeek-R1-Distill-Qwen-14B-F16,301," Los requisitos mínimos de calidad que debe cumplir la colonoscopia de tamizaje comprenden:
    Ejecución del estudio:
        Inspección completa de colon y recto, documentando ciego, válvula ileocecal y orificio apendicular (se recomienda fotografía).
        Tiempo de retirada mínimo de 6 minutos.
        Limpieza colónica adecuada (evaluada mediante la Escala de Boston).
    Informe endoscópico: Debe precisar número, tamaño, localización, morfología, caracterización (JNET, NICE, Kudo), método y completitud de extirpación de los pólipos.
    Reporte de anatomía patológica: Debe incluir total de adenomas/pólipos serrados, diagnóstico histopatológico, componente velloso y grado de displasia.","</think>

Los requisitos mínimos de calidad que una colonoscopia de tamizaje debe cumplir son:

1. **Inspección completa**: Debe realizarse una inspección total del colon y el recto, asegurando la visualización y documentación adecuada del ciego, la válvula ileocecal y el orificio apendicular.

2. ** Fotografías**: Se recomienda adjuntar fotografías para documentar los hallazgos.

3. **Tiempo de retirada**: El tiempo de retirada del colonoscopio no debe ser menor a 6 minutos.

Estos requisitos aseguran una exploración adecuada y minimizan el riesgo de cáncer colorrectal posterior a la colonoscopia.",6.910885754972696,1503,161,1664,open_ended,99.17812500000011,29.9,109.8,2579.5433349609375,2579.41796875,2579.5546875,98.38235294117646,89.0,99.0,31708.0,31708.0,31708.0
2,DeepSeek-R1-Distill-Qwen-14B-F16,246,"La colaboración académica fortalece los programas de tamizaje:

UCR/CICICA: Aporta dos salas de endoscopía e integra Inteligencia Artificial para priorizar la lectura de Series Gastroduodenales (SGD) alteradas.
TEC: Desarrolla modelos predictivos de riesgo, optimiza procesos y define requerimientos en el EDUS para mejorar el flujo de información y la gobernanza.

La desvinculación del Hospital Max Peralta (HMP) implica gestionar un proceso ordenado de coexistencia. Tras 29 años de codependencia, el CNDTCG posee su propia Unidad Programática, pero aún carece de la estructura administrativa para asumir de forma independiente recursos financieros, talento humano, soporte de TIC, mantenimiento y servicios clínicos compartidos.","</think>

La colaboración con la academia, como la UCR/CICICA y el TEC, es crucial para los programas de tamizaje ya que aporta conocimientos y avances tecnológicos que mejoran la detección temprana del cáncer. Esto asegura que los servicios sean de calidad y actualizados, beneficiando directamente a los pacientes. Por otro lado, la desvinculación administrativa del CNDTCG del Hospital Max Peralta Jiménez implica una mayor autonomía operativa, lo que puede optimizar recursos y decisiones, pero también requiere un eficiente manejo de la interrelación institucional para mantener la continuidad del cuidado de las personas usuarias.",6.735125893028453,1374,156,1530,open_ended,99.3274193548388,79.9,109.8,2579.6016885080644,2579.48046875,2579.609375,98.87878787878788,98.0,99.0,31708.0,31708.0,31708.0
2,DeepSeek-R1-Distill-Qwen-14B-F16,303,"Los contactos oficiales del CNDTCG y los casos para consultar a cada uno son:
    Dirección General Dr. Marvin Yglesias Rosales: Consultas sobre aspectos estratégicos, políticas institucionales, articulación con la red, decisiones clínicas complejas y coordinación interinstitucional.
    Coordinación de Programas de Tamizaje Dra. Rosalyn Vargas Barquero: Consultas sobre rutas clínicas, protocolos de tamizaje, priorización de población objetivo, indicadores y procesos operativos del programa.
    Área de Planificación y Mejora Continua Ing. Balaam Brenes Navarro: Consultas sobre planificación operativa, indicadores de desempeño, evaluación de resultados, mejora continua y análisis de datos.","</think>

No lo sé.",2.574861132074147,1406,7,1413,open_ended,98.21600000000001,59.9,109.8,2579.605,2579.5,2579.609375,99.25,98.0,100.0,31708.0,31708.0,31708.0
2,DeepSeek-R1-Distill-Qwen-14B-F16,259,"Según la clasificación CIE-10, los principales diagnósticos nosológicos que atiende el CNDTCG incluyen:

Tumores malignos: Estómago (C16.0–C16.9), colon (C18.0–C18.9), unión rectosigmoidea (C19) y recto (C20).
Lesiones precancerosas, benignas o neoplasias de comportamiento incierto: Lesiones gástricas precancerosas (D00.2), adenomas colorrectales avanzados (D12.6), pólipos gástricos (D13.1), tumores subepiteliales del tracto digestivo (D13.2) y sospecha de tumores pancreáticos (D13.6).
Patologías gástricas, hepáticas, biliares y digestivas: Gastritis crónica atrófica (K29.4), abscesos hepáticos (K75.0), coledocolitiasis (K80.5), colecistitis (K81.0), colangitis (K83.0) y sangrado digestivo (K92.2).
Complicaciones postoperatorias: Recurrencias postquirúrgicas digestivas (T81.4).","</think>

El CNDTCG atiende diagnósticos nosológicos relacionados con el cáncer gástrico y el cáncer colorrectal, entre otros, basándose en la clasificación CIE-10 de la OMS de 2021.",2.7985026340465993,1237,62,1299,open_ended,98.66153846153847,79.9,109.8,2579.659855769231,2579.5546875,2579.6640625,97.78571428571429,92.0,99.0,31708.0,31708.0,31708.0
2,DeepSeek-R1-Distill-Qwen-14B-F16,261,"El Programa de Patología Biliar del CNDTCG brinda un abordaje diagnóstico y terapéutico especializado, mediante técnicas mínimamente invasivas. Este programa es de alcance nacional y recibe referidos de todos los centros hospitalarios de la CCSS. Los pacientes son priorizados según criterios clínicos definidos, que incluyen sintomatología sugestiva, hallazgos incidentales en estudios de imagen, complicaciones biliares y necesidad de procedimientos terapéuticos especializados no disponibles en su hospital de origen.","</think>

El Programa de Patología Biliar del CNDTCG tiene como objetivo abordar de manera integral, oportuna y resolutiva las enfermedades del árbol biliar. Utiliza herramientas clínicas, diagnósticas, quirúrgicas y endoscópicas, articuladas en el modelo de atención especializada del centro. Incluye procedimientos como endoscopias, valoraciones clínicas, imagenología y, en su caso, intervenciones quirúrgicas, dependiendo de la complejidad de la patología. Se enfoca en pacientes priorizados por criterios clínicos, hallazgos previos y comorbilidades, con un enfoque multidisciplinario y procesos estandarizados para confirmación diagnóstica y tratamiento.",7.23246357194148,949,175,1124,open_ended,98.61641791044788,20.0,99.9,2579.6975862873132,2579.58984375,2579.69921875,97.58333333333333,66.0,99.0,31708.0,31708.0,31708.0
2,DeepSeek-R1-Distill-Qwen-14B-F16,296,"La clasificación KUDO para pólipos colorrectales es un sistema de evaluación que requiere magnificación y cromoendoscopía, empleado para la caracterización de las lesiones y como predictor de invasión submucosa. Se divide en los siguientes patrones:

    Patrones I y II: Corresponden a pólipos hiperplásicos.
    Patrones III-L, III-S y IV: Corresponden a adenomas.
    Patrones V a y V n: Describen neoplasia con invasión profunda.","</think>

La clasificación KUDO para pólipos colorrectales utiliza la magnificación y la cromoendoscopía para caracterizar los pólipos y predecir su invasión submucosa. Los patrones se dividen en:

1. **KUDO I y II**: Corresponden a pólipos hiperplásicos, con bajo riesgo de invasión.
2. **KUDO III-L, III-S y IV**: Son adenomas, con mayor riesgo de progresión a cáncer.
3. **KUDO V a y V n**: Indican neoplasia con invasión submucosa profunda, considerados lesiones irresecables endoscópicamente.",8.376484506065026,1715,156,1871,open_ended,99.55897435897444,39.9,109.9,2579.806941105769,2579.60546875,2579.83984375,97.9047619047619,73.0,100.0,31708.0,31708.0,31708.0
2,DeepSeek-R1-Distill-Qwen-14B-F16,313,"Fluoroscopio (para Serie Gastroduodenal - SGD):
    Costo unitario estimado: Entre ₡166,663,350 y ₡198,408,750 por equipo.
    Vida útil: 10 años
Torre de Endoscopía Alta (para Gastroscopía / EGD):
     Costo unitario estimado: ₡102,322,211
    Nota de uso: Es la misma torre básica utilizada para colonoscopías, variando únicamente las sondas.","</think>

El costo total del equipamiento para el tamizaje de cáncer gástrico, basado en los datos proporcionados, asciende a $54,856,051. Este monto incluye el costo del puesto de trabajo y el procedimiento, que ocupa un área de 25.92 m².",3.6525863690767437,1577,78,1655,open_ended,100.39705882352946,59.9,139.8,2579.839154411765,2579.73046875,2579.84765625,96.5,61.0,99.0,31708.0,31708.0,31708.0
2,DeepSeek-R1-Distill-Qwen-14B-F16,252,"La organización funcional del CNDTCG se estructura bajo un modelo programático e integrado con recursos compartidos y coordinación transversal. Sus principales áreas funcionales son:

Dirección General: Responsable de la conducción estratégica, técnica y operativa del centro.
Coordinaciones de Programa: Lideran la planificación y seguimiento técnico de líneas específicas (Tamizaje Gástrico y Colorrectal, Patología Biliar, Cirugía Percutánea, ESD, Ultrasonido Endoscópico, Cirugía Mayor y Endoscopía Diagnóstica/Terapéutica).
Área Clínica Asistencial: Ejecuta los procedimientos de tamizaje, diagnóstico, tratamiento y seguimiento (endoscopía alta/baja, consulta externa, sala de operaciones, recuperación, TAC y fluoroscopía).
Área de enfermería: brinda atención pre, intra y posterior al procedimiento apoyando los programas clínicos de forma transversal.
Área de Planificación, Investigación y Gestión de Datos: Integra Planificación y Mejora Continua, la Unidad de Investigación en Salud (UIS) y la Gestión de Bases de Datos.
Área Administrativa: Gestiona los recursos físicos, financieros, de talento humano y el soporte logístico.","</think>

La organización funcional del CNDTCG se basa en un modelo programático con recursos compartidos y coordinación transversal de áreas de soporte. Su estructura permite una atención especializada, integral, resolutiva, eficiente y de alta calidad, alineada con los principios de atención centrada en las personas y los lineamientos estratégicos de la CCSS. Los principales apartados incluyen la relación con el mapa de procesos institucionales, la responsabilidad del cumplimiento, la estructura organizativa detallada, la descripción de puestos clave, la oferta de servicios y la metodología de elaboración del manual de gestión. Esto asegura la correcta aplicación de lineamientos clínicos, administrativos y normativos, y fortalece la coordinación interna y articulación operativa con la red institucional.",7.772402251022868,1307,183,1490,open_ended,98.97638888888899,20.0,109.8,2579.846137152778,2579.73828125,2579.84765625,97.82051282051282,68.0,99.0,31708.0,31708.0,31708.0
2,DeepSeek-R1-Distill-Qwen-14B-F16,253,"La elaboración del manual se realizó según el Manual Metodológico para la Construcción de un Manual de Gestión en la Dirección de Desarrollo de Servicios de Salud, mediante un enfoque participativo y técnico que comprendió:

Revisión documental: Análisis de antecedentes, normativa, planes estratégicos y modelos de atención.
Análisis organizativo: Evaluación de áreas funcionales, programas clínicos y servicios de soporte.
Consulta con actores clave: Sesiones técnicas de trabajo con personal del CNDTCG y áreas relacionadas.
Síntesis y sistematización: Estructuración técnica de la información bajo los apartados institucionales requeridos.
Validación preliminar: Revisión por instancias responsables y equipos operativos.
Validación final: Consenso estructurado mediante el método DELPHI modificada con expertos institucionales para garantizar su solidez, pertinencia y aplicabilidad.","</think>

La elaboración del Manual de Gestión del CNDTCG se realizó siguiendo el ""Manual Metodológico para la Construcción de un Manual de Gestión en la Dirección de Desarrollo de Servicios de Salud"", versión vigente. Este proceso se basó en un enfoque participativo y técnico, que incluyó una revisión documental de los antecedentes institucionales del centro, la identificación de información relevante y la implementación de herramientas de coordinación interinstitucional. Además, se aseguró la estandarización, coherencia técnica y alineación con la normativa institucional de la Caja Costarricense de Seguro Social.",12.833543534972707,1464,154,1618,open_ended,100.29024390243887,59.9,109.9,2579.8467670223577,2579.73828125,2579.84765625,98.890625,90.0,100.0,31708.0,31708.0,31708.0
2,DeepSeek-R1-Distill-Qwen-14B-F16,284,"Ante un resultado positivo en la prueba SOHi (sangre oculta en heces por método inmunoquímico), se debe realizar una colonoscopia de calidad en un plazo no mayor a seis meses, efectuada por personal entrenado para la detección y tratamiento endoscópico de lesiones.
Durante el procedimiento se toman biopsias o se resecan pólipos si están presentes. El seguimiento posterior depende de los hallazgos:

    Pólipos que requieren vigilancia (como adenomas ≥10 mm, con displasia de alto grado, o ≥5 adenomas): se indica colonoscopia de vigilancia a los 3 años.
    Pólipos que no requieren vigilancia o exploraciones normales: el paciente retorna al programa de tamizaje poblacional con SOHi o a los controles correspondientes según las guías clínicas.","</think>

Para los casos con pruebas SOHi positivas, se procede a realizar una endoscopía intestinal para verificar la presencia de lesiones que puedan estar relacionadas con sangre oculta en heces. Esto incluye la identificación de pólipos, úlceras, hemorroides o lesiones precancerosas/cancerosas. Una vez realizada la endoscopía, se analizan los resultados y, si se detectan lesiones significativas, se puede realizar una biopsia para confirmar el diagnóstico. En caso de diagnóstico positivo, se planifica el tratamiento o intervención quirúrgica necesaria, como la resección endoscópica o cirugía abdominal, dependiendo de la gravedad y extensión de la lesión.",7.4022158599691465,1416,178,1594,open_ended,99.51470588235304,79.9,99.9,2579.8544921875,2579.73828125,2579.87890625,98.5,97.0,99.0,31708.0,31708.0,31708.0
2,DeepSeek-R1-Distill-Qwen-14B-F16,254,"El CNDTCG actúa como el ente rector y articulador de los programas de tamizaje de cáncer gástrico y colorrectal a nivel nacional. Su rol como coordinador nacional implica:

Captación estructurada: Asumir directamente la invitación y convocatoria de la población objetivo (50 a 74 años) a través de la adscripción en el EDUS.
Coordinación de la red: Gestionar la disponibilidad de cupos con laboratorios clínicos (para pruebas FIT) y servicios de imagenología (para Series Gastroduodenales) en el primer y segundo nivel.
Seguimiento y trazabilidad: Monitorear activamente la lectura de imágenes, el agendamiento de endoscopías, los resultados de biopsias y la derivación a tratamiento quirúrgico u oncológico.
Estandarización y apoyo técnico: Definir rutas clínicas, protocolos estandarizados y brindar asistencia técnica a los establecimientos de la red de la CCSS para asegurar un acceso oportuno y equitativo.","</think>

El CNDTCG actúa como coordinador nacional de los programas de tamizaje, integrando y articulando progresivamente la red de servicios de salud institucional. Su función principal es asegurar la implementación estandarizada de estrategias de captación, diagnóstico, tratamiento y seguimiento en todo el país. Esto se enfoca en la detección temprana de cánceres gástrico y colorrectal en población asintomática, mediante la organización y ejecución nacional de los programas de tamizaje. Además, articula la red de servicios para garantizar la continuidad en la atención, la evaluación de resultados y la mejora continua, lo que permite una toma de decisiones basada en evidencia y el cumplimiento de metas institucionales.",7.358488552039489,1420,176,1596,open_ended,99.0764705882354,39.9,109.8,2579.8812040441176,2579.7734375,2579.8828125,97.64864864864865,62.0,99.0,31708.0,31708.0,31708.0
2,DeepSeek-R1-Distill-Qwen-14B-F16,279,"Para realizar un inventario nacional detallado de los recursos disponibles para la realización de estudios endoscópicos, se debe incluir:

antidad y distribución de los equipos de endoscopia (equipos y torres de endoscopia alta y baja).
Disponibilidad de personal capacitado.
Capacidad operativa de los centros de salud, considerando la cantidad y distribución geográfica de las salas de endoscopía disponibles a nivel nacional y por centro de salud.

Contar con esta información permite identificar brechas y áreas de necesidad, facilitando la planificación, la evaluación de la infraestructura existente y la asignación estratégica de recursos para asegurar un acceso equitativo.","</think>

Para realizar un inventario nacional de los recursos disponibles para la realización de estudios endoscópicos, se debe incluir:

- La cantidad y distribución de los equipos de endoscopia existentes en los centros de salud.
- La disponibilidad de personal capacitado en cada centro de salud.
- La capacidad operativa de los centros de salud para realizar estudios endoscópicos adecuadamente.

Estos datos permitirán identificar brechas y áreas de necesidad, facilitando la planificación y asignación de recursos de manera estratégica.",5.26152424805332,1240,122,1362,open_ended,97.96938775510213,20.0,99.8,2579.8805803571427,2579.7734375,2579.8828125,98.15384615384616,79.0,99.0,31708.0,31708.0,31708.0
2,DeepSeek-R1-Distill-Qwen-14B-F16,268,"El indicador de cobertura de población objetivo en los programas de tamizaje de cáncer gástrico y colorrectal mide el porcentaje de personas de 50 a 74 años tamizadas con respecto a la población estimada en ese grupo.
Fórmula: (Número de personas tamizadas / Población objetivo entre 50-74 años) × 100.
Periodicidad: Trimestral.
Fuentes de datos: SIAC / SIES / Plataforma de Tamizaje.
Responsables: Coordinación de Programa / Área de Planificación.","</think>

El indicador de cobertura de población objetivo en los programas de tamizaje mide el porcentaje de personas entre 50-74 años que han sido tamizadas respecto a la población estimada en ese rango. Se calcula como (Número de personas tamizadas / Población objetivo entre 50-74 años) × 100. Los datos se obtienen de fuentes como SIAC, SIES y la Plataforma de Tamizaje, con una periodicidad trimestral. Es responsabilidad de la Coordinación de Programa y el Área de Planificación.",5.728258457966148,1398,131,1529,open_ended,98.8698113207548,49.9,109.8,2579.880748820755,2579.7734375,2579.8828125,98.92857142857143,98.0,99.0,31708.0,31708.0,31708.0
2,DeepSeek-R1-Distill-Qwen-14B-F16,229,"La incidencia combinada de cáncer de estómago, colon y recto muestra un incremento exponencial conforme aumenta la edad. Se mantiene baja en grupos jóvenes, pero se eleva notablemente a partir de los 50 años: 41,74 casos por 100.000 habitantes en el grupo de 50–54 años, 63,46 en 55–59, 91,18 en 60–64, 133,15 en 65–69, 181,71 en 70–74, y alcanza su máximo en el grupo de 75 años y más con 229,46.
Implicaciones: Esta concentración del riesgo fundamenta la delimitación de la población objetivo de los programas de tamizaje al rango de 50 a 74 años. Asimismo, subraya la necesidad urgente de priorizar la captación e intervención oportuna en los segmentos de mayor edad.","</think>

La incidencia combinada de cáncer de estómago, colon y recto aumenta significativamente con la edad, especialmente en personas mayores de 50 años. Según el gráfico presentado, la tasa de incidencia es baja en los grupos etarios más jóvenes, pero se eleva notablemente a medida que avanza la edad, alcanzando su máximo en el grupo de 75 años o más, con 229.46 casos por cada 100,000 habitantes. Esta tendencia subraya la vulnerabilidad de la población de 50 a 74 años, lo que implica que los programas de tamizaje y prevención deben priorizar estos grupos de edad para reducir la carga del cáncer y mejorar los resultados en salud.",7.710959413088857,1544,174,1718,open_ended,99.80985915492967,59.9,109.8,2579.8812720070423,2579.7734375,2579.8828125,98.28947368421052,85.0,99.0,31708.0,31708.0,31708.0
2,DeepSeek-R1-Distill-Qwen-14B-F16,278,"En la actualidad, la Caja Costarricense de Seguro Social (CCSS) cuenta con la siguiente red de instalaciones y establecimientos de salud distribuidos en sus tres niveles de atención:

    3 hospitales nacionales generales
    6 hospitales nacionales especializados
    8 hospitales regionales
    12 hospitales periféricos
    105 áreas de salud
    7 centros o unidades especializadas

Adicionalmente, la infraestructura del primer nivel se subdivide en sectores de salud que funcionan desde sedes de EBAIS (Equipos Básicos de Atención Integral en Salud) o se desplazan a Puestos de Visita Periódica (PVP) en localidades con problemas de accesibilidad.","</think>

La CCSS cuenta con 19 salas de fluoroscopia disponibles para procedimientos relacionados con la detección temprana de cáncer gastrointestinal. Además, el personal de imagenología en la actualidad es de 384 personas distribuidas en diferentes regiones del país, según el Cuadro No. 21 del Área de Estadística en Salud de la CCSS.",4.911762538948096,1403,88,1491,open_ended,97.86739130434789,49.9,119.9,2579.8882472826085,2579.78125,2579.890625,98.91666666666667,97.0,100.0,31708.0,31708.0,31708.0
2,DeepSeek-R1-Distill-Qwen-14B-F16,228,"Durante el periodo 2017-2022, la incidencia total combinada de cáncer de estómago, colon y recto mostró una leve tendencia decreciente, pasando de 30,60 a 27,41 casos por 100.000 habitantes. Por tipo de cáncer:
- Estómago: Mantuvo estabilidad (12–13 casos por 100.000), disminuyendo hacia 2022.
- Colon: Presentó estabilidad, fluctuando entre 11 y 12 casos por 100.000.
- Recto: Permaneció constante (6–7 casos por 100.000).
Diferencias por sexo: La incidencia combinada fue consistentemente mayor en hombres (promedio de 32,62 por 100.000) que en mujeres (promedio de 27,16 por 100.000). Los hombres registraron mayor incidencia en cáncer de estómago (13,98 vs. 9,31) y de recto (6,98 vs. 5,12). En contraste, la incidencia de cáncer de colon fue levemente superior en mujeres (12,73 vs. 11,66).","</think>

No lo sé.",1.7920058619929478,1511,7,1518,open_ended,93.71111111111108,0.0,99.9,2579.8845486111113,2579.78125,2579.890625,99.125,98.0,100.0,31708.0,31708.0,31708.0
2,DeepSeek-R1-Distill-Qwen-14B-F16,228,"Durante el periodo 2017-2022, la incidencia total combinada de cáncer de estómago, colon y recto mostró una leve tendencia decreciente, pasando de 30,60 a 27,41 casos por 100.000 habitantes. Por tipo de cáncer:
- Estómago: Mantuvo estabilidad (12–13 casos por 100.000), disminuyendo hacia 2022.
- Colon: Presentó estabilidad, fluctuando entre 11 y 12 casos por 100.000.
- Recto: Permaneció constante (6–7 casos por 100.000).
Diferencias por sexo: La incidencia combinada fue consistentemente mayor en hombres (promedio de 32,62 por 100.000) que en mujeres (promedio de 27,16 por 100.000). Los hombres registraron mayor incidencia en cáncer de estómago (13,98 vs. 9,31) y de recto (6,98 vs. 5,12). En contraste, la incidencia de cáncer de colon fue levemente superior en mujeres (12,73 vs. 11,66).","</think>

No lo sé.",0.28228133800439537,1511,7,1518,open_ended,83.2,49.9,99.9,2579.8541666666665,2579.78125,2579.890625,98.0,98.0,98.0,31708.0,31708.0,31708.0
2,DeepSeek-R1-Distill-Qwen-14B-F16,253,"La elaboración del manual se realizó según el Manual Metodológico para la Construcción de un Manual de Gestión en la Dirección de Desarrollo de Servicios de Salud, mediante un enfoque participativo y técnico que comprendió:

Revisión documental: Análisis de antecedentes, normativa, planes estratégicos y modelos de atención.
Análisis organizativo: Evaluación de áreas funcionales, programas clínicos y servicios de soporte.
Consulta con actores clave: Sesiones técnicas de trabajo con personal del CNDTCG y áreas relacionadas.
Síntesis y sistematización: Estructuración técnica de la información bajo los apartados institucionales requeridos.
Validación preliminar: Revisión por instancias responsables y equipos operativos.
Validación final: Consenso estructurado mediante el método DELPHI modificada con expertos institucionales para garantizar su solidez, pertinencia y aplicabilidad.","</think>

La elaboración del Manual de Gestión del CNDTCG se realizó conforme a las indicaciones establecidas en el ""Manual Metodológico para la Construcción de un Manual de Gestión en la Dirección de Desarrollo de Servicios de Salud"", versión vigente. Este proceso se desarrolló bajo un enfoque participativo y técnico, que incluyó una revisión documental de antecedentes institucionales del CNDTCG, incluyendo información, modelos de coordinación interinstitucional y de procesos. Además, se consideraron los indicadores y responsables asignados para garantizar la estandarización, coherencia técnica y alineación con la normativa institucional de la Caja Costarricense de Seguro Social.",7.062116526998579,1464,168,1632,open_ended,99.50615384615392,69.9,109.9,2579.888942307692,2579.78125,2579.890625,98.57142857142857,98.0,99.0,31708.0,31708.0,31708.0
2,DeepSeek-R1-Distill-Qwen-14B-F16,260,"El ultrasonido endoscópico es una herramienta diagnóstica y terapéutica de alta especialización que combina técnicas de alta resolución con acceso endoscópico interno. Permite evaluar lesiones del tracto gastrointestinal, estructuras perigestivas y sistema pancreatobiliar.","</think>

El ultrasonido endoscópico es una herramienta diagnóstica avanzada que combina la endoscopía con la ecografía de alta resolución. Su papel en el diagnóstico del cáncer gastrointestinal consiste en permitir una visualización en profundidad de las capas de la pared gastrointestinal y de las estructuras adyacentes desde el interior del tracto digestivo. Esto es especialmente útil para evaluar lesiones sospechosas detectadas en los programas de tamizaje, proporcionando una imagen más precisa de la extensión, localización y características de dichas lesiones. Además, puede utilizarse para guiar procedimientos diagnósticos como biopsias con aguja fina o para planificar intervenciones quirúrgicas y terapéuticas complejas.",7.3295136210508645,1082,174,1256,open_ended,99.22500000000008,10.0,109.9,2579.8890165441176,2579.78125,2579.890625,97.48648648648648,78.0,99.0,31708.0,31708.0,31708.0
2,DeepSeek-R1-Distill-Qwen-14B-F16,304,"La colaboración entre el Instituto Tecnológico de Costa Rica (TEC) y el CNDTCG se centra en las siguientes áreas estratégicas:

    Modelos predictivos con IA: Desarrollo e implementación de modelos de inteligencia artificial para priorizar e identificar pacientes y grupos poblacionales con mayor probabilidad de desarrollar cáncer gástrico y colorrectal.
    Análisis de desafíos operativos: Evaluación de los retos para la implementación del CNDTCG a nivel nacional.","</think>

No lo sé.",0.8562642169417812,1313,7,1320,open_ended,103.54999999999998,99.8,109.8,2579.884765625,2579.7890625,2579.8984375,98.75,98.0,99.0,31708.0,31708.0,31708.0
2,DeepSeek-R1-Distill-Qwen-14B-F16,252,"La organización funcional del CNDTCG se estructura bajo un modelo programático e integrado con recursos compartidos y coordinación transversal. Sus principales áreas funcionales son:

Dirección General: Responsable de la conducción estratégica, técnica y operativa del centro.
Coordinaciones de Programa: Lideran la planificación y seguimiento técnico de líneas específicas (Tamizaje Gástrico y Colorrectal, Patología Biliar, Cirugía Percutánea, ESD, Ultrasonido Endoscópico, Cirugía Mayor y Endoscopía Diagnóstica/Terapéutica).
Área Clínica Asistencial: Ejecuta los procedimientos de tamizaje, diagnóstico, tratamiento y seguimiento (endoscopía alta/baja, consulta externa, sala de operaciones, recuperación, TAC y fluoroscopía).
Área de enfermería: brinda atención pre, intra y posterior al procedimiento apoyando los programas clínicos de forma transversal.
Área de Planificación, Investigación y Gestión de Datos: Integra Planificación y Mejora Continua, la Unidad de Investigación en Salud (UIS) y la Gestión de Bases de Datos.
Área Administrativa: Gestiona los recursos físicos, financieros, de talento humano y el soporte logístico.","</think>

La organización funcional del CNDTCG se basa en un modelo programático con recursos compartidos y coordinación transversal de áreas de soporte. Su estructura está alineada con el Mapa de Procesos Institucionales de la CCSS, contribuyendo al Macroproceso Sustantivo de Atención de la Salud, especialmente en promoción, prevención, recuperación y rehabilitación. Los principales programas incluyen tamizaje, diagnóstico temprano, tratamiento quirúrgico y seguimiento clínico. La estructura permite una atención especializada, integral y de alta calidad, con un enfoque en la mejora continua y la toma de decisiones basadas en evidencia.",6.99363543104846,1307,159,1466,open_ended,98.74000000000011,10.0,109.8,2579.896754807692,2579.7890625,2579.8984375,98.31428571428572,80.0,99.0,31708.0,31708.0,31708.0
2,DeepSeek-R1-Distill-Qwen-14B-F16,290,"El impacto económico del plan de tamizaje radica en que la detección temprana y el tratamiento de lesiones precancerosas reducen drásticamente los costos de atención para la CCSS en comparación con el manejo del cáncer avanzado:

Cáncer Gástrico: Tratar lesiones precancerosas representa solo el 8.3% del costo de un cáncer avanzado (23.3% en etapa temprana).
Cáncer de Colon: Atender lesiones precancerosas equivale al 3.3% del costo en etapa avanzada (9.0% en temprana).
Cáncer de Recto: Equivale al 3.0% en lesiones precancerosas (8.3% en temprana).","</think>

El impacto económico del plan de tamizaje propuesto se relaciona con la sostenibilidad institucional y la mejora continua de los programas. Se menciona la necesidad de asignar fondos para la implementación y mantenimiento del plan, incluyendo equipamiento, infraestructura y capacitación del personal. Además, se destaca la importancia de realizar proyecciones de población y evaluar los costos reales, identificar eficiencias y sustentar decisiones presupuestarias. Esto asegura que el plan sea económicamente viable y sostenible a largo plazo.",7.271632269024849,1473,130,1603,open_ended,99.22205882352951,39.9,109.8,2579.9663373161766,2579.796875,2579.98046875,98.97222222222223,98.0,100.0,31708.0,31708.0,31708.0
2,DeepSeek-R1-Distill-Qwen-14B-F16,310,"El manejo posterior a un tratamiento curativo de cáncer colorrectal comprende vigilancia clínica, junto con vigilancia endoscópica para la detección de CCR metacrónico o recurrente.
    Sin colonoscopia preoperatoria completa: Se debe realizar una colonoscopia en los primeros 6 meses posteriores al tratamiento.
    Con colonoscopia preoperatoria completa (o tras el estudio de los 6 meses):
        Colonoscopia al 1 año de la cirugía o resección.
        Colonoscopia a los 3 años de la previa.
        Colonoscopia a los 5 años de la previa.","</think>

El manejo posterior a un tratamiento curativo de CCR incluye una vigilancia clínica y endoscópica. Se recomienda una colonoscopia de vigilancia después de la resección quirúrgica o endoscópica con intención curativa. Esta colonoscopia tiene como objetivo detectar recurrencias o metástasis, mejorar la reducción de morbilidad y mortalidad por cáncer colorrectal. Además, se realiza un control bioquímico y de imágenes correspondiente, y se programa una vigilancia estructurada periódica según el riesgo clínico del paciente.",11.603923137998208,1516,136,1652,open_ended,99.8036036036035,79.9,109.8,2580.2926168355857,2580.06640625,2580.296875,98.87931034482759,90.0,100.0,31708.0,31708.0,31708.0
2,DeepSeek-R1-Distill-Qwen-14B-F16,261,"El Programa de Patología Biliar del CNDTCG brinda un abordaje diagnóstico y terapéutico especializado, mediante técnicas mínimamente invasivas. Este programa es de alcance nacional y recibe referidos de todos los centros hospitalarios de la CCSS. Los pacientes son priorizados según criterios clínicos definidos, que incluyen sintomatología sugestiva, hallazgos incidentales en estudios de imagen, complicaciones biliares y necesidad de procedimientos terapéuticos especializados no disponibles en su hospital de origen.","</think>

El Programa de Patología Biliar tiene como objetivo abordar integralmente las enfermedades del árbol biliar, proporcionando un enfoque oportuno y resolutivo. Incluye una combinación de herramientas clínicas, diagnósticas, quirúrgicas y endoscópicas, estandarizadas y articuladas en el modelo de atención especializada del CNDTCG. Los procedimientos incluyen endoscopía, imagenología, laboratorios clínicos y patológicos, y cirugía, dependiendo de las necesidades del paciente. Se enfoca en casos complejos, priorizando a pacientes con criterios clínicos y comorbilidades específicas, y se articula con diferentes áreas del centro para garantizar un abordaje multidisciplinario y resolutivo.",7.6626787959830835,949,183,1132,open_ended,98.82253521126772,10.0,109.9,2580.2953345070423,2580.1875,2580.296875,98.60526315789474,98.0,99.0,31708.0,31708.0,31708.0
2,DeepSeek-R1-Distill-Qwen-14B-F16,247,"La metodología evalúa cada riesgo multiplicando la Probabilidad (1 a 5) por el Impacto (1 a 5). La valoración se clasifica en: Bajo (5 o menos), Moderado (6 a 10), Alto (11 a 15) y Muy Alto (más de 15).Los riesgos con valoración más alta (Muy Alto: 20 y 16) son:
Normativa (20)
Formación y Dotación de Especialistas y Personal Técnico (20)
Disponibilidad y Adquisición de Equipamiento Médico (20)
Acceso Equitativo a los Servicios de Salud (20)
Disponibilidad de Datos Precisos y Actualizados (16)

Medidas mitigantes para los más críticos:
Normativa: Gestión de apoyo político e involucramiento de actores clave.
Formación/Dotación: Alinear la formación y asignación de especialistas según las zonas de mayor incidencia.
Equipamiento: Contratos de mantenimiento, actualización regular de equipos y reservas de emergencia.
Acceso Equitativo: Distribución adecuada de recursos e infraestructura en regiones necesitadas.
Datos: Sistemas de recolección y actualización continua de información.","</think>

La metodología para evaluar los riesgos incluye identificar ítems críticos como disponibilidad de recursos, capacitación del personal, normativa, entre otros. Los riesgos con valoración más alta (entre 11 y 15) y muy alta (mayor a 15) son: Normativa, Disponibilidad de Recursos Financieros, Disponibilidad y Adquisición de Equipamiento Médico, Acceso Equitativo a los Servicios de Salud, Disponibilidad de Datos Precisos y Actualizados, y Eficiencia en la Coordinación y Gestión. Las medidas mitigantes propuestas son: desarrollar normativa clara, gestionar apoyo político, involucrar actores clave, y comunicar efectivamente con los interesados.",7.185408742981963,1079,171,1250,open_ended,99.65606060606072,79.9,109.8,2580.3538115530305,2580.24609375,2580.35546875,97.77777777777777,66.0,99.0,31708.0,31708.0,31708.0
2,DeepSeek-R1-Distill-Qwen-14B-F16,270,"El análisis FODA del CNDTCG evalúa los factores internos y externos del centro para orientar la planificación estratégica, la gestión de riesgos y la adaptación de su modelo de atención. Sus principales hallazgos incluyen:

Fortalezas: Centro especializado con alcance nacional autorizado por la CCSS, modelo clínico basado en tamizaje poblacional y atención resolutiva, personal altamente calificado, e integración con servicios de apoyo y evaluación.
Debilidades: Dependencia de infraestructura ajena, tiempos no estandarizados en procesos de referencia/contra-referencia y falta de sistematización uniforme de protocolos entre niveles.
Oportunidades: Inclusión en la Política Nacional de Cáncer, alianzas académicas para investigación, implementación de analítica avanzada e interés creciente en tamizaje poblacional.
Amenazas: Desigualdad regional en acceso, saturación de hospitales de referencia, limitaciones presupuestarias institucionales, resistencia al cambio y rotación de personal clave.","</think>

No lo sé.",2.161319300998002,1219,7,1226,open_ended,96.96666666666665,59.9,109.8,2580.3502604166665,2580.24609375,2580.35546875,96.18181818181819,67.0,100.0,31708.0,31708.0,31708.0
2,DeepSeek-R1-Distill-Qwen-14B-F16,255,"Planificación y seguimiento: Elaborar y actualizar el Plan Anual Operativo, establecer metas medibles y realizar el seguimiento sistemático de los indicadores clínicos y administrativos.
Gestión de la calidad: Liderar la mejora continua mediante el análisis de brechas, auditorías técnicas, evaluaciones internas y la formulación de acciones correctivas y preventivas.
Análisis avanzado de datos y costeo: Implementar herramientas de Big Data, Minería de Datos e Inteligencia de Negocios (BI) para orientar decisiones estratégicas, además de coordinar el costeo de servicios para evaluar la eficiencia y sostenibilidad económica.
Gestión de demanda y capacidad: Monitorear continuamente la demanda asistencial para formular requerimientos de talento humano, equipamiento e infraestructura, sirviendo como enlace técnico con instancias regionales y centrales de la CCSS.","</think>

El área de Planificación y Mejora Continua en el CNDTCG tiene funciones que incluyen la elaboración, revisión y actualización del Plan Anual Operativo, asegurando que las metas sean claras, medibles y pertinentes. Además, acompaña técnicamente a las unidades funcionales y programas del centro. También realiza el seguimiento sistemático de indicadores clínicos, administrativos e institucionales, y elabora informes técnicos que respaldan la toma de decisiones de la Dirección. Por otro lado, lidera procesos de mejora continua mediante la aplicación de metodologías de gestión de la calidad, análisis de brechas, auditorías técnicas, evaluaciones internas y formulación de planes correctivos.",6.865544395986944,1472,163,1635,open_ended,99.96190476190488,89.9,109.8,2580.3537326388887,2580.24609375,2580.35546875,97.73529411764706,66.0,99.0,31708.0,31708.0,31708.0
2,DeepSeek-R1-Distill-Qwen-14B-F16,237,"Según las DRIPSS, existe una distribución desigual de recursos:
Recursos humanos: Hay 384 personas en imagenología, pero solo 139 capacitadas en Serie Gastroduodenal. Hay 98,5 radiólogos capacitados en SGD.
Recursos tecnológicos: Existen 19 salas de fluoroscopia.
Implicaciones: La disparidad geográfica y la limitada capacitación técnica en SGD (solo 36% del personal de imagenología) comprometen el acceso equitativo. Además, casi todos estos recursos están destinados al diagnóstico asistencial y enfrentan listas de espera, lo que limita seriamente su uso actual para tamizaje gástrico y demanda la expansión de infraestructura.","</think>

El contexto no proporciona información específica sobre la distribución de recursos humanos y tecnológicos de fluoroscopia según las DRIPSS ni sus implicaciones para el tamizaje de cáncer gástrico. Por lo tanto, no puedo responder a esta pregunta.",5.443025980959646,1022,60,1082,open_ended,99.80769230769239,89.9,109.8,2580.3533653846152,2580.24609375,2580.35546875,99.03703703703704,97.0,100.0,31708.0,31708.0,31708.0
2,DeepSeek-R1-Distill-Qwen-14B-F16,236,"En Costa Rica (2017-2022), la incidencia media nacional por cada 100.000 habitantes es de 11,66 para el cáncer de estómago y de 18,25 para el cáncer colorrectal, alcanzando una tasa combinada de 29,91. Por su parte, la mortalidad nacional combinada es de 25,21 por 100.000 habitantes, siendo el cáncer de estómago el más letal (12,68), seguido del cáncer de colon (9,28) y recto (3,25).
Los cantones más vulnerables por mayor incidencia combinada son San José (63,31), Tilarán (56,14), San Isidro (51,95), Pérez Zeledón (49,30), Bagaces (43,84) y Coto Brus (43,33). En mortalidad combinada destacan San Mateo (44,58), Acosta (36,54), Cartago (35,08), Osa (34,90) y Escazú (34,20), mientras que Dota registra la mayor mortalidad por cáncer gástrico (23,14)","</think>

El estado nacional en cuanto a incidencia y mortalidad del cáncer muestra que los cantones con mayores tasas se encuentran en varias provincias, sin confinarse a una sola región. Los cantones más vulnerables son San José, Pérez Zeledón, Dota, El Guarco, Puriscal, Aserrí, Turrubares, Santo Domingo, Turrialba, Atenas, Naranjo, Valverde Vega, San Rafael, Paraíso, Bagaces, Heredia, Flores, Coto Brus, San Isidro, Coto Brus, Tilarán, San Isidro, Heredia, Belén, Atenas, San Pablo, Carrillo, Montes de Oro, Liberia, San Ramón, San Mateo, y Bagaces. Estas áreas presentan tasas superiores a la media nacional, destacando la necesidad de intervenciones de salud pública focalizadas en estas regiones.",9.053283918998202,1620,207,1827,open_ended,100.29036144578322,89.9,129.8,2580.405026355422,2580.265625,2580.4765625,98.29545454545455,95.0,100.0,31708.0,31708.0,31708.0
2,DeepSeek-R1-Distill-Qwen-14B-F16,280,"A nivel nacional, la CCSS dispone de 52 salas de endoscopia, lo que representa una tasa ajustada de 1,02 salas por cada 100.000 habitantes.
Existe una marcada concentración geográfica de estos recursos en las provincias de San José, Alajuela y Cartago, principalmente en hospitales nacionales y regionales (destacando el Hospital México con 4 salas y el Hospital Rafael Ángel Calderón Guardia con 3 salas).
La disponibilidad actual es insuficiente para cubrir la demanda proyectada de los programas de tamizaje. Las salas de endoscopia del país se encuentran dedicadas casi en su totalidad a la atención de procedimientos diagnósticos rutinarios, y no a tareas de tamizaje poblacional.","</think>

La situación nacional de disponibilidad de salas de endoscopia muestra una concentración de recursos en centros de salud clave, especialmente en provincias como San José, Cartago, Heredia y Alajuela, que presentan tasas más elevadas. Esto subraya la necesidad de enfoques regionalizados y la importancia de realizar un inventario detallado de los equipos, personal capacitado y capacidad operativa existentes. Aunque no se menciona directamente el número exacto de salas, se destaca la insuficiencia de recursos humanos y tecnológicos, lo que afecta la capacidad diagnóstica y el acceso equitativo a los servicios de endoscopia. Además, la falta de normativas específicas complica la implementación uniforme de los programas de tamizaje.",7.394962155027315,1175,175,1350,open_ended,99.65882352941188,69.9,109.8,2580.4749540441176,2580.3671875,2580.4765625,98.63888888888889,98.0,99.0,31708.0,31708.0,31708.0
2,DeepSeek-R1-Distill-Qwen-14B-F16,318,"Ámbito Territorial: Es de alcance nacional, ya que opera como una unidad especializada que se articula con la red institucional de la CCSS en sus tres niveles de atención.
Ámbito Funcional: Cubre todos los programas y servicios desarrollados por el centro, desde el tamizaje poblacional hasta la atención diagnóstica, terapéutica, quirúrgica y de seguimiento clínico, además de los procesos de planificación, evaluación, formación e investigación.
Ámbito Temporal: Posee una vigencia indefinida, sujeta a revisiones y actualizaciones periódicas según se presenten cambios sustanciales en su estructura u operación.","</think>

El CNDTCG opera dentro del Macroproceso Sustantivo de Atención de la Salud, enfocándose en áreas específicas como la promoción de la salud, prevención secundaria, recuperación y rehabilitación. Esto se realiza mediante programas de tamizaje, diagnóstico temprano, tratamiento quirúrgico y seguimiento clínico para personas con patologías gastrointestinales. Además, contribuye al cumplimiento de los macroprocesos estratégicos, sustantivos y de apoyo de la CCSS, promoviendo un modelo de atención especializado, integral, resolutivo, eficiente y de alta calidad.",11.179779466008767,1160,145,1305,open_ended,99.80280373831769,69.9,109.8,2582.2418954439254,2580.3671875,2582.4453125,99.0,98.0,100.0,31708.0,31708.0,31708.0
2,DeepSeek-R1-Distill-Qwen-14B-F16,273,"EDUS (Expediente Digital Único en Salud): Registro clínico oficial para la atención de pacientes y la trazabilidad del proceso asistencial.
SIAC (Sistema Integrado de Adscripción, Agendas y Citas): Módulo del EDUS utilizado para verificar la adscripción de la población, gestionar citas/procedimientos y medir el ausentismo.
SIES: Plataforma para la consolidación de información clínica, seguimiento de usuarios y evaluación de indicadores.
ARCA (ARCA-Patología): Sistema para consultar y monitorear masivamente los resultados de biopsias.
SILC (Sistema de Información de Laboratorios Clínicos): Plataforma para integrar y consultar resultados de laboratorio, como las pruebas FIT.
Sistemas de Imagenología y Bases Internas (FileMaker/bases estructuradas): Para el seguimiento de estudios de imagen (SGD/TAC) y análisis analítico especializado.","</think>

El CNDTCG utiliza sistemas de información institucionales que incluyen el expediente digital, la imagenología y las bases de datos.",1.6017023019958285,1418,32,1450,open_ended,96.49333333333333,69.9,109.8,2584.406770833333,2584.3046875,2584.4140625,97.75,90.0,99.0,31708.0,31708.0,31708.0
2,DeepSeek-R1-Distill-Qwen-14B-F16,255,"Planificación y seguimiento: Elaborar y actualizar el Plan Anual Operativo, establecer metas medibles y realizar el seguimiento sistemático de los indicadores clínicos y administrativos.
Gestión de la calidad: Liderar la mejora continua mediante el análisis de brechas, auditorías técnicas, evaluaciones internas y la formulación de acciones correctivas y preventivas.
Análisis avanzado de datos y costeo: Implementar herramientas de Big Data, Minería de Datos e Inteligencia de Negocios (BI) para orientar decisiones estratégicas, además de coordinar el costeo de servicios para evaluar la eficiencia y sostenibilidad económica.
Gestión de demanda y capacidad: Monitorear continuamente la demanda asistencial para formular requerimientos de talento humano, equipamiento e infraestructura, sirviendo como enlace técnico con instancias regionales y centrales de la CCSS.","</think>

El área de Planificación y Mejora Continua en el CNDTCG tiene funciones que incluyen la elaboración, revisión y actualización del Plan Anual Operativo, asegurando que las metas sean claras, medibles y pertinentes. Además, acompaña técnicamente a las unidades funcionales y programas del centro. También realiza el seguimiento sistemático de indicadores clínicos, administrativos e institucionales, y elabora informes técnicos que respaldan la toma de decisiones de la Dirección. Por otro lado, lidera procesos de mejora continua mediante la aplicación de metodologías de gestión de la calidad, análisis de brechas, auditorías técnicas, evaluaciones internas y formulación de planes correctivos.",6.866370158968493,1472,163,1635,open_ended,99.97301587301597,89.9,109.8,2584.4123263888887,2584.3046875,2584.4140625,97.55882352941177,62.0,99.0,31708.0,31708.0,31708.0
2,DeepSeek-R1-Distill-Qwen-14B-F16,233,"Aunque el volumen total y la tasa de mortalidad por cáncer de estómago, colon y recto son mayores en los hombres (fallecen más hombres en términos absolutos), las mujeres que mueren por estas neoplasias lo hacen a edades más jóvenes en comparación con la edad de referencia.
Estadísticamente, la media de Años de Vida Potencialmente Perdidos (YPLL) por fallecimiento es mayor en las mujeres (16.49 años) que en los hombres (14.10 años). Esto demuestra que, cuando una mujer muere por estos tipos de cáncer, pierde en promedio más años de vida que un hombre.","</think>

El enunciado significa que, aunque los hombres tienen una tasa de mortalidad más alta por cáncer de estómago, colon y recto, las mujeres fallecen a edades más jóvenes o en etapas prematuras de la vida debido a estas enfermedades. Esto se refleja en que, a pesar de que las tasas de mortalidad son mayores en hombres (111.0 por 100,000 habitantes) que en mujeres (98.6), la mortalidad prematura en mujeres es notable, especialmente en tipos de cáncer como el de estómago, donde la tasa de mortalidad en mujeres pasó de 10.28 en 2017 a 8.30 en 2022, indicando una disminución pero aún significativa.",7.991604168899356,1662,183,1845,open_ended,99.40810810810821,10.0,109.8,2584.4125844594596,2584.3046875,2584.4140625,97.975,74.0,99.0,31708.0,31708.0,31708.0
2,DeepSeek-R1-Distill-Qwen-14B-F16,304,"La colaboración entre el Instituto Tecnológico de Costa Rica (TEC) y el CNDTCG se centra en las siguientes áreas estratégicas:

    Modelos predictivos con IA: Desarrollo e implementación de modelos de inteligencia artificial para priorizar e identificar pacientes y grupos poblacionales con mayor probabilidad de desarrollar cáncer gástrico y colorrectal.
    Análisis de desafíos operativos: Evaluación de los retos para la implementación del CNDTCG a nivel nacional.","</think>

No lo sé.",0.6168939839117229,1313,7,1320,open_ended,94.86666666666667,79.9,109.8,2584.3958333333335,2584.3046875,2584.4140625,98.5,98.0,99.0,31708.0,31708.0,31708.0
2,DeepSeek-R1-Distill-Qwen-14B-F16,233,"Aunque el volumen total y la tasa de mortalidad por cáncer de estómago, colon y recto son mayores en los hombres (fallecen más hombres en términos absolutos), las mujeres que mueren por estas neoplasias lo hacen a edades más jóvenes en comparación con la edad de referencia.
Estadísticamente, la media de Años de Vida Potencialmente Perdidos (YPLL) por fallecimiento es mayor en las mujeres (16.49 años) que en los hombres (14.10 años). Esto demuestra que, cuando una mujer muere por estos tipos de cáncer, pierde en promedio más años de vida que un hombre.","</think>

En el contexto proporcionado, se menciona que los hombres tienen una tasa de mortalidad mayor por cáncer de estómago, colon y recto en comparación con las mujeres. Sin embargo, las mujeres sufren muertes más prematuras, lo que sugiere que, aunque las tasas de mortalidad son más altas en hombres, las mujeres tienden a fallecer a edades más jóvenes o en etapas iniciales de la enfermedad. Esto refleja una diferencia en la distribución de la mortalidad por sexo, donde la mortalidad es más elevada en hombres, pero las mujeres experimentan una mayor mortalidad prematura.",6.128548592911102,1662,142,1804,open_ended,98.05614035087729,10.0,99.9,2584.4121436403507,2584.3046875,2584.4140625,98.7,98.0,99.0,31708.0,31708.0,31708.0
2,DeepSeek-R1-Distill-Qwen-14B-F16,317,"Los objetivos específicos del Manual de Gestión del CNDTCG son:
    Definir la estructura organizativa y funcional del centro para facilitar la coordinación interna y la articulación con la red institucional.
    Establecer las responsabilidades operativas del personal técnico y administrativo para delimitar funciones y fortalecer la gestión por procesos.
    Describir de manera clara y estandarizada la oferta de servicios (tamizaje, diagnóstico endoscópico, cirugía y seguimiento).
    Alinear el funcionamiento del CNDTCG con las políticas, normativas técnicas y planes estratégicos de la CCSS.
    Servir de base para elaborar documentos normativos que guíen la implementación progresiva y sostenible del tamizaje a nivel nacional.
    Facilitar la planificación, gestión operativa, evaluación de resultados y mejora continua basada en evidencia.","</think>

El Manual de Gestión del CNDTCG tiene como objetivo describir y organizar las funciones, estructura, oferta de servicios y responsabilidades del centro. Busca orientar de manera sistemática los procesos asistenciales, técnicos y administrativos, garantizando la coherencia operativa, eficiencia en la prestación de servicios y alineación con los principios y lineamientos estratégicos de la CCSS. Además, establece indicadores y procesos operativos para el seguimiento del cumplimiento del manual, incluyendo el monitoreo de indicadores operativos y clínicos, revisión periódica de metas, valoración del desempeño funcional y la identificación de necesidades de ajuste al modelo organizacional o procesos documentados.",7.170371348038316,1085,170,1255,open_ended,99.50757575757585,69.9,109.8,2584.4124053030305,2584.3046875,2584.4140625,98.22222222222223,86.0,99.0,31708.0,31708.0,31708.0
2,DeepSeek-R1-Distill-Qwen-14B-F16,298," La colonoscopia incompleta es la exploración endoscópica del colon en la que no se logra avanzar el colonoscopio hasta alcanzar el ciego, por lo que no se visualiza la totalidad del órgano. Esta situación puede ser causada por diversos factores:
    Preparación intestinal insuficiente.
    Dolor o mala tolerancia del paciente durante la prueba.
    Características anatómicas como un colon demasiado largo, vólvulo intestinal, presencia de tejido cicatricial o diverticulosis.
    Factores individuales como bajo peso corporal o ciertas condiciones en mujeres jóvenes","</think>

La colonoscopia incompleta ocurre cuando el profesional de salud no puede avanzar el colonoscopio a través de todo el colon para llegar al ciego. Esto puede deberse a una preparación intestinal insuficiente, dolor, mala tolerancia del paciente, características anatómicas como colon largo, vólvulo, tejido cicatricial o diverticulosis, o factores individuales como bajo peso corporal o ciertas condiciones en mujeres jóvenes.",5.042329519055785,1524,104,1628,open_ended,98.53404255319155,39.9,109.8,2584.4117353723404,2584.3046875,2584.4140625,98.92,98.0,100.0,31708.0,31708.0,31708.0
2,DeepSeek-R1-Distill-Qwen-14B-F16,233,"Aunque el volumen total y la tasa de mortalidad por cáncer de estómago, colon y recto son mayores en los hombres (fallecen más hombres en términos absolutos), las mujeres que mueren por estas neoplasias lo hacen a edades más jóvenes en comparación con la edad de referencia.
Estadísticamente, la media de Años de Vida Potencialmente Perdidos (YPLL) por fallecimiento es mayor en las mujeres (16.49 años) que en los hombres (14.10 años). Esto demuestra que, cuando una mujer muere por estos tipos de cáncer, pierde en promedio más años de vida que un hombre.","</think>

En el contexto proporcionado, se menciona que ""mueren más hombres por estos tipos de cáncer, no obstante, mueren de forma más prematura las mujeres"". Esto significa que, aunque la tasa de mortalidad por cáncer de estómago, colon y recto es mayor en hombres (111.0 por 100,000 habitantes) que en mujeres (98.6), las mujeres tienden a fallecer a edades más jóvenes en comparación con los hombres. Esto sugiere que, a pesar de que los hombres tienen una mayor tasa de mortalidad general, las mujeres enfrentan una mortalidad más temprana, lo que refleja diferencias en la incidencia, el curso de la enfermedad y posiblemente en el acceso o la atención médica.",9.779672827920875,1662,183,1845,open_ended,99.48131868131871,20.0,109.9,2584.414234203297,2584.3046875,2584.4296875,97.95918367346938,62.0,100.0,31708.0,31708.0,31708.0
2,DeepSeek-R1-Distill-Qwen-14B-F16,237,"Según las DRIPSS, existe una distribución desigual de recursos:
Recursos humanos: Hay 384 personas en imagenología, pero solo 139 capacitadas en Serie Gastroduodenal. Hay 98,5 radiólogos capacitados en SGD.
Recursos tecnológicos: Existen 19 salas de fluoroscopia.
Implicaciones: La disparidad geográfica y la limitada capacitación técnica en SGD (solo 36% del personal de imagenología) comprometen el acceso equitativo. Además, casi todos estos recursos están destinados al diagnóstico asistencial y enfrentan listas de espera, lo que limita seriamente su uso actual para tamizaje gástrico y demanda la expansión de infraestructura.","</think>

El contexto no proporciona suficiente información específica sobre la distribución de recursos humanos y tecnológicos de fluoroscopia según las DRIPSS ni sus implicaciones para el tamizaje de cáncer gástrico. Por lo tanto, no puedo responder a esta pregunta con la información disponible.",5.4939174220198765,1022,66,1088,open_ended,99.0509433962265,39.9,109.9,2584.427623820755,2584.3203125,2584.4296875,99.03703703703704,98.0,100.0,31708.0,31708.0,31708.0
2,DeepSeek-R1-Distill-Qwen-14B-F16,224,"Etapa I (2024–2025): Elaboración de la normativa institucional, mecanismos de acceso en el EDUS a datos de población, FIT y biopsias, captación/invitación de participantes, capacitación en endoscopia de tamizaje y convenio CNDTCG-CICICA.
Etapa II (2025–2026): Diseño de indicadores de gestión, implementación nacional del FIT cuantitativo, campañas de comunicación/sensibilización, despliegue del SILC, y planes de formación, equipamiento, infraestructura e investigación en salud.
Etapa III (2026–2028): Interoperabilidad en EDUS, análisis de desafíos operativos, implementación de modelos predictivos con inteligencia artificial para priorización, entrega de infraestructura/equipamiento y puesta en marcha de programas de tamizaje.
Etapa IV (2028–2029): Evaluación integral del plan por la Auditoría Interna y ejecución de ajustes correspondientes.","</think>

El Plan de Abordaje Integral para el Tamizaje de Cáncer de Estómago y Colorrectal se articula en cuatro etapas clave:

1. **Evaluación y Planeación**: Incluye una revisión exhaustiva de la situación actual, recopilación de datos epidemiológicos y definición de metas y estrategias.

2. **Invitación y Tamizaje**: Se dirige a la población objetivo, realizando pruebas FIT para detectar sangre oculta en heces, con participación de microbiólogos y personal de laboratorio.

3. **Diagnóstico y Evaluación**: En caso de resultados positivos, se realizan endoscopias y biopsias, contando con endoscopistas, técnicos y patólogos.

4. **Tratamiento y seguimiento**: Se implementan planes terapéuticos y programas de seguimiento para pacientes diagnosticados, asegurando su continuidad y monitoreo.

Cada etapa contempla actividades específicas como la realización de pruebas, diagnóstico, tratamiento y seguimiento, con la participación de diversos profesionales de la salud.",10.781941425055265,1262,251,1513,open_ended,100.10808080808079,79.9,109.9,2584.440577651515,2584.3203125,2584.4453125,98.49056603773585,97.0,100.0,31708.0,31708.0,31708.0
2,DeepSeek-R1-Distill-Qwen-14B-F16,289,"El Plan de Abordaje Integral propone transformar la atención del cáncer gástrico y colorrectal pasando de un abordaje reactivo a uno preventivo y de detección temprana:

Paradigma actual: Se activa cuando el paciente presenta síntomas gastrointestinales y consulta en EBAIS o emergencias. Conlleva la realización de endoscopía (en lista de espera), biopsia, diagnóstico de cáncer, cirugía, estadificación, hospitalización, quimio/radioterapia y control.
Paradigma propuesto: Se orienta a personas sanas identificadas dentro de una población objetivo (según zona geográfica, incidencia y edad). Aplica campañas y pruebas de tamizaje cada dos años, realizando endoscopías únicamente a quienes presentan pruebas alteradas. Esto permite detectar lesiones premalignas o cáncer en etapas tempranas, tratarlas mediante procedimientos mínimamente invasivos y dar seguimiento/control.","</think>

El cambio de paradigma propuesto por el Plan de Abordaje Integral se centra en la implementación de programas de tamizaje integrados para el cáncer gástrico y colorrectal, en lugar del enfoque tradicional que los trataba de manera separada. Mientras que antes se enfocaba en abordar cada tipo de cáncer de manera individual, ahora se prioriza la eficiencia y efectividad mediante la integración de ambos programas, lo que permite una atención más holística y optimizada de los recursos. Este enfoque busca reducir las brechas operativas y mejorar la detección temprana, incorporando flujos de información y componentes conceptuales que sustentan una estrategia integral para la prevención y manejo de ambos tipos de cáncer.",13.414108476019464,983,179,1162,open_ended,98.95503875968973,0.0,109.8,2584.4798025678297,2584.34375,2584.515625,98.77611940298507,89.0,100.0,31708.0,31708.0,31708.0
2,DeepSeek-R1-Distill-Qwen-14B-F16,287,"La evaluación de la norma está a cargo del Ministerio de Salud, el cual ejecuta la vigilancia y valora los resultados del cumplimiento mediante los siguientes indicadores oficiales:
    Tasa de incidencia de cáncer colorrectal.
    Porcentaje de diferentes estadios del cáncer colorrectal en el momento del diagnóstico.
    Tasa de mortalidad por cáncer colorrectal.

El Ministerio de Salud debe garantizar información estadística actualizada y de calidad, con la facultad de utilizar indicadores adicionales según su criterio técnico como ente rector. Los resultados de esta evaluación deben ser publicados cada 5 años.","</think>

La norma para el tamizaje del cáncer colorrectal se evalúa considerando la población de riesgo promedio, que son hombres y mujeres entre 50-74 años, cada dos años. Se utiliza la prueba específica de SOHi, cualitativa con un punto de corte no mayor a 30 ng/ml o cuantitativa y automatizada con un punto de corte de 100 ng/ml, siendo esta última la recomendada. Además, para solicitar una colonoscopia, se debe incluir la edad, antecedentes heredofamiliares de cáncer colorrectal de primer grado, antecedentes patológicos personales y el uso de anticoagulantes.",6.550014336942695,634,159,793,open_ended,99.80833333333342,89.9,109.9,2584.5138020833333,2584.40625,2584.515625,98.75,98.0,99.0,31708.0,31708.0,31708.0
2,DeepSeek-R1-Distill-Qwen-14B-F16,252,"La organización funcional del CNDTCG se estructura bajo un modelo programático e integrado con recursos compartidos y coordinación transversal. Sus principales áreas funcionales son:

Dirección General: Responsable de la conducción estratégica, técnica y operativa del centro.
Coordinaciones de Programa: Lideran la planificación y seguimiento técnico de líneas específicas (Tamizaje Gástrico y Colorrectal, Patología Biliar, Cirugía Percutánea, ESD, Ultrasonido Endoscópico, Cirugía Mayor y Endoscopía Diagnóstica/Terapéutica).
Área Clínica Asistencial: Ejecuta los procedimientos de tamizaje, diagnóstico, tratamiento y seguimiento (endoscopía alta/baja, consulta externa, sala de operaciones, recuperación, TAC y fluoroscopía).
Área de enfermería: brinda atención pre, intra y posterior al procedimiento apoyando los programas clínicos de forma transversal.
Área de Planificación, Investigación y Gestión de Datos: Integra Planificación y Mejora Continua, la Unidad de Investigación en Salud (UIS) y la Gestión de Bases de Datos.
Área Administrativa: Gestiona los recursos físicos, financieros, de talento humano y el soporte logístico.","</think>

La organización funcional del CNDTCG se basa en un modelo programático con recursos compartidos y coordinación transversal de áreas de soporte. Su estructura está alineada con el Mapa de Procesos Institucionales de la CCSS, contribuyendo al Macroproceso Sustantivo de Atención de la Salud, especialmente en promoción, prevención, recuperación y rehabilitación. Los principales programas incluyen tamizaje, diagnóstico temprano, tratamiento quirúrgico y seguimiento clínico. La estructura permite una atención especializada, integral y de alta calidad, con un enfoque en la mejora continua y la toma de decisiones basadas en evidencia.",6.7664898849325255,1307,159,1466,open_ended,100.7741935483872,89.9,169.8,2584.5138608870966,2584.40625,2584.515625,98.6969696969697,98.0,99.0,31708.0,31708.0,31708.0
2,DeepSeek-R1-Distill-Qwen-14B-F16,258,"La evolución histórica del CNDTCG inició en 1995 como un proyecto piloto mediante un convenio de cooperación entre la CCSS, la Universidad de Costa Rica (UCR) y la Agencia Japonesa de Cooperación Internacional (JICA).
En 2008, se adscribió formalmente como un servicio hospitalario del Hospital Dr. Maximiliano Peralta Jiménez. En 2017, se avalaron programas técnicos clave como el Tamizaje de Cáncer Colorrectal, y entre 2019 y 2021 se implementaron mejoras organizativas e inició su traslado hacia la Dirección de Centros Especializados.
Finalmente, en marzo de 2024, la Junta Directiva de la CCSS aprobó oficialmente su creación como centro nacional especializado, otorgándole la Unidad Programática 2806 propia y definiendo su estructura funcional y operativa.","</think>

No lo sé.",2.1933568739332254,1153,7,1160,open_ended,100.77619047619046,89.9,109.9,2584.5277157738096,2584.41015625,2584.53515625,99.3,98.0,100.0,31708.0,31708.0,31708.0
2,DeepSeek-R1-Distill-Qwen-14B-F16,243,"La metodología (ejercicio del CNDTCG en 2019) consistió en:

Identificar las atenciones aplicadas a cada tipo de lesión en un horizonte de 5 años.
Estimar la frecuencia más probable de cada atención.
Asignar costos según el modelo tarifario de la CCSS.
Identificar el tipo de medicamento oncológico, frecuencia y costo para cada tipo de cáncer.
Calcular el costo total acumulado para cada tipo de lesión de los tipos de cáncer.

Conclusiones: Atender lesiones en etapas tempranas o premalignas es drásticamente menos costoso que en etapas avanzadas. La atención preventiva/temprana representa entre el 3,0% y 9,0% del costo de un cáncer avanzado en colon y recto, y entre el 8,3% y 23,3% en cáncer gástrico. Esto demuestra que la detección temprana optimiza el uso de los recursos institucionales y reduce significativamente la carga económica y social del cáncer.","</think>

La metodología para estimar los costos de atención según el tipo de lesión incluye identificar las atenciones médicas aplicadas a cada tipo de lesión en un horizonte de 5 años, estimar la frecuencia más probable de cada atención, asignar el costo de acuerdo al modelo tarifario de la CCSS, identificar el tipo de medicamento oncológico, su frecuencia y costo para cada tipo de cáncer, y estimar el costo total para cada tipo de lesión de los diferentes tipos de cáncer. De este análisis se desprende que detectar el cáncer gástrico en etapas tempranas y tratarlo con ESD resulta en un menor costo y una mejor capacidad resolutiva del programa de tamizaje.",7.652050683973357,1155,171,1326,open_ended,97.9774647887325,10.0,109.8,2584.6875550176055,2584.52734375,2584.69140625,97.3157894736842,59.0,100.0,31708.0,31708.0,31708.0
2,DeepSeek-R1-Distill-Qwen-14B-F16,229,"La incidencia combinada de cáncer de estómago, colon y recto muestra un incremento exponencial conforme aumenta la edad. Se mantiene baja en grupos jóvenes, pero se eleva notablemente a partir de los 50 años: 41,74 casos por 100.000 habitantes en el grupo de 50–54 años, 63,46 en 55–59, 91,18 en 60–64, 133,15 en 65–69, 181,71 en 70–74, y alcanza su máximo en el grupo de 75 años y más con 229,46.
Implicaciones: Esta concentración del riesgo fundamenta la delimitación de la población objetivo de los programas de tamizaje al rango de 50 a 74 años. Asimismo, subraya la necesidad urgente de priorizar la captación e intervención oportuna en los segmentos de mayor edad.","</think>

La incidencia combinada de cáncer de estómago, colon y recto aumenta significativamente con la edad, especialmente en personas mayores de 50 años. Según el gráfico presentado en la Figura No. 3, la incidencia es baja en los grupos etarios más jóvenes y experimenta un incremento exponencial a medida que avanza la edad. Alcanza su punto máximo en el grupo de 75 años o más, con 229.46 casos por cada 100,000 habitantes. Esta tendencia subraya la vulnerabilidad de la población mayor, entre 50 y 74 años, y destaca la importancia de enfocar los programas de tamizaje y prevención en estos grupos de edad.",7.438229141989723,1544,172,1716,open_ended,98.7927536231885,10.0,109.8,2584.6898211050725,2584.58203125,2584.69140625,96.60526315789474,50.0,99.0,31708.0,31708.0,31708.0
2,DeepSeek-R1-Distill-Qwen-14B-F16,270,"El análisis FODA del CNDTCG evalúa los factores internos y externos del centro para orientar la planificación estratégica, la gestión de riesgos y la adaptación de su modelo de atención. Sus principales hallazgos incluyen:

Fortalezas: Centro especializado con alcance nacional autorizado por la CCSS, modelo clínico basado en tamizaje poblacional y atención resolutiva, personal altamente calificado, e integración con servicios de apoyo y evaluación.
Debilidades: Dependencia de infraestructura ajena, tiempos no estandarizados en procesos de referencia/contra-referencia y falta de sistematización uniforme de protocolos entre niveles.
Oportunidades: Inclusión en la Política Nacional de Cáncer, alianzas académicas para investigación, implementación de analítica avanzada e interés creciente en tamizaje poblacional.
Amenazas: Desigualdad regional en acceso, saturación de hospitales de referencia, limitaciones presupuestarias institucionales, resistencia al cambio y rotación de personal clave.","</think>

No lo sé.",2.049023353960365,1219,7,1226,open_ended,98.30999999999997,39.9,109.9,2584.6859375,2584.58203125,2584.69140625,98.0,87.0,100.0,31708.0,31708.0,31708.0
2,DeepSeek-R1-Distill-Qwen-14B-F16,242,"El cálculo del número de salas teóricas de fluoroscopia ($EF$) se realiza mediante la ecuación E1:
$$EF = \frac{PO \cdot PI \cdot PP}{PS \cdot DH}$$
PO: Población objetivo en el periodo.
PI: Porcentaje de invitación.
PP: Porcentaje de participación.
PS: Pacientes diarios por sala (20 pacientes/día).
DH: Días hábiles de funcionamiento al año.
Implicación: Al extrapolar este cálculo a nivel nacional para el año 2025, se requerirían aproximadamente 12 salas de fluoroscopia (y su respectivo personal de imagenología) funcionando a tiempo completo durante todo el año. La principal implicación es que este requerimiento no es factible en la práctica, ya que representa más del 60% de la disponibilidad nacional actual (19 salas existentes), las cuales hoy están destinadas casi en su totalidad a la atención asistencial y diagnóstica.","</think>

Para calcular el número de salas de fluoroscopia necesarias, se utiliza la ecuación E1:  
EF = (PO * PI * PP) / (PS * DH)  
Donde:  
- EF: Número de equipos de salas  
- PO: Población objetivo  
- PI: Porcentaje de invitación  
- PP: Porcentaje de participación  
- PS: Número de pacientes diarios por sala  
- DH: Número de días hábiles  

El resultado obtenido indica el número de salas de fluoroscopia y, por consecuencia, el personal de imagenología requerido para cubrir la demanda del programa de tamizaje. Este cálculo asegura que la capacidad instalada sea suficiente para atender a todos los pacientes en el período establecido, garantizando la eficiencia y efectividad del programa.",7.741466425010003,1493,185,1678,open_ended,100.09154929577474,89.9,109.8,2584.6898657570423,2584.58203125,2584.69140625,98.71052631578948,98.0,99.0,31708.0,31708.0,31708.0
2,DeepSeek-R1-Distill-Qwen-14B-F16,255,"Planificación y seguimiento: Elaborar y actualizar el Plan Anual Operativo, establecer metas medibles y realizar el seguimiento sistemático de los indicadores clínicos y administrativos.
Gestión de la calidad: Liderar la mejora continua mediante el análisis de brechas, auditorías técnicas, evaluaciones internas y la formulación de acciones correctivas y preventivas.
Análisis avanzado de datos y costeo: Implementar herramientas de Big Data, Minería de Datos e Inteligencia de Negocios (BI) para orientar decisiones estratégicas, además de coordinar el costeo de servicios para evaluar la eficiencia y sostenibilidad económica.
Gestión de demanda y capacidad: Monitorear continuamente la demanda asistencial para formular requerimientos de talento humano, equipamiento e infraestructura, sirviendo como enlace técnico con instancias regionales y centrales de la CCSS.","</think>

El área de Planificación y Mejora Continua en el CNDTCG tiene funciones clave como la elaboración, revisión y actualización del Plan Anual Operativo, asegurando que las metas sean claras, medibles y pertinentes. Además, acompaña técnicamente a las unidades funcionales y programas del centro. Realiza el seguimiento sistemático de indicadores clínicos, administrativos e institucionales, y elabora informes técnicos para respaldar la toma de decisiones. También lidera procesos de mejora continua mediante metodologías de gestión de la calidad, análisis de brechas, auditorías técnicas, evaluaciones internas y formulación de planes correctivos.",6.60515898000449,1472,152,1624,open_ended,99.48360655737714,49.9,109.8,2584.6896132172133,2584.58203125,2584.69140625,98.21212121212122,78.0,99.0,31708.0,31708.0,31708.0
2,DeepSeek-R1-Distill-Qwen-14B-F16,250,"El proceso de tamizaje de cáncer gástrico sigue las siguientes etapas:

Invitación: Se convoca a personas asintomáticas (50 a 74 años) de la población objetivo.
Serie Gastroduodenal (SGD): Estudio de fluoroscopia donde el imagenólogo aplica el contraste y el radiólogo interpreta las imágenes para detectar anomalías.
Gastroscopia: Si la SGD resulta alterada, el endoscopista (asistido por el técnico) realiza una gastroscopia para evaluar directamente el estómago.
Biopsia: De hallarse lesiones sospechosas, se toma una muestra de tejido para análisis por parte del patólogo.
Resolución: Si la biopsia resulta positiva para cáncer, el paciente se remite a tratamiento. Si los resultados son negativos o no requieren gastroscopia, el usuario reingresa al programa para futuros controles bienales.","</think>

El proceso de tamizaje para el cáncer gástrico según el modelo del CNDTCG incluye la realización de pruebas como la serie gastroduodenal y la gastroscopía. Este tamizaje está dirigido a personas entre 50 y 74 años, con el objetivo de detectar de manera temprana el cáncer gástrico. El modelo operativo del CNDTCG articula estrategias clínicas, diagnósticas y terapéuticas, integrando rutas clínicas definidas y equipos multidisciplinarios para garantizar una atención integral y resolutiva.",6.29110499296803,1158,142,1300,open_ended,98.94655172413802,59.9,109.8,2584.689520474138,2584.58203125,2584.69140625,98.87096774193549,97.0,99.0,31708.0,31708.0,31708.0
2,DeepSeek-R1-Distill-Qwen-14B-F16,279,"Para realizar un inventario nacional detallado de los recursos disponibles para la realización de estudios endoscópicos, se debe incluir:

antidad y distribución de los equipos de endoscopia (equipos y torres de endoscopia alta y baja).
Disponibilidad de personal capacitado.
Capacidad operativa de los centros de salud, considerando la cantidad y distribución geográfica de las salas de endoscopía disponibles a nivel nacional y por centro de salud.

Contar con esta información permite identificar brechas y áreas de necesidad, facilitando la planificación, la evaluación de la infraestructura existente y la asignación estratégica de recursos para asegurar un acceso equitativo.","</think>

Para realizar un inventario nacional de los recursos disponibles para la realización de estudios endoscópicos, se debe incluir:

- La cantidad y distribución de los equipos de endoscopia existentes.
- La disponibilidad de personal capacitado en cada centro de salud.
- La capacidad operativa de los centros de salud para realizar estudios endoscópicos adecuadamente.

Estas informaciones permitirán identificar brechas y áreas de necesidad, facilitando la planificación y asignación de recursos de manera estratégica.",6.615312464069575,1240,117,1357,open_ended,99.16612903225816,30.0,109.8,2584.6896421370966,2584.58203125,2584.69140625,98.78787878787878,91.0,100.0,31708.0,31708.0,31708.0
2,DeepSeek-R1-Distill-Qwen-14B-F16,259,"Según la clasificación CIE-10, los principales diagnósticos nosológicos que atiende el CNDTCG incluyen:

Tumores malignos: Estómago (C16.0–C16.9), colon (C18.0–C18.9), unión rectosigmoidea (C19) y recto (C20).
Lesiones precancerosas, benignas o neoplasias de comportamiento incierto: Lesiones gástricas precancerosas (D00.2), adenomas colorrectales avanzados (D12.6), pólipos gástricos (D13.1), tumores subepiteliales del tracto digestivo (D13.2) y sospecha de tumores pancreáticos (D13.6).
Patologías gástricas, hepáticas, biliares y digestivas: Gastritis crónica atrófica (K29.4), abscesos hepáticos (K75.0), coledocolitiasis (K80.5), colecistitis (K81.0), colangitis (K83.0) y sangrado digestivo (K92.2).
Complicaciones postoperatorias: Recurrencias postquirúrgicas digestivas (T81.4).","</think>

El CNDTCG atiende diagnósticos nosológicos relacionados con el cáncer gástrico y el cáncer colorrectal, entre otros, basándose en la clasificación CIE-10 de la OMS de 2021.",2.8723161009838805,1237,62,1299,open_ended,96.48888888888892,30.0,109.8,2584.687355324074,2584.58203125,2584.69140625,98.14285714285714,90.0,99.0,31708.0,31708.0,31708.0
2,DeepSeek-R1-Distill-Qwen-14B-F16,262,"Macroproceso Sustantivo de Atención de la Salud: Es su eje principal, participando en la promoción de la salud, prevención secundaria, recuperación y rehabilitación mediante programas de tamizaje, diagnóstico temprano, tratamiento quirúrgico y seguimiento clínico.
Macroprocesos Estratégicos: Se articula funcionalmente en gestión de la salud, planificación estratégica, aseguramiento de la calidad asistencial e investigación en salud.
Macroprocesos de Apoyo: Se apoya en ellos para su operación en gestión de talento humano, abastecimiento de insumos y materiales, mantenimiento de infraestructura, soporte tecnológico e informático, y gestión administrativa y financiera.","</think>

El CNDTCG opera alineado con el Mapa de Procesos Institucionales de la CCSS, contribuyendo específicamente al Macroproceso Sustantivo de Atención de la Salud. Se enfoca en áreas como promoción de salud, prevención secundaria, recuperación y rehabilitación, implementando programas de tamizaje, diagnóstico temprano, tratamiento quirúrgico y seguimiento clínico para personas con patologías gastrointestinales. Esta alineación asegura la estandarización, coherencia técnica y cumplimiento con la normativa institucional, permitiendo una evaluación continua y mejora en la prestación de servicios.",6.629060787032358,1419,154,1573,open_ended,99.80983606557383,79.9,109.8,2584.6935194672133,2584.5859375,2584.6953125,98.875,98.0,99.0,31708.0,31708.0,31708.0
2,DeepSeek-R1-Distill-Qwen-14B-F16,320,"Una lesión premaligna es una alteración patológica del tejido (como el del colon o el recto) que presenta un riesgo significativo de progresar a cáncer si no recibe tratamiento. Entre estas lesiones se incluyen principalmente los pólipos adenomatosos, la displasia y los pólipos serrados. Su identificación y eliminación oportuna mediante procedimientos endoscópicos es fundamental para prevenir el desarrollo de una neoplasia maligna.","</think>

Una lesión premaligna es una alteración en las células del tracto gastrointestinal que puede evolucionar hacia un cáncer si no es tratada oportunamente. Estas lesiones, aunque no son cancerosas en sí mismas, presentan características que las hacen más propensas a desarrollar malignidad. En el contexto proporcionado, se menciona que procedimientos como la resección submucosa endoscópica (ESD) son utilizados para tratar lesiones precancerosas o neoplasias superficiales del tracto gastrointestinal, especialmente en el estómago o colon. Por lo tanto, una lesión premaligna se refiere a estas alteraciones que requieren intervención médica para prevenir su progreso hacia el cáncer.",7.121548649040051,1473,169,1642,open_ended,98.75000000000009,10.0,109.8,2584.6936553030305,2584.5859375,2584.6953125,98.77142857142857,98.0,99.0,31708.0,31708.0,31708.0
2,DeepSeek-R1-Distill-Qwen-14B-F16,310,"El manejo posterior a un tratamiento curativo de cáncer colorrectal comprende vigilancia clínica, junto con vigilancia endoscópica para la detección de CCR metacrónico o recurrente.
    Sin colonoscopia preoperatoria completa: Se debe realizar una colonoscopia en los primeros 6 meses posteriores al tratamiento.
    Con colonoscopia preoperatoria completa (o tras el estudio de los 6 meses):
        Colonoscopia al 1 año de la cirugía o resección.
        Colonoscopia a los 3 años de la previa.
        Colonoscopia a los 5 años de la previa.","</think>

El manejo posterior a un tratamiento curativo de CCR incluye una vigilancia clínica y endoscópica. Se recomienda una colonoscopia de vigilancia después de la resección quirúrgica o endoscópica con intención curativa. Esta colonoscopia tiene como objetivo detectar recurrencias o metástasis, mejorar los alcances en la reducción de morbilidad y mortalidad por cáncer colorrectal. Además, se realiza un control bioquímico y de imágenes correspondiente, y se programa una estructura de controles periódicos según el riesgo clínico del paciente.",7.582323457929306,1516,140,1656,open_ended,99.80571428571439,89.9,109.8,2584.69375,2584.5859375,2584.6953125,98.28947368421052,74.0,100.0,31708.0,31708.0,31708.0
