bag_id,model,question_id,question_type,f1_token,acierto_binario,rouge1,rouge2,meteor,bertscore
0,Llama-3.1-8B-Instruct-Q4_K_M,23,yes_no,0.0,0.0,,,,
0,Llama-3.1-8B-Instruct-Q4_K_M,47,yes_no,1.0,1.0,,,,
0,Llama-3.1-8B-Instruct-Q4_K_M,1,yes_no,1.0,1.0,,,,
0,Llama-3.1-8B-Instruct-Q4_K_M,59,yes_no,1.0,1.0,,,,
0,Llama-3.1-8B-Instruct-Q4_K_M,84,yes_no,1.0,1.0,,,,
0,Llama-3.1-8B-Instruct-Q4_K_M,60,yes_no,1.0,1.0,,,,
0,Llama-3.1-8B-Instruct-Q4_K_M,98,yes_no,1.0,1.0,,,,
0,Llama-3.1-8B-Instruct-Q4_K_M,77,yes_no,1.0,1.0,,,,
0,Llama-3.1-8B-Instruct-Q4_K_M,54,yes_no,1.0,1.0,,,,
0,Llama-3.1-8B-Instruct-Q4_K_M,45,yes_no,1.0,1.0,,,,
0,Llama-3.1-8B-Instruct-Q4_K_M,13,yes_no,1.0,1.0,,,,
0,Llama-3.1-8B-Instruct-Q4_K_M,54,yes_no,1.0,1.0,,,,
0,Llama-3.1-8B-Instruct-Q4_K_M,89,yes_no,1.0,1.0,,,,
0,Llama-3.1-8B-Instruct-Q4_K_M,75,yes_no,1.0,1.0,,,,
0,Llama-3.1-8B-Instruct-Q4_K_M,18,yes_no,1.0,1.0,,,,
0,Llama-3.1-8B-Instruct-Q4_K_M,72,yes_no,1.0,1.0,,,,
0,Llama-3.1-8B-Instruct-Q4_K_M,42,yes_no,1.0,1.0,,,,
0,Llama-3.1-8B-Instruct-Q4_K_M,55,yes_no,1.0,1.0,,,,
0,Llama-3.1-8B-Instruct-Q4_K_M,9,yes_no,1.0,1.0,,,,
0,Llama-3.1-8B-Instruct-Q4_K_M,59,yes_no,1.0,1.0,,,,
0,Llama-3.1-8B-Instruct-Q4_K_M,13,yes_no,1.0,1.0,,,,
0,Llama-3.1-8B-Instruct-Q4_K_M,53,yes_no,1.0,1.0,,,,
0,Llama-3.1-8B-Instruct-Q4_K_M,24,yes_no,0.0,0.0,,,,
0,Llama-3.1-8B-Instruct-Q4_K_M,9,yes_no,1.0,1.0,,,,
0,Llama-3.1-8B-Instruct-Q4_K_M,93,yes_no,0.0,0.0,,,,
0,Llama-3.1-8B-Instruct-Q4_K_M,82,yes_no,1.0,1.0,,,,
0,Llama-3.1-8B-Instruct-Q4_K_M,44,yes_no,1.0,1.0,,,,
0,Llama-3.1-8B-Instruct-Q4_K_M,85,yes_no,1.0,1.0,,,,
0,Llama-3.1-8B-Instruct-Q4_K_M,70,yes_no,0.0,,,,,
0,Llama-3.1-8B-Instruct-Q4_K_M,54,yes_no,1.0,1.0,,,,
0,Llama-3.1-8B-Instruct-Q4_K_M,40,yes_no,1.0,1.0,,,,
0,Llama-3.1-8B-Instruct-Q4_K_M,54,yes_no,1.0,1.0,,,,
0,Llama-3.1-8B-Instruct-Q4_K_M,22,yes_no,1.0,1.0,,,,
0,Llama-3.1-8B-Instruct-Q4_K_M,7,yes_no,1.0,1.0,,,,
0,Llama-3.1-8B-Instruct-Q4_K_M,53,yes_no,1.0,1.0,,,,
0,Llama-3.1-8B-Instruct-Q4_K_M,66,yes_no,1.0,1.0,,,,
0,Llama-3.1-8B-Instruct-Q4_K_M,5,yes_no,1.0,1.0,,,,
0,Llama-3.1-8B-Instruct-Q4_K_M,94,yes_no,1.0,1.0,,,,
0,Llama-3.1-8B-Instruct-Q4_K_M,63,yes_no,1.0,1.0,,,,
0,Llama-3.1-8B-Instruct-Q4_K_M,4,yes_no,1.0,1.0,,,,
0,Llama-3.1-8B-Instruct-Q4_K_M,26,yes_no,1.0,1.0,,,,
0,Llama-3.1-8B-Instruct-Q4_K_M,99,yes_no,1.0,1.0,,,,
0,Llama-3.1-8B-Instruct-Q4_K_M,53,yes_no,1.0,1.0,,,,
0,Llama-3.1-8B-Instruct-Q4_K_M,70,yes_no,1.0,1.0,,,,
0,Llama-3.1-8B-Instruct-Q4_K_M,85,yes_no,1.0,1.0,,,,
0,Llama-3.1-8B-Instruct-Q4_K_M,54,yes_no,0.0,,,,,
0,Llama-3.1-8B-Instruct-Q4_K_M,28,yes_no,1.0,1.0,,,,
0,Llama-3.1-8B-Instruct-Q4_K_M,57,yes_no,1.0,1.0,,,,
0,Llama-3.1-8B-Instruct-Q4_K_M,27,yes_no,1.0,1.0,,,,
0,Llama-3.1-8B-Instruct-Q4_K_M,21,yes_no,1.0,1.0,,,,
0,Llama-3.1-8B-Instruct-Q4_K_M,63,yes_no,1.0,1.0,,,,
0,Llama-3.1-8B-Instruct-Q4_K_M,91,yes_no,1.0,1.0,,,,
0,Llama-3.1-8B-Instruct-Q4_K_M,39,yes_no,0.0,0.0,,,,
0,Llama-3.1-8B-Instruct-Q4_K_M,90,yes_no,1.0,1.0,,,,
0,Llama-3.1-8B-Instruct-Q4_K_M,37,yes_no,1.0,1.0,,,,
0,Llama-3.1-8B-Instruct-Q4_K_M,28,yes_no,1.0,1.0,,,,
0,Llama-3.1-8B-Instruct-Q4_K_M,44,yes_no,1.0,1.0,,,,
0,Llama-3.1-8B-Instruct-Q4_K_M,30,yes_no,1.0,1.0,,,,
0,Llama-3.1-8B-Instruct-Q4_K_M,52,yes_no,0.0,0.0,,,,
0,Llama-3.1-8B-Instruct-Q4_K_M,71,yes_no,1.0,1.0,,,,
0,Llama-3.1-8B-Instruct-Q4_K_M,92,yes_no,1.0,1.0,,,,
0,Llama-3.1-8B-Instruct-Q4_K_M,89,yes_no,1.0,1.0,,,,
0,Llama-3.1-8B-Instruct-Q4_K_M,81,yes_no,1.0,1.0,,,,
0,Llama-3.1-8B-Instruct-Q4_K_M,31,yes_no,1.0,1.0,,,,
0,Llama-3.1-8B-Instruct-Q4_K_M,39,yes_no,0.0,0.0,,,,
0,Llama-3.1-8B-Instruct-Q4_K_M,59,yes_no,1.0,1.0,,,,
0,Llama-3.1-8B-Instruct-Q4_K_M,54,yes_no,1.0,1.0,,,,
0,Llama-3.1-8B-Instruct-Q4_K_M,40,yes_no,1.0,1.0,,,,
0,Llama-3.1-8B-Instruct-Q4_K_M,31,yes_no,1.0,1.0,,,,
0,Llama-3.1-8B-Instruct-Q4_K_M,6,yes_no,0.0,,,,,
0,Llama-3.1-8B-Instruct-Q4_K_M,57,yes_no,1.0,1.0,,,,
0,Llama-3.1-8B-Instruct-Q4_K_M,24,yes_no,0.0,0.0,,,,
0,Llama-3.1-8B-Instruct-Q4_K_M,58,yes_no,1.0,1.0,,,,
0,Llama-3.1-8B-Instruct-Q4_K_M,68,yes_no,1.0,1.0,,,,
0,Llama-3.1-8B-Instruct-Q4_K_M,91,yes_no,1.0,1.0,,,,
0,Llama-3.1-8B-Instruct-Q4_K_M,74,yes_no,1.0,1.0,,,,
0,Llama-3.1-8B-Instruct-Q4_K_M,89,yes_no,1.0,1.0,,,,
0,Llama-3.1-8B-Instruct-Q4_K_M,51,yes_no,1.0,1.0,,,,
0,Llama-3.1-8B-Instruct-Q4_K_M,2,yes_no,0.0,0.0,,,,
0,Llama-3.1-8B-Instruct-Q4_K_M,38,yes_no,1.0,1.0,,,,
0,Llama-3.1-8B-Instruct-Q4_K_M,4,yes_no,1.0,1.0,,,,
0,Llama-3.1-8B-Instruct-Q4_K_M,91,yes_no,1.0,1.0,,,,
0,Llama-3.1-8B-Instruct-Q4_K_M,36,yes_no,0.0,0.0,,,,
0,Llama-3.1-8B-Instruct-Q4_K_M,29,yes_no,1.0,1.0,,,,
0,Llama-3.1-8B-Instruct-Q4_K_M,35,yes_no,0.0,0.0,,,,
0,Llama-3.1-8B-Instruct-Q4_K_M,73,yes_no,1.0,1.0,,,,
0,Llama-3.1-8B-Instruct-Q4_K_M,73,yes_no,1.0,1.0,,,,
0,Llama-3.1-8B-Instruct-Q4_K_M,65,yes_no,1.0,1.0,,,,
0,Llama-3.1-8B-Instruct-Q4_K_M,75,yes_no,1.0,1.0,,,,
0,Llama-3.1-8B-Instruct-Q4_K_M,24,yes_no,0.0,0.0,,,,
0,Llama-3.1-8B-Instruct-Q4_K_M,80,yes_no,1.0,1.0,,,,
0,Llama-3.1-8B-Instruct-Q4_K_M,8,yes_no,0.0,0.0,,,,
0,Llama-3.1-8B-Instruct-Q4_K_M,55,yes_no,1.0,1.0,,,,
0,Llama-3.1-8B-Instruct-Q4_K_M,94,yes_no,1.0,1.0,,,,
0,Llama-3.1-8B-Instruct-Q4_K_M,80,yes_no,1.0,1.0,,,,
0,Llama-3.1-8B-Instruct-Q4_K_M,62,yes_no,1.0,1.0,,,,
0,Llama-3.1-8B-Instruct-Q4_K_M,2,yes_no,0.0,0.0,,,,
0,Llama-3.1-8B-Instruct-Q4_K_M,15,yes_no,1.0,1.0,,,,
0,Llama-3.1-8B-Instruct-Q4_K_M,66,yes_no,1.0,1.0,,,,
0,Llama-3.1-8B-Instruct-Q4_K_M,92,yes_no,1.0,1.0,,,,
0,Llama-3.1-8B-Instruct-Q4_K_M,185,short_answer,0.0,,,,,
0,Llama-3.1-8B-Instruct-Q4_K_M,119,short_answer,0.0,,,,,
0,Llama-3.1-8B-Instruct-Q4_K_M,146,short_answer,0.056603773584905655,,,,,
0,Llama-3.1-8B-Instruct-Q4_K_M,192,short_answer,0.0,,,,,
0,Llama-3.1-8B-Instruct-Q4_K_M,176,short_answer,0.02127659574468085,,,,,
0,Llama-3.1-8B-Instruct-Q4_K_M,173,short_answer,0.0,,,,,
0,Llama-3.1-8B-Instruct-Q4_K_M,178,short_answer,0.0625,,,,,
0,Llama-3.1-8B-Instruct-Q4_K_M,192,short_answer,0.0,,,,,
0,Llama-3.1-8B-Instruct-Q4_K_M,111,short_answer,0.023255813953488372,,,,,
0,Llama-3.1-8B-Instruct-Q4_K_M,159,short_answer,0.024096385542168676,,,,,
0,Llama-3.1-8B-Instruct-Q4_K_M,196,short_answer,0.0,,,,,
0,Llama-3.1-8B-Instruct-Q4_K_M,198,short_answer,0.03636363636363636,,,,,
0,Llama-3.1-8B-Instruct-Q4_K_M,130,short_answer,0.018181818181818184,,,,,
0,Llama-3.1-8B-Instruct-Q4_K_M,156,short_answer,0.0,,,,,
0,Llama-3.1-8B-Instruct-Q4_K_M,157,short_answer,0.043010752688172046,,,,,
0,Llama-3.1-8B-Instruct-Q4_K_M,118,short_answer,0.0,,,,,
0,Llama-3.1-8B-Instruct-Q4_K_M,175,short_answer,0.0,,,,,
0,Llama-3.1-8B-Instruct-Q4_K_M,185,short_answer,0.0,,,,,
0,Llama-3.1-8B-Instruct-Q4_K_M,130,short_answer,0.023255813953488372,,,,,
0,Llama-3.1-8B-Instruct-Q4_K_M,131,short_answer,0.04411764705882353,,,,,
0,Llama-3.1-8B-Instruct-Q4_K_M,139,short_answer,0.05405405405405406,,,,,
0,Llama-3.1-8B-Instruct-Q4_K_M,149,short_answer,0.03703703703703703,,,,,
0,Llama-3.1-8B-Instruct-Q4_K_M,133,short_answer,0.01941747572815534,,,,,
0,Llama-3.1-8B-Instruct-Q4_K_M,182,short_answer,0.02105263157894737,,,,,
0,Llama-3.1-8B-Instruct-Q4_K_M,154,short_answer,0.07142857142857144,,,,,
0,Llama-3.1-8B-Instruct-Q4_K_M,186,short_answer,0.02173913043478261,,,,,
0,Llama-3.1-8B-Instruct-Q4_K_M,145,short_answer,0.025641025641025637,,,,,
0,Llama-3.1-8B-Instruct-Q4_K_M,168,short_answer,0.019801980198019806,,,,,
0,Llama-3.1-8B-Instruct-Q4_K_M,112,short_answer,0.0,,,,,
0,Llama-3.1-8B-Instruct-Q4_K_M,164,short_answer,0.020618556701030924,,,,,
0,Llama-3.1-8B-Instruct-Q4_K_M,157,short_answer,0.019417475728155335,,,,,
0,Llama-3.1-8B-Instruct-Q4_K_M,122,short_answer,0.022222222222222223,,,,,
0,Llama-3.1-8B-Instruct-Q4_K_M,106,short_answer,0.14736842105263157,,,,,
0,Llama-3.1-8B-Instruct-Q4_K_M,188,short_answer,0.03361344537815126,,,,,
0,Llama-3.1-8B-Instruct-Q4_K_M,181,short_answer,0.019801980198019806,,,,,
0,Llama-3.1-8B-Instruct-Q4_K_M,151,short_answer,0.07766990291262135,,,,,
0,Llama-3.1-8B-Instruct-Q4_K_M,137,short_answer,0.01785714285714286,,,,,
0,Llama-3.1-8B-Instruct-Q4_K_M,101,short_answer,0.0,,,,,
0,Llama-3.1-8B-Instruct-Q4_K_M,117,short_answer,0.019801980198019806,,,,,
0,Llama-3.1-8B-Instruct-Q4_K_M,140,short_answer,0.0,,,,,
0,Llama-3.1-8B-Instruct-Q4_K_M,113,short_answer,0.0,,,,,
0,Llama-3.1-8B-Instruct-Q4_K_M,163,short_answer,0.04081632653061224,,,,,
0,Llama-3.1-8B-Instruct-Q4_K_M,197,short_answer,0.019801980198019806,,,,,
0,Llama-3.1-8B-Instruct-Q4_K_M,155,short_answer,0.0,,,,,
0,Llama-3.1-8B-Instruct-Q4_K_M,132,short_answer,0.03773584905660377,,,,,
0,Llama-3.1-8B-Instruct-Q4_K_M,145,short_answer,0.0,,,,,
0,Llama-3.1-8B-Instruct-Q4_K_M,154,short_answer,0.06,,,,,
0,Llama-3.1-8B-Instruct-Q4_K_M,182,short_answer,0.021978021978021976,,,,,
0,Llama-3.1-8B-Instruct-Q4_K_M,176,short_answer,0.0,,,,,
0,Llama-3.1-8B-Instruct-Q4_K_M,105,short_answer,0.037383177570093455,,,,,
0,Llama-3.1-8B-Instruct-Q4_K_M,104,short_answer,0.020833333333333336,,,,,
0,Llama-3.1-8B-Instruct-Q4_K_M,145,short_answer,0.0,,,,,
0,Llama-3.1-8B-Instruct-Q4_K_M,180,short_answer,0.0,,,,,
0,Llama-3.1-8B-Instruct-Q4_K_M,146,short_answer,0.09803921568627451,,,,,
0,Llama-3.1-8B-Instruct-Q4_K_M,145,short_answer,0.0,,,,,
0,Llama-3.1-8B-Instruct-Q4_K_M,108,short_answer,0.01785714285714286,,,,,
0,Llama-3.1-8B-Instruct-Q4_K_M,136,short_answer,0.0,,,,,
0,Llama-3.1-8B-Instruct-Q4_K_M,151,short_answer,0.13043478260869565,,,,,
0,Llama-3.1-8B-Instruct-Q4_K_M,133,short_answer,0.037037037037037035,,,,,
0,Llama-3.1-8B-Instruct-Q4_K_M,186,short_answer,0.0392156862745098,,,,,
0,Llama-3.1-8B-Instruct-Q4_K_M,110,short_answer,0.0,,,,,
0,Llama-3.1-8B-Instruct-Q4_K_M,146,short_answer,0.0,,,,,
0,Llama-3.1-8B-Instruct-Q4_K_M,133,short_answer,0.06451612903225806,,,,,
0,Llama-3.1-8B-Instruct-Q4_K_M,160,short_answer,0.0,,,,,
0,Llama-3.1-8B-Instruct-Q4_K_M,144,short_answer,0.07339449541284403,,,,,
0,Llama-3.1-8B-Instruct-Q4_K_M,162,short_answer,0.0,,,,,
0,Llama-3.1-8B-Instruct-Q4_K_M,146,short_answer,0.06451612903225806,,,,,
0,Llama-3.1-8B-Instruct-Q4_K_M,172,short_answer,0.0,,,,,
0,Llama-3.1-8B-Instruct-Q4_K_M,127,short_answer,0.03960396039603961,,,,,
0,Llama-3.1-8B-Instruct-Q4_K_M,106,short_answer,0.03846153846153846,,,,,
0,Llama-3.1-8B-Instruct-Q4_K_M,146,short_answer,0.0425531914893617,,,,,
0,Llama-3.1-8B-Instruct-Q4_K_M,101,short_answer,0.0,,,,,
0,Llama-3.1-8B-Instruct-Q4_K_M,177,short_answer,0.02083333333333334,,,,,
0,Llama-3.1-8B-Instruct-Q4_K_M,192,short_answer,0.0,,,,,
0,Llama-3.1-8B-Instruct-Q4_K_M,139,short_answer,0.0625,,,,,
0,Llama-3.1-8B-Instruct-Q4_K_M,129,short_answer,0.0,,,,,
0,Llama-3.1-8B-Instruct-Q4_K_M,105,short_answer,0.09756097560975609,,,,,
0,Llama-3.1-8B-Instruct-Q4_K_M,193,short_answer,0.0,,,,,
0,Llama-3.1-8B-Instruct-Q4_K_M,133,short_answer,0.058823529411764705,,,,,
0,Llama-3.1-8B-Instruct-Q4_K_M,180,short_answer,0.0,,,,,
0,Llama-3.1-8B-Instruct-Q4_K_M,169,short_answer,0.022727272727272724,,,,,
0,Llama-3.1-8B-Instruct-Q4_K_M,148,short_answer,0.0,,,,,
0,Llama-3.1-8B-Instruct-Q4_K_M,135,short_answer,0.0425531914893617,,,,,
0,Llama-3.1-8B-Instruct-Q4_K_M,182,short_answer,0.020202020202020204,,,,,
0,Llama-3.1-8B-Instruct-Q4_K_M,195,short_answer,0.02197802197802198,,,,,
0,Llama-3.1-8B-Instruct-Q4_K_M,185,short_answer,0.0,,,,,
0,Llama-3.1-8B-Instruct-Q4_K_M,158,short_answer,0.0,,,,,
0,Llama-3.1-8B-Instruct-Q4_K_M,108,short_answer,0.024096385542168672,,,,,
0,Llama-3.1-8B-Instruct-Q4_K_M,156,short_answer,0.0,,,,,
0,Llama-3.1-8B-Instruct-Q4_K_M,198,short_answer,0.06060606060606061,,,,,
0,Llama-3.1-8B-Instruct-Q4_K_M,102,short_answer,0.02298850574712644,,,,,
0,Llama-3.1-8B-Instruct-Q4_K_M,159,short_answer,0.03508771929824561,,,,,
0,Llama-3.1-8B-Instruct-Q4_K_M,137,short_answer,0.020408163265306124,,,,,
0,Llama-3.1-8B-Instruct-Q4_K_M,140,short_answer,0.019999999999999997,,,,,
0,Llama-3.1-8B-Instruct-Q4_K_M,137,short_answer,0.021505376344086023,,,,,
0,Llama-3.1-8B-Instruct-Q4_K_M,120,short_answer,0.01869158878504673,,,,,
0,Llama-3.1-8B-Instruct-Q4_K_M,123,short_answer,0.0,,,,,
0,Llama-3.1-8B-Instruct-Q4_K_M,104,short_answer,0.020833333333333336,,,,,
0,Llama-3.1-8B-Instruct-Q4_K_M,109,short_answer,0.019230769230769232,,,,,
0,Llama-3.1-8B-Instruct-Q4_K_M,136,short_answer,0.0,,,,,
0,Llama-3.1-8B-Instruct-Q4_K_M,270,open_ended,,,0.2028985507246377,0.05825242718446602,0.19855595667870038,0.6794702410697937
0,Llama-3.1-8B-Instruct-Q4_K_M,276,open_ended,,,0.25757575757575757,0.09644670050761421,0.27040746481643374,0.6921616196632385
0,Llama-3.1-8B-Instruct-Q4_K_M,261,open_ended,,,0.23132530120481928,0.07263922518159806,0.21787736063440657,0.6728185415267944
0,Llama-3.1-8B-Instruct-Q4_K_M,242,open_ended,,,0.31262525050100204,0.08853118712273642,0.22696602140354266,0.6752994060516357
0,Llama-3.1-8B-Instruct-Q4_K_M,266,open_ended,,,0.19839142091152814,0.026954177897574125,0.20276497695852538,0.6933603882789612
0,Llama-3.1-8B-Instruct-Q4_K_M,253,open_ended,,,0.39207920792079204,0.13518886679920478,0.28313108041123636,0.6822349429130554
0,Llama-3.1-8B-Instruct-Q4_K_M,291,open_ended,,,0.26041666666666674,0.06282722513089005,0.19890008446182386,0.5750941038131714
0,Llama-3.1-8B-Instruct-Q4_K_M,288,open_ended,,,0.16877637130801687,0.03389830508474576,0.09768637532133675,0.6055619716644287
0,Llama-3.1-8B-Instruct-Q4_K_M,208,open_ended,,,0.2920110192837465,0.04432132963988919,0.16169532655305976,0.6100592613220215
0,Llama-3.1-8B-Instruct-Q4_K_M,234,open_ended,,,0.3850267379679144,0.08944543828264757,0.2445728899165243,0.6861459016799927
0,Llama-3.1-8B-Instruct-Q4_K_M,286,open_ended,,,0.22362869198312235,0.02966101694915254,0.17414403778040144,0.6387421488761902
0,Llama-3.1-8B-Instruct-Q4_K_M,286,open_ended,,,0.24789915966386558,0.029535864978902947,0.21263809627375296,0.6558015942573547
0,Llama-3.1-8B-Instruct-Q4_K_M,223,open_ended,,,0.3710247349823322,0.07801418439716312,0.2380261211280629,0.6399904489517212
0,Llama-3.1-8B-Instruct-Q4_K_M,206,open_ended,,,0.2573099415204679,0.0273972602739726,0.1938726663475347,0.6533800363540649
0,Llama-3.1-8B-Instruct-Q4_K_M,203,open_ended,,,0.3137254901960785,0.061269146608315096,0.21990240028423044,0.6427738666534424
0,Llama-3.1-8B-Instruct-Q4_K_M,201,open_ended,,,0.20942408376963348,0.03157894736842105,0.17702576170999001,0.6087692975997925
0,Llama-3.1-8B-Instruct-Q4_K_M,274,open_ended,,,0.17500000000000002,0.045226130653266326,0.18817204301075272,0.6565946340560913
0,Llama-3.1-8B-Instruct-Q4_K_M,245,open_ended,,,0.37241379310344824,0.05536332179930796,0.21954369349978478,0.669305145740509
0,Llama-3.1-8B-Instruct-Q4_K_M,226,open_ended,,,0.3065693430656934,0.06593406593406592,0.20204366000928936,0.6913952827453613
0,Llama-3.1-8B-Instruct-Q4_K_M,222,open_ended,,,0.3379721669980119,0.059880239520958084,0.20549250339707395,0.6252100467681885
0,Llama-3.1-8B-Instruct-Q4_K_M,249,open_ended,,,0.4429065743944637,0.1388888888888889,0.28605138999572666,0.6714317798614502
0,Llama-3.1-8B-Instruct-Q4_K_M,216,open_ended,,,0.1076923076923077,0.015463917525773195,0.15994436717663424,0.6737282872200012
0,Llama-3.1-8B-Instruct-Q4_K_M,242,open_ended,,,0.36116504854368925,0.1286549707602339,0.2743240479671401,0.6973015666007996
0,Llama-3.1-8B-Instruct-Q4_K_M,229,open_ended,,,0.28625235404896426,0.04158790170132325,0.175513698630137,0.6351505517959595
0,Llama-3.1-8B-Instruct-Q4_K_M,299,open_ended,,,0.18803418803418806,0.04584527220630373,0.14357230828584996,0.6455342173576355
0,Llama-3.1-8B-Instruct-Q4_K_M,211,open_ended,,,0.2653061224489796,0.04098360655737704,0.186175569425306,0.6265749335289001
0,Llama-3.1-8B-Instruct-Q4_K_M,293,open_ended,,,0.25,0.027397260273972605,0.2064981327204826,0.6730738878250122
0,Llama-3.1-8B-Instruct-Q4_K_M,215,open_ended,,,0.28683693516699416,0.047337278106508875,0.20821448944666288,0.6432017683982849
0,Llama-3.1-8B-Instruct-Q4_K_M,278,open_ended,,,0.14868105515587532,0.033734939759036145,0.19858977587509447,0.639915943145752
0,Llama-3.1-8B-Instruct-Q4_K_M,281,open_ended,,,0.35833333333333334,0.09623430962343095,0.24378996296010685,0.6726955771446228
0,Llama-3.1-8B-Instruct-Q4_K_M,254,open_ended,,,0.3046092184368738,0.06438631790744467,0.20398267250904406,0.6582406759262085
0,Llama-3.1-8B-Instruct-Q4_K_M,251,open_ended,,,0.4512195121951219,0.17142857142857143,0.29428543033194193,0.6939905285835266
0,Llama-3.1-8B-Instruct-Q4_K_M,282,open_ended,,,0.2239185750636132,0.04092071611253197,0.13462976813762154,0.6222545504570007
0,Llama-3.1-8B-Instruct-Q4_K_M,213,open_ended,,,0.3436293436293436,0.05426356589147287,0.23729617406185063,0.6635799407958984
0,Llama-3.1-8B-Instruct-Q4_K_M,254,open_ended,,,0.2954091816367265,0.08016032064128256,0.1746276322547509,0.6506834030151367
0,Llama-3.1-8B-Instruct-Q4_K_M,230,open_ended,,,0.32719836400818,0.08213552361396304,0.2045187221766712,0.6698266267776489
0,Llama-3.1-8B-Instruct-Q4_K_M,243,open_ended,,,0.31559633027522943,0.04788213627992634,0.1560249639942391,0.6080268621444702
0,Llama-3.1-8B-Instruct-Q4_K_M,220,open_ended,,,0.285024154589372,0.05339805825242719,0.2282453637660485,0.6294583082199097
0,Llama-3.1-8B-Instruct-Q4_K_M,264,open_ended,,,0.09336609336609338,0.009876543209876543,0.07153614457831324,0.5885886549949646
0,Llama-3.1-8B-Instruct-Q4_K_M,215,open_ended,,,0.3256880733944954,0.06451612903225806,0.2262237591934148,0.6437809467315674
0,Llama-3.1-8B-Instruct-Q4_K_M,201,open_ended,,,0.2857142857142857,0.013377926421404682,0.20815986677768528,0.6050477027893066
0,Llama-3.1-8B-Instruct-Q4_K_M,215,open_ended,,,0.28930817610062887,0.06315789473684211,0.24144171208674875,0.6638981103897095
0,Llama-3.1-8B-Instruct-Q4_K_M,218,open_ended,,,0.2904564315352697,0.04583333333333333,0.19798372088924462,0.6308680176734924
0,Llama-3.1-8B-Instruct-Q4_K_M,249,open_ended,,,0.36986301369863017,0.09621993127147765,0.255863539445629,0.6454067826271057
0,Llama-3.1-8B-Instruct-Q4_K_M,295,open_ended,,,0.32051282051282054,0.07725321888412016,0.23558863069864458,0.6687700748443604
0,Llama-3.1-8B-Instruct-Q4_K_M,245,open_ended,,,0.33392539964476026,0.0427807486631016,0.22039833047945204,0.6577162146568298
0,Llama-3.1-8B-Instruct-Q4_K_M,252,open_ended,,,0.24358974358974358,0.02145922746781116,0.16489361702127664,0.6375775337219238
0,Llama-3.1-8B-Instruct-Q4_K_M,277,open_ended,,,0.10824742268041235,0.010362694300518135,0.13862332695984705,0.6372452974319458
0,Llama-3.1-8B-Instruct-Q4_K_M,246,open_ended,,,0.29695885509839,0.0466786355475763,0.2133620689655172,0.6568707227706909
0,Llama-3.1-8B-Instruct-Q4_K_M,280,open_ended,,,0.2915717539863326,0.07780320366132723,0.25176702652249777,0.6764227747917175
0,Llama-3.1-8B-Instruct-Q4_K_M,274,open_ended,,,0.20689655172413793,0.04266666666666667,0.23434289471521333,0.637945294380188
0,Llama-3.1-8B-Instruct-Q4_K_M,299,open_ended,,,0.13068181818181818,0.011428571428571429,0.1050420168067227,0.6087734699249268
0,Llama-3.1-8B-Instruct-Q4_K_M,289,open_ended,,,0.21238938053097342,0.04888888888888889,0.18328321385084667,0.6475500464439392
0,Llama-3.1-8B-Instruct-Q4_K_M,214,open_ended,,,0.36210526315789476,0.08456659619450317,0.2284938451631807,0.6511768102645874
0,Llama-3.1-8B-Instruct-Q4_K_M,214,open_ended,,,0.3157894736842105,0.05691056910569105,0.19730906487045724,0.6664499044418335
0,Llama-3.1-8B-Instruct-Q4_K_M,219,open_ended,,,0.2813102119460501,0.027079303675048353,0.19948849104859337,0.646038830280304
0,Llama-3.1-8B-Instruct-Q4_K_M,292,open_ended,,,0.20869565217391303,0.05830903790087464,0.1662943071965628,0.5748383402824402
0,Llama-3.1-8B-Instruct-Q4_K_M,251,open_ended,,,0.2512562814070352,0.09595959595959597,0.14099179542925178,0.6350494623184204
0,Llama-3.1-8B-Instruct-Q4_K_M,250,open_ended,,,0.2495274102079395,0.04174573055028463,0.16714422158548234,0.6433572769165039
0,Llama-3.1-8B-Instruct-Q4_K_M,242,open_ended,,,0.22580645161290322,0.03703703703703704,0.13671875000000003,0.6173513531684875
0,Llama-3.1-8B-Instruct-Q4_K_M,208,open_ended,,,0.29568788501026694,0.05360824742268041,0.2102485916337049,0.6411777138710022
0,Llama-3.1-8B-Instruct-Q4_K_M,235,open_ended,,,0.25594149908592323,0.03669724770642201,0.17487046632124353,0.6425447463989258
0,Llama-3.1-8B-Instruct-Q4_K_M,270,open_ended,,,0.20565552699228787,0.05167958656330749,0.19160583941605838,0.6709827780723572
0,Llama-3.1-8B-Instruct-Q4_K_M,213,open_ended,,,0.29457364341085274,0.038910505836575876,0.1971742005420054,0.6071376204490662
0,Llama-3.1-8B-Instruct-Q4_K_M,249,open_ended,,,0.4014209591474245,0.09982174688057041,0.2678315599487453,0.6804548501968384
0,Llama-3.1-8B-Instruct-Q4_K_M,281,open_ended,,,0.2913907284768211,0.048780487804878044,0.20013609541106311,0.6513189077377319
0,Llama-3.1-8B-Instruct-Q4_K_M,214,open_ended,,,0.3346153846153846,0.0501930501930502,0.2051047816925512,0.6540392637252808
0,Llama-3.1-8B-Instruct-Q4_K_M,252,open_ended,,,0.2361111111111111,0.032558139534883714,0.172322375397667,0.6480553150177002
0,Llama-3.1-8B-Instruct-Q4_K_M,278,open_ended,,,0.15463917525773196,0.025906735751295335,0.18139534883720934,0.6443820595741272
0,Llama-3.1-8B-Instruct-Q4_K_M,295,open_ended,,,0.3347457627118644,0.05531914893617021,0.20686909217468497,0.6736963391304016
0,Llama-3.1-8B-Instruct-Q4_K_M,212,open_ended,,,0.3155818540433925,0.039603960396039604,0.23812897750584044,0.6712014079093933
0,Llama-3.1-8B-Instruct-Q4_K_M,265,open_ended,,,0.24908424908424912,0.051660516605166046,0.21841110852291842,0.6536583304405212
0,Llama-3.1-8B-Instruct-Q4_K_M,232,open_ended,,,0.27184466019417475,0.04288499025341131,0.13163766175814368,0.6036433577537537
0,Llama-3.1-8B-Instruct-Q4_K_M,282,open_ended,,,0.1226993865030675,0.012345679012345678,0.10105092966855296,0.5801843404769897
0,Llama-3.1-8B-Instruct-Q4_K_M,208,open_ended,,,0.2933884297520661,0.062240663900414946,0.22099896725593826,0.6670708656311035
0,Llama-3.1-8B-Instruct-Q4_K_M,291,open_ended,,,0.21409921671018275,0.04199475065616798,0.16849146511746946,0.6241000294685364
0,Llama-3.1-8B-Instruct-Q4_K_M,290,open_ended,,,0.23383084577114427,0.039999999999999994,0.2348475993983251,0.6590918302536011
0,Llama-3.1-8B-Instruct-Q4_K_M,280,open_ended,,,0.26976744186046514,0.04672897196261682,0.20623087212324534,0.6509518623352051
0,Llama-3.1-8B-Instruct-Q4_K_M,280,open_ended,,,0.3170731707317073,0.07361963190184048,0.24631109702490045,0.6957341432571411
0,Llama-3.1-8B-Instruct-Q4_K_M,282,open_ended,,,0.19753086419753085,0.01488833746898263,0.15808346299122494,0.5941218733787537
0,Llama-3.1-8B-Instruct-Q4_K_M,262,open_ended,,,0.2216494845360825,0.020725388601036267,0.2106620808254514,0.6513853669166565
0,Llama-3.1-8B-Instruct-Q4_K_M,262,open_ended,,,0.20485175202156333,0.021680216802168025,0.20034843205574912,0.644868791103363
0,Llama-3.1-8B-Instruct-Q4_K_M,298,open_ended,,,0.15902140672782875,0.05538461538461538,0.18904823989569758,0.634745717048645
0,Llama-3.1-8B-Instruct-Q4_K_M,254,open_ended,,,0.2245762711864407,0.03829787234042553,0.15112704918032788,0.6486509442329407
0,Llama-3.1-8B-Instruct-Q4_K_M,255,open_ended,,,0.06006006006006006,0.03625377643504532,0.1933838051349573,0.6472060680389404
0,Llama-3.1-8B-Instruct-Q4_K_M,240,open_ended,,,0.2918454935622317,0.038793103448275856,0.2041492630962076,0.6437795758247375
0,Llama-3.1-8B-Instruct-Q4_K_M,280,open_ended,,,0.2606741573033708,0.040632054176072234,0.22930762198546215,0.6636189818382263
0,Llama-3.1-8B-Instruct-Q4_K_M,273,open_ended,,,0.21164021164021163,0.07446808510638298,0.19880715705765412,0.6441605687141418
0,Llama-3.1-8B-Instruct-Q4_K_M,300,open_ended,,,0.3916349809885931,0.09923664122137403,0.22575013345562142,0.6896687746047974
0,Llama-3.1-8B-Instruct-Q4_K_M,272,open_ended,,,0.16338028169014082,0.062322946175637384,0.24561501948349634,0.6680889129638672
0,Llama-3.1-8B-Instruct-Q4_K_M,296,open_ended,,,0.4230769230769231,0.10089020771513353,0.24106525160937625,0.7157467007637024
0,Llama-3.1-8B-Instruct-Q4_K_M,237,open_ended,,,0.27731092436974786,0.02531645569620253,0.20040005458592547,0.6402461528778076
0,Llama-3.1-8B-Instruct-Q4_K_M,262,open_ended,,,0.22058823529411764,0.04433497536945813,0.22031978385717035,0.6603163480758667
0,Llama-3.1-8B-Instruct-Q4_K_M,292,open_ended,,,0.26256983240223464,0.06741573033707865,0.21849890984582626,0.6065753102302551
0,Llama-3.1-8B-Instruct-Q4_K_M,219,open_ended,,,0.253358925143954,0.030828516377649325,0.18766066838046272,0.6422572731971741
0,Llama-3.1-8B-Instruct-Q4_K_M,259,open_ended,,,0.3572815533980582,0.0935672514619883,0.2741080715714771,0.7118025422096252
0,Llama-3.1-8B-Instruct-Q4_K_M,210,open_ended,,,0.2988505747126437,0.07852193995381063,0.2537668517049961,0.6923338770866394
0,Llama-3.1-8B-Instruct-Q4_K_M,205,open_ended,,,0.25769230769230766,0.03861003861003861,0.1846153846153846,0.6561806797981262
0,Llama-3.1-8B-Instruct-Q4_K_M,248,open_ended,,,0.38846153846153847,0.09266409266409266,0.2681185354609491,0.6607787013053894
0,Llama-3.1-8B-Instruct-Q4_K_M,219,open_ended,,,0.2975206611570248,0.04979253112033195,0.17063081695966908,0.6247673630714417
1,Llama-3.1-8B-Instruct-Q4_K_M,12,yes_no,1.0,1.0,,,,
1,Llama-3.1-8B-Instruct-Q4_K_M,34,yes_no,0.0,0.0,,,,
1,Llama-3.1-8B-Instruct-Q4_K_M,27,yes_no,1.0,1.0,,,,
1,Llama-3.1-8B-Instruct-Q4_K_M,1,yes_no,1.0,1.0,,,,
1,Llama-3.1-8B-Instruct-Q4_K_M,91,yes_no,1.0,1.0,,,,
1,Llama-3.1-8B-Instruct-Q4_K_M,3,yes_no,1.0,1.0,,,,
1,Llama-3.1-8B-Instruct-Q4_K_M,75,yes_no,1.0,1.0,,,,
1,Llama-3.1-8B-Instruct-Q4_K_M,68,yes_no,1.0,1.0,,,,
1,Llama-3.1-8B-Instruct-Q4_K_M,2,yes_no,0.0,0.0,,,,
1,Llama-3.1-8B-Instruct-Q4_K_M,7,yes_no,1.0,1.0,,,,
1,Llama-3.1-8B-Instruct-Q4_K_M,83,yes_no,1.0,1.0,,,,
1,Llama-3.1-8B-Instruct-Q4_K_M,45,yes_no,1.0,1.0,,,,
1,Llama-3.1-8B-Instruct-Q4_K_M,83,yes_no,1.0,1.0,,,,
1,Llama-3.1-8B-Instruct-Q4_K_M,93,yes_no,0.0,0.0,,,,
1,Llama-3.1-8B-Instruct-Q4_K_M,28,yes_no,1.0,1.0,,,,
1,Llama-3.1-8B-Instruct-Q4_K_M,57,yes_no,1.0,1.0,,,,
1,Llama-3.1-8B-Instruct-Q4_K_M,95,yes_no,1.0,1.0,,,,
1,Llama-3.1-8B-Instruct-Q4_K_M,77,yes_no,1.0,1.0,,,,
1,Llama-3.1-8B-Instruct-Q4_K_M,86,yes_no,1.0,1.0,,,,
1,Llama-3.1-8B-Instruct-Q4_K_M,73,yes_no,1.0,1.0,,,,
1,Llama-3.1-8B-Instruct-Q4_K_M,50,yes_no,1.0,1.0,,,,
1,Llama-3.1-8B-Instruct-Q4_K_M,69,yes_no,1.0,1.0,,,,
1,Llama-3.1-8B-Instruct-Q4_K_M,45,yes_no,1.0,1.0,,,,
1,Llama-3.1-8B-Instruct-Q4_K_M,1,yes_no,1.0,1.0,,,,
1,Llama-3.1-8B-Instruct-Q4_K_M,52,yes_no,0.0,0.0,,,,
1,Llama-3.1-8B-Instruct-Q4_K_M,84,yes_no,1.0,1.0,,,,
1,Llama-3.1-8B-Instruct-Q4_K_M,100,yes_no,1.0,1.0,,,,
1,Llama-3.1-8B-Instruct-Q4_K_M,65,yes_no,1.0,1.0,,,,
1,Llama-3.1-8B-Instruct-Q4_K_M,31,yes_no,1.0,1.0,,,,
1,Llama-3.1-8B-Instruct-Q4_K_M,30,yes_no,1.0,1.0,,,,
1,Llama-3.1-8B-Instruct-Q4_K_M,50,yes_no,1.0,1.0,,,,
1,Llama-3.1-8B-Instruct-Q4_K_M,6,yes_no,0.0,0.0,,,,
1,Llama-3.1-8B-Instruct-Q4_K_M,65,yes_no,1.0,1.0,,,,
1,Llama-3.1-8B-Instruct-Q4_K_M,7,yes_no,1.0,1.0,,,,
1,Llama-3.1-8B-Instruct-Q4_K_M,70,yes_no,1.0,1.0,,,,
1,Llama-3.1-8B-Instruct-Q4_K_M,31,yes_no,1.0,1.0,,,,
1,Llama-3.1-8B-Instruct-Q4_K_M,84,yes_no,1.0,1.0,,,,
1,Llama-3.1-8B-Instruct-Q4_K_M,18,yes_no,1.0,1.0,,,,
1,Llama-3.1-8B-Instruct-Q4_K_M,87,yes_no,1.0,1.0,,,,
1,Llama-3.1-8B-Instruct-Q4_K_M,71,yes_no,1.0,1.0,,,,
1,Llama-3.1-8B-Instruct-Q4_K_M,66,yes_no,1.0,1.0,,,,
1,Llama-3.1-8B-Instruct-Q4_K_M,47,yes_no,1.0,1.0,,,,
1,Llama-3.1-8B-Instruct-Q4_K_M,59,yes_no,1.0,1.0,,,,
1,Llama-3.1-8B-Instruct-Q4_K_M,23,yes_no,0.0,0.0,,,,
1,Llama-3.1-8B-Instruct-Q4_K_M,14,yes_no,1.0,1.0,,,,
1,Llama-3.1-8B-Instruct-Q4_K_M,88,yes_no,1.0,1.0,,,,
1,Llama-3.1-8B-Instruct-Q4_K_M,38,yes_no,1.0,1.0,,,,
1,Llama-3.1-8B-Instruct-Q4_K_M,93,yes_no,0.0,0.0,,,,
1,Llama-3.1-8B-Instruct-Q4_K_M,13,yes_no,1.0,1.0,,,,
1,Llama-3.1-8B-Instruct-Q4_K_M,12,yes_no,1.0,1.0,,,,
1,Llama-3.1-8B-Instruct-Q4_K_M,3,yes_no,1.0,1.0,,,,
1,Llama-3.1-8B-Instruct-Q4_K_M,98,yes_no,1.0,1.0,,,,
1,Llama-3.1-8B-Instruct-Q4_K_M,12,yes_no,1.0,1.0,,,,
1,Llama-3.1-8B-Instruct-Q4_K_M,70,yes_no,0.0,,,,,
1,Llama-3.1-8B-Instruct-Q4_K_M,35,yes_no,1.0,1.0,,,,
1,Llama-3.1-8B-Instruct-Q4_K_M,89,yes_no,1.0,1.0,,,,
1,Llama-3.1-8B-Instruct-Q4_K_M,72,yes_no,1.0,1.0,,,,
1,Llama-3.1-8B-Instruct-Q4_K_M,43,yes_no,0.0,0.0,,,,
1,Llama-3.1-8B-Instruct-Q4_K_M,48,yes_no,1.0,1.0,,,,
1,Llama-3.1-8B-Instruct-Q4_K_M,18,yes_no,0.0,,,,,
1,Llama-3.1-8B-Instruct-Q4_K_M,39,yes_no,0.0,0.0,,,,
1,Llama-3.1-8B-Instruct-Q4_K_M,71,yes_no,1.0,1.0,,,,
1,Llama-3.1-8B-Instruct-Q4_K_M,12,yes_no,1.0,1.0,,,,
1,Llama-3.1-8B-Instruct-Q4_K_M,8,yes_no,0.0,0.0,,,,
1,Llama-3.1-8B-Instruct-Q4_K_M,99,yes_no,1.0,1.0,,,,
1,Llama-3.1-8B-Instruct-Q4_K_M,82,yes_no,1.0,1.0,,,,
1,Llama-3.1-8B-Instruct-Q4_K_M,76,yes_no,1.0,1.0,,,,
1,Llama-3.1-8B-Instruct-Q4_K_M,50,yes_no,0.0,,,,,
1,Llama-3.1-8B-Instruct-Q4_K_M,53,yes_no,1.0,1.0,,,,
1,Llama-3.1-8B-Instruct-Q4_K_M,41,yes_no,1.0,1.0,,,,
1,Llama-3.1-8B-Instruct-Q4_K_M,40,yes_no,1.0,1.0,,,,
1,Llama-3.1-8B-Instruct-Q4_K_M,12,yes_no,1.0,1.0,,,,
1,Llama-3.1-8B-Instruct-Q4_K_M,74,yes_no,1.0,1.0,,,,
1,Llama-3.1-8B-Instruct-Q4_K_M,98,yes_no,1.0,1.0,,,,
1,Llama-3.1-8B-Instruct-Q4_K_M,16,yes_no,1.0,1.0,,,,
1,Llama-3.1-8B-Instruct-Q4_K_M,69,yes_no,1.0,1.0,,,,
1,Llama-3.1-8B-Instruct-Q4_K_M,6,yes_no,0.0,0.0,,,,
1,Llama-3.1-8B-Instruct-Q4_K_M,97,yes_no,1.0,1.0,,,,
1,Llama-3.1-8B-Instruct-Q4_K_M,27,yes_no,1.0,1.0,,,,
1,Llama-3.1-8B-Instruct-Q4_K_M,51,yes_no,1.0,1.0,,,,
1,Llama-3.1-8B-Instruct-Q4_K_M,20,yes_no,1.0,1.0,,,,
1,Llama-3.1-8B-Instruct-Q4_K_M,35,yes_no,1.0,1.0,,,,
1,Llama-3.1-8B-Instruct-Q4_K_M,83,yes_no,1.0,1.0,,,,
1,Llama-3.1-8B-Instruct-Q4_K_M,49,yes_no,0.0,0.0,,,,
1,Llama-3.1-8B-Instruct-Q4_K_M,72,yes_no,1.0,1.0,,,,
1,Llama-3.1-8B-Instruct-Q4_K_M,6,yes_no,0.0,0.0,,,,
1,Llama-3.1-8B-Instruct-Q4_K_M,15,yes_no,0.0,0.0,,,,
1,Llama-3.1-8B-Instruct-Q4_K_M,10,yes_no,1.0,1.0,,,,
1,Llama-3.1-8B-Instruct-Q4_K_M,23,yes_no,0.0,0.0,,,,
1,Llama-3.1-8B-Instruct-Q4_K_M,54,yes_no,1.0,1.0,,,,
1,Llama-3.1-8B-Instruct-Q4_K_M,19,yes_no,0.0,0.0,,,,
1,Llama-3.1-8B-Instruct-Q4_K_M,93,yes_no,0.0,0.0,,,,
1,Llama-3.1-8B-Instruct-Q4_K_M,95,yes_no,1.0,1.0,,,,
1,Llama-3.1-8B-Instruct-Q4_K_M,29,yes_no,1.0,1.0,,,,
1,Llama-3.1-8B-Instruct-Q4_K_M,40,yes_no,1.0,1.0,,,,
1,Llama-3.1-8B-Instruct-Q4_K_M,31,yes_no,1.0,1.0,,,,
1,Llama-3.1-8B-Instruct-Q4_K_M,25,yes_no,1.0,1.0,,,,
1,Llama-3.1-8B-Instruct-Q4_K_M,70,yes_no,1.0,1.0,,,,
1,Llama-3.1-8B-Instruct-Q4_K_M,97,yes_no,1.0,1.0,,,,
1,Llama-3.1-8B-Instruct-Q4_K_M,59,yes_no,1.0,1.0,,,,
1,Llama-3.1-8B-Instruct-Q4_K_M,151,short_answer,0.11764705882352941,,,,,
1,Llama-3.1-8B-Instruct-Q4_K_M,166,short_answer,0.0,,,,,
1,Llama-3.1-8B-Instruct-Q4_K_M,154,short_answer,0.11538461538461539,,,,,
1,Llama-3.1-8B-Instruct-Q4_K_M,141,short_answer,0.021978021978021976,,,,,
1,Llama-3.1-8B-Instruct-Q4_K_M,114,short_answer,0.020618556701030927,,,,,
1,Llama-3.1-8B-Instruct-Q4_K_M,115,short_answer,0.0,,,,,
1,Llama-3.1-8B-Instruct-Q4_K_M,195,short_answer,0.0,,,,,
1,Llama-3.1-8B-Instruct-Q4_K_M,126,short_answer,0.0,,,,,
1,Llama-3.1-8B-Instruct-Q4_K_M,163,short_answer,0.0588235294117647,,,,,
1,Llama-3.1-8B-Instruct-Q4_K_M,106,short_answer,0.07272727272727272,,,,,
1,Llama-3.1-8B-Instruct-Q4_K_M,179,short_answer,0.0,,,,,
1,Llama-3.1-8B-Instruct-Q4_K_M,126,short_answer,0.0,,,,,
1,Llama-3.1-8B-Instruct-Q4_K_M,136,short_answer,0.044444444444444446,,,,,
1,Llama-3.1-8B-Instruct-Q4_K_M,171,short_answer,0.0,,,,,
1,Llama-3.1-8B-Instruct-Q4_K_M,190,short_answer,0.030303030303030307,,,,,
1,Llama-3.1-8B-Instruct-Q4_K_M,137,short_answer,0.03846153846153846,,,,,
1,Llama-3.1-8B-Instruct-Q4_K_M,115,short_answer,0.0,,,,,
1,Llama-3.1-8B-Instruct-Q4_K_M,199,short_answer,0.021276595744680854,,,,,
1,Llama-3.1-8B-Instruct-Q4_K_M,195,short_answer,0.02666666666666667,,,,,
1,Llama-3.1-8B-Instruct-Q4_K_M,169,short_answer,0.0392156862745098,,,,,
1,Llama-3.1-8B-Instruct-Q4_K_M,149,short_answer,0.052631578947368425,,,,,
1,Llama-3.1-8B-Instruct-Q4_K_M,116,short_answer,0.023255813953488372,,,,,
1,Llama-3.1-8B-Instruct-Q4_K_M,181,short_answer,0.025,,,,,
1,Llama-3.1-8B-Instruct-Q4_K_M,136,short_answer,0.0,,,,,
1,Llama-3.1-8B-Instruct-Q4_K_M,161,short_answer,0.0,,,,,
1,Llama-3.1-8B-Instruct-Q4_K_M,174,short_answer,0.0,,,,,
1,Llama-3.1-8B-Instruct-Q4_K_M,105,short_answer,0.018348623853211014,,,,,
1,Llama-3.1-8B-Instruct-Q4_K_M,107,short_answer,0.10638297872340426,,,,,
1,Llama-3.1-8B-Instruct-Q4_K_M,131,short_answer,0.02105263157894737,,,,,
1,Llama-3.1-8B-Instruct-Q4_K_M,104,short_answer,0.020833333333333336,,,,,
1,Llama-3.1-8B-Instruct-Q4_K_M,125,short_answer,0.0,,,,,
1,Llama-3.1-8B-Instruct-Q4_K_M,142,short_answer,0.16091954022988506,,,,,
1,Llama-3.1-8B-Instruct-Q4_K_M,197,short_answer,0.0,,,,,
1,Llama-3.1-8B-Instruct-Q4_K_M,171,short_answer,0.0196078431372549,,,,,
1,Llama-3.1-8B-Instruct-Q4_K_M,135,short_answer,0.04166666666666667,,,,,
1,Llama-3.1-8B-Instruct-Q4_K_M,112,short_answer,0.0,,,,,
1,Llama-3.1-8B-Instruct-Q4_K_M,140,short_answer,0.0,,,,,
1,Llama-3.1-8B-Instruct-Q4_K_M,127,short_answer,0.041237113402061855,,,,,
1,Llama-3.1-8B-Instruct-Q4_K_M,199,short_answer,0.05194805194805195,,,,,
1,Llama-3.1-8B-Instruct-Q4_K_M,126,short_answer,0.0,,,,,
1,Llama-3.1-8B-Instruct-Q4_K_M,155,short_answer,0.0,,,,,
1,Llama-3.1-8B-Instruct-Q4_K_M,169,short_answer,0.04545454545454545,,,,,
1,Llama-3.1-8B-Instruct-Q4_K_M,143,short_answer,0.04040404040404041,,,,,
1,Llama-3.1-8B-Instruct-Q4_K_M,162,short_answer,0.0,,,,,
1,Llama-3.1-8B-Instruct-Q4_K_M,146,short_answer,0.04347826086956521,,,,,
1,Llama-3.1-8B-Instruct-Q4_K_M,193,short_answer,0.0,,,,,
1,Llama-3.1-8B-Instruct-Q4_K_M,115,short_answer,0.0,,,,,
1,Llama-3.1-8B-Instruct-Q4_K_M,182,short_answer,0.021978021978021976,,,,,
1,Llama-3.1-8B-Instruct-Q4_K_M,117,short_answer,0.020202020202020204,,,,,
1,Llama-3.1-8B-Instruct-Q4_K_M,178,short_answer,0.060000000000000005,,,,,
1,Llama-3.1-8B-Instruct-Q4_K_M,184,short_answer,0.0,,,,,
1,Llama-3.1-8B-Instruct-Q4_K_M,115,short_answer,0.0,,,,,
1,Llama-3.1-8B-Instruct-Q4_K_M,114,short_answer,0.04081632653061225,,,,,
1,Llama-3.1-8B-Instruct-Q4_K_M,171,short_answer,0.0,,,,,
1,Llama-3.1-8B-Instruct-Q4_K_M,102,short_answer,0.019999999999999997,,,,,
1,Llama-3.1-8B-Instruct-Q4_K_M,124,short_answer,0.05714285714285715,,,,,
1,Llama-3.1-8B-Instruct-Q4_K_M,111,short_answer,0.0,,,,,
1,Llama-3.1-8B-Instruct-Q4_K_M,189,short_answer,0.047058823529411764,,,,,
1,Llama-3.1-8B-Instruct-Q4_K_M,112,short_answer,0.0,,,,,
1,Llama-3.1-8B-Instruct-Q4_K_M,174,short_answer,0.0,,,,,
1,Llama-3.1-8B-Instruct-Q4_K_M,150,short_answer,0.05769230769230769,,,,,
1,Llama-3.1-8B-Instruct-Q4_K_M,133,short_answer,0.05714285714285715,,,,,
1,Llama-3.1-8B-Instruct-Q4_K_M,116,short_answer,0.028169014084507046,,,,,
1,Llama-3.1-8B-Instruct-Q4_K_M,152,short_answer,0.06382978723404255,,,,,
1,Llama-3.1-8B-Instruct-Q4_K_M,167,short_answer,0.018518518518518517,,,,,
1,Llama-3.1-8B-Instruct-Q4_K_M,165,short_answer,0.04166666666666667,,,,,
1,Llama-3.1-8B-Instruct-Q4_K_M,102,short_answer,0.021276595744680847,,,,,
1,Llama-3.1-8B-Instruct-Q4_K_M,180,short_answer,0.020202020202020204,,,,,
1,Llama-3.1-8B-Instruct-Q4_K_M,185,short_answer,0.0,,,,,
1,Llama-3.1-8B-Instruct-Q4_K_M,140,short_answer,0.0,,,,,
1,Llama-3.1-8B-Instruct-Q4_K_M,141,short_answer,0.020408163265306124,,,,,
1,Llama-3.1-8B-Instruct-Q4_K_M,169,short_answer,0.042553191489361694,,,,,
1,Llama-3.1-8B-Instruct-Q4_K_M,108,short_answer,0.020408163265306124,,,,,
1,Llama-3.1-8B-Instruct-Q4_K_M,164,short_answer,0.02197802197802198,,,,,
1,Llama-3.1-8B-Instruct-Q4_K_M,186,short_answer,0.022222222222222223,,,,,
1,Llama-3.1-8B-Instruct-Q4_K_M,135,short_answer,0.019230769230769232,,,,,
1,Llama-3.1-8B-Instruct-Q4_K_M,121,short_answer,0.0,,,,,
1,Llama-3.1-8B-Instruct-Q4_K_M,181,short_answer,0.01818181818181818,,,,,
1,Llama-3.1-8B-Instruct-Q4_K_M,158,short_answer,0.0,,,,,
1,Llama-3.1-8B-Instruct-Q4_K_M,179,short_answer,0.0,,,,,
1,Llama-3.1-8B-Instruct-Q4_K_M,142,short_answer,0.10101010101010101,,,,,
1,Llama-3.1-8B-Instruct-Q4_K_M,158,short_answer,0.0,,,,,
1,Llama-3.1-8B-Instruct-Q4_K_M,107,short_answer,0.08333333333333336,,,,,
1,Llama-3.1-8B-Instruct-Q4_K_M,153,short_answer,0.0,,,,,
1,Llama-3.1-8B-Instruct-Q4_K_M,159,short_answer,0.02,,,,,
1,Llama-3.1-8B-Instruct-Q4_K_M,134,short_answer,0.09259259259259259,,,,,
1,Llama-3.1-8B-Instruct-Q4_K_M,113,short_answer,0.017543859649122806,,,,,
1,Llama-3.1-8B-Instruct-Q4_K_M,107,short_answer,0.14084507042253522,,,,,
1,Llama-3.1-8B-Instruct-Q4_K_M,134,short_answer,0.1411764705882353,,,,,
1,Llama-3.1-8B-Instruct-Q4_K_M,128,short_answer,0.0,,,,,
1,Llama-3.1-8B-Instruct-Q4_K_M,144,short_answer,0.01818181818181818,,,,,
1,Llama-3.1-8B-Instruct-Q4_K_M,114,short_answer,0.0196078431372549,,,,,
1,Llama-3.1-8B-Instruct-Q4_K_M,113,short_answer,0.019230769230769232,,,,,
1,Llama-3.1-8B-Instruct-Q4_K_M,139,short_answer,0.08219178082191782,,,,,
1,Llama-3.1-8B-Instruct-Q4_K_M,187,short_answer,0.06666666666666667,,,,,
1,Llama-3.1-8B-Instruct-Q4_K_M,172,short_answer,0.0,,,,,
1,Llama-3.1-8B-Instruct-Q4_K_M,159,short_answer,0.020833333333333332,,,,,
1,Llama-3.1-8B-Instruct-Q4_K_M,105,short_answer,0.0,,,,,
1,Llama-3.1-8B-Instruct-Q4_K_M,165,short_answer,0.047058823529411764,,,,,
1,Llama-3.1-8B-Instruct-Q4_K_M,146,short_answer,0.03225806451612903,,,,,
1,Llama-3.1-8B-Instruct-Q4_K_M,270,open_ended,,,0.21693121693121692,0.047872340425531915,0.19509981851179675,0.6858949661254883
1,Llama-3.1-8B-Instruct-Q4_K_M,255,open_ended,,,0.06185567010309278,0.027681660899653984,0.16263039102055757,0.6197994947433472
1,Llama-3.1-8B-Instruct-Q4_K_M,210,open_ended,,,0.29896907216494845,0.04145077720207254,0.28440673938356975,0.6462717652320862
1,Llama-3.1-8B-Instruct-Q4_K_M,284,open_ended,,,0.267260579064588,0.08501118568232661,0.1739130434782609,0.6308125853538513
1,Llama-3.1-8B-Instruct-Q4_K_M,267,open_ended,,,0.1506276150627615,0.04219409282700422,0.11709601873536298,0.5300024151802063
1,Llama-3.1-8B-Instruct-Q4_K_M,252,open_ended,,,0.310272536687631,0.08842105263157894,0.24275081312708455,0.6672216057777405
1,Llama-3.1-8B-Instruct-Q4_K_M,240,open_ended,,,0.33791748526522597,0.08678500986193295,0.19277696437286482,0.6733698844909668
1,Llama-3.1-8B-Instruct-Q4_K_M,255,open_ended,,,0.056249999999999994,0.018867924528301886,0.15649948342256034,0.6141453981399536
1,Llama-3.1-8B-Instruct-Q4_K_M,288,open_ended,,,0.19854721549636806,0.058394160583941604,0.12300170980178002,0.5922482013702393
1,Llama-3.1-8B-Instruct-Q4_K_M,214,open_ended,,,0.33986928104575165,0.0700218818380744,0.21730833178557588,0.6546675562858582
1,Llama-3.1-8B-Instruct-Q4_K_M,260,open_ended,,,0.2419753086419753,0.04962779156327544,0.21428571428571433,0.6519454121589661
1,Llama-3.1-8B-Instruct-Q4_K_M,204,open_ended,,,0.2529182879377432,0.03515625,0.1964078036221591,0.62407386302948
1,Llama-3.1-8B-Instruct-Q4_K_M,210,open_ended,,,0.23060796645702306,0.04631578947368421,0.26552091402013944,0.7014980912208557
1,Llama-3.1-8B-Instruct-Q4_K_M,246,open_ended,,,0.25882352941176473,0.05118110236220473,0.16215015548645045,0.6098138689994812
1,Llama-3.1-8B-Instruct-Q4_K_M,239,open_ended,,,0.10849056603773585,0.009478672985781991,0.0522015433499773,0.57679682970047
1,Llama-3.1-8B-Instruct-Q4_K_M,251,open_ended,,,0.3424124513618677,0.09765624999999999,0.21019811742318692,0.669562041759491
1,Llama-3.1-8B-Instruct-Q4_K_M,237,open_ended,,,0.31102362204724404,0.02766798418972332,0.1884126236457843,0.6639930009841919
1,Llama-3.1-8B-Instruct-Q4_K_M,243,open_ended,,,0.34050179211469533,0.0539568345323741,0.21726950516093743,0.6021814942359924
1,Llama-3.1-8B-Instruct-Q4_K_M,242,open_ended,,,0.3647798742138365,0.13894736842105262,0.23790673133059764,0.6285926103591919
1,Llama-3.1-8B-Instruct-Q4_K_M,238,open_ended,,,0.3497267759562841,0.062157221206581355,0.23160094306518386,0.6717774868011475
1,Llama-3.1-8B-Instruct-Q4_K_M,240,open_ended,,,0.30400000000000005,0.03614457831325302,0.22421837762154428,0.6535700559616089
1,Llama-3.1-8B-Instruct-Q4_K_M,214,open_ended,,,0.37037037037037035,0.07806691449814127,0.24850896935809208,0.6822340488433838
1,Llama-3.1-8B-Instruct-Q4_K_M,264,open_ended,,,0.099009900990099,0.004975124378109453,0.10242792109256449,0.6122382879257202
1,Llama-3.1-8B-Instruct-Q4_K_M,220,open_ended,,,0.27053140096618356,0.043689320388349516,0.2214960058097313,0.6375399827957153
1,Llama-3.1-8B-Instruct-Q4_K_M,278,open_ended,,,0.16793893129770993,0.015345268542199487,0.19872974537037041,0.6339645981788635
1,Llama-3.1-8B-Instruct-Q4_K_M,282,open_ended,,,0.21722846441947566,0.022641509433962263,0.10174755120213713,0.5936563611030579
1,Llama-3.1-8B-Instruct-Q4_K_M,209,open_ended,,,0.20051413881748073,0.0103359173126615,0.1222684703433923,0.5995402336120605
1,Llama-3.1-8B-Instruct-Q4_K_M,229,open_ended,,,0.19211822660098524,0.014851485148514853,0.06220794288264169,0.583150327205658
1,Llama-3.1-8B-Instruct-Q4_K_M,263,open_ended,,,0.2102272727272727,0.07428571428571429,0.19493865030674845,0.6437206268310547
1,Llama-3.1-8B-Instruct-Q4_K_M,227,open_ended,,,0.3370786516853933,0.07894736842105263,0.22103103906065757,0.6336347460746765
1,Llama-3.1-8B-Instruct-Q4_K_M,236,open_ended,,,0.2973523421588595,0.04089979550102249,0.22057383222331356,0.6777084469795227
1,Llama-3.1-8B-Instruct-Q4_K_M,210,open_ended,,,0.2679900744416874,0.02992518703241895,0.2203525641025641,0.6402173638343811
1,Llama-3.1-8B-Instruct-Q4_K_M,261,open_ended,,,0.17857142857142858,0.03076923076923077,0.23476819942431534,0.7036025524139404
1,Llama-3.1-8B-Instruct-Q4_K_M,277,open_ended,,,0.18877551020408162,0.02051282051282051,0.16848364717542122,0.6567458510398865
1,Llama-3.1-8B-Instruct-Q4_K_M,277,open_ended,,,0.1658291457286432,0.030303030303030304,0.18567480091414573,0.6624019742012024
1,Llama-3.1-8B-Instruct-Q4_K_M,254,open_ended,,,0.3111111111111111,0.07707910750507099,0.20803248127180188,0.6425915360450745
1,Llama-3.1-8B-Instruct-Q4_K_M,256,open_ended,,,0.24107142857142855,0.06278026905829596,0.23793754989829546,0.6403785943984985
1,Llama-3.1-8B-Instruct-Q4_K_M,235,open_ended,,,0.2841726618705036,0.07220216606498195,0.1642003712971394,0.6220464110374451
1,Llama-3.1-8B-Instruct-Q4_K_M,215,open_ended,,,0.32510288065843623,0.08264462809917357,0.25406260354129734,0.6846340298652649
1,Llama-3.1-8B-Instruct-Q4_K_M,292,open_ended,,,0.23232323232323232,0.07106598984771574,0.21711575176648895,0.6313453316688538
1,Llama-3.1-8B-Instruct-Q4_K_M,279,open_ended,,,0.1780104712041885,0.05789473684210526,0.20367956747885063,0.6934189200401306
1,Llama-3.1-8B-Instruct-Q4_K_M,299,open_ended,,,0.13705583756345177,0.00510204081632653,0.14462809917355374,0.6188468337059021
1,Llama-3.1-8B-Instruct-Q4_K_M,251,open_ended,,,0.3891050583657587,0.12109375,0.28522605246058613,0.6791771054267883
1,Llama-3.1-8B-Instruct-Q4_K_M,244,open_ended,,,0.27049180327868855,0.024691358024691357,0.1509433962264151,0.6427890658378601
1,Llama-3.1-8B-Instruct-Q4_K_M,269,open_ended,,,0.40445269016697594,0.1042830540037244,0.22592436996807455,0.655134916305542
1,Llama-3.1-8B-Instruct-Q4_K_M,245,open_ended,,,0.3736654804270462,0.0642857142857143,0.2296360485268631,0.6771952509880066
1,Llama-3.1-8B-Instruct-Q4_K_M,222,open_ended,,,0.3400000000000001,0.052208835341365466,0.24640395220588232,0.6537317037582397
1,Llama-3.1-8B-Instruct-Q4_K_M,254,open_ended,,,0.3389830508474576,0.11489361702127661,0.22694266032787505,0.6546935439109802
1,Llama-3.1-8B-Instruct-Q4_K_M,205,open_ended,,,0.34355828220858897,0.06160164271047227,0.2361633644688435,0.6537185907363892
1,Llama-3.1-8B-Instruct-Q4_K_M,240,open_ended,,,0.26016260162601623,0.03265306122448979,0.1481022658344258,0.606532871723175
1,Llama-3.1-8B-Instruct-Q4_K_M,278,open_ended,,,0.1494845360824742,0.03626943005181347,0.22567715235637398,0.6534411311149597
1,Llama-3.1-8B-Instruct-Q4_K_M,255,open_ended,,,0.08661417322834646,0.031746031746031744,0.2139957264957265,0.6358507871627808
1,Llama-3.1-8B-Instruct-Q4_K_M,216,open_ended,,,0.10734463276836159,0.0,0.14492753623188406,0.6353761553764343
1,Llama-3.1-8B-Instruct-Q4_K_M,264,open_ended,,,0.07929515418502203,0.0,0.1051051051051051,0.607662558555603
1,Llama-3.1-8B-Instruct-Q4_K_M,240,open_ended,,,0.3300589390962672,0.0591715976331361,0.19617224880382778,0.6519104242324829
1,Llama-3.1-8B-Instruct-Q4_K_M,239,open_ended,,,0.20869565217391306,0.03930131004366813,0.09140767824497259,0.6436606645584106
1,Llama-3.1-8B-Instruct-Q4_K_M,278,open_ended,,,0.1483253588516746,0.028846153846153848,0.20975321345469405,0.6781368851661682
1,Llama-3.1-8B-Instruct-Q4_K_M,276,open_ended,,,0.2857142857142857,0.11049723756906078,0.2950752119664968,0.6872341632843018
1,Llama-3.1-8B-Instruct-Q4_K_M,298,open_ended,,,0.23318385650224216,0.04524886877828054,0.1750700280112045,0.5972742438316345
1,Llama-3.1-8B-Instruct-Q4_K_M,242,open_ended,,,0.344,0.10040160642570282,0.2511230614694858,0.6743574142456055
1,Llama-3.1-8B-Instruct-Q4_K_M,265,open_ended,,,0.19161676646706582,0.018072289156626505,0.16891891891891891,0.6452077031135559
1,Llama-3.1-8B-Instruct-Q4_K_M,230,open_ended,,,0.36395759717314485,0.0673758865248227,0.23661472911749312,0.6767672896385193
1,Llama-3.1-8B-Instruct-Q4_K_M,221,open_ended,,,0.35967302452316074,0.07671232876712328,0.21248931469742552,0.6325674057006836
1,Llama-3.1-8B-Instruct-Q4_K_M,252,open_ended,,,0.28187919463087246,0.0449438202247191,0.2150651092618216,0.671940803527832
1,Llama-3.1-8B-Instruct-Q4_K_M,233,open_ended,,,0.36964980544747084,0.08984374999999999,0.26016767182627853,0.6818332076072693
1,Llama-3.1-8B-Instruct-Q4_K_M,275,open_ended,,,0.1229050279329609,0.016853932584269662,0.13458950201884254,0.6079057455062866
1,Llama-3.1-8B-Instruct-Q4_K_M,211,open_ended,,,0.29707112970711297,0.046218487394957986,0.18788767036228018,0.6406854391098022
1,Llama-3.1-8B-Instruct-Q4_K_M,286,open_ended,,,0.22125813449023862,0.02178649237472767,0.1855123674911661,0.6448845267295837
1,Llama-3.1-8B-Instruct-Q4_K_M,281,open_ended,,,0.27038626609442057,0.056034482758620684,0.24294869543755557,0.669372022151947
1,Llama-3.1-8B-Instruct-Q4_K_M,224,open_ended,,,0.24719101123595502,0.03611738148984198,0.15832950894905923,0.6091508269309998
1,Llama-3.1-8B-Instruct-Q4_K_M,209,open_ended,,,0.24040920716112532,0.03598971722365038,0.14952780692549844,0.607671320438385
1,Llama-3.1-8B-Instruct-Q4_K_M,242,open_ended,,,0.384133611691023,0.12578616352201255,0.25306118546845124,0.6776632070541382
1,Llama-3.1-8B-Instruct-Q4_K_M,272,open_ended,,,0.16568047337278108,0.04166666666666667,0.21711366538952748,0.6565168499946594
1,Llama-3.1-8B-Instruct-Q4_K_M,227,open_ended,,,0.32806324110671936,0.07142857142857142,0.24362824124668336,0.6609417796134949
1,Llama-3.1-8B-Instruct-Q4_K_M,264,open_ended,,,0.07390300230946882,0.0,0.08136094674556213,0.5614262819290161
1,Llama-3.1-8B-Instruct-Q4_K_M,298,open_ended,,,0.14110429447852763,0.05555555555555555,0.1763907734056988,0.6266378164291382
1,Llama-3.1-8B-Instruct-Q4_K_M,257,open_ended,,,0.034782608695652174,0.0,0.06607929515418504,0.5196504592895508
1,Llama-3.1-8B-Instruct-Q4_K_M,252,open_ended,,,0.23577235772357724,0.024489795918367342,0.17978113600833767,0.6510631442070007
1,Llama-3.1-8B-Instruct-Q4_K_M,251,open_ended,,,0.4130434782608695,0.11272727272727272,0.283427809608984,0.7061822414398193
1,Llama-3.1-8B-Instruct-Q4_K_M,282,open_ended,,,0.21345707656612528,0.018648018648018648,0.14595808383233536,0.6247405409812927
1,Llama-3.1-8B-Instruct-Q4_K_M,241,open_ended,,,0.3198090692124105,0.08153477218225419,0.16652279508997703,0.6233434677124023
1,Llama-3.1-8B-Instruct-Q4_K_M,274,open_ended,,,0.1715686274509804,0.034482758620689655,0.20623281393217235,0.6667659878730774
1,Llama-3.1-8B-Instruct-Q4_K_M,218,open_ended,,,0.23931623931623933,0.055793991416309016,0.1829098418379207,0.6320641040802002
1,Llama-3.1-8B-Instruct-Q4_K_M,205,open_ended,,,0.2833675564681725,0.03711340206185568,0.2152085045349404,0.6432632207870483
1,Llama-3.1-8B-Instruct-Q4_K_M,266,open_ended,,,0.1694915254237288,0.04866180048661801,0.2725304998032271,0.6377281546592712
1,Llama-3.1-8B-Instruct-Q4_K_M,220,open_ended,,,0.2685851318944844,0.038554216867469876,0.2177176367375703,0.6311162114143372
1,Llama-3.1-8B-Instruct-Q4_K_M,217,open_ended,,,0.3018867924528302,0.056818181818181816,0.18651685393258427,0.6315582990646362
1,Llama-3.1-8B-Instruct-Q4_K_M,240,open_ended,,,0.27402862985685067,0.041067761806981525,0.185403921959982,0.6422848701477051
1,Llama-3.1-8B-Instruct-Q4_K_M,260,open_ended,,,0.23423423423423423,0.07692307692307691,0.24954931698791186,0.6338872313499451
1,Llama-3.1-8B-Instruct-Q4_K_M,264,open_ended,,,0.10555555555555556,0.0,0.07058823529411765,0.5879818201065063
1,Llama-3.1-8B-Instruct-Q4_K_M,216,open_ended,,,0.10610079575596816,0.021333333333333336,0.16106442577030813,0.6414917707443237
1,Llama-3.1-8B-Instruct-Q4_K_M,288,open_ended,,,0.1902654867256637,0.04,0.12196364528760235,0.6177650094032288
1,Llama-3.1-8B-Instruct-Q4_K_M,246,open_ended,,,0.35466179159049366,0.07339449541284404,0.2810192720202582,0.7004365921020508
1,Llama-3.1-8B-Instruct-Q4_K_M,222,open_ended,,,0.3676470588235294,0.07011070110701108,0.24078368471354306,0.6215854287147522
1,Llama-3.1-8B-Instruct-Q4_K_M,219,open_ended,,,0.3103448275862069,0.05384615384615385,0.21195097037793667,0.6400519609451294
1,Llama-3.1-8B-Instruct-Q4_K_M,289,open_ended,,,0.2944162436548224,0.10714285714285714,0.21927463795975907,0.6771326661109924
1,Llama-3.1-8B-Instruct-Q4_K_M,247,open_ended,,,0.2688391038696538,0.06543967280163598,0.18135449467686313,0.6626604199409485
1,Llama-3.1-8B-Instruct-Q4_K_M,234,open_ended,,,0.31101511879049676,0.07375271149674621,0.16488845780795344,0.6273238658905029
1,Llama-3.1-8B-Instruct-Q4_K_M,290,open_ended,,,0.2202643171806167,0.030973451327433628,0.22218475891091616,0.6851298213005066
1,Llama-3.1-8B-Instruct-Q4_K_M,281,open_ended,,,0.3285420944558522,0.04536082474226804,0.24045634212439682,0.6774551272392273
2,Llama-3.1-8B-Instruct-Q4_K_M,40,yes_no,1.0,1.0,,,,
2,Llama-3.1-8B-Instruct-Q4_K_M,95,yes_no,1.0,1.0,,,,
2,Llama-3.1-8B-Instruct-Q4_K_M,80,yes_no,1.0,1.0,,,,
2,Llama-3.1-8B-Instruct-Q4_K_M,37,yes_no,1.0,1.0,,,,
2,Llama-3.1-8B-Instruct-Q4_K_M,89,yes_no,1.0,1.0,,,,
2,Llama-3.1-8B-Instruct-Q4_K_M,65,yes_no,1.0,1.0,,,,
2,Llama-3.1-8B-Instruct-Q4_K_M,81,yes_no,1.0,1.0,,,,
2,Llama-3.1-8B-Instruct-Q4_K_M,83,yes_no,1.0,1.0,,,,
2,Llama-3.1-8B-Instruct-Q4_K_M,35,yes_no,0.0,0.0,,,,
2,Llama-3.1-8B-Instruct-Q4_K_M,62,yes_no,1.0,1.0,,,,
2,Llama-3.1-8B-Instruct-Q4_K_M,32,yes_no,1.0,1.0,,,,
2,Llama-3.1-8B-Instruct-Q4_K_M,48,yes_no,1.0,1.0,,,,
2,Llama-3.1-8B-Instruct-Q4_K_M,77,yes_no,1.0,1.0,,,,
2,Llama-3.1-8B-Instruct-Q4_K_M,11,yes_no,1.0,1.0,,,,
2,Llama-3.1-8B-Instruct-Q4_K_M,31,yes_no,1.0,1.0,,,,
2,Llama-3.1-8B-Instruct-Q4_K_M,30,yes_no,1.0,1.0,,,,
2,Llama-3.1-8B-Instruct-Q4_K_M,37,yes_no,1.0,1.0,,,,
2,Llama-3.1-8B-Instruct-Q4_K_M,84,yes_no,1.0,1.0,,,,
2,Llama-3.1-8B-Instruct-Q4_K_M,77,yes_no,1.0,1.0,,,,
2,Llama-3.1-8B-Instruct-Q4_K_M,40,yes_no,0.0,,,,,
2,Llama-3.1-8B-Instruct-Q4_K_M,17,yes_no,1.0,1.0,,,,
2,Llama-3.1-8B-Instruct-Q4_K_M,32,yes_no,1.0,1.0,,,,
2,Llama-3.1-8B-Instruct-Q4_K_M,66,yes_no,1.0,1.0,,,,
2,Llama-3.1-8B-Instruct-Q4_K_M,69,yes_no,1.0,1.0,,,,
2,Llama-3.1-8B-Instruct-Q4_K_M,34,yes_no,0.0,0.0,,,,
2,Llama-3.1-8B-Instruct-Q4_K_M,43,yes_no,1.0,1.0,,,,
2,Llama-3.1-8B-Instruct-Q4_K_M,49,yes_no,0.0,0.0,,,,
2,Llama-3.1-8B-Instruct-Q4_K_M,63,yes_no,1.0,1.0,,,,
2,Llama-3.1-8B-Instruct-Q4_K_M,100,yes_no,1.0,1.0,,,,
2,Llama-3.1-8B-Instruct-Q4_K_M,68,yes_no,1.0,1.0,,,,
2,Llama-3.1-8B-Instruct-Q4_K_M,99,yes_no,1.0,1.0,,,,
2,Llama-3.1-8B-Instruct-Q4_K_M,66,yes_no,1.0,1.0,,,,
2,Llama-3.1-8B-Instruct-Q4_K_M,65,yes_no,1.0,1.0,,,,
2,Llama-3.1-8B-Instruct-Q4_K_M,36,yes_no,0.0,0.0,,,,
2,Llama-3.1-8B-Instruct-Q4_K_M,42,yes_no,1.0,1.0,,,,
2,Llama-3.1-8B-Instruct-Q4_K_M,85,yes_no,1.0,1.0,,,,
2,Llama-3.1-8B-Instruct-Q4_K_M,5,yes_no,1.0,1.0,,,,
2,Llama-3.1-8B-Instruct-Q4_K_M,92,yes_no,1.0,1.0,,,,
2,Llama-3.1-8B-Instruct-Q4_K_M,14,yes_no,1.0,1.0,,,,
2,Llama-3.1-8B-Instruct-Q4_K_M,73,yes_no,1.0,1.0,,,,
2,Llama-3.1-8B-Instruct-Q4_K_M,40,yes_no,1.0,1.0,,,,
2,Llama-3.1-8B-Instruct-Q4_K_M,68,yes_no,1.0,1.0,,,,
2,Llama-3.1-8B-Instruct-Q4_K_M,60,yes_no,1.0,1.0,,,,
2,Llama-3.1-8B-Instruct-Q4_K_M,29,yes_no,1.0,1.0,,,,
2,Llama-3.1-8B-Instruct-Q4_K_M,43,yes_no,0.0,0.0,,,,
2,Llama-3.1-8B-Instruct-Q4_K_M,3,yes_no,1.0,1.0,,,,
2,Llama-3.1-8B-Instruct-Q4_K_M,28,yes_no,1.0,1.0,,,,
2,Llama-3.1-8B-Instruct-Q4_K_M,62,yes_no,1.0,1.0,,,,
2,Llama-3.1-8B-Instruct-Q4_K_M,72,yes_no,1.0,1.0,,,,
2,Llama-3.1-8B-Instruct-Q4_K_M,21,yes_no,1.0,1.0,,,,
2,Llama-3.1-8B-Instruct-Q4_K_M,13,yes_no,1.0,1.0,,,,
2,Llama-3.1-8B-Instruct-Q4_K_M,18,yes_no,1.0,1.0,,,,
2,Llama-3.1-8B-Instruct-Q4_K_M,56,yes_no,1.0,1.0,,,,
2,Llama-3.1-8B-Instruct-Q4_K_M,29,yes_no,1.0,1.0,,,,
2,Llama-3.1-8B-Instruct-Q4_K_M,4,yes_no,1.0,1.0,,,,
2,Llama-3.1-8B-Instruct-Q4_K_M,9,yes_no,1.0,1.0,,,,
2,Llama-3.1-8B-Instruct-Q4_K_M,90,yes_no,1.0,1.0,,,,
2,Llama-3.1-8B-Instruct-Q4_K_M,46,yes_no,1.0,1.0,,,,
2,Llama-3.1-8B-Instruct-Q4_K_M,4,yes_no,1.0,1.0,,,,
2,Llama-3.1-8B-Instruct-Q4_K_M,29,yes_no,1.0,1.0,,,,
2,Llama-3.1-8B-Instruct-Q4_K_M,40,yes_no,1.0,1.0,,,,
2,Llama-3.1-8B-Instruct-Q4_K_M,46,yes_no,1.0,1.0,,,,
2,Llama-3.1-8B-Instruct-Q4_K_M,3,yes_no,1.0,1.0,,,,
2,Llama-3.1-8B-Instruct-Q4_K_M,44,yes_no,1.0,1.0,,,,
2,Llama-3.1-8B-Instruct-Q4_K_M,14,yes_no,1.0,1.0,,,,
2,Llama-3.1-8B-Instruct-Q4_K_M,55,yes_no,1.0,1.0,,,,
2,Llama-3.1-8B-Instruct-Q4_K_M,45,yes_no,1.0,1.0,,,,
2,Llama-3.1-8B-Instruct-Q4_K_M,52,yes_no,0.0,0.0,,,,
2,Llama-3.1-8B-Instruct-Q4_K_M,26,yes_no,1.0,1.0,,,,
2,Llama-3.1-8B-Instruct-Q4_K_M,19,yes_no,0.0,0.0,,,,
2,Llama-3.1-8B-Instruct-Q4_K_M,75,yes_no,1.0,1.0,,,,
2,Llama-3.1-8B-Instruct-Q4_K_M,88,yes_no,1.0,1.0,,,,
2,Llama-3.1-8B-Instruct-Q4_K_M,99,yes_no,1.0,1.0,,,,
2,Llama-3.1-8B-Instruct-Q4_K_M,70,yes_no,1.0,1.0,,,,
2,Llama-3.1-8B-Instruct-Q4_K_M,93,yes_no,0.0,0.0,,,,
2,Llama-3.1-8B-Instruct-Q4_K_M,18,yes_no,1.0,1.0,,,,
2,Llama-3.1-8B-Instruct-Q4_K_M,65,yes_no,1.0,1.0,,,,
2,Llama-3.1-8B-Instruct-Q4_K_M,2,yes_no,0.0,0.0,,,,
2,Llama-3.1-8B-Instruct-Q4_K_M,96,yes_no,1.0,1.0,,,,
2,Llama-3.1-8B-Instruct-Q4_K_M,72,yes_no,1.0,1.0,,,,
2,Llama-3.1-8B-Instruct-Q4_K_M,93,yes_no,0.0,0.0,,,,
2,Llama-3.1-8B-Instruct-Q4_K_M,16,yes_no,1.0,1.0,,,,
2,Llama-3.1-8B-Instruct-Q4_K_M,85,yes_no,1.0,1.0,,,,
2,Llama-3.1-8B-Instruct-Q4_K_M,20,yes_no,1.0,1.0,,,,
2,Llama-3.1-8B-Instruct-Q4_K_M,48,yes_no,1.0,1.0,,,,
2,Llama-3.1-8B-Instruct-Q4_K_M,86,yes_no,1.0,1.0,,,,
2,Llama-3.1-8B-Instruct-Q4_K_M,9,yes_no,1.0,1.0,,,,
2,Llama-3.1-8B-Instruct-Q4_K_M,56,yes_no,0.0,,,,,
2,Llama-3.1-8B-Instruct-Q4_K_M,26,yes_no,1.0,1.0,,,,
2,Llama-3.1-8B-Instruct-Q4_K_M,26,yes_no,1.0,1.0,,,,
2,Llama-3.1-8B-Instruct-Q4_K_M,36,yes_no,0.0,0.0,,,,
2,Llama-3.1-8B-Instruct-Q4_K_M,26,yes_no,1.0,1.0,,,,
2,Llama-3.1-8B-Instruct-Q4_K_M,29,yes_no,1.0,1.0,,,,
2,Llama-3.1-8B-Instruct-Q4_K_M,78,yes_no,1.0,1.0,,,,
2,Llama-3.1-8B-Instruct-Q4_K_M,85,yes_no,1.0,1.0,,,,
2,Llama-3.1-8B-Instruct-Q4_K_M,7,yes_no,1.0,1.0,,,,
2,Llama-3.1-8B-Instruct-Q4_K_M,65,yes_no,1.0,1.0,,,,
2,Llama-3.1-8B-Instruct-Q4_K_M,77,yes_no,1.0,1.0,,,,
2,Llama-3.1-8B-Instruct-Q4_K_M,10,yes_no,1.0,1.0,,,,
2,Llama-3.1-8B-Instruct-Q4_K_M,49,yes_no,0.0,0.0,,,,
2,Llama-3.1-8B-Instruct-Q4_K_M,191,short_answer,0.08510638297872342,,,,,
2,Llama-3.1-8B-Instruct-Q4_K_M,121,short_answer,0.0,,,,,
2,Llama-3.1-8B-Instruct-Q4_K_M,112,short_answer,0.0,,,,,
2,Llama-3.1-8B-Instruct-Q4_K_M,127,short_answer,0.04545454545454545,,,,,
2,Llama-3.1-8B-Instruct-Q4_K_M,112,short_answer,0.0,,,,,
2,Llama-3.1-8B-Instruct-Q4_K_M,151,short_answer,0.0784313725490196,,,,,
2,Llama-3.1-8B-Instruct-Q4_K_M,184,short_answer,0.0,,,,,
2,Llama-3.1-8B-Instruct-Q4_K_M,129,short_answer,0.0,,,,,
2,Llama-3.1-8B-Instruct-Q4_K_M,144,short_answer,0.06557377049180328,,,,,
2,Llama-3.1-8B-Instruct-Q4_K_M,108,short_answer,0.023809523809523808,,,,,
2,Llama-3.1-8B-Instruct-Q4_K_M,143,short_answer,0.0,,,,,
2,Llama-3.1-8B-Instruct-Q4_K_M,112,short_answer,0.0,,,,,
2,Llama-3.1-8B-Instruct-Q4_K_M,120,short_answer,0.0,,,,,
2,Llama-3.1-8B-Instruct-Q4_K_M,195,short_answer,0.0,,,,,
2,Llama-3.1-8B-Instruct-Q4_K_M,185,short_answer,0.0,,,,,
2,Llama-3.1-8B-Instruct-Q4_K_M,121,short_answer,0.0,,,,,
2,Llama-3.1-8B-Instruct-Q4_K_M,105,short_answer,0.06896551724137931,,,,,
2,Llama-3.1-8B-Instruct-Q4_K_M,178,short_answer,0.0606060606060606,,,,,
2,Llama-3.1-8B-Instruct-Q4_K_M,170,short_answer,0.0,,,,,
2,Llama-3.1-8B-Instruct-Q4_K_M,124,short_answer,0.041237113402061855,,,,,
2,Llama-3.1-8B-Instruct-Q4_K_M,199,short_answer,0.1075268817204301,,,,,
2,Llama-3.1-8B-Instruct-Q4_K_M,142,short_answer,0.10752688172043011,,,,,
2,Llama-3.1-8B-Instruct-Q4_K_M,199,short_answer,0.0759493670886076,,,,,
2,Llama-3.1-8B-Instruct-Q4_K_M,102,short_answer,0.019417475728155338,,,,,
2,Llama-3.1-8B-Instruct-Q4_K_M,184,short_answer,0.019801980198019802,,,,,
2,Llama-3.1-8B-Instruct-Q4_K_M,110,short_answer,0.0,,,,,
2,Llama-3.1-8B-Instruct-Q4_K_M,165,short_answer,0.0,,,,,
2,Llama-3.1-8B-Instruct-Q4_K_M,193,short_answer,0.0,,,,,
2,Llama-3.1-8B-Instruct-Q4_K_M,194,short_answer,0.0,,,,,
2,Llama-3.1-8B-Instruct-Q4_K_M,192,short_answer,0.0,,,,,
2,Llama-3.1-8B-Instruct-Q4_K_M,144,short_answer,0.06611570247933884,,,,,
2,Llama-3.1-8B-Instruct-Q4_K_M,155,short_answer,0.0,,,,,
2,Llama-3.1-8B-Instruct-Q4_K_M,141,short_answer,0.0,,,,,
2,Llama-3.1-8B-Instruct-Q4_K_M,119,short_answer,0.0,,,,,
2,Llama-3.1-8B-Instruct-Q4_K_M,185,short_answer,0.0,,,,,
2,Llama-3.1-8B-Instruct-Q4_K_M,192,short_answer,0.0,,,,,
2,Llama-3.1-8B-Instruct-Q4_K_M,150,short_answer,0.056603773584905655,,,,,
2,Llama-3.1-8B-Instruct-Q4_K_M,196,short_answer,0.0,,,,,
2,Llama-3.1-8B-Instruct-Q4_K_M,121,short_answer,0.0,,,,,
2,Llama-3.1-8B-Instruct-Q4_K_M,103,short_answer,0.09302325581395349,,,,,
2,Llama-3.1-8B-Instruct-Q4_K_M,195,short_answer,0.0,,,,,
2,Llama-3.1-8B-Instruct-Q4_K_M,185,short_answer,0.0,,,,,
2,Llama-3.1-8B-Instruct-Q4_K_M,198,short_answer,0.06666666666666667,,,,,
2,Llama-3.1-8B-Instruct-Q4_K_M,141,short_answer,0.022222222222222223,,,,,
2,Llama-3.1-8B-Instruct-Q4_K_M,123,short_answer,0.0,,,,,
2,Llama-3.1-8B-Instruct-Q4_K_M,192,short_answer,0.0,,,,,
2,Llama-3.1-8B-Instruct-Q4_K_M,188,short_answer,0.05454545454545455,,,,,
2,Llama-3.1-8B-Instruct-Q4_K_M,116,short_answer,0.09999999999999999,,,,,
2,Llama-3.1-8B-Instruct-Q4_K_M,168,short_answer,0.021978021978021976,,,,,
2,Llama-3.1-8B-Instruct-Q4_K_M,113,short_answer,0.0,,,,,
2,Llama-3.1-8B-Instruct-Q4_K_M,113,short_answer,0.020618556701030927,,,,,
2,Llama-3.1-8B-Instruct-Q4_K_M,164,short_answer,0.0,,,,,
2,Llama-3.1-8B-Instruct-Q4_K_M,141,short_answer,0.018348623853211007,,,,,
2,Llama-3.1-8B-Instruct-Q4_K_M,105,short_answer,0.07142857142857142,,,,,
2,Llama-3.1-8B-Instruct-Q4_K_M,187,short_answer,0.0,,,,,
2,Llama-3.1-8B-Instruct-Q4_K_M,198,short_answer,0.06060606060606061,,,,,
2,Llama-3.1-8B-Instruct-Q4_K_M,162,short_answer,0.0,,,,,
2,Llama-3.1-8B-Instruct-Q4_K_M,170,short_answer,0.0,,,,,
2,Llama-3.1-8B-Instruct-Q4_K_M,101,short_answer,0.0,,,,,
2,Llama-3.1-8B-Instruct-Q4_K_M,142,short_answer,0.06956521739130435,,,,,
2,Llama-3.1-8B-Instruct-Q4_K_M,178,short_answer,0.058823529411764705,,,,,
2,Llama-3.1-8B-Instruct-Q4_K_M,141,short_answer,0.02247191011235955,,,,,
2,Llama-3.1-8B-Instruct-Q4_K_M,105,short_answer,0.06956521739130436,,,,,
2,Llama-3.1-8B-Instruct-Q4_K_M,165,short_answer,0.019999999999999997,,,,,
2,Llama-3.1-8B-Instruct-Q4_K_M,103,short_answer,0.05,,,,,
2,Llama-3.1-8B-Instruct-Q4_K_M,194,short_answer,0.0,,,,,
2,Llama-3.1-8B-Instruct-Q4_K_M,175,short_answer,0.0,,,,,
2,Llama-3.1-8B-Instruct-Q4_K_M,120,short_answer,0.01886792452830189,,,,,
2,Llama-3.1-8B-Instruct-Q4_K_M,156,short_answer,0.0,,,,,
2,Llama-3.1-8B-Instruct-Q4_K_M,194,short_answer,0.0,,,,,
2,Llama-3.1-8B-Instruct-Q4_K_M,110,short_answer,0.0,,,,,
2,Llama-3.1-8B-Instruct-Q4_K_M,183,short_answer,0.024999999999999998,,,,,
2,Llama-3.1-8B-Instruct-Q4_K_M,126,short_answer,0.020833333333333332,,,,,
2,Llama-3.1-8B-Instruct-Q4_K_M,165,short_answer,0.0,,,,,
2,Llama-3.1-8B-Instruct-Q4_K_M,150,short_answer,0.05454545454545455,,,,,
2,Llama-3.1-8B-Instruct-Q4_K_M,198,short_answer,0.061855670103092786,,,,,
2,Llama-3.1-8B-Instruct-Q4_K_M,133,short_answer,0.12727272727272726,,,,,
2,Llama-3.1-8B-Instruct-Q4_K_M,182,short_answer,0.023255813953488372,,,,,
2,Llama-3.1-8B-Instruct-Q4_K_M,148,short_answer,0.052631578947368425,,,,,
2,Llama-3.1-8B-Instruct-Q4_K_M,146,short_answer,0.020833333333333336,,,,,
2,Llama-3.1-8B-Instruct-Q4_K_M,167,short_answer,0.037037037037037035,,,,,
2,Llama-3.1-8B-Instruct-Q4_K_M,164,short_answer,0.02469135802469136,,,,,
2,Llama-3.1-8B-Instruct-Q4_K_M,130,short_answer,0.06060606060606061,,,,,
2,Llama-3.1-8B-Instruct-Q4_K_M,148,short_answer,0.0,,,,,
2,Llama-3.1-8B-Instruct-Q4_K_M,130,short_answer,0.0,,,,,
2,Llama-3.1-8B-Instruct-Q4_K_M,177,short_answer,0.0,,,,,
2,Llama-3.1-8B-Instruct-Q4_K_M,139,short_answer,0.12765957446808512,,,,,
2,Llama-3.1-8B-Instruct-Q4_K_M,194,short_answer,0.0,,,,,
2,Llama-3.1-8B-Instruct-Q4_K_M,188,short_answer,0.05714285714285715,,,,,
2,Llama-3.1-8B-Instruct-Q4_K_M,170,short_answer,0.0,,,,,
2,Llama-3.1-8B-Instruct-Q4_K_M,141,short_answer,0.0,,,,,
2,Llama-3.1-8B-Instruct-Q4_K_M,123,short_answer,0.0,,,,,
2,Llama-3.1-8B-Instruct-Q4_K_M,168,short_answer,0.03636363636363636,,,,,
2,Llama-3.1-8B-Instruct-Q4_K_M,170,short_answer,0.02298850574712644,,,,,
2,Llama-3.1-8B-Instruct-Q4_K_M,117,short_answer,0.0,,,,,
2,Llama-3.1-8B-Instruct-Q4_K_M,158,short_answer,0.0,,,,,
2,Llama-3.1-8B-Instruct-Q4_K_M,139,short_answer,0.039603960396039604,,,,,
2,Llama-3.1-8B-Instruct-Q4_K_M,179,short_answer,0.0,,,,,
2,Llama-3.1-8B-Instruct-Q4_K_M,141,short_answer,0.020202020202020204,,,,,
2,Llama-3.1-8B-Instruct-Q4_K_M,156,short_answer,0.0,,,,,
2,Llama-3.1-8B-Instruct-Q4_K_M,248,open_ended,,,0.3733333333333334,0.12237093690248567,0.2599874418466109,0.6674225926399231
2,Llama-3.1-8B-Instruct-Q4_K_M,203,open_ended,,,0.35897435897435903,0.04779411764705883,0.2669086206948532,0.6856043338775635
2,Llama-3.1-8B-Instruct-Q4_K_M,288,open_ended,,,0.1902439024390244,0.05392156862745098,0.09848078452160085,0.609327495098114
2,Llama-3.1-8B-Instruct-Q4_K_M,234,open_ended,,,0.327683615819209,0.07939508506616257,0.17997231195200739,0.6563646197319031
2,Llama-3.1-8B-Instruct-Q4_K_M,204,open_ended,,,0.3037974683544304,0.038135593220338986,0.210727969348659,0.61809241771698
2,Llama-3.1-8B-Instruct-Q4_K_M,216,open_ended,,,0.10282776349614395,0.01550387596899225,0.15130674002751035,0.6520518660545349
2,Llama-3.1-8B-Instruct-Q4_K_M,256,open_ended,,,0.2660098522167487,0.03960396039603961,0.2036651909154956,0.6656159162521362
2,Llama-3.1-8B-Instruct-Q4_K_M,296,open_ended,,,0.3944954128440367,0.09815950920245399,0.19277943949545578,0.672021210193634
2,Llama-3.1-8B-Instruct-Q4_K_M,239,open_ended,,,0.1821705426356589,0.027237354085603113,0.11293179805137289,0.6070466637611389
2,Llama-3.1-8B-Instruct-Q4_K_M,275,open_ended,,,0.11444141689373297,0.010958904109589041,0.12666666666666668,0.6486132144927979
2,Llama-3.1-8B-Instruct-Q4_K_M,244,open_ended,,,0.3146997929606625,0.05405405405405406,0.2137002957151019,0.681348979473114
2,Llama-3.1-8B-Instruct-Q4_K_M,280,open_ended,,,0.26506024096385544,0.053268765133171914,0.2049983340924166,0.6486899256706238
2,Llama-3.1-8B-Instruct-Q4_K_M,234,open_ended,,,0.3387978142076503,0.062157221206581355,0.21822376619924636,0.6871140599250793
2,Llama-3.1-8B-Instruct-Q4_K_M,231,open_ended,,,0.35992578849721707,0.08566108007448789,0.2488743466867426,0.6590656638145447
2,Llama-3.1-8B-Instruct-Q4_K_M,226,open_ended,,,0.33904761904761904,0.06883365200764817,0.23522849021168782,0.6632084250450134
2,Llama-3.1-8B-Instruct-Q4_K_M,295,open_ended,,,0.3313131313131313,0.09330628803245437,0.20845231296402056,0.649404764175415
2,Llama-3.1-8B-Instruct-Q4_K_M,259,open_ended,,,0.3191919191919192,0.04462474645030426,0.23790590987246255,0.6788837909698486
2,Llama-3.1-8B-Instruct-Q4_K_M,223,open_ended,,,0.38235294117647056,0.08118081180811809,0.2450458040234308,0.6610082983970642
2,Llama-3.1-8B-Instruct-Q4_K_M,221,open_ended,,,0.2990196078431373,0.04433497536945813,0.22769124874114477,0.6684061884880066
2,Llama-3.1-8B-Instruct-Q4_K_M,285,open_ended,,,0.20297029702970296,0.05472636815920398,0.22340367111025683,0.6660985350608826
2,Llama-3.1-8B-Instruct-Q4_K_M,219,open_ended,,,0.27530364372469635,0.03658536585365854,0.19230769230769232,0.6473214626312256
2,Llama-3.1-8B-Instruct-Q4_K_M,294,open_ended,,,0.1246458923512748,0.03418803418803419,0.1791477123871675,0.616969108581543
2,Llama-3.1-8B-Instruct-Q4_K_M,249,open_ended,,,0.4196277495769881,0.1392190152801358,0.29518311225580834,0.6897901892662048
2,Llama-3.1-8B-Instruct-Q4_K_M,202,open_ended,,,0.2957486136783734,0.07792207792207792,0.22076092062000938,0.6709672808647156
2,Llama-3.1-8B-Instruct-Q4_K_M,222,open_ended,,,0.34137291280148424,0.0521415270018622,0.23404772769633203,0.6421400308609009
2,Llama-3.1-8B-Instruct-Q4_K_M,300,open_ended,,,0.30769230769230765,0.04175365344467641,0.1880222841225627,0.6662636399269104
2,Llama-3.1-8B-Instruct-Q4_K_M,233,open_ended,,,0.3656307129798903,0.09174311926605504,0.24872194438566272,0.6818333864212036
2,Llama-3.1-8B-Instruct-Q4_K_M,230,open_ended,,,0.35016835016835013,0.0777027027027027,0.23386082128700814,0.6567718386650085
2,Llama-3.1-8B-Instruct-Q4_K_M,250,open_ended,,,0.2824858757062147,0.041587901701323246,0.21768071585013837,0.6524248123168945
2,Llama-3.1-8B-Instruct-Q4_K_M,212,open_ended,,,0.348,0.060240963855421686,0.2926345979780342,0.6634899973869324
2,Llama-3.1-8B-Instruct-Q4_K_M,213,open_ended,,,0.37078651685393255,0.12406015037593986,0.26024304529960385,0.6683326959609985
2,Llama-3.1-8B-Instruct-Q4_K_M,258,open_ended,,,0.2626865671641791,0.042042042042042045,0.23402806250284722,0.6052109599113464
2,Llama-3.1-8B-Instruct-Q4_K_M,212,open_ended,,,0.3782696177062374,0.09696969696969697,0.27864880528048397,0.6858550310134888
2,Llama-3.1-8B-Instruct-Q4_K_M,210,open_ended,,,0.2776470588235294,0.04728132387706856,0.24341580207501995,0.6598783731460571
2,Llama-3.1-8B-Instruct-Q4_K_M,287,open_ended,,,0.3057324840764331,0.08102345415778252,0.2367116862745568,0.6883355379104614
2,Llama-3.1-8B-Instruct-Q4_K_M,229,open_ended,,,0.3388429752066116,0.058091286307053944,0.20254020533038386,0.6342070698738098
2,Llama-3.1-8B-Instruct-Q4_K_M,241,open_ended,,,0.2829268292682927,0.03431372549019608,0.1872048268804464,0.6466363668441772
2,Llama-3.1-8B-Instruct-Q4_K_M,225,open_ended,,,0.015873015873015876,0.0,0.010230179028132993,0.4765230119228363
2,Llama-3.1-8B-Instruct-Q4_K_M,271,open_ended,,,0.30152671755725197,0.0421455938697318,0.18763621745697295,0.6569185853004456
2,Llama-3.1-8B-Instruct-Q4_K_M,268,open_ended,,,0.19950124688279303,0.03508771929824561,0.14718614718614717,0.6326412558555603
2,Llama-3.1-8B-Instruct-Q4_K_M,232,open_ended,,,0.37407407407407406,0.08550185873605948,0.27218224368731914,0.6706990599632263
2,Llama-3.1-8B-Instruct-Q4_K_M,210,open_ended,,,0.28378378378378377,0.0497737556561086,0.30572555241715194,0.6689152717590332
2,Llama-3.1-8B-Instruct-Q4_K_M,229,open_ended,,,0.1561712846347607,0.015189873417721518,0.09129697680598958,0.5871719121932983
2,Llama-3.1-8B-Instruct-Q4_K_M,299,open_ended,,,0.15384615384615383,0.037333333333333336,0.1609553478712357,0.6870328783988953
2,Llama-3.1-8B-Instruct-Q4_K_M,291,open_ended,,,0.2574712643678161,0.05080831408775982,0.21673057197420112,0.6834183931350708
2,Llama-3.1-8B-Instruct-Q4_K_M,208,open_ended,,,0.2698412698412698,0.043824701195219126,0.18990775908844273,0.6548546552658081
2,Llama-3.1-8B-Instruct-Q4_K_M,249,open_ended,,,0.3734729493891798,0.11558669001751314,0.2804706063083658,0.6536422967910767
2,Llama-3.1-8B-Instruct-Q4_K_M,259,open_ended,,,0.27639155470249516,0.038535645472061654,0.21415223223067428,0.6681158542633057
2,Llama-3.1-8B-Instruct-Q4_K_M,265,open_ended,,,0.16618911174785098,0.02881844380403458,0.16666666666666669,0.6498453617095947
2,Llama-3.1-8B-Instruct-Q4_K_M,300,open_ended,,,0.3112033195020747,0.05416666666666667,0.19888474568152098,0.6685022711753845
2,Llama-3.1-8B-Instruct-Q4_K_M,247,open_ended,,,0.2702702702702703,0.028933092224231464,0.17746228926353147,0.6918861865997314
2,Llama-3.1-8B-Instruct-Q4_K_M,227,open_ended,,,0.3166332665330661,0.052313883299798795,0.254962496714122,0.668065071105957
2,Llama-3.1-8B-Instruct-Q4_K_M,214,open_ended,,,0.39325842696629215,0.11278195488721804,0.283365919606164,0.6764207482337952
2,Llama-3.1-8B-Instruct-Q4_K_M,266,open_ended,,,0.17326732673267325,0.01990049751243781,0.21462978220103823,0.6662952899932861
2,Llama-3.1-8B-Instruct-Q4_K_M,250,open_ended,,,0.28991596638655465,0.03375527426160338,0.19873969946679593,0.6494889259338379
2,Llama-3.1-8B-Instruct-Q4_K_M,228,open_ended,,,0.3411513859275054,0.051391862955032126,0.2139713825906765,0.6354352831840515
2,Llama-3.1-8B-Instruct-Q4_K_M,243,open_ended,,,0.3619402985074627,0.06741573033707865,0.22240858881209757,0.6618363857269287
2,Llama-3.1-8B-Instruct-Q4_K_M,282,open_ended,,,0.1804123711340206,0.020725388601036267,0.11522845270239546,0.6192668676376343
2,Llama-3.1-8B-Instruct-Q4_K_M,246,open_ended,,,0.3176895306859206,0.057971014492753624,0.23950600485960286,0.670609712600708
2,Llama-3.1-8B-Instruct-Q4_K_M,273,open_ended,,,0.21288515406162464,0.03943661971830986,0.1914893617021277,0.6357694864273071
2,Llama-3.1-8B-Instruct-Q4_K_M,267,open_ended,,,0.2244224422442244,0.07308970099667775,0.21012931034482757,0.602168619632721
2,Llama-3.1-8B-Instruct-Q4_K_M,218,open_ended,,,0.2523900573613767,0.05758157389635316,0.1916024261900298,0.635663628578186
2,Llama-3.1-8B-Instruct-Q4_K_M,242,open_ended,,,0.3140495867768595,0.0995850622406639,0.21558427763742516,0.621491014957428
2,Llama-3.1-8B-Instruct-Q4_K_M,236,open_ended,,,0.272,0.032128514056224904,0.21452086456771619,0.6691813468933105
2,Llama-3.1-8B-Instruct-Q4_K_M,206,open_ended,,,0.27037773359840955,0.031936127744510975,0.18545279383429672,0.6563190221786499
2,Llama-3.1-8B-Instruct-Q4_K_M,211,open_ended,,,0.28888888888888886,0.013392857142857142,0.20076320016173776,0.6256006360054016
2,Llama-3.1-8B-Instruct-Q4_K_M,233,open_ended,,,0.3473282442748092,0.0996168582375479,0.22604456493909206,0.6538013815879822
2,Llama-3.1-8B-Instruct-Q4_K_M,203,open_ended,,,0.2613636363636363,0.030418250950570346,0.18086632645431433,0.5854611396789551
2,Llama-3.1-8B-Instruct-Q4_K_M,281,open_ended,,,0.2627118644067797,0.0425531914893617,0.1739828907508811,0.6273836493492126
2,Llama-3.1-8B-Instruct-Q4_K_M,290,open_ended,,,0.2519685039370078,0.031662269129287594,0.21650326797385624,0.6614292860031128
2,Llama-3.1-8B-Instruct-Q4_K_M,280,open_ended,,,0.27842227378190254,0.06993006993006992,0.2165429564118762,0.65553879737854
2,Llama-3.1-8B-Instruct-Q4_K_M,230,open_ended,,,0.3546617915904936,0.06605504587155964,0.22137079608343976,0.684980571269989
2,Llama-3.1-8B-Instruct-Q4_K_M,266,open_ended,,,0.1658291457286432,0.04040404040404041,0.21727932736455466,0.6763517260551453
2,Llama-3.1-8B-Instruct-Q4_K_M,220,open_ended,,,0.26293103448275856,0.030303030303030297,0.23578793490713632,0.6344252228736877
2,Llama-3.1-8B-Instruct-Q4_K_M,218,open_ended,,,0.23874755381604698,0.05108055009823183,0.2018008542741443,0.6108753681182861
2,Llama-3.1-8B-Instruct-Q4_K_M,221,open_ended,,,0.358974358974359,0.045845272206303724,0.20569620253164553,0.6304932832717896
2,Llama-3.1-8B-Instruct-Q4_K_M,289,open_ended,,,0.2714932126696833,0.08636363636363636,0.2346606188255557,0.6868774890899658
2,Llama-3.1-8B-Instruct-Q4_K_M,207,open_ended,,,0.3258655804480652,0.03680981595092024,0.21377303286852595,0.6536964178085327
2,Llama-3.1-8B-Instruct-Q4_K_M,241,open_ended,,,0.25267665952890794,0.025806451612903226,0.17331729021963105,0.6675019264221191
2,Llama-3.1-8B-Instruct-Q4_K_M,271,open_ended,,,0.31654676258992803,0.05054151624548737,0.25536072026022083,0.6970767974853516
2,Llama-3.1-8B-Instruct-Q4_K_M,217,open_ended,,,0.2954091816367265,0.04809619238476954,0.1711561328572706,0.6083173751831055
2,Llama-3.1-8B-Instruct-Q4_K_M,251,open_ended,,,0.3946188340807175,0.12162162162162161,0.24062885957605698,0.6423295736312866
2,Llama-3.1-8B-Instruct-Q4_K_M,290,open_ended,,,0.2524271844660194,0.05365853658536585,0.2753944305745376,0.6776908040046692
2,Llama-3.1-8B-Instruct-Q4_K_M,261,open_ended,,,0.24170616113744076,0.08095238095238096,0.23954310259457315,0.6901348233222961
2,Llama-3.1-8B-Instruct-Q4_K_M,229,open_ended,,,0.26168224299065423,0.03286384976525822,0.131690990990991,0.6086270213127136
2,Llama-3.1-8B-Instruct-Q4_K_M,267,open_ended,,,0.2717770034843206,0.11929824561403508,0.25251381215469615,0.5883949995040894
2,Llama-3.1-8B-Instruct-Q4_K_M,252,open_ended,,,0.2868525896414343,0.028,0.1793139293139293,0.6700345873832703
2,Llama-3.1-8B-Instruct-Q4_K_M,227,open_ended,,,0.39837398373983735,0.1020408163265306,0.2579986149584488,0.6558986902236938
2,Llama-3.1-8B-Instruct-Q4_K_M,225,open_ended,,,0.3320610687022901,0.0421455938697318,0.21273266250944822,0.6463486552238464
2,Llama-3.1-8B-Instruct-Q4_K_M,214,open_ended,,,0.33786407766990295,0.07407407407407408,0.22952746340754088,0.6579995155334473
2,Llama-3.1-8B-Instruct-Q4_K_M,223,open_ended,,,0.3880070546737214,0.08141592920353982,0.2604059206100022,0.6412768363952637
2,Llama-3.1-8B-Instruct-Q4_K_M,282,open_ended,,,0.18850574712643678,0.023094688221709007,0.14423076923076925,0.6228006482124329
2,Llama-3.1-8B-Instruct-Q4_K_M,296,open_ended,,,0.4088235294117647,0.10914454277286136,0.216631355747545,0.6894003748893738
2,Llama-3.1-8B-Instruct-Q4_K_M,237,open_ended,,,0.28571428571428575,0.042635658914728675,0.17562916174922183,0.6718328595161438
2,Llama-3.1-8B-Instruct-Q4_K_M,242,open_ended,,,0.3230088495575221,0.16,0.1936882842753288,0.6239997744560242
2,Llama-3.1-8B-Instruct-Q4_K_M,219,open_ended,,,0.2762886597938144,0.033126293995859216,0.1958762886597938,0.6413676738739014
2,Llama-3.1-8B-Instruct-Q4_K_M,270,open_ended,,,0.1687344913151365,0.04987531172069826,0.18485121731289453,0.6752152442932129
2,Llama-3.1-8B-Instruct-Q4_K_M,245,open_ended,,,0.36330935251798563,0.09025270758122743,0.20427642114216404,0.6739530563354492
2,Llama-3.1-8B-Instruct-Q4_K_M,251,open_ended,,,0.3815513626834382,0.13052631578947368,0.22422383764955323,0.6530479788780212
2,Llama-3.1-8B-Instruct-Q4_K_M,208,open_ended,,,0.3282442748091603,0.04980842911877396,0.26309276988434255,0.683741569519043
0,DeepSeek-R1-Distill-Qwen-14B-Q2_K,81,yes_no,0.0,0.0,,,,
0,DeepSeek-R1-Distill-Qwen-14B-Q2_K,92,yes_no,1.0,1.0,,,,
0,DeepSeek-R1-Distill-Qwen-14B-Q2_K,87,yes_no,0.0,0.0,,,,
0,DeepSeek-R1-Distill-Qwen-14B-Q2_K,21,yes_no,1.0,1.0,,,,
0,DeepSeek-R1-Distill-Qwen-14B-Q2_K,33,yes_no,0.0,,,,,
0,DeepSeek-R1-Distill-Qwen-14B-Q2_K,92,yes_no,1.0,1.0,,,,
0,DeepSeek-R1-Distill-Qwen-14B-Q2_K,54,yes_no,0.0,0.0,,,,
0,DeepSeek-R1-Distill-Qwen-14B-Q2_K,10,yes_no,1.0,1.0,,,,
0,DeepSeek-R1-Distill-Qwen-14B-Q2_K,33,yes_no,1.0,1.0,,,,
0,DeepSeek-R1-Distill-Qwen-14B-Q2_K,53,yes_no,0.0,0.0,,,,
0,DeepSeek-R1-Distill-Qwen-14B-Q2_K,64,yes_no,1.0,1.0,,,,
0,DeepSeek-R1-Distill-Qwen-14B-Q2_K,98,yes_no,0.0,0.0,,,,
0,DeepSeek-R1-Distill-Qwen-14B-Q2_K,12,yes_no,1.0,1.0,,,,
0,DeepSeek-R1-Distill-Qwen-14B-Q2_K,90,yes_no,1.0,1.0,,,,
0,DeepSeek-R1-Distill-Qwen-14B-Q2_K,42,yes_no,0.0,0.0,,,,
0,DeepSeek-R1-Distill-Qwen-14B-Q2_K,53,yes_no,0.0,0.0,,,,
0,DeepSeek-R1-Distill-Qwen-14B-Q2_K,98,yes_no,0.0,0.0,,,,
0,DeepSeek-R1-Distill-Qwen-14B-Q2_K,60,yes_no,1.0,1.0,,,,
0,DeepSeek-R1-Distill-Qwen-14B-Q2_K,14,yes_no,1.0,1.0,,,,
0,DeepSeek-R1-Distill-Qwen-14B-Q2_K,27,yes_no,1.0,1.0,,,,
0,DeepSeek-R1-Distill-Qwen-14B-Q2_K,76,yes_no,1.0,1.0,,,,
0,DeepSeek-R1-Distill-Qwen-14B-Q2_K,40,yes_no,0.0,0.0,,,,
0,DeepSeek-R1-Distill-Qwen-14B-Q2_K,95,yes_no,1.0,1.0,,,,
0,DeepSeek-R1-Distill-Qwen-14B-Q2_K,100,yes_no,1.0,1.0,,,,
0,DeepSeek-R1-Distill-Qwen-14B-Q2_K,60,yes_no,1.0,1.0,,,,
0,DeepSeek-R1-Distill-Qwen-14B-Q2_K,84,yes_no,0.0,0.0,,,,
0,DeepSeek-R1-Distill-Qwen-14B-Q2_K,19,yes_no,1.0,1.0,,,,
0,DeepSeek-R1-Distill-Qwen-14B-Q2_K,85,yes_no,0.0,0.0,,,,
0,DeepSeek-R1-Distill-Qwen-14B-Q2_K,84,yes_no,0.0,0.0,,,,
0,DeepSeek-R1-Distill-Qwen-14B-Q2_K,40,yes_no,0.0,0.0,,,,
0,DeepSeek-R1-Distill-Qwen-14B-Q2_K,26,yes_no,0.0,0.0,,,,
0,DeepSeek-R1-Distill-Qwen-14B-Q2_K,78,yes_no,0.0,0.0,,,,
0,DeepSeek-R1-Distill-Qwen-14B-Q2_K,80,yes_no,0.0,0.0,,,,
0,DeepSeek-R1-Distill-Qwen-14B-Q2_K,80,yes_no,0.0,0.0,,,,
0,DeepSeek-R1-Distill-Qwen-14B-Q2_K,71,yes_no,0.0,0.0,,,,
0,DeepSeek-R1-Distill-Qwen-14B-Q2_K,8,yes_no,1.0,1.0,,,,
0,DeepSeek-R1-Distill-Qwen-14B-Q2_K,31,yes_no,1.0,1.0,,,,
0,DeepSeek-R1-Distill-Qwen-14B-Q2_K,15,yes_no,0.0,0.0,,,,
0,DeepSeek-R1-Distill-Qwen-14B-Q2_K,94,yes_no,1.0,1.0,,,,
0,DeepSeek-R1-Distill-Qwen-14B-Q2_K,73,yes_no,1.0,1.0,,,,
0,DeepSeek-R1-Distill-Qwen-14B-Q2_K,84,yes_no,0.0,0.0,,,,
0,DeepSeek-R1-Distill-Qwen-14B-Q2_K,4,yes_no,0.0,0.0,,,,
0,DeepSeek-R1-Distill-Qwen-14B-Q2_K,57,yes_no,1.0,1.0,,,,
0,DeepSeek-R1-Distill-Qwen-14B-Q2_K,27,yes_no,1.0,1.0,,,,
0,DeepSeek-R1-Distill-Qwen-14B-Q2_K,6,yes_no,0.0,0.0,,,,
0,DeepSeek-R1-Distill-Qwen-14B-Q2_K,61,yes_no,1.0,1.0,,,,
0,DeepSeek-R1-Distill-Qwen-14B-Q2_K,99,yes_no,1.0,1.0,,,,
0,DeepSeek-R1-Distill-Qwen-14B-Q2_K,24,yes_no,1.0,1.0,,,,
0,DeepSeek-R1-Distill-Qwen-14B-Q2_K,73,yes_no,1.0,1.0,,,,
0,DeepSeek-R1-Distill-Qwen-14B-Q2_K,19,yes_no,1.0,1.0,,,,
0,DeepSeek-R1-Distill-Qwen-14B-Q2_K,48,yes_no,0.0,0.0,,,,
0,DeepSeek-R1-Distill-Qwen-14B-Q2_K,5,yes_no,1.0,1.0,,,,
0,DeepSeek-R1-Distill-Qwen-14B-Q2_K,17,yes_no,1.0,1.0,,,,
0,DeepSeek-R1-Distill-Qwen-14B-Q2_K,87,yes_no,0.0,0.0,,,,
0,DeepSeek-R1-Distill-Qwen-14B-Q2_K,60,yes_no,1.0,1.0,,,,
0,DeepSeek-R1-Distill-Qwen-14B-Q2_K,42,yes_no,0.0,0.0,,,,
0,DeepSeek-R1-Distill-Qwen-14B-Q2_K,74,yes_no,0.0,0.0,,,,
0,DeepSeek-R1-Distill-Qwen-14B-Q2_K,90,yes_no,1.0,1.0,,,,
0,DeepSeek-R1-Distill-Qwen-14B-Q2_K,34,yes_no,1.0,1.0,,,,
0,DeepSeek-R1-Distill-Qwen-14B-Q2_K,11,yes_no,1.0,1.0,,,,
0,DeepSeek-R1-Distill-Qwen-14B-Q2_K,75,yes_no,0.0,0.0,,,,
0,DeepSeek-R1-Distill-Qwen-14B-Q2_K,60,yes_no,1.0,1.0,,,,
0,DeepSeek-R1-Distill-Qwen-14B-Q2_K,71,yes_no,0.0,0.0,,,,
0,DeepSeek-R1-Distill-Qwen-14B-Q2_K,62,yes_no,1.0,1.0,,,,
0,DeepSeek-R1-Distill-Qwen-14B-Q2_K,81,yes_no,0.0,0.0,,,,
0,DeepSeek-R1-Distill-Qwen-14B-Q2_K,65,yes_no,1.0,1.0,,,,
0,DeepSeek-R1-Distill-Qwen-14B-Q2_K,23,yes_no,1.0,1.0,,,,
0,DeepSeek-R1-Distill-Qwen-14B-Q2_K,19,yes_no,1.0,1.0,,,,
0,DeepSeek-R1-Distill-Qwen-14B-Q2_K,78,yes_no,0.0,0.0,,,,
0,DeepSeek-R1-Distill-Qwen-14B-Q2_K,91,yes_no,0.0,0.0,,,,
0,DeepSeek-R1-Distill-Qwen-14B-Q2_K,71,yes_no,0.0,0.0,,,,
0,DeepSeek-R1-Distill-Qwen-14B-Q2_K,87,yes_no,0.0,0.0,,,,
0,DeepSeek-R1-Distill-Qwen-14B-Q2_K,6,yes_no,0.0,0.0,,,,
0,DeepSeek-R1-Distill-Qwen-14B-Q2_K,40,yes_no,0.0,0.0,,,,
0,DeepSeek-R1-Distill-Qwen-14B-Q2_K,22,yes_no,0.0,0.0,,,,
0,DeepSeek-R1-Distill-Qwen-14B-Q2_K,71,yes_no,0.0,0.0,,,,
0,DeepSeek-R1-Distill-Qwen-14B-Q2_K,68,yes_no,1.0,1.0,,,,
0,DeepSeek-R1-Distill-Qwen-14B-Q2_K,59,yes_no,1.0,1.0,,,,
0,DeepSeek-R1-Distill-Qwen-14B-Q2_K,56,yes_no,1.0,1.0,,,,
0,DeepSeek-R1-Distill-Qwen-14B-Q2_K,74,yes_no,0.0,0.0,,,,
0,DeepSeek-R1-Distill-Qwen-14B-Q2_K,14,yes_no,1.0,1.0,,,,
0,DeepSeek-R1-Distill-Qwen-14B-Q2_K,30,yes_no,0.0,,,,,
0,DeepSeek-R1-Distill-Qwen-14B-Q2_K,60,yes_no,1.0,1.0,,,,
0,DeepSeek-R1-Distill-Qwen-14B-Q2_K,69,yes_no,1.0,1.0,,,,
0,DeepSeek-R1-Distill-Qwen-14B-Q2_K,47,yes_no,1.0,1.0,,,,
0,DeepSeek-R1-Distill-Qwen-14B-Q2_K,54,yes_no,0.0,0.0,,,,
0,DeepSeek-R1-Distill-Qwen-14B-Q2_K,38,yes_no,0.0,0.0,,,,
0,DeepSeek-R1-Distill-Qwen-14B-Q2_K,98,yes_no,0.0,0.0,,,,
0,DeepSeek-R1-Distill-Qwen-14B-Q2_K,71,yes_no,0.0,0.0,,,,
0,DeepSeek-R1-Distill-Qwen-14B-Q2_K,77,yes_no,0.0,0.0,,,,
0,DeepSeek-R1-Distill-Qwen-14B-Q2_K,42,yes_no,0.0,0.0,,,,
0,DeepSeek-R1-Distill-Qwen-14B-Q2_K,25,yes_no,1.0,1.0,,,,
0,DeepSeek-R1-Distill-Qwen-14B-Q2_K,27,yes_no,1.0,1.0,,,,
0,DeepSeek-R1-Distill-Qwen-14B-Q2_K,84,yes_no,0.0,0.0,,,,
0,DeepSeek-R1-Distill-Qwen-14B-Q2_K,29,yes_no,1.0,1.0,,,,
0,DeepSeek-R1-Distill-Qwen-14B-Q2_K,75,yes_no,0.0,0.0,,,,
0,DeepSeek-R1-Distill-Qwen-14B-Q2_K,62,yes_no,1.0,1.0,,,,
0,DeepSeek-R1-Distill-Qwen-14B-Q2_K,94,yes_no,1.0,1.0,,,,
0,DeepSeek-R1-Distill-Qwen-14B-Q2_K,100,yes_no,1.0,1.0,,,,
0,DeepSeek-R1-Distill-Qwen-14B-Q2_K,28,yes_no,1.0,1.0,,,,
0,DeepSeek-R1-Distill-Qwen-14B-Q2_K,161,short_answer,0.014492753623188406,,,,,
0,DeepSeek-R1-Distill-Qwen-14B-Q2_K,151,short_answer,0.13333333333333336,,,,,
0,DeepSeek-R1-Distill-Qwen-14B-Q2_K,111,short_answer,0.0,,,,,
0,DeepSeek-R1-Distill-Qwen-14B-Q2_K,118,short_answer,0.02702702702702703,,,,,
0,DeepSeek-R1-Distill-Qwen-14B-Q2_K,103,short_answer,0.05172413793103448,,,,,
0,DeepSeek-R1-Distill-Qwen-14B-Q2_K,177,short_answer,0.019999999999999997,,,,,
0,DeepSeek-R1-Distill-Qwen-14B-Q2_K,131,short_answer,0.1142857142857143,,,,,
0,DeepSeek-R1-Distill-Qwen-14B-Q2_K,110,short_answer,0.0,,,,,
0,DeepSeek-R1-Distill-Qwen-14B-Q2_K,142,short_answer,0.1894736842105263,,,,,
0,DeepSeek-R1-Distill-Qwen-14B-Q2_K,174,short_answer,0.0,,,,,
0,DeepSeek-R1-Distill-Qwen-14B-Q2_K,177,short_answer,0.0,,,,,
0,DeepSeek-R1-Distill-Qwen-14B-Q2_K,189,short_answer,0.05063291139240506,,,,,
0,DeepSeek-R1-Distill-Qwen-14B-Q2_K,194,short_answer,0.0,,,,,
0,DeepSeek-R1-Distill-Qwen-14B-Q2_K,184,short_answer,0.0,,,,,
0,DeepSeek-R1-Distill-Qwen-14B-Q2_K,190,short_answer,0.028571428571428574,,,,,
0,DeepSeek-R1-Distill-Qwen-14B-Q2_K,196,short_answer,0.0,,,,,
0,DeepSeek-R1-Distill-Qwen-14B-Q2_K,147,short_answer,0.0759493670886076,,,,,
0,DeepSeek-R1-Distill-Qwen-14B-Q2_K,122,short_answer,0.014084507042253521,,,,,
0,DeepSeek-R1-Distill-Qwen-14B-Q2_K,156,short_answer,0.0,,,,,
0,DeepSeek-R1-Distill-Qwen-14B-Q2_K,164,short_answer,0.027027027027027025,,,,,
0,DeepSeek-R1-Distill-Qwen-14B-Q2_K,186,short_answer,0.03809523809523809,,,,,
0,DeepSeek-R1-Distill-Qwen-14B-Q2_K,182,short_answer,0.0,,,,,
0,DeepSeek-R1-Distill-Qwen-14B-Q2_K,160,short_answer,0.0,,,,,
0,DeepSeek-R1-Distill-Qwen-14B-Q2_K,126,short_answer,0.0,,,,,
0,DeepSeek-R1-Distill-Qwen-14B-Q2_K,156,short_answer,0.037037037037037035,,,,,
0,DeepSeek-R1-Distill-Qwen-14B-Q2_K,117,short_answer,0.0,,,,,
0,DeepSeek-R1-Distill-Qwen-14B-Q2_K,151,short_answer,0.16129032258064516,,,,,
0,DeepSeek-R1-Distill-Qwen-14B-Q2_K,159,short_answer,0.023529411764705882,,,,,
0,DeepSeek-R1-Distill-Qwen-14B-Q2_K,129,short_answer,0.0,,,,,
0,DeepSeek-R1-Distill-Qwen-14B-Q2_K,101,short_answer,0.017699115044247787,,,,,
0,DeepSeek-R1-Distill-Qwen-14B-Q2_K,173,short_answer,0.0,,,,,
0,DeepSeek-R1-Distill-Qwen-14B-Q2_K,122,short_answer,0.025641025641025637,,,,,
0,DeepSeek-R1-Distill-Qwen-14B-Q2_K,131,short_answer,0.1142857142857143,,,,,
0,DeepSeek-R1-Distill-Qwen-14B-Q2_K,178,short_answer,0.03361344537815126,,,,,
0,DeepSeek-R1-Distill-Qwen-14B-Q2_K,167,short_answer,0.13333333333333336,,,,,
0,DeepSeek-R1-Distill-Qwen-14B-Q2_K,188,short_answer,0.0898876404494382,,,,,
0,DeepSeek-R1-Distill-Qwen-14B-Q2_K,145,short_answer,0.01639344262295082,,,,,
0,DeepSeek-R1-Distill-Qwen-14B-Q2_K,139,short_answer,0.0970873786407767,,,,,
0,DeepSeek-R1-Distill-Qwen-14B-Q2_K,158,short_answer,0.0,,,,,
0,DeepSeek-R1-Distill-Qwen-14B-Q2_K,194,short_answer,0.0,,,,,
0,DeepSeek-R1-Distill-Qwen-14B-Q2_K,167,short_answer,0.056338028169014086,,,,,
0,DeepSeek-R1-Distill-Qwen-14B-Q2_K,169,short_answer,0.03773584905660377,,,,,
0,DeepSeek-R1-Distill-Qwen-14B-Q2_K,129,short_answer,0.0,,,,,
0,DeepSeek-R1-Distill-Qwen-14B-Q2_K,138,short_answer,0.05970149253731343,,,,,
0,DeepSeek-R1-Distill-Qwen-14B-Q2_K,101,short_answer,0.01941747572815534,,,,,
0,DeepSeek-R1-Distill-Qwen-14B-Q2_K,156,short_answer,0.03125,,,,,
0,DeepSeek-R1-Distill-Qwen-14B-Q2_K,144,short_answer,0.17142857142857143,,,,,
0,DeepSeek-R1-Distill-Qwen-14B-Q2_K,163,short_answer,0.03333333333333333,,,,,
0,DeepSeek-R1-Distill-Qwen-14B-Q2_K,118,short_answer,0.016806722689075633,,,,,
0,DeepSeek-R1-Distill-Qwen-14B-Q2_K,123,short_answer,0.0,,,,,
0,DeepSeek-R1-Distill-Qwen-14B-Q2_K,130,short_answer,0.015037593984962405,,,,,
0,DeepSeek-R1-Distill-Qwen-14B-Q2_K,174,short_answer,0.0,,,,,
0,DeepSeek-R1-Distill-Qwen-14B-Q2_K,176,short_answer,0.0,,,,,
0,DeepSeek-R1-Distill-Qwen-14B-Q2_K,198,short_answer,0.052173913043478265,,,,,
0,DeepSeek-R1-Distill-Qwen-14B-Q2_K,154,short_answer,0.1142857142857143,,,,,
0,DeepSeek-R1-Distill-Qwen-14B-Q2_K,153,short_answer,0.0392156862745098,,,,,
0,DeepSeek-R1-Distill-Qwen-14B-Q2_K,179,short_answer,0.0,,,,,
0,DeepSeek-R1-Distill-Qwen-14B-Q2_K,177,short_answer,0.0,,,,,
0,DeepSeek-R1-Distill-Qwen-14B-Q2_K,117,short_answer,0.03225806451612903,,,,,
0,DeepSeek-R1-Distill-Qwen-14B-Q2_K,110,short_answer,0.0,,,,,
0,DeepSeek-R1-Distill-Qwen-14B-Q2_K,183,short_answer,0.02531645569620253,,,,,
0,DeepSeek-R1-Distill-Qwen-14B-Q2_K,182,short_answer,0.02247191011235955,,,,,
0,DeepSeek-R1-Distill-Qwen-14B-Q2_K,136,short_answer,0.02247191011235955,,,,,
0,DeepSeek-R1-Distill-Qwen-14B-Q2_K,125,short_answer,0.0,,,,,
0,DeepSeek-R1-Distill-Qwen-14B-Q2_K,163,short_answer,0.03508771929824561,,,,,
0,DeepSeek-R1-Distill-Qwen-14B-Q2_K,118,short_answer,0.017094017094017096,,,,,
0,DeepSeek-R1-Distill-Qwen-14B-Q2_K,165,short_answer,0.02173913043478261,,,,,
0,DeepSeek-R1-Distill-Qwen-14B-Q2_K,169,short_answer,0.025,,,,,
0,DeepSeek-R1-Distill-Qwen-14B-Q2_K,162,short_answer,0.0,,,,,
0,DeepSeek-R1-Distill-Qwen-14B-Q2_K,173,short_answer,0.025,,,,,
0,DeepSeek-R1-Distill-Qwen-14B-Q2_K,132,short_answer,0.06779661016949153,,,,,
0,DeepSeek-R1-Distill-Qwen-14B-Q2_K,111,short_answer,0.0,,,,,
0,DeepSeek-R1-Distill-Qwen-14B-Q2_K,129,short_answer,0.0,,,,,
0,DeepSeek-R1-Distill-Qwen-14B-Q2_K,103,short_answer,0.07272727272727274,,,,,
0,DeepSeek-R1-Distill-Qwen-14B-Q2_K,116,short_answer,0.0,,,,,
0,DeepSeek-R1-Distill-Qwen-14B-Q2_K,142,short_answer,0.045454545454545456,,,,,
0,DeepSeek-R1-Distill-Qwen-14B-Q2_K,108,short_answer,0.0,,,,,
0,DeepSeek-R1-Distill-Qwen-14B-Q2_K,160,short_answer,0.0,,,,,
0,DeepSeek-R1-Distill-Qwen-14B-Q2_K,103,short_answer,0.05128205128205129,,,,,
0,DeepSeek-R1-Distill-Qwen-14B-Q2_K,143,short_answer,0.0,,,,,
0,DeepSeek-R1-Distill-Qwen-14B-Q2_K,116,short_answer,0.0,,,,,
0,DeepSeek-R1-Distill-Qwen-14B-Q2_K,172,short_answer,0.0,,,,,
0,DeepSeek-R1-Distill-Qwen-14B-Q2_K,139,short_answer,0.08620689655172413,,,,,
0,DeepSeek-R1-Distill-Qwen-14B-Q2_K,163,short_answer,0.0689655172413793,,,,,
0,DeepSeek-R1-Distill-Qwen-14B-Q2_K,137,short_answer,0.018518518518518517,,,,,
0,DeepSeek-R1-Distill-Qwen-14B-Q2_K,192,short_answer,0.0,,,,,
0,DeepSeek-R1-Distill-Qwen-14B-Q2_K,133,short_answer,0.10256410256410256,,,,,
0,DeepSeek-R1-Distill-Qwen-14B-Q2_K,149,short_answer,0.05357142857142857,,,,,
0,DeepSeek-R1-Distill-Qwen-14B-Q2_K,103,short_answer,0.05714285714285715,,,,,
0,DeepSeek-R1-Distill-Qwen-14B-Q2_K,109,short_answer,0.0,,,,,
0,DeepSeek-R1-Distill-Qwen-14B-Q2_K,178,short_answer,0.02857142857142857,,,,,
0,DeepSeek-R1-Distill-Qwen-14B-Q2_K,121,short_answer,0.0,,,,,
0,DeepSeek-R1-Distill-Qwen-14B-Q2_K,160,short_answer,0.0,,,,,
0,DeepSeek-R1-Distill-Qwen-14B-Q2_K,141,short_answer,0.0,,,,,
0,DeepSeek-R1-Distill-Qwen-14B-Q2_K,196,short_answer,0.0,,,,,
0,DeepSeek-R1-Distill-Qwen-14B-Q2_K,170,short_answer,0.027027027027027025,,,,,
0,DeepSeek-R1-Distill-Qwen-14B-Q2_K,119,short_answer,0.0,,,,,
0,DeepSeek-R1-Distill-Qwen-14B-Q2_K,180,short_answer,0.012269938650306747,,,,,
0,DeepSeek-R1-Distill-Qwen-14B-Q2_K,180,short_answer,0.020408163265306128,,,,,
0,DeepSeek-R1-Distill-Qwen-14B-Q2_K,200,short_answer,0.0,,,,,
0,DeepSeek-R1-Distill-Qwen-14B-Q2_K,282,open_ended,,,0.19534883720930235,0.01869158878504673,0.12949640287769784,0.6376720070838928
0,DeepSeek-R1-Distill-Qwen-14B-Q2_K,257,open_ended,,,0.20444444444444446,0.053811659192825115,0.2465755606523955,0.6160563826560974
0,DeepSeek-R1-Distill-Qwen-14B-Q2_K,228,open_ended,,,0.34838709677419355,0.09071274298056156,0.19937275985663083,0.6386284232139587
0,DeepSeek-R1-Distill-Qwen-14B-Q2_K,260,open_ended,,,0.24725274725274723,0.05524861878453039,0.22026798983601334,0.6572185158729553
0,DeepSeek-R1-Distill-Qwen-14B-Q2_K,265,open_ended,,,0.17902813299232737,0.04627249357326478,0.19427124367596318,0.6769031286239624
0,DeepSeek-R1-Distill-Qwen-14B-Q2_K,252,open_ended,,,0.06735751295336788,0.015625,0.07650273224043717,0.6110411286354065
0,DeepSeek-R1-Distill-Qwen-14B-Q2_K,237,open_ended,,,0.23460410557184752,0.029498525073746312,0.12801204819277112,0.6111631393432617
0,DeepSeek-R1-Distill-Qwen-14B-Q2_K,216,open_ended,,,0.1379310344827586,0.013888888888888888,0.18803418803418803,0.5822080373764038
0,DeepSeek-R1-Distill-Qwen-14B-Q2_K,204,open_ended,,,0.33939393939393936,0.06490872210953347,0.233592112198273,0.6317867040634155
0,DeepSeek-R1-Distill-Qwen-14B-Q2_K,217,open_ended,,,0.15157894736842104,0.03382663847780127,0.10904872389791183,0.5968182682991028
0,DeepSeek-R1-Distill-Qwen-14B-Q2_K,289,open_ended,,,0.1564625850340136,0.020547945205479447,0.11111111111111112,0.5846237540245056
0,DeepSeek-R1-Distill-Qwen-14B-Q2_K,258,open_ended,,,0.3010752688172043,0.13513513513513514,0.2492678416732936,0.6593562364578247
0,DeepSeek-R1-Distill-Qwen-14B-Q2_K,235,open_ended,,,0.28173913043478266,0.09075043630017453,0.2206782577945423,0.6726579666137695
0,DeepSeek-R1-Distill-Qwen-14B-Q2_K,221,open_ended,,,0.1257367387033399,0.03550295857988165,0.12051569506726457,0.6396445035934448
0,DeepSeek-R1-Distill-Qwen-14B-Q2_K,257,open_ended,,,0.176,0.040322580645161296,0.16501650165016502,0.6070306301116943
0,DeepSeek-R1-Distill-Qwen-14B-Q2_K,290,open_ended,,,0.22113022113022113,0.03950617283950617,0.21607335490830637,0.6464662551879883
0,DeepSeek-R1-Distill-Qwen-14B-Q2_K,300,open_ended,,,0.3551020408163265,0.06557377049180328,0.241915193308486,0.6924405097961426
0,DeepSeek-R1-Distill-Qwen-14B-Q2_K,237,open_ended,,,0.3090128755364807,0.04310344827586207,0.19700402482110102,0.6601304411888123
0,DeepSeek-R1-Distill-Qwen-14B-Q2_K,246,open_ended,,,0.26258992805755393,0.06498194945848375,0.13579697239536953,0.6521702408790588
0,DeepSeek-R1-Distill-Qwen-14B-Q2_K,224,open_ended,,,0.10658307210031348,0.012618296529968454,0.07455507455507454,0.556740403175354
0,DeepSeek-R1-Distill-Qwen-14B-Q2_K,289,open_ended,,,0.1313131313131313,0.03553299492385787,0.10680379746835443,0.5923393368721008
0,DeepSeek-R1-Distill-Qwen-14B-Q2_K,225,open_ended,,,0.32083333333333336,0.03765690376569037,0.18508812427731347,0.6439433097839355
0,DeepSeek-R1-Distill-Qwen-14B-Q2_K,262,open_ended,,,0.1620253164556962,0.02035623409669211,0.19300274232113493,0.6470831632614136
0,DeepSeek-R1-Distill-Qwen-14B-Q2_K,226,open_ended,,,0.2780748663101604,0.06797853309481217,0.1917841831401399,0.6726749539375305
0,DeepSeek-R1-Distill-Qwen-14B-Q2_K,253,open_ended,,,0.21033210332103322,0.05185185185185185,0.18576328874106837,0.659290075302124
0,DeepSeek-R1-Distill-Qwen-14B-Q2_K,217,open_ended,,,0.18483412322274878,0.03333333333333334,0.10651763471312346,0.5870875120162964
0,DeepSeek-R1-Distill-Qwen-14B-Q2_K,284,open_ended,,,0.41578947368421054,0.15343915343915346,0.2392466563117913,0.680351734161377
0,DeepSeek-R1-Distill-Qwen-14B-Q2_K,235,open_ended,,,0.41406249999999994,0.10196078431372549,0.24976213391494645,0.6854338049888611
0,DeepSeek-R1-Distill-Qwen-14B-Q2_K,251,open_ended,,,0.2976501305483028,0.10498687664041995,0.1454619883704761,0.6003203392028809
0,DeepSeek-R1-Distill-Qwen-14B-Q2_K,241,open_ended,,,0.2254697286012526,0.07547169811320754,0.13099471178004835,0.6343435049057007
0,DeepSeek-R1-Distill-Qwen-14B-Q2_K,210,open_ended,,,0.324455205811138,0.1070559610705596,0.2886656686715149,0.7005473971366882
0,DeepSeek-R1-Distill-Qwen-14B-Q2_K,290,open_ended,,,0.23441396508728182,0.06516290726817042,0.25567500695290246,0.6757165789604187
0,DeepSeek-R1-Distill-Qwen-14B-Q2_K,231,open_ended,,,0.2547332185886403,0.11053540587219345,0.20843624614237688,0.6542344689369202
0,DeepSeek-R1-Distill-Qwen-14B-Q2_K,272,open_ended,,,0.2594936708860759,0.13375796178343946,0.3940784761840627,0.644022524356842
0,DeepSeek-R1-Distill-Qwen-14B-Q2_K,230,open_ended,,,0.24424778761061944,0.02841918294849023,0.15982628195003815,0.6693841814994812
0,DeepSeek-R1-Distill-Qwen-14B-Q2_K,274,open_ended,,,0.23423423423423423,0.06646525679758308,0.21887159533073933,0.6714729070663452
0,DeepSeek-R1-Distill-Qwen-14B-Q2_K,224,open_ended,,,0.10919540229885058,0.005780346820809249,0.09328358208955223,0.5638594031333923
0,DeepSeek-R1-Distill-Qwen-14B-Q2_K,207,open_ended,,,0.2559652928416486,0.030501089324618737,0.15168946408923087,0.6259921193122864
0,DeepSeek-R1-Distill-Qwen-14B-Q2_K,281,open_ended,,,0.11275964391691395,0.0,0.10621637339968026,0.5925180912017822
0,DeepSeek-R1-Distill-Qwen-14B-Q2_K,220,open_ended,,,0.31660231660231664,0.0933852140077821,0.24423995589864336,0.556378185749054
0,DeepSeek-R1-Distill-Qwen-14B-Q2_K,293,open_ended,,,0.271889400921659,0.032407407407407406,0.21537442014579194,0.6598266959190369
0,DeepSeek-R1-Distill-Qwen-14B-Q2_K,234,open_ended,,,0.40618955512572535,0.2135922330097087,0.26373991843937206,0.6228549480438232
0,DeepSeek-R1-Distill-Qwen-14B-Q2_K,284,open_ended,,,0.37113402061855666,0.18134715025906734,0.3287001986265376,0.6829004883766174
0,DeepSeek-R1-Distill-Qwen-14B-Q2_K,287,open_ended,,,0.36533957845433257,0.11294117647058825,0.2788753697086957,0.7042379379272461
0,DeepSeek-R1-Distill-Qwen-14B-Q2_K,245,open_ended,,,0.2881720430107527,0.03023758099352052,0.15438906043228937,0.6438767910003662
0,DeepSeek-R1-Distill-Qwen-14B-Q2_K,248,open_ended,,,0.3873684210526316,0.1310782241014799,0.2318100996213435,0.6564584970474243
0,DeepSeek-R1-Distill-Qwen-14B-Q2_K,227,open_ended,,,0.2826666666666667,0.11260053619302948,0.1687407605563146,0.598048746585846
0,DeepSeek-R1-Distill-Qwen-14B-Q2_K,291,open_ended,,,0.2962962962962962,0.0794044665012407,0.20873841903446308,0.6610329747200012
0,DeepSeek-R1-Distill-Qwen-14B-Q2_K,253,open_ended,,,0.3422459893048128,0.07526881720430108,0.20923353909465023,0.6567687392234802
0,DeepSeek-R1-Distill-Qwen-14B-Q2_K,240,open_ended,,,0.4007858546168959,0.20907297830374755,0.3631655342535774,0.6048935651779175
0,DeepSeek-R1-Distill-Qwen-14B-Q2_K,282,open_ended,,,0.2470308788598575,0.05250596658711217,0.15230312035661223,0.6337905526161194
0,DeepSeek-R1-Distill-Qwen-14B-Q2_K,225,open_ended,,,0.2988047808764941,0.048,0.18095238095238095,0.6521592736244202
0,DeepSeek-R1-Distill-Qwen-14B-Q2_K,290,open_ended,,,0.19069767441860463,0.04205607476635514,0.1758409785932722,0.671527087688446
0,DeepSeek-R1-Distill-Qwen-14B-Q2_K,228,open_ended,,,0.1398176291793313,0.042813455657492346,0.08898898205830634,0.5524466633796692
0,DeepSeek-R1-Distill-Qwen-14B-Q2_K,209,open_ended,,,0.4205816554809843,0.16629213483146066,0.13688767244049466,0.6286468505859375
0,DeepSeek-R1-Distill-Qwen-14B-Q2_K,279,open_ended,,,0.2469135802469136,0.08074534161490683,0.22597354595487912,0.6297028064727783
0,DeepSeek-R1-Distill-Qwen-14B-Q2_K,279,open_ended,,,0.20869565217391303,0.029154518950437316,0.20719184153978173,0.6737626791000366
0,DeepSeek-R1-Distill-Qwen-14B-Q2_K,223,open_ended,,,0.446927374301676,0.1383177570093458,0.30860382915177126,0.6837223172187805
0,DeepSeek-R1-Distill-Qwen-14B-Q2_K,291,open_ended,,,0.303921568627451,0.07881773399014778,0.23254941242578975,0.6678224802017212
0,DeepSeek-R1-Distill-Qwen-14B-Q2_K,234,open_ended,,,0.35769230769230775,0.17374517374517376,0.2467909085194359,0.647121250629425
0,DeepSeek-R1-Distill-Qwen-14B-Q2_K,267,open_ended,,,0.19098143236074272,0.048,0.1849836779107726,0.5912728309631348
0,DeepSeek-R1-Distill-Qwen-14B-Q2_K,254,open_ended,,,0.4018691588785047,0.12206572769953053,0.2460510415641574,0.6378907561302185
0,DeepSeek-R1-Distill-Qwen-14B-Q2_K,226,open_ended,,,0.3598484848484848,0.07604562737642585,0.23302203876011407,0.6572721600532532
0,DeepSeek-R1-Distill-Qwen-14B-Q2_K,259,open_ended,,,0.15116279069767444,0.0058479532163742695,0.09152392910985842,0.579557478427887
0,DeepSeek-R1-Distill-Qwen-14B-Q2_K,260,open_ended,,,0.22843822843822842,0.0702576112412178,0.2033898305084746,0.6479265093803406
0,DeepSeek-R1-Distill-Qwen-14B-Q2_K,201,open_ended,,,0.3492063492063492,0.13829787234042554,0.28351746169833736,0.5919194221496582
0,DeepSeek-R1-Distill-Qwen-14B-Q2_K,261,open_ended,,,0.19121447028423774,0.025974025974025976,0.19491505849472793,0.6758768558502197
0,DeepSeek-R1-Distill-Qwen-14B-Q2_K,300,open_ended,,,0.3664717348927875,0.06653620352250489,0.23876404494382025,0.688877284526825
0,DeepSeek-R1-Distill-Qwen-14B-Q2_K,228,open_ended,,,0.21126760563380284,0.03180212014134276,0.15202830689882585,0.646937906742096
0,DeepSeek-R1-Distill-Qwen-14B-Q2_K,249,open_ended,,,0.44961240310077516,0.1556420233463035,0.25918523545418737,0.6497406363487244
0,DeepSeek-R1-Distill-Qwen-14B-Q2_K,245,open_ended,,,0.2533589251439539,0.01926782273603083,0.1537804357112345,0.6335707306861877
0,DeepSeek-R1-Distill-Qwen-14B-Q2_K,292,open_ended,,,0.25321888412017163,0.12931034482758622,0.3172478217667175,0.6801785230636597
0,DeepSeek-R1-Distill-Qwen-14B-Q2_K,236,open_ended,,,0.3246492985971944,0.052313883299798795,0.1866424593697321,0.6458433270454407
0,DeepSeek-R1-Distill-Qwen-14B-Q2_K,241,open_ended,,,0.20527859237536658,0.05309734513274336,0.12728047573152904,0.596091628074646
0,DeepSeek-R1-Distill-Qwen-14B-Q2_K,259,open_ended,,,0.25,0.04932735426008969,0.19190058319331826,0.6338356137275696
0,DeepSeek-R1-Distill-Qwen-14B-Q2_K,244,open_ended,,,0.31983805668016196,0.06910569105691057,0.22398843930635834,0.7333083748817444
0,DeepSeek-R1-Distill-Qwen-14B-Q2_K,276,open_ended,,,0.25060240963855424,0.07748184019370459,0.22577996715927748,0.6778610348701477
0,DeepSeek-R1-Distill-Qwen-14B-Q2_K,206,open_ended,,,0.07792207792207792,0.006535947712418301,0.05725190839694656,0.5731945037841797
0,DeepSeek-R1-Distill-Qwen-14B-Q2_K,252,open_ended,,,0.12189616252821671,0.013605442176870748,0.12308533916849014,0.6528360247612
0,DeepSeek-R1-Distill-Qwen-14B-Q2_K,266,open_ended,,,0.21787709497206703,0.11797752808988765,0.14371958762886602,0.6246689558029175
0,DeepSeek-R1-Distill-Qwen-14B-Q2_K,217,open_ended,,,0.22113022113022113,0.03950617283950618,0.15522175755277398,0.5765361189842224
0,DeepSeek-R1-Distill-Qwen-14B-Q2_K,290,open_ended,,,0.2042755344418052,0.06205250596658711,0.2457188150933658,0.6564942598342896
0,DeepSeek-R1-Distill-Qwen-14B-Q2_K,210,open_ended,,,0.40404040404040403,0.1530612244897959,0.2394533807599584,0.6564608216285706
0,DeepSeek-R1-Distill-Qwen-14B-Q2_K,277,open_ended,,,0.0440771349862259,0.016620498614958446,0.08374621093341696,0.6158965229988098
0,DeepSeek-R1-Distill-Qwen-14B-Q2_K,260,open_ended,,,0.2897727272727273,0.08571428571428572,0.28400733642929005,0.6507696509361267
0,DeepSeek-R1-Distill-Qwen-14B-Q2_K,291,open_ended,,,0.2857142857142857,0.07734806629834254,0.19709754281459418,0.6444727778434753
0,DeepSeek-R1-Distill-Qwen-14B-Q2_K,218,open_ended,,,0.31026252983293556,0.04796163069544365,0.16406041655189937,0.621919572353363
0,DeepSeek-R1-Distill-Qwen-14B-Q2_K,293,open_ended,,,0.24444444444444446,0.026785714285714288,0.20581209241244114,0.6565463542938232
0,DeepSeek-R1-Distill-Qwen-14B-Q2_K,281,open_ended,,,0.2989010989010989,0.05298013245033112,0.2376902451715334,0.681282639503479
0,DeepSeek-R1-Distill-Qwen-14B-Q2_K,277,open_ended,,,0.2260869565217391,0.06140350877192983,0.11515151515151516,0.6133492588996887
0,DeepSeek-R1-Distill-Qwen-14B-Q2_K,243,open_ended,,,0.3907563025210084,0.06751054852320676,0.20234032179424669,0.7141030430793762
0,DeepSeek-R1-Distill-Qwen-14B-Q2_K,219,open_ended,,,0.2482758620689655,0.02771362586605081,0.19458224726906334,0.653175413608551
0,DeepSeek-R1-Distill-Qwen-14B-Q2_K,290,open_ended,,,0.18834080717488785,0.02702702702702703,0.20417014908963177,0.6644204258918762
0,DeepSeek-R1-Distill-Qwen-14B-Q2_K,208,open_ended,,,0.29629629629629634,0.037209302325581395,0.2045964125560538,0.6262342929840088
0,DeepSeek-R1-Distill-Qwen-14B-Q2_K,282,open_ended,,,0.2181818181818182,0.0228310502283105,0.14089595375722544,0.6393142342567444
0,DeepSeek-R1-Distill-Qwen-14B-Q2_K,287,open_ended,,,0.450261780104712,0.14736842105263157,0.1955098721327402,0.6666982769966125
0,DeepSeek-R1-Distill-Qwen-14B-Q2_K,264,open_ended,,,0.08845208845208845,0.0049382716049382715,0.10362694300518135,0.6254269480705261
0,DeepSeek-R1-Distill-Qwen-14B-Q2_K,244,open_ended,,,0.3469387755102041,0.05737704918032787,0.24413013222923308,0.7171247601509094
0,DeepSeek-R1-Distill-Qwen-14B-Q2_K,205,open_ended,,,0.30808080808080807,0.04060913705583757,0.1766431968700302,0.6336987018585205
0,DeepSeek-R1-Distill-Qwen-14B-Q2_K,253,open_ended,,,0.26329113924050634,0.015267175572519083,0.15923566878980894,0.6155368089675903
1,DeepSeek-R1-Distill-Qwen-14B-Q2_K,93,yes_no,1.0,1.0,,,,
1,DeepSeek-R1-Distill-Qwen-14B-Q2_K,53,yes_no,0.0,0.0,,,,
1,DeepSeek-R1-Distill-Qwen-14B-Q2_K,11,yes_no,0.0,,,,,
1,DeepSeek-R1-Distill-Qwen-14B-Q2_K,11,yes_no,0.0,,,,,
1,DeepSeek-R1-Distill-Qwen-14B-Q2_K,46,yes_no,1.0,1.0,,,,
1,DeepSeek-R1-Distill-Qwen-14B-Q2_K,3,yes_no,0.0,0.0,,,,
1,DeepSeek-R1-Distill-Qwen-14B-Q2_K,15,yes_no,0.0,0.0,,,,
1,DeepSeek-R1-Distill-Qwen-14B-Q2_K,11,yes_no,0.0,,,,,
1,DeepSeek-R1-Distill-Qwen-14B-Q2_K,31,yes_no,1.0,1.0,,,,
1,DeepSeek-R1-Distill-Qwen-14B-Q2_K,58,yes_no,1.0,1.0,,,,
1,DeepSeek-R1-Distill-Qwen-14B-Q2_K,29,yes_no,1.0,1.0,,,,
1,DeepSeek-R1-Distill-Qwen-14B-Q2_K,57,yes_no,1.0,1.0,,,,
1,DeepSeek-R1-Distill-Qwen-14B-Q2_K,36,yes_no,1.0,1.0,,,,
1,DeepSeek-R1-Distill-Qwen-14B-Q2_K,100,yes_no,1.0,1.0,,,,
1,DeepSeek-R1-Distill-Qwen-14B-Q2_K,99,yes_no,0.0,,,,,
1,DeepSeek-R1-Distill-Qwen-14B-Q2_K,95,yes_no,0.0,0.0,,,,
1,DeepSeek-R1-Distill-Qwen-14B-Q2_K,58,yes_no,1.0,1.0,,,,
1,DeepSeek-R1-Distill-Qwen-14B-Q2_K,20,yes_no,0.0,0.0,,,,
1,DeepSeek-R1-Distill-Qwen-14B-Q2_K,24,yes_no,1.0,1.0,,,,
1,DeepSeek-R1-Distill-Qwen-14B-Q2_K,85,yes_no,0.0,0.0,,,,
1,DeepSeek-R1-Distill-Qwen-14B-Q2_K,21,yes_no,1.0,1.0,,,,
1,DeepSeek-R1-Distill-Qwen-14B-Q2_K,64,yes_no,1.0,1.0,,,,
1,DeepSeek-R1-Distill-Qwen-14B-Q2_K,40,yes_no,1.0,1.0,,,,
1,DeepSeek-R1-Distill-Qwen-14B-Q2_K,48,yes_no,0.0,0.0,,,,
1,DeepSeek-R1-Distill-Qwen-14B-Q2_K,31,yes_no,1.0,1.0,,,,
1,DeepSeek-R1-Distill-Qwen-14B-Q2_K,1,yes_no,0.0,0.0,,,,
1,DeepSeek-R1-Distill-Qwen-14B-Q2_K,57,yes_no,1.0,1.0,,,,
1,DeepSeek-R1-Distill-Qwen-14B-Q2_K,3,yes_no,0.0,0.0,,,,
1,DeepSeek-R1-Distill-Qwen-14B-Q2_K,98,yes_no,0.0,0.0,,,,
1,DeepSeek-R1-Distill-Qwen-14B-Q2_K,100,yes_no,1.0,1.0,,,,
1,DeepSeek-R1-Distill-Qwen-14B-Q2_K,70,yes_no,0.0,0.0,,,,
1,DeepSeek-R1-Distill-Qwen-14B-Q2_K,90,yes_no,1.0,1.0,,,,
1,DeepSeek-R1-Distill-Qwen-14B-Q2_K,44,yes_no,0.0,0.0,,,,
1,DeepSeek-R1-Distill-Qwen-14B-Q2_K,52,yes_no,1.0,1.0,,,,
1,DeepSeek-R1-Distill-Qwen-14B-Q2_K,84,yes_no,0.0,0.0,,,,
1,DeepSeek-R1-Distill-Qwen-14B-Q2_K,73,yes_no,1.0,1.0,,,,
1,DeepSeek-R1-Distill-Qwen-14B-Q2_K,29,yes_no,1.0,1.0,,,,
1,DeepSeek-R1-Distill-Qwen-14B-Q2_K,42,yes_no,0.0,0.0,,,,
1,DeepSeek-R1-Distill-Qwen-14B-Q2_K,33,yes_no,1.0,1.0,,,,
1,DeepSeek-R1-Distill-Qwen-14B-Q2_K,53,yes_no,0.0,0.0,,,,
1,DeepSeek-R1-Distill-Qwen-14B-Q2_K,34,yes_no,1.0,1.0,,,,
1,DeepSeek-R1-Distill-Qwen-14B-Q2_K,99,yes_no,0.0,0.0,,,,
1,DeepSeek-R1-Distill-Qwen-14B-Q2_K,14,yes_no,1.0,1.0,,,,
1,DeepSeek-R1-Distill-Qwen-14B-Q2_K,57,yes_no,1.0,1.0,,,,
1,DeepSeek-R1-Distill-Qwen-14B-Q2_K,4,yes_no,0.0,0.0,,,,
1,DeepSeek-R1-Distill-Qwen-14B-Q2_K,51,yes_no,1.0,1.0,,,,
1,DeepSeek-R1-Distill-Qwen-14B-Q2_K,100,yes_no,1.0,1.0,,,,
1,DeepSeek-R1-Distill-Qwen-14B-Q2_K,34,yes_no,1.0,1.0,,,,
1,DeepSeek-R1-Distill-Qwen-14B-Q2_K,54,yes_no,0.0,0.0,,,,
1,DeepSeek-R1-Distill-Qwen-14B-Q2_K,71,yes_no,0.0,0.0,,,,
1,DeepSeek-R1-Distill-Qwen-14B-Q2_K,68,yes_no,1.0,1.0,,,,
1,DeepSeek-R1-Distill-Qwen-14B-Q2_K,83,yes_no,0.0,0.0,,,,
1,DeepSeek-R1-Distill-Qwen-14B-Q2_K,6,yes_no,0.0,0.0,,,,
1,DeepSeek-R1-Distill-Qwen-14B-Q2_K,33,yes_no,1.0,1.0,,,,
1,DeepSeek-R1-Distill-Qwen-14B-Q2_K,50,yes_no,0.0,0.0,,,,
1,DeepSeek-R1-Distill-Qwen-14B-Q2_K,98,yes_no,0.0,0.0,,,,
1,DeepSeek-R1-Distill-Qwen-14B-Q2_K,95,yes_no,1.0,1.0,,,,
1,DeepSeek-R1-Distill-Qwen-14B-Q2_K,76,yes_no,1.0,1.0,,,,
1,DeepSeek-R1-Distill-Qwen-14B-Q2_K,77,yes_no,0.0,0.0,,,,
1,DeepSeek-R1-Distill-Qwen-14B-Q2_K,50,yes_no,0.0,0.0,,,,
1,DeepSeek-R1-Distill-Qwen-14B-Q2_K,32,yes_no,0.0,0.0,,,,
1,DeepSeek-R1-Distill-Qwen-14B-Q2_K,21,yes_no,1.0,1.0,,,,
1,DeepSeek-R1-Distill-Qwen-14B-Q2_K,32,yes_no,0.0,0.0,,,,
1,DeepSeek-R1-Distill-Qwen-14B-Q2_K,53,yes_no,0.0,0.0,,,,
1,DeepSeek-R1-Distill-Qwen-14B-Q2_K,57,yes_no,1.0,1.0,,,,
1,DeepSeek-R1-Distill-Qwen-14B-Q2_K,45,yes_no,1.0,1.0,,,,
1,DeepSeek-R1-Distill-Qwen-14B-Q2_K,78,yes_no,0.0,0.0,,,,
1,DeepSeek-R1-Distill-Qwen-14B-Q2_K,66,yes_no,1.0,1.0,,,,
1,DeepSeek-R1-Distill-Qwen-14B-Q2_K,18,yes_no,1.0,1.0,,,,
1,DeepSeek-R1-Distill-Qwen-14B-Q2_K,41,yes_no,0.0,0.0,,,,
1,DeepSeek-R1-Distill-Qwen-14B-Q2_K,41,yes_no,0.0,0.0,,,,
1,DeepSeek-R1-Distill-Qwen-14B-Q2_K,46,yes_no,1.0,1.0,,,,
1,DeepSeek-R1-Distill-Qwen-14B-Q2_K,19,yes_no,1.0,1.0,,,,
1,DeepSeek-R1-Distill-Qwen-14B-Q2_K,69,yes_no,0.0,0.0,,,,
1,DeepSeek-R1-Distill-Qwen-14B-Q2_K,83,yes_no,0.0,0.0,,,,
1,DeepSeek-R1-Distill-Qwen-14B-Q2_K,79,yes_no,1.0,1.0,,,,
1,DeepSeek-R1-Distill-Qwen-14B-Q2_K,43,yes_no,1.0,1.0,,,,
1,DeepSeek-R1-Distill-Qwen-14B-Q2_K,42,yes_no,0.0,0.0,,,,
1,DeepSeek-R1-Distill-Qwen-14B-Q2_K,13,yes_no,0.0,0.0,,,,
1,DeepSeek-R1-Distill-Qwen-14B-Q2_K,72,yes_no,1.0,1.0,,,,
1,DeepSeek-R1-Distill-Qwen-14B-Q2_K,28,yes_no,1.0,1.0,,,,
1,DeepSeek-R1-Distill-Qwen-14B-Q2_K,82,yes_no,0.0,0.0,,,,
1,DeepSeek-R1-Distill-Qwen-14B-Q2_K,73,yes_no,1.0,1.0,,,,
1,DeepSeek-R1-Distill-Qwen-14B-Q2_K,84,yes_no,0.0,0.0,,,,
1,DeepSeek-R1-Distill-Qwen-14B-Q2_K,5,yes_no,1.0,1.0,,,,
1,DeepSeek-R1-Distill-Qwen-14B-Q2_K,62,yes_no,1.0,1.0,,,,
1,DeepSeek-R1-Distill-Qwen-14B-Q2_K,22,yes_no,0.0,0.0,,,,
1,DeepSeek-R1-Distill-Qwen-14B-Q2_K,69,yes_no,0.0,,,,,
1,DeepSeek-R1-Distill-Qwen-14B-Q2_K,95,yes_no,1.0,1.0,,,,
1,DeepSeek-R1-Distill-Qwen-14B-Q2_K,30,yes_no,0.0,,,,,
1,DeepSeek-R1-Distill-Qwen-14B-Q2_K,76,yes_no,1.0,1.0,,,,
1,DeepSeek-R1-Distill-Qwen-14B-Q2_K,25,yes_no,1.0,1.0,,,,
1,DeepSeek-R1-Distill-Qwen-14B-Q2_K,3,yes_no,0.0,0.0,,,,
1,DeepSeek-R1-Distill-Qwen-14B-Q2_K,23,yes_no,1.0,1.0,,,,
1,DeepSeek-R1-Distill-Qwen-14B-Q2_K,51,yes_no,1.0,1.0,,,,
1,DeepSeek-R1-Distill-Qwen-14B-Q2_K,37,yes_no,1.0,1.0,,,,
1,DeepSeek-R1-Distill-Qwen-14B-Q2_K,58,yes_no,1.0,1.0,,,,
1,DeepSeek-R1-Distill-Qwen-14B-Q2_K,53,yes_no,0.0,0.0,,,,
1,DeepSeek-R1-Distill-Qwen-14B-Q2_K,18,yes_no,1.0,1.0,,,,
1,DeepSeek-R1-Distill-Qwen-14B-Q2_K,58,yes_no,1.0,1.0,,,,
1,DeepSeek-R1-Distill-Qwen-14B-Q2_K,177,short_answer,0.029850746268656716,,,,,
1,DeepSeek-R1-Distill-Qwen-14B-Q2_K,154,short_answer,0.11627906976744184,,,,,
1,DeepSeek-R1-Distill-Qwen-14B-Q2_K,132,short_answer,0.030303030303030304,,,,,
1,DeepSeek-R1-Distill-Qwen-14B-Q2_K,173,short_answer,0.0,,,,,
1,DeepSeek-R1-Distill-Qwen-14B-Q2_K,110,short_answer,0.0,,,,,
1,DeepSeek-R1-Distill-Qwen-14B-Q2_K,159,short_answer,0.028169014084507043,,,,,
1,DeepSeek-R1-Distill-Qwen-14B-Q2_K,141,short_answer,0.0,,,,,
1,DeepSeek-R1-Distill-Qwen-14B-Q2_K,170,short_answer,0.0,,,,,
1,DeepSeek-R1-Distill-Qwen-14B-Q2_K,155,short_answer,0.0,,,,,
1,DeepSeek-R1-Distill-Qwen-14B-Q2_K,114,short_answer,0.017543859649122806,,,,,
1,DeepSeek-R1-Distill-Qwen-14B-Q2_K,142,short_answer,0.10416666666666667,,,,,
1,DeepSeek-R1-Distill-Qwen-14B-Q2_K,134,short_answer,0.10989010989010987,,,,,
1,DeepSeek-R1-Distill-Qwen-14B-Q2_K,182,short_answer,0.0,,,,,
1,DeepSeek-R1-Distill-Qwen-14B-Q2_K,174,short_answer,0.0,,,,,
1,DeepSeek-R1-Distill-Qwen-14B-Q2_K,146,short_answer,0.2181818181818182,,,,,
1,DeepSeek-R1-Distill-Qwen-14B-Q2_K,162,short_answer,0.016,,,,,
1,DeepSeek-R1-Distill-Qwen-14B-Q2_K,193,short_answer,0.0,,,,,
1,DeepSeek-R1-Distill-Qwen-14B-Q2_K,163,short_answer,0.025,,,,,
1,DeepSeek-R1-Distill-Qwen-14B-Q2_K,140,short_answer,0.0,,,,,
1,DeepSeek-R1-Distill-Qwen-14B-Q2_K,197,short_answer,0.0,,,,,
1,DeepSeek-R1-Distill-Qwen-14B-Q2_K,144,short_answer,0.11965811965811966,,,,,
1,DeepSeek-R1-Distill-Qwen-14B-Q2_K,101,short_answer,0.0273972602739726,,,,,
1,DeepSeek-R1-Distill-Qwen-14B-Q2_K,194,short_answer,0.0,,,,,
1,DeepSeek-R1-Distill-Qwen-14B-Q2_K,183,short_answer,0.02985074626865672,,,,,
1,DeepSeek-R1-Distill-Qwen-14B-Q2_K,147,short_answer,0.09677419354838708,,,,,
1,DeepSeek-R1-Distill-Qwen-14B-Q2_K,169,short_answer,0.016129032258064516,,,,,
1,DeepSeek-R1-Distill-Qwen-14B-Q2_K,171,short_answer,0.0,,,,,
1,DeepSeek-R1-Distill-Qwen-14B-Q2_K,192,short_answer,0.0,,,,,
1,DeepSeek-R1-Distill-Qwen-14B-Q2_K,118,short_answer,0.06349206349206349,,,,,
1,DeepSeek-R1-Distill-Qwen-14B-Q2_K,148,short_answer,0.0697674418604651,,,,,
1,DeepSeek-R1-Distill-Qwen-14B-Q2_K,173,short_answer,0.0,,,,,
1,DeepSeek-R1-Distill-Qwen-14B-Q2_K,137,short_answer,0.0759493670886076,,,,,
1,DeepSeek-R1-Distill-Qwen-14B-Q2_K,190,short_answer,0.030303030303030307,,,,,
1,DeepSeek-R1-Distill-Qwen-14B-Q2_K,165,short_answer,0.016129032258064516,,,,,
1,DeepSeek-R1-Distill-Qwen-14B-Q2_K,184,short_answer,0.0,,,,,
1,DeepSeek-R1-Distill-Qwen-14B-Q2_K,112,short_answer,0.0,,,,,
1,DeepSeek-R1-Distill-Qwen-14B-Q2_K,126,short_answer,0.0,,,,,
1,DeepSeek-R1-Distill-Qwen-14B-Q2_K,141,short_answer,0.0,,,,,
1,DeepSeek-R1-Distill-Qwen-14B-Q2_K,146,short_answer,0.29411764705882354,,,,,
1,DeepSeek-R1-Distill-Qwen-14B-Q2_K,187,short_answer,0.0,,,,,
1,DeepSeek-R1-Distill-Qwen-14B-Q2_K,101,short_answer,0.07692307692307693,,,,,
1,DeepSeek-R1-Distill-Qwen-14B-Q2_K,200,short_answer,0.0,,,,,
1,DeepSeek-R1-Distill-Qwen-14B-Q2_K,128,short_answer,0.02247191011235955,,,,,
1,DeepSeek-R1-Distill-Qwen-14B-Q2_K,128,short_answer,0.012903225806451613,,,,,
1,DeepSeek-R1-Distill-Qwen-14B-Q2_K,181,short_answer,0.038461538461538464,,,,,
1,DeepSeek-R1-Distill-Qwen-14B-Q2_K,191,short_answer,0.18604651162790697,,,,,
1,DeepSeek-R1-Distill-Qwen-14B-Q2_K,109,short_answer,0.019047619047619046,,,,,
1,DeepSeek-R1-Distill-Qwen-14B-Q2_K,116,short_answer,0.0,,,,,
1,DeepSeek-R1-Distill-Qwen-14B-Q2_K,194,short_answer,0.0,,,,,
1,DeepSeek-R1-Distill-Qwen-14B-Q2_K,163,short_answer,0.04938271604938272,,,,,
1,DeepSeek-R1-Distill-Qwen-14B-Q2_K,150,short_answer,0.15384615384615385,,,,,
1,DeepSeek-R1-Distill-Qwen-14B-Q2_K,111,short_answer,0.0,,,,,
1,DeepSeek-R1-Distill-Qwen-14B-Q2_K,142,short_answer,0.16091954022988506,,,,,
1,DeepSeek-R1-Distill-Qwen-14B-Q2_K,111,short_answer,0.0,,,,,
1,DeepSeek-R1-Distill-Qwen-14B-Q2_K,165,short_answer,0.03225806451612903,,,,,
1,DeepSeek-R1-Distill-Qwen-14B-Q2_K,167,short_answer,0.125,,,,,
1,DeepSeek-R1-Distill-Qwen-14B-Q2_K,156,short_answer,0.020618556701030927,,,,,
1,DeepSeek-R1-Distill-Qwen-14B-Q2_K,166,short_answer,0.0,,,,,
1,DeepSeek-R1-Distill-Qwen-14B-Q2_K,132,short_answer,0.022988505747126436,,,,,
1,DeepSeek-R1-Distill-Qwen-14B-Q2_K,141,short_answer,0.0,,,,,
1,DeepSeek-R1-Distill-Qwen-14B-Q2_K,111,short_answer,0.0,,,,,
1,DeepSeek-R1-Distill-Qwen-14B-Q2_K,165,short_answer,0.02469135802469136,,,,,
1,DeepSeek-R1-Distill-Qwen-14B-Q2_K,137,short_answer,0.21052631578947367,,,,,
1,DeepSeek-R1-Distill-Qwen-14B-Q2_K,153,short_answer,0.03883495145631068,,,,,
1,DeepSeek-R1-Distill-Qwen-14B-Q2_K,163,short_answer,0.02222222222222222,,,,,
1,DeepSeek-R1-Distill-Qwen-14B-Q2_K,121,short_answer,0.0,,,,,
1,DeepSeek-R1-Distill-Qwen-14B-Q2_K,143,short_answer,0.0,,,,,
1,DeepSeek-R1-Distill-Qwen-14B-Q2_K,196,short_answer,0.0,,,,,
1,DeepSeek-R1-Distill-Qwen-14B-Q2_K,113,short_answer,0.02666666666666666,,,,,
1,DeepSeek-R1-Distill-Qwen-14B-Q2_K,193,short_answer,0.0,,,,,
1,DeepSeek-R1-Distill-Qwen-14B-Q2_K,111,short_answer,0.030303030303030304,,,,,
1,DeepSeek-R1-Distill-Qwen-14B-Q2_K,175,short_answer,0.017543859649122806,,,,,
1,DeepSeek-R1-Distill-Qwen-14B-Q2_K,133,short_answer,0.15189873417721517,,,,,
1,DeepSeek-R1-Distill-Qwen-14B-Q2_K,189,short_answer,0.03773584905660377,,,,,
1,DeepSeek-R1-Distill-Qwen-14B-Q2_K,163,short_answer,0.061224489795918366,,,,,
1,DeepSeek-R1-Distill-Qwen-14B-Q2_K,185,short_answer,0.0,,,,,
1,DeepSeek-R1-Distill-Qwen-14B-Q2_K,165,short_answer,0.017094017094017096,,,,,
1,DeepSeek-R1-Distill-Qwen-14B-Q2_K,124,short_answer,0.02898550724637681,,,,,
1,DeepSeek-R1-Distill-Qwen-14B-Q2_K,178,short_answer,0.036036036036036036,,,,,
1,DeepSeek-R1-Distill-Qwen-14B-Q2_K,174,short_answer,0.0,,,,,
1,DeepSeek-R1-Distill-Qwen-14B-Q2_K,162,short_answer,0.0,,,,,
1,DeepSeek-R1-Distill-Qwen-14B-Q2_K,167,short_answer,0.041666666666666664,,,,,
1,DeepSeek-R1-Distill-Qwen-14B-Q2_K,197,short_answer,0.024096385542168672,,,,,
1,DeepSeek-R1-Distill-Qwen-14B-Q2_K,171,short_answer,0.0,,,,,
1,DeepSeek-R1-Distill-Qwen-14B-Q2_K,174,short_answer,0.0,,,,,
1,DeepSeek-R1-Distill-Qwen-14B-Q2_K,103,short_answer,0.03571428571428572,,,,,
1,DeepSeek-R1-Distill-Qwen-14B-Q2_K,102,short_answer,0.0,,,,,
1,DeepSeek-R1-Distill-Qwen-14B-Q2_K,110,short_answer,0.0,,,,,
1,DeepSeek-R1-Distill-Qwen-14B-Q2_K,170,short_answer,0.0,,,,,
1,DeepSeek-R1-Distill-Qwen-14B-Q2_K,127,short_answer,0.03508771929824561,,,,,
1,DeepSeek-R1-Distill-Qwen-14B-Q2_K,181,short_answer,0.0,,,,,
1,DeepSeek-R1-Distill-Qwen-14B-Q2_K,150,short_answer,0.11235955056179775,,,,,
1,DeepSeek-R1-Distill-Qwen-14B-Q2_K,116,short_answer,0.0,,,,,
1,DeepSeek-R1-Distill-Qwen-14B-Q2_K,137,short_answer,0.06521739130434782,,,,,
1,DeepSeek-R1-Distill-Qwen-14B-Q2_K,121,short_answer,0.0,,,,,
1,DeepSeek-R1-Distill-Qwen-14B-Q2_K,125,short_answer,0.0,,,,,
1,DeepSeek-R1-Distill-Qwen-14B-Q2_K,102,short_answer,0.0,,,,,
1,DeepSeek-R1-Distill-Qwen-14B-Q2_K,160,short_answer,0.0,,,,,
1,DeepSeek-R1-Distill-Qwen-14B-Q2_K,142,short_answer,0.18518518518518517,,,,,
1,DeepSeek-R1-Distill-Qwen-14B-Q2_K,134,short_answer,0.03809523809523809,,,,,
1,DeepSeek-R1-Distill-Qwen-14B-Q2_K,297,open_ended,,,0.3132530120481928,0.09200968523002422,0.22188656013859903,0.6784905791282654
1,DeepSeek-R1-Distill-Qwen-14B-Q2_K,208,open_ended,,,0.3004484304932735,0.027027027027027025,0.1923076923076923,0.6704474687576294
1,DeepSeek-R1-Distill-Qwen-14B-Q2_K,299,open_ended,,,0.11971830985915492,0.03546099290780142,0.12693156732891833,0.6474640369415283
1,DeepSeek-R1-Distill-Qwen-14B-Q2_K,225,open_ended,,,0.33131313131313134,0.036511156186612576,0.21364307333331178,0.6465458869934082
1,DeepSeek-R1-Distill-Qwen-14B-Q2_K,225,open_ended,,,0.26122448979591834,0.028688524590163935,0.14877387083608254,0.6307639479637146
1,DeepSeek-R1-Distill-Qwen-14B-Q2_K,265,open_ended,,,0.14177215189873416,0.020356234096692113,0.17335766423357665,0.6865822076797485
1,DeepSeek-R1-Distill-Qwen-14B-Q2_K,245,open_ended,,,0.28824833702882485,0.04008908685968819,0.1656214415134626,0.6390900611877441
1,DeepSeek-R1-Distill-Qwen-14B-Q2_K,219,open_ended,,,0.2563106796116505,0.04288499025341131,0.21422449864728085,0.6628028750419617
1,DeepSeek-R1-Distill-Qwen-14B-Q2_K,238,open_ended,,,0.1308016877637131,0.008474576271186439,0.09078212290502795,0.5516868829727173
1,DeepSeek-R1-Distill-Qwen-14B-Q2_K,203,open_ended,,,0.3612334801762115,0.05752212389380531,0.2318363529471152,0.6134916543960571
1,DeepSeek-R1-Distill-Qwen-14B-Q2_K,281,open_ended,,,0.3695652173913043,0.04366812227074236,0.22072593119719638,0.657945990562439
1,DeepSeek-R1-Distill-Qwen-14B-Q2_K,238,open_ended,,,0.1453287197231834,0.020905923344947733,0.04643962848297213,0.5527940392494202
1,DeepSeek-R1-Distill-Qwen-14B-Q2_K,294,open_ended,,,0.2112211221122112,0.106312292358804,0.2650416666666667,0.6576076149940491
1,DeepSeek-R1-Distill-Qwen-14B-Q2_K,268,open_ended,,,0.254071661237785,0.06557377049180327,0.20077467259120677,0.6524550318717957
1,DeepSeek-R1-Distill-Qwen-14B-Q2_K,287,open_ended,,,0.318840579710145,0.09329446064139943,0.17121116043119852,0.6541182398796082
1,DeepSeek-R1-Distill-Qwen-14B-Q2_K,213,open_ended,,,0.12658227848101267,0.03404255319148936,0.036475869809203136,0.6075119376182556
1,DeepSeek-R1-Distill-Qwen-14B-Q2_K,233,open_ended,,,0.48484848484848486,0.21673003802281368,0.30499184364057164,0.6886462569236755
1,DeepSeek-R1-Distill-Qwen-14B-Q2_K,215,open_ended,,,0.17902813299232737,0.005141388174807198,0.12349397590361447,0.5784885883331299
1,DeepSeek-R1-Distill-Qwen-14B-Q2_K,237,open_ended,,,0.050473186119873815,0.0,0.05505026328386788,0.6163813471794128
1,DeepSeek-R1-Distill-Qwen-14B-Q2_K,233,open_ended,,,0.508,0.2329317269076305,0.3192281534153762,0.6744938492774963
1,DeepSeek-R1-Distill-Qwen-14B-Q2_K,275,open_ended,,,0.15568862275449102,0.03614457831325301,0.19915428571428576,0.5978138446807861
1,DeepSeek-R1-Distill-Qwen-14B-Q2_K,248,open_ended,,,0.3399209486166008,0.11507936507936509,0.24558343940476618,0.6743030548095703
1,DeepSeek-R1-Distill-Qwen-14B-Q2_K,268,open_ended,,,0.24719101123595508,0.05084745762711864,0.19247594050743655,0.6711338758468628
1,DeepSeek-R1-Distill-Qwen-14B-Q2_K,202,open_ended,,,0.2716627634660422,0.04235294117647059,0.16277939747327505,0.6111477613449097
1,DeepSeek-R1-Distill-Qwen-14B-Q2_K,222,open_ended,,,0.3194748358862144,0.10549450549450548,0.22810143815333658,0.6549984812736511
1,DeepSeek-R1-Distill-Qwen-14B-Q2_K,246,open_ended,,,0.2867647058823529,0.08487084870848709,0.1850162201968125,0.6517638564109802
1,DeepSeek-R1-Distill-Qwen-14B-Q2_K,210,open_ended,,,0.29441624365482233,0.09693877551020408,0.2546532272563827,0.6579698324203491
1,DeepSeek-R1-Distill-Qwen-14B-Q2_K,267,open_ended,,,0.17492711370262393,0.05865102639296187,0.2211019771888704,0.6378553509712219
1,DeepSeek-R1-Distill-Qwen-14B-Q2_K,278,open_ended,,,0.19594594594594597,0.0272108843537415,0.20424793776706132,0.5901290774345398
1,DeepSeek-R1-Distill-Qwen-14B-Q2_K,233,open_ended,,,0.4989939637826963,0.2545454545454545,0.3106161503479169,0.652276873588562
1,DeepSeek-R1-Distill-Qwen-14B-Q2_K,300,open_ended,,,0.2641509433962264,0.03409090909090909,0.2051983584131327,0.6982129812240601
1,DeepSeek-R1-Distill-Qwen-14B-Q2_K,216,open_ended,,,0.11014492753623188,0.0058309037900874635,0.14388489208633096,0.626758873462677
1,DeepSeek-R1-Distill-Qwen-14B-Q2_K,292,open_ended,,,0.3834808259587021,0.2136498516320475,0.37032473093970575,0.6710500121116638
1,DeepSeek-R1-Distill-Qwen-14B-Q2_K,282,open_ended,,,0.2258064516129032,0.04166666666666667,0.1391941391941392,0.623466968536377
1,DeepSeek-R1-Distill-Qwen-14B-Q2_K,282,open_ended,,,0.12738853503184713,0.017057569296375266,0.09915014164305948,0.6332243084907532
1,DeepSeek-R1-Distill-Qwen-14B-Q2_K,281,open_ended,,,0.3079922027290449,0.05870841487279843,0.23110175613741413,0.6688557863235474
1,DeepSeek-R1-Distill-Qwen-14B-Q2_K,284,open_ended,,,0.3322475570032573,0.10491803278688525,0.2327840840259232,0.6543431878089905
1,DeepSeek-R1-Distill-Qwen-14B-Q2_K,279,open_ended,,,0.10798122065727699,0.009433962264150943,0.12356575463371582,0.6475089192390442
1,DeepSeek-R1-Distill-Qwen-14B-Q2_K,202,open_ended,,,0.19786096256684493,0.03225806451612903,0.10375494071146246,0.5799389481544495
1,DeepSeek-R1-Distill-Qwen-14B-Q2_K,238,open_ended,,,0.20361990950226244,0.02727272727272727,0.11893434823977164,0.613833487033844
1,DeepSeek-R1-Distill-Qwen-14B-Q2_K,267,open_ended,,,0.16136919315403425,0.06388206388206388,0.21992502893197602,0.6511940360069275
1,DeepSeek-R1-Distill-Qwen-14B-Q2_K,281,open_ended,,,0.22508038585209003,0.03236245954692557,0.14702552301863694,0.6089295744895935
1,DeepSeek-R1-Distill-Qwen-14B-Q2_K,227,open_ended,,,0.40399999999999997,0.0963855421686747,0.22961196675966114,0.676994800567627
1,DeepSeek-R1-Distill-Qwen-14B-Q2_K,207,open_ended,,,0.27848101265822783,0.03389830508474576,0.17930418660450156,0.6330677270889282
1,DeepSeek-R1-Distill-Qwen-14B-Q2_K,208,open_ended,,,0.25,0.039647577092511016,0.16769144773616546,0.6405696272850037
1,DeepSeek-R1-Distill-Qwen-14B-Q2_K,241,open_ended,,,0.1288659793814433,0.031088082901554407,0.0967819343413358,0.6056944727897644
1,DeepSeek-R1-Distill-Qwen-14B-Q2_K,279,open_ended,,,0.1951219512195122,0.03680981595092024,0.16666666666666666,0.6534482836723328
1,DeepSeek-R1-Distill-Qwen-14B-Q2_K,221,open_ended,,,0.19959266802443992,0.053169734151329244,0.17049964791827085,0.6513679027557373
1,DeepSeek-R1-Distill-Qwen-14B-Q2_K,267,open_ended,,,0.36419753086419754,0.2236024844720497,0.39116514586573237,0.6742845773696899
1,DeepSeek-R1-Distill-Qwen-14B-Q2_K,300,open_ended,,,0.2176360225140713,0.026365348399246705,0.2015524501297926,0.6982969641685486
1,DeepSeek-R1-Distill-Qwen-14B-Q2_K,266,open_ended,,,0.42748091603053434,0.20769230769230773,0.2143030741828466,0.6134026646614075
1,DeepSeek-R1-Distill-Qwen-14B-Q2_K,228,open_ended,,,0.25063938618925835,0.02570694087403599,0.14808607606675964,0.6051470637321472
1,DeepSeek-R1-Distill-Qwen-14B-Q2_K,212,open_ended,,,0.22527472527472528,0.022099447513812157,0.12544802867383512,0.6035486459732056
1,DeepSeek-R1-Distill-Qwen-14B-Q2_K,290,open_ended,,,0.18877551020408162,0.05128205128205128,0.20410230542784374,0.6626057028770447
1,DeepSeek-R1-Distill-Qwen-14B-Q2_K,300,open_ended,,,0.36435643564356435,0.08349900596421471,0.24842370251225063,0.7155850529670715
1,DeepSeek-R1-Distill-Qwen-14B-Q2_K,262,open_ended,,,0.08673469387755102,0.005128205128205128,0.09941421012849587,0.606391966342926
1,DeepSeek-R1-Distill-Qwen-14B-Q2_K,217,open_ended,,,0.18324607329842932,0.04736842105263158,0.09999999999999999,0.5633758902549744
1,DeepSeek-R1-Distill-Qwen-14B-Q2_K,281,open_ended,,,0.3468468468468469,0.058823529411764705,0.21505299396006577,0.6610018014907837
1,DeepSeek-R1-Distill-Qwen-14B-Q2_K,240,open_ended,,,0.33085501858736055,0.1865671641791045,0.30021254729107216,0.6154581308364868
1,DeepSeek-R1-Distill-Qwen-14B-Q2_K,296,open_ended,,,0.3576982892690513,0.0717628705148206,0.21277714415135854,0.6951990127563477
1,DeepSeek-R1-Distill-Qwen-14B-Q2_K,215,open_ended,,,0.2340425531914894,0.025641025641025644,0.18609680746601598,0.6172626614570618
1,DeepSeek-R1-Distill-Qwen-14B-Q2_K,237,open_ended,,,0.2152133580705009,0.040968342644320296,0.18618898108694026,0.6553910374641418
1,DeepSeek-R1-Distill-Qwen-14B-Q2_K,223,open_ended,,,0.43911439114391143,0.15185185185185182,0.3120079050138574,0.6686722636222839
1,DeepSeek-R1-Distill-Qwen-14B-Q2_K,228,open_ended,,,0.2314814814814815,0.05116279069767442,0.11071652172083063,0.6037066578865051
1,DeepSeek-R1-Distill-Qwen-14B-Q2_K,258,open_ended,,,0.2980769230769231,0.14492753623188404,0.26105734034091943,0.6350504159927368
1,DeepSeek-R1-Distill-Qwen-14B-Q2_K,214,open_ended,,,0.3146067415730337,0.07344632768361581,0.14640198511166255,0.6596473455429077
1,DeepSeek-R1-Distill-Qwen-14B-Q2_K,214,open_ended,,,0.016620498614958446,0.0,0.041443198439785466,0.6380169987678528
1,DeepSeek-R1-Distill-Qwen-14B-Q2_K,256,open_ended,,,0.10416666666666666,0.015706806282722512,0.09454545454545456,0.6197641491889954
1,DeepSeek-R1-Distill-Qwen-14B-Q2_K,270,open_ended,,,0.17045454545454547,0.04,0.1968864468864469,0.7015736103057861
1,DeepSeek-R1-Distill-Qwen-14B-Q2_K,241,open_ended,,,0.15704387990762123,0.046403712296983764,0.09706887363240224,0.6469486951828003
1,DeepSeek-R1-Distill-Qwen-14B-Q2_K,269,open_ended,,,0.42940038684719534,0.12427184466019418,0.29042883364439276,0.6256994009017944
1,DeepSeek-R1-Distill-Qwen-14B-Q2_K,261,open_ended,,,0.12626262626262627,0.01015228426395939,0.12397018501435013,0.6803557872772217
1,DeepSeek-R1-Distill-Qwen-14B-Q2_K,297,open_ended,,,0.3188405797101449,0.10194174757281554,0.2141404770643317,0.6891119480133057
1,DeepSeek-R1-Distill-Qwen-14B-Q2_K,225,open_ended,,,0.35036496350364965,0.024449877750611245,0.18204488778054861,0.6196461915969849
1,DeepSeek-R1-Distill-Qwen-14B-Q2_K,299,open_ended,,,0.18562874251497005,0.04819277108433735,0.1785714285714286,0.7013494372367859
1,DeepSeek-R1-Distill-Qwen-14B-Q2_K,248,open_ended,,,0.19083969465648853,0.04980842911877394,0.13909327645327937,0.6457110047340393
1,DeepSeek-R1-Distill-Qwen-14B-Q2_K,208,open_ended,,,0.32150313152400833,0.03773584905660377,0.20532741398446175,0.612712562084198
1,DeepSeek-R1-Distill-Qwen-14B-Q2_K,213,open_ended,,,0.35937499999999994,0.09803921568627452,0.270177238647195,0.6480271816253662
1,DeepSeek-R1-Distill-Qwen-14B-Q2_K,248,open_ended,,,0.3087885985748218,0.10978520286396182,0.14435805968153678,0.614687979221344
1,DeepSeek-R1-Distill-Qwen-14B-Q2_K,294,open_ended,,,0.21674876847290642,0.03980099502487563,0.20270270270270274,0.5917468070983887
1,DeepSeek-R1-Distill-Qwen-14B-Q2_K,282,open_ended,,,0.13333333333333333,0.01673640167364017,0.09142053445850915,0.6268839836120605
1,DeepSeek-R1-Distill-Qwen-14B-Q2_K,289,open_ended,,,0.2796352583586626,0.04281345565749235,0.1853477812332924,0.6318736672401428
1,DeepSeek-R1-Distill-Qwen-14B-Q2_K,281,open_ended,,,0.3263403263403264,0.046838407494145196,0.2164557515535651,0.6614378690719604
1,DeepSeek-R1-Distill-Qwen-14B-Q2_K,212,open_ended,,,0.051948051948051945,0.008733624454148471,0.018808777429467082,0.6248627305030823
1,DeepSeek-R1-Distill-Qwen-14B-Q2_K,296,open_ended,,,0.2709677419354839,0.05177993527508091,0.1575543270217471,0.6561938524246216
1,DeepSeek-R1-Distill-Qwen-14B-Q2_K,260,open_ended,,,0.15980629539951574,0.029197080291970805,0.17929910350448253,0.6483486890792847
1,DeepSeek-R1-Distill-Qwen-14B-Q2_K,215,open_ended,,,0.24022346368715083,0.02247191011235955,0.1687428670601748,0.5937871932983398
1,DeepSeek-R1-Distill-Qwen-14B-Q2_K,225,open_ended,,,0.24242424242424243,0.030434782608695653,0.13565891472868216,0.5982526540756226
1,DeepSeek-R1-Distill-Qwen-14B-Q2_K,279,open_ended,,,0.22465753424657534,0.0716253443526171,0.23865138264636535,0.6771144866943359
1,DeepSeek-R1-Distill-Qwen-14B-Q2_K,253,open_ended,,,0.35989717223650386,0.09819121447028424,0.17969234874027107,0.6549773216247559
1,DeepSeek-R1-Distill-Qwen-14B-Q2_K,229,open_ended,,,0.359073359073359,0.046511627906976744,0.22181358109002736,0.6867000460624695
1,DeepSeek-R1-Distill-Qwen-14B-Q2_K,207,open_ended,,,0.24329896907216494,0.012422360248447204,0.15349773527931557,0.6374644637107849
1,DeepSeek-R1-Distill-Qwen-14B-Q2_K,228,open_ended,,,0.31042128603104213,0.04899777282850779,0.18093652485330747,0.6621680855751038
1,DeepSeek-R1-Distill-Qwen-14B-Q2_K,277,open_ended,,,0.020671834625322995,0.015584415584415584,0.06928142931664058,0.6159800291061401
1,DeepSeek-R1-Distill-Qwen-14B-Q2_K,271,open_ended,,,0.08389261744966443,0.0,0.10980073200488003,0.694221556186676
1,DeepSeek-R1-Distill-Qwen-14B-Q2_K,260,open_ended,,,0.30136986301369867,0.08264462809917354,0.26474069168082476,0.656225323677063
1,DeepSeek-R1-Distill-Qwen-14B-Q2_K,231,open_ended,,,0.4482029598308668,0.15286624203821655,0.29850561932844244,0.5963709354400635
1,DeepSeek-R1-Distill-Qwen-14B-Q2_K,299,open_ended,,,0.1525885558583106,0.01643835616438356,0.17598343685300208,0.700222909450531
1,DeepSeek-R1-Distill-Qwen-14B-Q2_K,278,open_ended,,,0.2376237623762376,0.06,0.19676781996493534,0.5954826474189758
1,DeepSeek-R1-Distill-Qwen-14B-Q2_K,232,open_ended,,,0.11764705882352941,0.019704433497536946,0.1049013318670577,0.5813872218132019
2,DeepSeek-R1-Distill-Qwen-14B-Q2_K,13,yes_no,0.0,0.0,,,,
2,DeepSeek-R1-Distill-Qwen-14B-Q2_K,2,yes_no,1.0,1.0,,,,
2,DeepSeek-R1-Distill-Qwen-14B-Q2_K,72,yes_no,1.0,1.0,,,,
2,DeepSeek-R1-Distill-Qwen-14B-Q2_K,29,yes_no,1.0,1.0,,,,
2,DeepSeek-R1-Distill-Qwen-14B-Q2_K,5,yes_no,1.0,1.0,,,,
2,DeepSeek-R1-Distill-Qwen-14B-Q2_K,45,yes_no,1.0,1.0,,,,
2,DeepSeek-R1-Distill-Qwen-14B-Q2_K,34,yes_no,1.0,1.0,,,,
2,DeepSeek-R1-Distill-Qwen-14B-Q2_K,21,yes_no,1.0,1.0,,,,
2,DeepSeek-R1-Distill-Qwen-14B-Q2_K,36,yes_no,1.0,1.0,,,,
2,DeepSeek-R1-Distill-Qwen-14B-Q2_K,93,yes_no,1.0,1.0,,,,
2,DeepSeek-R1-Distill-Qwen-14B-Q2_K,48,yes_no,0.0,0.0,,,,
2,DeepSeek-R1-Distill-Qwen-14B-Q2_K,46,yes_no,0.0,,,,,
2,DeepSeek-R1-Distill-Qwen-14B-Q2_K,80,yes_no,0.0,0.0,,,,
2,DeepSeek-R1-Distill-Qwen-14B-Q2_K,54,yes_no,0.0,0.0,,,,
2,DeepSeek-R1-Distill-Qwen-14B-Q2_K,56,yes_no,1.0,1.0,,,,
2,DeepSeek-R1-Distill-Qwen-14B-Q2_K,46,yes_no,1.0,1.0,,,,
2,DeepSeek-R1-Distill-Qwen-14B-Q2_K,43,yes_no,1.0,1.0,,,,
2,DeepSeek-R1-Distill-Qwen-14B-Q2_K,8,yes_no,1.0,1.0,,,,
2,DeepSeek-R1-Distill-Qwen-14B-Q2_K,8,yes_no,1.0,1.0,,,,
2,DeepSeek-R1-Distill-Qwen-14B-Q2_K,97,yes_no,0.0,0.0,,,,
2,DeepSeek-R1-Distill-Qwen-14B-Q2_K,91,yes_no,0.0,0.0,,,,
2,DeepSeek-R1-Distill-Qwen-14B-Q2_K,10,yes_no,1.0,1.0,,,,
2,DeepSeek-R1-Distill-Qwen-14B-Q2_K,29,yes_no,1.0,1.0,,,,
2,DeepSeek-R1-Distill-Qwen-14B-Q2_K,18,yes_no,1.0,1.0,,,,
2,DeepSeek-R1-Distill-Qwen-14B-Q2_K,36,yes_no,1.0,1.0,,,,
2,DeepSeek-R1-Distill-Qwen-14B-Q2_K,58,yes_no,1.0,1.0,,,,
2,DeepSeek-R1-Distill-Qwen-14B-Q2_K,29,yes_no,1.0,1.0,,,,
2,DeepSeek-R1-Distill-Qwen-14B-Q2_K,35,yes_no,1.0,1.0,,,,
2,DeepSeek-R1-Distill-Qwen-14B-Q2_K,93,yes_no,1.0,1.0,,,,
2,DeepSeek-R1-Distill-Qwen-14B-Q2_K,44,yes_no,0.0,0.0,,,,
2,DeepSeek-R1-Distill-Qwen-14B-Q2_K,13,yes_no,0.0,0.0,,,,
2,DeepSeek-R1-Distill-Qwen-14B-Q2_K,39,yes_no,1.0,1.0,,,,
2,DeepSeek-R1-Distill-Qwen-14B-Q2_K,82,yes_no,0.0,0.0,,,,
2,DeepSeek-R1-Distill-Qwen-14B-Q2_K,93,yes_no,1.0,1.0,,,,
2,DeepSeek-R1-Distill-Qwen-14B-Q2_K,77,yes_no,0.0,0.0,,,,
2,DeepSeek-R1-Distill-Qwen-14B-Q2_K,38,yes_no,0.0,0.0,,,,
2,DeepSeek-R1-Distill-Qwen-14B-Q2_K,43,yes_no,1.0,1.0,,,,
2,DeepSeek-R1-Distill-Qwen-14B-Q2_K,5,yes_no,1.0,1.0,,,,
2,DeepSeek-R1-Distill-Qwen-14B-Q2_K,18,yes_no,1.0,1.0,,,,
2,DeepSeek-R1-Distill-Qwen-14B-Q2_K,67,yes_no,1.0,1.0,,,,
2,DeepSeek-R1-Distill-Qwen-14B-Q2_K,67,yes_no,1.0,1.0,,,,
2,DeepSeek-R1-Distill-Qwen-14B-Q2_K,81,yes_no,0.0,0.0,,,,
2,DeepSeek-R1-Distill-Qwen-14B-Q2_K,85,yes_no,0.0,0.0,,,,
2,DeepSeek-R1-Distill-Qwen-14B-Q2_K,21,yes_no,1.0,1.0,,,,
2,DeepSeek-R1-Distill-Qwen-14B-Q2_K,52,yes_no,1.0,1.0,,,,
2,DeepSeek-R1-Distill-Qwen-14B-Q2_K,73,yes_no,1.0,1.0,,,,
2,DeepSeek-R1-Distill-Qwen-14B-Q2_K,53,yes_no,0.0,0.0,,,,
2,DeepSeek-R1-Distill-Qwen-14B-Q2_K,77,yes_no,0.0,0.0,,,,
2,DeepSeek-R1-Distill-Qwen-14B-Q2_K,53,yes_no,0.0,0.0,,,,
2,DeepSeek-R1-Distill-Qwen-14B-Q2_K,60,yes_no,1.0,1.0,,,,
2,DeepSeek-R1-Distill-Qwen-14B-Q2_K,7,yes_no,0.0,0.0,,,,
2,DeepSeek-R1-Distill-Qwen-14B-Q2_K,29,yes_no,1.0,1.0,,,,
2,DeepSeek-R1-Distill-Qwen-14B-Q2_K,74,yes_no,0.0,0.0,,,,
2,DeepSeek-R1-Distill-Qwen-14B-Q2_K,68,yes_no,1.0,1.0,,,,
2,DeepSeek-R1-Distill-Qwen-14B-Q2_K,37,yes_no,1.0,1.0,,,,
2,DeepSeek-R1-Distill-Qwen-14B-Q2_K,54,yes_no,0.0,0.0,,,,
2,DeepSeek-R1-Distill-Qwen-14B-Q2_K,19,yes_no,1.0,1.0,,,,
2,DeepSeek-R1-Distill-Qwen-14B-Q2_K,70,yes_no,0.0,0.0,,,,
2,DeepSeek-R1-Distill-Qwen-14B-Q2_K,50,yes_no,0.0,0.0,,,,
2,DeepSeek-R1-Distill-Qwen-14B-Q2_K,69,yes_no,1.0,1.0,,,,
2,DeepSeek-R1-Distill-Qwen-14B-Q2_K,11,yes_no,0.0,,,,,
2,DeepSeek-R1-Distill-Qwen-14B-Q2_K,62,yes_no,1.0,1.0,,,,
2,DeepSeek-R1-Distill-Qwen-14B-Q2_K,28,yes_no,1.0,1.0,,,,
2,DeepSeek-R1-Distill-Qwen-14B-Q2_K,86,yes_no,1.0,1.0,,,,
2,DeepSeek-R1-Distill-Qwen-14B-Q2_K,52,yes_no,1.0,1.0,,,,
2,DeepSeek-R1-Distill-Qwen-14B-Q2_K,34,yes_no,1.0,1.0,,,,
2,DeepSeek-R1-Distill-Qwen-14B-Q2_K,43,yes_no,1.0,1.0,,,,
2,DeepSeek-R1-Distill-Qwen-14B-Q2_K,19,yes_no,1.0,1.0,,,,
2,DeepSeek-R1-Distill-Qwen-14B-Q2_K,2,yes_no,1.0,1.0,,,,
2,DeepSeek-R1-Distill-Qwen-14B-Q2_K,25,yes_no,1.0,1.0,,,,
2,DeepSeek-R1-Distill-Qwen-14B-Q2_K,81,yes_no,0.0,0.0,,,,
2,DeepSeek-R1-Distill-Qwen-14B-Q2_K,20,yes_no,0.0,0.0,,,,
2,DeepSeek-R1-Distill-Qwen-14B-Q2_K,71,yes_no,0.0,0.0,,,,
2,DeepSeek-R1-Distill-Qwen-14B-Q2_K,6,yes_no,0.0,0.0,,,,
2,DeepSeek-R1-Distill-Qwen-14B-Q2_K,40,yes_no,1.0,1.0,,,,
2,DeepSeek-R1-Distill-Qwen-14B-Q2_K,57,yes_no,1.0,1.0,,,,
2,DeepSeek-R1-Distill-Qwen-14B-Q2_K,86,yes_no,1.0,1.0,,,,
2,DeepSeek-R1-Distill-Qwen-14B-Q2_K,80,yes_no,0.0,0.0,,,,
2,DeepSeek-R1-Distill-Qwen-14B-Q2_K,95,yes_no,0.0,0.0,,,,
2,DeepSeek-R1-Distill-Qwen-14B-Q2_K,86,yes_no,0.0,0.0,,,,
2,DeepSeek-R1-Distill-Qwen-14B-Q2_K,63,yes_no,0.0,0.0,,,,
2,DeepSeek-R1-Distill-Qwen-14B-Q2_K,100,yes_no,0.0,,,,,
2,DeepSeek-R1-Distill-Qwen-14B-Q2_K,14,yes_no,1.0,1.0,,,,
2,DeepSeek-R1-Distill-Qwen-14B-Q2_K,56,yes_no,1.0,1.0,,,,
2,DeepSeek-R1-Distill-Qwen-14B-Q2_K,22,yes_no,0.0,0.0,,,,
2,DeepSeek-R1-Distill-Qwen-14B-Q2_K,35,yes_no,1.0,1.0,,,,
2,DeepSeek-R1-Distill-Qwen-14B-Q2_K,93,yes_no,1.0,1.0,,,,
2,DeepSeek-R1-Distill-Qwen-14B-Q2_K,13,yes_no,0.0,0.0,,,,
2,DeepSeek-R1-Distill-Qwen-14B-Q2_K,4,yes_no,0.0,0.0,,,,
2,DeepSeek-R1-Distill-Qwen-14B-Q2_K,33,yes_no,1.0,1.0,,,,
2,DeepSeek-R1-Distill-Qwen-14B-Q2_K,31,yes_no,1.0,1.0,,,,
2,DeepSeek-R1-Distill-Qwen-14B-Q2_K,86,yes_no,1.0,1.0,,,,
2,DeepSeek-R1-Distill-Qwen-14B-Q2_K,81,yes_no,0.0,0.0,,,,
2,DeepSeek-R1-Distill-Qwen-14B-Q2_K,60,yes_no,1.0,1.0,,,,
2,DeepSeek-R1-Distill-Qwen-14B-Q2_K,89,yes_no,1.0,1.0,,,,
2,DeepSeek-R1-Distill-Qwen-14B-Q2_K,25,yes_no,1.0,1.0,,,,
2,DeepSeek-R1-Distill-Qwen-14B-Q2_K,91,yes_no,0.0,0.0,,,,
2,DeepSeek-R1-Distill-Qwen-14B-Q2_K,44,yes_no,0.0,0.0,,,,
2,DeepSeek-R1-Distill-Qwen-14B-Q2_K,31,yes_no,1.0,1.0,,,,
2,DeepSeek-R1-Distill-Qwen-14B-Q2_K,68,yes_no,1.0,1.0,,,,
2,DeepSeek-R1-Distill-Qwen-14B-Q2_K,118,short_answer,0.0,,,,,
2,DeepSeek-R1-Distill-Qwen-14B-Q2_K,162,short_answer,0.02469135802469136,,,,,
2,DeepSeek-R1-Distill-Qwen-14B-Q2_K,172,short_answer,0.0,,,,,
2,DeepSeek-R1-Distill-Qwen-14B-Q2_K,189,short_answer,0.054054054054054064,,,,,
2,DeepSeek-R1-Distill-Qwen-14B-Q2_K,153,short_answer,0.03883495145631068,,,,,
2,DeepSeek-R1-Distill-Qwen-14B-Q2_K,198,short_answer,0.125,,,,,
2,DeepSeek-R1-Distill-Qwen-14B-Q2_K,110,short_answer,0.0,,,,,
2,DeepSeek-R1-Distill-Qwen-14B-Q2_K,170,short_answer,0.0,,,,,
2,DeepSeek-R1-Distill-Qwen-14B-Q2_K,185,short_answer,0.0,,,,,
2,DeepSeek-R1-Distill-Qwen-14B-Q2_K,147,short_answer,0.125,,,,,
2,DeepSeek-R1-Distill-Qwen-14B-Q2_K,129,short_answer,0.0,,,,,
2,DeepSeek-R1-Distill-Qwen-14B-Q2_K,194,short_answer,0.0,,,,,
2,DeepSeek-R1-Distill-Qwen-14B-Q2_K,133,short_answer,0.043165467625899276,,,,,
2,DeepSeek-R1-Distill-Qwen-14B-Q2_K,149,short_answer,0.07920792079207922,,,,,
2,DeepSeek-R1-Distill-Qwen-14B-Q2_K,101,short_answer,0.020202020202020204,,,,,
2,DeepSeek-R1-Distill-Qwen-14B-Q2_K,194,short_answer,0.0,,,,,
2,DeepSeek-R1-Distill-Qwen-14B-Q2_K,146,short_answer,0.04477611940298507,,,,,
2,DeepSeek-R1-Distill-Qwen-14B-Q2_K,140,short_answer,0.0,,,,,
2,DeepSeek-R1-Distill-Qwen-14B-Q2_K,193,short_answer,0.0,,,,,
2,DeepSeek-R1-Distill-Qwen-14B-Q2_K,199,short_answer,0.075,,,,,
2,DeepSeek-R1-Distill-Qwen-14B-Q2_K,106,short_answer,0.047619047619047616,,,,,
2,DeepSeek-R1-Distill-Qwen-14B-Q2_K,155,short_answer,0.0,,,,,
2,DeepSeek-R1-Distill-Qwen-14B-Q2_K,144,short_answer,0.125,,,,,
2,DeepSeek-R1-Distill-Qwen-14B-Q2_K,161,short_answer,0.026315789473684213,,,,,
2,DeepSeek-R1-Distill-Qwen-14B-Q2_K,185,short_answer,0.0,,,,,
2,DeepSeek-R1-Distill-Qwen-14B-Q2_K,146,short_answer,0.15584415584415584,,,,,
2,DeepSeek-R1-Distill-Qwen-14B-Q2_K,190,short_answer,0.0392156862745098,,,,,
2,DeepSeek-R1-Distill-Qwen-14B-Q2_K,122,short_answer,0.017094017094017096,,,,,
2,DeepSeek-R1-Distill-Qwen-14B-Q2_K,125,short_answer,0.0,,,,,
2,DeepSeek-R1-Distill-Qwen-14B-Q2_K,120,short_answer,0.024096385542168672,,,,,
2,DeepSeek-R1-Distill-Qwen-14B-Q2_K,164,short_answer,0.02631578947368421,,,,,
2,DeepSeek-R1-Distill-Qwen-14B-Q2_K,154,short_answer,0.17857142857142855,,,,,
2,DeepSeek-R1-Distill-Qwen-14B-Q2_K,174,short_answer,0.0,,,,,
2,DeepSeek-R1-Distill-Qwen-14B-Q2_K,157,short_answer,0.051948051948051945,,,,,
2,DeepSeek-R1-Distill-Qwen-14B-Q2_K,154,short_answer,0.08264462809917356,,,,,
2,DeepSeek-R1-Distill-Qwen-14B-Q2_K,158,short_answer,0.0,,,,,
2,DeepSeek-R1-Distill-Qwen-14B-Q2_K,167,short_answer,0.06451612903225806,,,,,
2,DeepSeek-R1-Distill-Qwen-14B-Q2_K,198,short_answer,0.058823529411764705,,,,,
2,DeepSeek-R1-Distill-Qwen-14B-Q2_K,137,short_answer,0.08450704225352113,,,,,
2,DeepSeek-R1-Distill-Qwen-14B-Q2_K,138,short_answer,0.044444444444444446,,,,,
2,DeepSeek-R1-Distill-Qwen-14B-Q2_K,158,short_answer,0.0,,,,,
2,DeepSeek-R1-Distill-Qwen-14B-Q2_K,151,short_answer,0.125,,,,,
2,DeepSeek-R1-Distill-Qwen-14B-Q2_K,171,short_answer,0.0,,,,,
2,DeepSeek-R1-Distill-Qwen-14B-Q2_K,142,short_answer,0.11764705882352941,,,,,
2,DeepSeek-R1-Distill-Qwen-14B-Q2_K,132,short_answer,0.0547945205479452,,,,,
2,DeepSeek-R1-Distill-Qwen-14B-Q2_K,183,short_answer,0.0,,,,,
2,DeepSeek-R1-Distill-Qwen-14B-Q2_K,122,short_answer,0.02105263157894737,,,,,
2,DeepSeek-R1-Distill-Qwen-14B-Q2_K,176,short_answer,0.0,,,,,
2,DeepSeek-R1-Distill-Qwen-14B-Q2_K,118,short_answer,0.025641025641025637,,,,,
2,DeepSeek-R1-Distill-Qwen-14B-Q2_K,128,short_answer,0.0,,,,,
2,DeepSeek-R1-Distill-Qwen-14B-Q2_K,186,short_answer,0.05555555555555556,,,,,
2,DeepSeek-R1-Distill-Qwen-14B-Q2_K,157,short_answer,0.03508771929824562,,,,,
2,DeepSeek-R1-Distill-Qwen-14B-Q2_K,117,short_answer,0.016806722689075633,,,,,
2,DeepSeek-R1-Distill-Qwen-14B-Q2_K,149,short_answer,0.02777777777777778,,,,,
2,DeepSeek-R1-Distill-Qwen-14B-Q2_K,130,short_answer,0.02197802197802198,,,,,
2,DeepSeek-R1-Distill-Qwen-14B-Q2_K,154,short_answer,0.12658227848101267,,,,,
2,DeepSeek-R1-Distill-Qwen-14B-Q2_K,145,short_answer,0.01818181818181818,,,,,
2,DeepSeek-R1-Distill-Qwen-14B-Q2_K,191,short_answer,0.0963855421686747,,,,,
2,DeepSeek-R1-Distill-Qwen-14B-Q2_K,165,short_answer,0.016806722689075633,,,,,
2,DeepSeek-R1-Distill-Qwen-14B-Q2_K,186,short_answer,0.029850746268656723,,,,,
2,DeepSeek-R1-Distill-Qwen-14B-Q2_K,162,short_answer,0.0,,,,,
2,DeepSeek-R1-Distill-Qwen-14B-Q2_K,114,short_answer,0.018518518518518517,,,,,
2,DeepSeek-R1-Distill-Qwen-14B-Q2_K,176,short_answer,0.015873015873015872,,,,,
2,DeepSeek-R1-Distill-Qwen-14B-Q2_K,112,short_answer,0.0,,,,,
2,DeepSeek-R1-Distill-Qwen-14B-Q2_K,105,short_answer,0.049586776859504134,,,,,
2,DeepSeek-R1-Distill-Qwen-14B-Q2_K,168,short_answer,0.02898550724637681,,,,,
2,DeepSeek-R1-Distill-Qwen-14B-Q2_K,131,short_answer,0.0631578947368421,,,,,
2,DeepSeek-R1-Distill-Qwen-14B-Q2_K,106,short_answer,0.10752688172043011,,,,,
2,DeepSeek-R1-Distill-Qwen-14B-Q2_K,155,short_answer,0.0,,,,,
2,DeepSeek-R1-Distill-Qwen-14B-Q2_K,127,short_answer,0.046511627906976744,,,,,
2,DeepSeek-R1-Distill-Qwen-14B-Q2_K,134,short_answer,0.11764705882352941,,,,,
2,DeepSeek-R1-Distill-Qwen-14B-Q2_K,174,short_answer,0.0,,,,,
2,DeepSeek-R1-Distill-Qwen-14B-Q2_K,187,short_answer,0.027777777777777776,,,,,
2,DeepSeek-R1-Distill-Qwen-14B-Q2_K,103,short_answer,0.05333333333333333,,,,,
2,DeepSeek-R1-Distill-Qwen-14B-Q2_K,193,short_answer,0.0,,,,,
2,DeepSeek-R1-Distill-Qwen-14B-Q2_K,162,short_answer,0.026666666666666665,,,,,
2,DeepSeek-R1-Distill-Qwen-14B-Q2_K,117,short_answer,0.03225806451612903,,,,,
2,DeepSeek-R1-Distill-Qwen-14B-Q2_K,131,short_answer,0.0792079207920792,,,,,
2,DeepSeek-R1-Distill-Qwen-14B-Q2_K,195,short_answer,0.027777777777777776,,,,,
2,DeepSeek-R1-Distill-Qwen-14B-Q2_K,134,short_answer,0.09756097560975611,,,,,
2,DeepSeek-R1-Distill-Qwen-14B-Q2_K,122,short_answer,0.025316455696202535,,,,,
2,DeepSeek-R1-Distill-Qwen-14B-Q2_K,183,short_answer,0.02380952380952381,,,,,
2,DeepSeek-R1-Distill-Qwen-14B-Q2_K,156,short_answer,0.03773584905660377,,,,,
2,DeepSeek-R1-Distill-Qwen-14B-Q2_K,125,short_answer,0.0,,,,,
2,DeepSeek-R1-Distill-Qwen-14B-Q2_K,183,short_answer,0.0,,,,,
2,DeepSeek-R1-Distill-Qwen-14B-Q2_K,183,short_answer,0.0,,,,,
2,DeepSeek-R1-Distill-Qwen-14B-Q2_K,134,short_answer,0.125,,,,,
2,DeepSeek-R1-Distill-Qwen-14B-Q2_K,193,short_answer,0.0,,,,,
2,DeepSeek-R1-Distill-Qwen-14B-Q2_K,174,short_answer,0.0,,,,,
2,DeepSeek-R1-Distill-Qwen-14B-Q2_K,158,short_answer,0.0,,,,,
2,DeepSeek-R1-Distill-Qwen-14B-Q2_K,115,short_answer,0.0,,,,,
2,DeepSeek-R1-Distill-Qwen-14B-Q2_K,191,short_answer,0.028169014084507043,,,,,
2,DeepSeek-R1-Distill-Qwen-14B-Q2_K,195,short_answer,0.0,,,,,
2,DeepSeek-R1-Distill-Qwen-14B-Q2_K,195,short_answer,0.02040816326530612,,,,,
2,DeepSeek-R1-Distill-Qwen-14B-Q2_K,114,short_answer,0.021978021978021976,,,,,
2,DeepSeek-R1-Distill-Qwen-14B-Q2_K,126,short_answer,0.0,,,,,
2,DeepSeek-R1-Distill-Qwen-14B-Q2_K,143,short_answer,0.0,,,,,
2,DeepSeek-R1-Distill-Qwen-14B-Q2_K,123,short_answer,0.0,,,,,
2,DeepSeek-R1-Distill-Qwen-14B-Q2_K,159,short_answer,0.015384615384615384,,,,,
2,DeepSeek-R1-Distill-Qwen-14B-Q2_K,105,short_answer,0.08695652173913043,,,,,
2,DeepSeek-R1-Distill-Qwen-14B-Q2_K,280,open_ended,,,0.2214983713355049,0.026229508196721308,0.15731874145006838,0.589493989944458
2,DeepSeek-R1-Distill-Qwen-14B-Q2_K,293,open_ended,,,0.16768916155419222,0.012320328542094456,0.15436989021604955,0.640626072883606
2,DeepSeek-R1-Distill-Qwen-14B-Q2_K,239,open_ended,,,0.2583518930957684,0.06711409395973154,0.1720178558063963,0.6891729235649109
2,DeepSeek-R1-Distill-Qwen-14B-Q2_K,206,open_ended,,,0.20408163265306123,0.010256410256410256,0.1319127346524607,0.6121293306350708
2,DeepSeek-R1-Distill-Qwen-14B-Q2_K,208,open_ended,,,0.20833333333333331,0.037209302325581395,0.15494268898700767,0.6258001923561096
2,DeepSeek-R1-Distill-Qwen-14B-Q2_K,259,open_ended,,,0.2794759825327511,0.06578947368421052,0.18396459020289338,0.6296054720878601
2,DeepSeek-R1-Distill-Qwen-14B-Q2_K,283,open_ended,,,0.16058394160583941,0.024449877750611245,0.16543709271327015,0.6222002506256104
2,DeepSeek-R1-Distill-Qwen-14B-Q2_K,270,open_ended,,,0.19444444444444442,0.0335195530726257,0.17674418604651165,0.6879465579986572
2,DeepSeek-R1-Distill-Qwen-14B-Q2_K,255,open_ended,,,0.017191977077363897,0.0,0.06481481481481483,0.5907776951789856
2,DeepSeek-R1-Distill-Qwen-14B-Q2_K,289,open_ended,,,0.2574850299401198,0.024096385542168676,0.15693112467306014,0.6203983426094055
2,DeepSeek-R1-Distill-Qwen-14B-Q2_K,299,open_ended,,,0.17816091954022986,0.023121387283236993,0.1787592008412198,0.7021012306213379
2,DeepSeek-R1-Distill-Qwen-14B-Q2_K,233,open_ended,,,0.45161290322580644,0.24380952380952378,0.30901248523878017,0.6608098745346069
2,DeepSeek-R1-Distill-Qwen-14B-Q2_K,283,open_ended,,,0.1842105263157895,0.015873015873015876,0.16990291262135923,0.614666759967804
2,DeepSeek-R1-Distill-Qwen-14B-Q2_K,215,open_ended,,,0.21264367816091953,0.0,0.11860174781523096,0.5763960480690002
2,DeepSeek-R1-Distill-Qwen-14B-Q2_K,222,open_ended,,,0.3670588235294118,0.1182033096926714,0.2636422499330711,0.6935487985610962
2,DeepSeek-R1-Distill-Qwen-14B-Q2_K,283,open_ended,,,0.20754716981132076,0.02531645569620253,0.18854114478957915,0.6292454600334167
2,DeepSeek-R1-Distill-Qwen-14B-Q2_K,246,open_ended,,,0.25396825396825395,0.0398406374501992,0.1215121512151215,0.6310480833053589
2,DeepSeek-R1-Distill-Qwen-14B-Q2_K,201,open_ended,,,0.339080459770115,0.08670520231213873,0.24038461538461536,0.6166189908981323
2,DeepSeek-R1-Distill-Qwen-14B-Q2_K,289,open_ended,,,0.27717391304347827,0.07103825136612021,0.18828451882845187,0.6568208336830139
2,DeepSeek-R1-Distill-Qwen-14B-Q2_K,287,open_ended,,,0.32978723404255317,0.0588235294117647,0.18238473839412006,0.645820677280426
2,DeepSeek-R1-Distill-Qwen-14B-Q2_K,205,open_ended,,,0.3384615384615385,0.044150110375275935,0.21292437037800577,0.6579668521881104
2,DeepSeek-R1-Distill-Qwen-14B-Q2_K,212,open_ended,,,0.29081632653061223,0.0358974358974359,0.16834917235318692,0.6131951212882996
2,DeepSeek-R1-Distill-Qwen-14B-Q2_K,238,open_ended,,,0.11904761904761904,0.02395209580838323,0.05510816182204943,0.5568972826004028
2,DeepSeek-R1-Distill-Qwen-14B-Q2_K,234,open_ended,,,0.3565891472868217,0.17120622568093385,0.25201465972960896,0.6342498064041138
2,DeepSeek-R1-Distill-Qwen-14B-Q2_K,288,open_ended,,,0.16976127320954906,0.026666666666666665,0.09147596059355348,0.6097329258918762
2,DeepSeek-R1-Distill-Qwen-14B-Q2_K,260,open_ended,,,0.21265822784810126,0.035623409669211195,0.18564356435643564,0.6453658938407898
2,DeepSeek-R1-Distill-Qwen-14B-Q2_K,232,open_ended,,,0.2118491921005386,0.03243243243243243,0.1766856065847091,0.6570256352424622
2,DeepSeek-R1-Distill-Qwen-14B-Q2_K,245,open_ended,,,0.22685185185185186,0.023255813953488372,0.1388888888888889,0.6313437819480896
2,DeepSeek-R1-Distill-Qwen-14B-Q2_K,233,open_ended,,,0.5189620758483033,0.25250501002004005,0.3647333381934415,0.6755911111831665
2,DeepSeek-R1-Distill-Qwen-14B-Q2_K,275,open_ended,,,0.16119402985074627,0.048048048048048055,0.2354514285714286,0.5989876389503479
2,DeepSeek-R1-Distill-Qwen-14B-Q2_K,203,open_ended,,,0.2119815668202765,0.05092592592592593,0.13444497708577016,0.6020854711532593
2,DeepSeek-R1-Distill-Qwen-14B-Q2_K,284,open_ended,,,0.256,0.04289544235924933,0.14667535853976532,0.6421501040458679
2,DeepSeek-R1-Distill-Qwen-14B-Q2_K,223,open_ended,,,0.46365422396856576,0.17751479289940827,0.3062878942549319,0.6502410173416138
2,DeepSeek-R1-Distill-Qwen-14B-Q2_K,242,open_ended,,,0.19378427787934185,0.09541284403669725,0.1425663712647034,0.6891255974769592
2,DeepSeek-R1-Distill-Qwen-14B-Q2_K,276,open_ended,,,0.30256410256410254,0.12886597938144329,0.26360338088030594,0.6759375929832458
2,DeepSeek-R1-Distill-Qwen-14B-Q2_K,202,open_ended,,,0.05078125000000001,0.00784313725490196,0.08094357076780759,0.6255491375923157
2,DeepSeek-R1-Distill-Qwen-14B-Q2_K,241,open_ended,,,0.38004750593824227,0.13842482100238662,0.10616928026358734,0.6465506553649902
2,DeepSeek-R1-Distill-Qwen-14B-Q2_K,270,open_ended,,,0.2074468085106383,0.053475935828877004,0.19670631290027446,0.6978819966316223
2,DeepSeek-R1-Distill-Qwen-14B-Q2_K,214,open_ended,,,0.3244274809160306,0.05747126436781609,0.23633375519188782,0.6897459030151367
2,DeepSeek-R1-Distill-Qwen-14B-Q2_K,204,open_ended,,,0.3781676413255361,0.08610567514677105,0.2583951996197719,0.6360223293304443
2,DeepSeek-R1-Distill-Qwen-14B-Q2_K,274,open_ended,,,0.20725388601036268,0.06770833333333334,0.19867549668874174,0.6756026744842529
2,DeepSeek-R1-Distill-Qwen-14B-Q2_K,255,open_ended,,,0.01986754966887417,0.0,0.07337526205450735,0.5935159921646118
2,DeepSeek-R1-Distill-Qwen-14B-Q2_K,272,open_ended,,,0.12637362637362637,0.03314917127071824,0.19478905251195608,0.6405652165412903
2,DeepSeek-R1-Distill-Qwen-14B-Q2_K,277,open_ended,,,0.19047619047619047,0.038338658146964855,0.15706806282722516,0.6015099287033081
2,DeepSeek-R1-Distill-Qwen-14B-Q2_K,296,open_ended,,,0.16733067729083662,0.023999999999999997,0.08067597391011487,0.6047494411468506
2,DeepSeek-R1-Distill-Qwen-14B-Q2_K,215,open_ended,,,0.23054755043227665,0.011594202898550723,0.13387297633872977,0.5870791673660278
2,DeepSeek-R1-Distill-Qwen-14B-Q2_K,287,open_ended,,,0.4207650273224044,0.12637362637362637,0.23829980810847612,0.6842009425163269
2,DeepSeek-R1-Distill-Qwen-14B-Q2_K,228,open_ended,,,0.30905077262693154,0.06208425720620842,0.1799112680467759,0.6456249952316284
2,DeepSeek-R1-Distill-Qwen-14B-Q2_K,204,open_ended,,,0.3512974051896208,0.08016032064128258,0.22412970910824992,0.6591632962226868
2,DeepSeek-R1-Distill-Qwen-14B-Q2_K,236,open_ended,,,0.3559322033898305,0.07659574468085106,0.22101171386330037,0.6571345329284668
2,DeepSeek-R1-Distill-Qwen-14B-Q2_K,255,open_ended,,,0.011396011396011395,0.0,0.0552486187845304,0.568103015422821
2,DeepSeek-R1-Distill-Qwen-14B-Q2_K,229,open_ended,,,0.3308550185873606,0.048507462686567165,0.19780168111373786,0.669665515422821
2,DeepSeek-R1-Distill-Qwen-14B-Q2_K,291,open_ended,,,0.28784119106699757,0.0798004987531172,0.2238014094621405,0.6617072820663452
2,DeepSeek-R1-Distill-Qwen-14B-Q2_K,291,open_ended,,,0.31,0.07537688442211056,0.22098829995369654,0.6558420062065125
2,DeepSeek-R1-Distill-Qwen-14B-Q2_K,269,open_ended,,,0.42886597938144333,0.12422360248447205,0.2440732207888348,0.612421989440918
2,DeepSeek-R1-Distill-Qwen-14B-Q2_K,207,open_ended,,,0.27571115973741794,0.035164835164835165,0.17039674465920654,0.6441670656204224
2,DeepSeek-R1-Distill-Qwen-14B-Q2_K,280,open_ended,,,0.1761658031088083,0.031413612565445025,0.09572901325478644,0.6621058583259583
2,DeepSeek-R1-Distill-Qwen-14B-Q2_K,272,open_ended,,,0.17846153846153845,0.0804953560371517,0.21303258145363413,0.6682224273681641
2,DeepSeek-R1-Distill-Qwen-14B-Q2_K,268,open_ended,,,0.24691358024691357,0.04347826086956522,0.17631103074141047,0.6759355068206787
2,DeepSeek-R1-Distill-Qwen-14B-Q2_K,222,open_ended,,,0.31739130434782614,0.074235807860262,0.21696733300828866,0.6278721690177917
2,DeepSeek-R1-Distill-Qwen-14B-Q2_K,228,open_ended,,,0.23502304147465441,0.060185185185185175,0.13574233924773307,0.637149453163147
2,DeepSeek-R1-Distill-Qwen-14B-Q2_K,296,open_ended,,,0.2991869918699187,0.06199021207177814,0.16584869863789567,0.6746524572372437
2,DeepSeek-R1-Distill-Qwen-14B-Q2_K,262,open_ended,,,0.19791666666666669,0.03664921465968586,0.1740237691001698,0.6577246189117432
2,DeepSeek-R1-Distill-Qwen-14B-Q2_K,213,open_ended,,,0.3512974051896207,0.0721442885771543,0.23835974280802588,0.6611515879631042
2,DeepSeek-R1-Distill-Qwen-14B-Q2_K,285,open_ended,,,0.216,0.008064516129032258,0.15962036238136323,0.6373425126075745
2,DeepSeek-R1-Distill-Qwen-14B-Q2_K,289,open_ended,,,0.22382671480144406,0.029090909090909094,0.11425959780621574,0.5897173285484314
2,DeepSeek-R1-Distill-Qwen-14B-Q2_K,265,open_ended,,,0.3522388059701493,0.15015015015015015,0.38679328984769085,0.6067396998405457
2,DeepSeek-R1-Distill-Qwen-14B-Q2_K,225,open_ended,,,0.23770491803278687,0.02469135802469136,0.15507053447403532,0.620913565158844
2,DeepSeek-R1-Distill-Qwen-14B-Q2_K,297,open_ended,,,0.30769230769230765,0.07216494845360825,0.18810945603561233,0.673654317855835
2,DeepSeek-R1-Distill-Qwen-14B-Q2_K,279,open_ended,,,0.24683544303797467,0.06369426751592357,0.20753406128572136,0.6781175136566162
2,DeepSeek-R1-Distill-Qwen-14B-Q2_K,278,open_ended,,,0.21148036253776434,0.048632218844984795,0.23794930602238132,0.6424168348312378
2,DeepSeek-R1-Distill-Qwen-14B-Q2_K,244,open_ended,,,0.3517382413087935,0.061601642710472276,0.24541302220790714,0.7132437229156494
2,DeepSeek-R1-Distill-Qwen-14B-Q2_K,296,open_ended,,,0.41214057507987223,0.12179487179487178,0.20458586837995343,0.6944817900657654
2,DeepSeek-R1-Distill-Qwen-14B-Q2_K,289,open_ended,,,0.22388059701492538,0.022556390977443604,0.12488436632747456,0.5749092698097229
2,DeepSeek-R1-Distill-Qwen-14B-Q2_K,292,open_ended,,,0.42176870748299317,0.2328767123287671,0.3901739664708614,0.6564090251922607
2,DeepSeek-R1-Distill-Qwen-14B-Q2_K,262,open_ended,,,0.24719101123595508,0.07344632768361582,0.23023798591980413,0.6428536772727966
2,DeepSeek-R1-Distill-Qwen-14B-Q2_K,214,open_ended,,,0.395112016293279,0.07361963190184048,0.2512691556857003,0.673774003982544
2,DeepSeek-R1-Distill-Qwen-14B-Q2_K,234,open_ended,,,0.49689440993788825,0.22453222453222452,0.3034783398419762,0.6100198030471802
2,DeepSeek-R1-Distill-Qwen-14B-Q2_K,267,open_ended,,,0.24755700325732896,0.13770491803278687,0.26808326326785403,0.6517037749290466
2,DeepSeek-R1-Distill-Qwen-14B-Q2_K,246,open_ended,,,0.4545454545454546,0.12408759124087591,0.2933907457218888,0.6923412084579468
2,DeepSeek-R1-Distill-Qwen-14B-Q2_K,272,open_ended,,,0.1297935103244838,0.03560830860534125,0.15337423312883436,0.6607424020767212
2,DeepSeek-R1-Distill-Qwen-14B-Q2_K,226,open_ended,,,0.2653465346534653,0.055666003976143144,0.1818101160862355,0.6673504114151001
2,DeepSeek-R1-Distill-Qwen-14B-Q2_K,289,open_ended,,,0.16666666666666666,0.0072992700729927005,0.10464058234758873,0.5612246990203857
2,DeepSeek-R1-Distill-Qwen-14B-Q2_K,204,open_ended,,,0.25757575757575757,0.045627376425855515,0.18301267010793057,0.6258479356765747
2,DeepSeek-R1-Distill-Qwen-14B-Q2_K,263,open_ended,,,0.13574660633484162,0.02727272727272727,0.10444469835466182,0.5924887657165527
2,DeepSeek-R1-Distill-Qwen-14B-Q2_K,219,open_ended,,,0.2495049504950495,0.031809145129224656,0.1853759011328527,0.6266496181488037
2,DeepSeek-R1-Distill-Qwen-14B-Q2_K,297,open_ended,,,0.2961165048543689,0.10243902439024391,0.16248754969658927,0.6465045213699341
2,DeepSeek-R1-Distill-Qwen-14B-Q2_K,215,open_ended,,,0.25895316804407714,0.02770083102493075,0.18283730598318731,0.5955591201782227
2,DeepSeek-R1-Distill-Qwen-14B-Q2_K,223,open_ended,,,0.41869158878504675,0.13883677298311445,0.24802967083912844,0.6605430841445923
2,DeepSeek-R1-Distill-Qwen-14B-Q2_K,253,open_ended,,,0.11570247933884299,0.03333333333333333,0.04656577415599534,0.6262384057044983
2,DeepSeek-R1-Distill-Qwen-14B-Q2_K,267,open_ended,,,0.22485207100591717,0.09523809523809525,0.2600067070203802,0.6522798538208008
2,DeepSeek-R1-Distill-Qwen-14B-Q2_K,209,open_ended,,,0.2885572139303482,0.065,0.1692723356725574,0.6123519539833069
2,DeepSeek-R1-Distill-Qwen-14B-Q2_K,242,open_ended,,,0.36697247706422015,0.17972350230414746,0.2219014723371513,0.6693884134292603
2,DeepSeek-R1-Distill-Qwen-14B-Q2_K,289,open_ended,,,0.27129337539432175,0.03809523809523809,0.15350583360817943,0.617975652217865
2,DeepSeek-R1-Distill-Qwen-14B-Q2_K,226,open_ended,,,0.3241106719367589,0.07142857142857142,0.2020029411764706,0.6708489656448364
2,DeepSeek-R1-Distill-Qwen-14B-Q2_K,268,open_ended,,,0.23433242506811985,0.043835616438356165,0.21830312229220097,0.6616536378860474
2,DeepSeek-R1-Distill-Qwen-14B-Q2_K,229,open_ended,,,0.3380855397148676,0.07361963190184048,0.20668012747889772,0.6730706691741943
2,DeepSeek-R1-Distill-Qwen-14B-Q2_K,298,open_ended,,,0.15561959654178673,0.04057971014492753,0.19260681205150387,0.6442981958389282
2,DeepSeek-R1-Distill-Qwen-14B-Q2_K,278,open_ended,,,0.1518987341772152,0.030534351145038167,0.2178879193122494,0.6298031806945801
2,DeepSeek-R1-Distill-Qwen-14B-Q2_K,274,open_ended,,,0.21052631578947373,0.0634920634920635,0.20852641334569044,0.6768393516540527
0,Llama-3.1-8B-Instruct-Q8_0,37,yes_no,1.0,1.0,,,,
0,Llama-3.1-8B-Instruct-Q8_0,15,yes_no,1.0,1.0,,,,
0,Llama-3.1-8B-Instruct-Q8_0,44,yes_no,1.0,1.0,,,,
0,Llama-3.1-8B-Instruct-Q8_0,100,yes_no,1.0,1.0,,,,
0,Llama-3.1-8B-Instruct-Q8_0,21,yes_no,1.0,1.0,,,,
0,Llama-3.1-8B-Instruct-Q8_0,79,yes_no,1.0,1.0,,,,
0,Llama-3.1-8B-Instruct-Q8_0,88,yes_no,1.0,1.0,,,,
0,Llama-3.1-8B-Instruct-Q8_0,98,yes_no,1.0,1.0,,,,
0,Llama-3.1-8B-Instruct-Q8_0,94,yes_no,1.0,1.0,,,,
0,Llama-3.1-8B-Instruct-Q8_0,39,yes_no,0.0,0.0,,,,
0,Llama-3.1-8B-Instruct-Q8_0,54,yes_no,1.0,1.0,,,,
0,Llama-3.1-8B-Instruct-Q8_0,97,yes_no,1.0,1.0,,,,
0,Llama-3.1-8B-Instruct-Q8_0,34,yes_no,0.0,0.0,,,,
0,Llama-3.1-8B-Instruct-Q8_0,49,yes_no,0.0,0.0,,,,
0,Llama-3.1-8B-Instruct-Q8_0,91,yes_no,1.0,1.0,,,,
0,Llama-3.1-8B-Instruct-Q8_0,18,yes_no,0.0,,,,,
0,Llama-3.1-8B-Instruct-Q8_0,86,yes_no,1.0,1.0,,,,
0,Llama-3.1-8B-Instruct-Q8_0,99,yes_no,1.0,1.0,,,,
0,Llama-3.1-8B-Instruct-Q8_0,31,yes_no,1.0,1.0,,,,
0,Llama-3.1-8B-Instruct-Q8_0,36,yes_no,0.0,0.0,,,,
0,Llama-3.1-8B-Instruct-Q8_0,97,yes_no,1.0,1.0,,,,
0,Llama-3.1-8B-Instruct-Q8_0,32,yes_no,1.0,1.0,,,,
0,Llama-3.1-8B-Instruct-Q8_0,91,yes_no,1.0,1.0,,,,
0,Llama-3.1-8B-Instruct-Q8_0,60,yes_no,1.0,1.0,,,,
0,Llama-3.1-8B-Instruct-Q8_0,60,yes_no,1.0,1.0,,,,
0,Llama-3.1-8B-Instruct-Q8_0,100,yes_no,1.0,1.0,,,,
0,Llama-3.1-8B-Instruct-Q8_0,82,yes_no,1.0,1.0,,,,
0,Llama-3.1-8B-Instruct-Q8_0,98,yes_no,1.0,1.0,,,,
0,Llama-3.1-8B-Instruct-Q8_0,71,yes_no,1.0,1.0,,,,
0,Llama-3.1-8B-Instruct-Q8_0,9,yes_no,1.0,1.0,,,,
0,Llama-3.1-8B-Instruct-Q8_0,10,yes_no,1.0,1.0,,,,
0,Llama-3.1-8B-Instruct-Q8_0,43,yes_no,1.0,1.0,,,,
0,Llama-3.1-8B-Instruct-Q8_0,10,yes_no,1.0,1.0,,,,
0,Llama-3.1-8B-Instruct-Q8_0,38,yes_no,1.0,1.0,,,,
0,Llama-3.1-8B-Instruct-Q8_0,99,yes_no,1.0,1.0,,,,
0,Llama-3.1-8B-Instruct-Q8_0,71,yes_no,1.0,1.0,,,,
0,Llama-3.1-8B-Instruct-Q8_0,56,yes_no,1.0,1.0,,,,
0,Llama-3.1-8B-Instruct-Q8_0,62,yes_no,1.0,1.0,,,,
0,Llama-3.1-8B-Instruct-Q8_0,59,yes_no,1.0,1.0,,,,
0,Llama-3.1-8B-Instruct-Q8_0,67,yes_no,1.0,1.0,,,,
0,Llama-3.1-8B-Instruct-Q8_0,59,yes_no,1.0,1.0,,,,
0,Llama-3.1-8B-Instruct-Q8_0,7,yes_no,1.0,1.0,,,,
0,Llama-3.1-8B-Instruct-Q8_0,47,yes_no,1.0,1.0,,,,
0,Llama-3.1-8B-Instruct-Q8_0,96,yes_no,1.0,1.0,,,,
0,Llama-3.1-8B-Instruct-Q8_0,47,yes_no,1.0,1.0,,,,
0,Llama-3.1-8B-Instruct-Q8_0,49,yes_no,0.0,0.0,,,,
0,Llama-3.1-8B-Instruct-Q8_0,74,yes_no,1.0,1.0,,,,
0,Llama-3.1-8B-Instruct-Q8_0,22,yes_no,1.0,1.0,,,,
0,Llama-3.1-8B-Instruct-Q8_0,50,yes_no,0.0,,,,,
0,Llama-3.1-8B-Instruct-Q8_0,7,yes_no,1.0,1.0,,,,
0,Llama-3.1-8B-Instruct-Q8_0,61,yes_no,1.0,1.0,,,,
0,Llama-3.1-8B-Instruct-Q8_0,27,yes_no,1.0,1.0,,,,
0,Llama-3.1-8B-Instruct-Q8_0,33,yes_no,1.0,1.0,,,,
0,Llama-3.1-8B-Instruct-Q8_0,55,yes_no,1.0,1.0,,,,
0,Llama-3.1-8B-Instruct-Q8_0,29,yes_no,1.0,1.0,,,,
0,Llama-3.1-8B-Instruct-Q8_0,12,yes_no,0.0,0.0,,,,
0,Llama-3.1-8B-Instruct-Q8_0,5,yes_no,1.0,1.0,,,,
0,Llama-3.1-8B-Instruct-Q8_0,41,yes_no,1.0,1.0,,,,
0,Llama-3.1-8B-Instruct-Q8_0,59,yes_no,1.0,1.0,,,,
0,Llama-3.1-8B-Instruct-Q8_0,3,yes_no,1.0,1.0,,,,
0,Llama-3.1-8B-Instruct-Q8_0,22,yes_no,1.0,1.0,,,,
0,Llama-3.1-8B-Instruct-Q8_0,27,yes_no,1.0,1.0,,,,
0,Llama-3.1-8B-Instruct-Q8_0,71,yes_no,1.0,1.0,,,,
0,Llama-3.1-8B-Instruct-Q8_0,39,yes_no,0.0,0.0,,,,
0,Llama-3.1-8B-Instruct-Q8_0,82,yes_no,1.0,1.0,,,,
0,Llama-3.1-8B-Instruct-Q8_0,68,yes_no,1.0,1.0,,,,
0,Llama-3.1-8B-Instruct-Q8_0,6,yes_no,0.0,0.0,,,,
0,Llama-3.1-8B-Instruct-Q8_0,4,yes_no,1.0,1.0,,,,
0,Llama-3.1-8B-Instruct-Q8_0,99,yes_no,1.0,1.0,,,,
0,Llama-3.1-8B-Instruct-Q8_0,22,yes_no,1.0,1.0,,,,
0,Llama-3.1-8B-Instruct-Q8_0,39,yes_no,0.0,0.0,,,,
0,Llama-3.1-8B-Instruct-Q8_0,81,yes_no,1.0,1.0,,,,
0,Llama-3.1-8B-Instruct-Q8_0,52,yes_no,0.0,0.0,,,,
0,Llama-3.1-8B-Instruct-Q8_0,18,yes_no,0.0,,,,,
0,Llama-3.1-8B-Instruct-Q8_0,28,yes_no,1.0,1.0,,,,
0,Llama-3.1-8B-Instruct-Q8_0,54,yes_no,1.0,1.0,,,,
0,Llama-3.1-8B-Instruct-Q8_0,40,yes_no,1.0,1.0,,,,
0,Llama-3.1-8B-Instruct-Q8_0,60,yes_no,1.0,1.0,,,,
0,Llama-3.1-8B-Instruct-Q8_0,4,yes_no,1.0,1.0,,,,
0,Llama-3.1-8B-Instruct-Q8_0,26,yes_no,1.0,1.0,,,,
0,Llama-3.1-8B-Instruct-Q8_0,23,yes_no,0.0,0.0,,,,
0,Llama-3.1-8B-Instruct-Q8_0,32,yes_no,1.0,1.0,,,,
0,Llama-3.1-8B-Instruct-Q8_0,15,yes_no,0.0,0.0,,,,
0,Llama-3.1-8B-Instruct-Q8_0,37,yes_no,1.0,1.0,,,,
0,Llama-3.1-8B-Instruct-Q8_0,48,yes_no,1.0,1.0,,,,
0,Llama-3.1-8B-Instruct-Q8_0,99,yes_no,1.0,1.0,,,,
0,Llama-3.1-8B-Instruct-Q8_0,97,yes_no,1.0,1.0,,,,
0,Llama-3.1-8B-Instruct-Q8_0,60,yes_no,1.0,1.0,,,,
0,Llama-3.1-8B-Instruct-Q8_0,89,yes_no,1.0,1.0,,,,
0,Llama-3.1-8B-Instruct-Q8_0,88,yes_no,1.0,1.0,,,,
0,Llama-3.1-8B-Instruct-Q8_0,83,yes_no,1.0,1.0,,,,
0,Llama-3.1-8B-Instruct-Q8_0,42,yes_no,1.0,1.0,,,,
0,Llama-3.1-8B-Instruct-Q8_0,37,yes_no,1.0,1.0,,,,
0,Llama-3.1-8B-Instruct-Q8_0,33,yes_no,1.0,1.0,,,,
0,Llama-3.1-8B-Instruct-Q8_0,90,yes_no,1.0,1.0,,,,
0,Llama-3.1-8B-Instruct-Q8_0,42,yes_no,1.0,1.0,,,,
0,Llama-3.1-8B-Instruct-Q8_0,57,yes_no,1.0,1.0,,,,
0,Llama-3.1-8B-Instruct-Q8_0,46,yes_no,1.0,1.0,,,,
0,Llama-3.1-8B-Instruct-Q8_0,68,yes_no,1.0,1.0,,,,
0,Llama-3.1-8B-Instruct-Q8_0,97,yes_no,1.0,1.0,,,,
0,Llama-3.1-8B-Instruct-Q8_0,155,short_answer,0.0,,,,,
0,Llama-3.1-8B-Instruct-Q8_0,139,short_answer,0.04938271604938271,,,,,
0,Llama-3.1-8B-Instruct-Q8_0,109,short_answer,0.0,,,,,
0,Llama-3.1-8B-Instruct-Q8_0,175,short_answer,0.0,,,,,
0,Llama-3.1-8B-Instruct-Q8_0,190,short_answer,0.045454545454545456,,,,,
0,Llama-3.1-8B-Instruct-Q8_0,170,short_answer,0.0,,,,,
0,Llama-3.1-8B-Instruct-Q8_0,120,short_answer,0.0,,,,,
0,Llama-3.1-8B-Instruct-Q8_0,152,short_answer,0.06,,,,,
0,Llama-3.1-8B-Instruct-Q8_0,109,short_answer,0.0,,,,,
0,Llama-3.1-8B-Instruct-Q8_0,181,short_answer,0.020833333333333336,,,,,
0,Llama-3.1-8B-Instruct-Q8_0,173,short_answer,0.0,,,,,
0,Llama-3.1-8B-Instruct-Q8_0,195,short_answer,0.0,,,,,
0,Llama-3.1-8B-Instruct-Q8_0,164,short_answer,0.0,,,,,
0,Llama-3.1-8B-Instruct-Q8_0,157,short_answer,0.018018018018018018,,,,,
0,Llama-3.1-8B-Instruct-Q8_0,196,short_answer,0.0,,,,,
0,Llama-3.1-8B-Instruct-Q8_0,179,short_answer,0.0,,,,,
0,Llama-3.1-8B-Instruct-Q8_0,125,short_answer,0.0,,,,,
0,Llama-3.1-8B-Instruct-Q8_0,187,short_answer,0.0689655172413793,,,,,
0,Llama-3.1-8B-Instruct-Q8_0,192,short_answer,0.0,,,,,
0,Llama-3.1-8B-Instruct-Q8_0,145,short_answer,0.03278688524590164,,,,,
0,Llama-3.1-8B-Instruct-Q8_0,190,short_answer,0.025974025974025972,,,,,
0,Llama-3.1-8B-Instruct-Q8_0,133,short_answer,0.06593406593406594,,,,,
0,Llama-3.1-8B-Instruct-Q8_0,182,short_answer,0.020202020202020204,,,,,
0,Llama-3.1-8B-Instruct-Q8_0,155,short_answer,0.0,,,,,
0,Llama-3.1-8B-Instruct-Q8_0,136,short_answer,0.0,,,,,
0,Llama-3.1-8B-Instruct-Q8_0,179,short_answer,0.0,,,,,
0,Llama-3.1-8B-Instruct-Q8_0,138,short_answer,0.0970873786407767,,,,,
0,Llama-3.1-8B-Instruct-Q8_0,127,short_answer,0.039999999999999994,,,,,
0,Llama-3.1-8B-Instruct-Q8_0,154,short_answer,0.07619047619047618,,,,,
0,Llama-3.1-8B-Instruct-Q8_0,173,short_answer,0.0,,,,,
0,Llama-3.1-8B-Instruct-Q8_0,154,short_answer,0.07272727272727274,,,,,
0,Llama-3.1-8B-Instruct-Q8_0,113,short_answer,0.018348623853211007,,,,,
0,Llama-3.1-8B-Instruct-Q8_0,124,short_answer,0.019230769230769232,,,,,
0,Llama-3.1-8B-Instruct-Q8_0,173,short_answer,0.0,,,,,
0,Llama-3.1-8B-Instruct-Q8_0,157,short_answer,0.018867924528301886,,,,,
0,Llama-3.1-8B-Instruct-Q8_0,197,short_answer,0.02469135802469136,,,,,
0,Llama-3.1-8B-Instruct-Q8_0,128,short_answer,0.0,,,,,
0,Llama-3.1-8B-Instruct-Q8_0,164,short_answer,0.03636363636363636,,,,,
0,Llama-3.1-8B-Instruct-Q8_0,186,short_answer,0.047058823529411764,,,,,
0,Llama-3.1-8B-Instruct-Q8_0,134,short_answer,0.13513513513513514,,,,,
0,Llama-3.1-8B-Instruct-Q8_0,101,short_answer,0.016949152542372878,,,,,
0,Llama-3.1-8B-Instruct-Q8_0,124,short_answer,0.020833333333333336,,,,,
0,Llama-3.1-8B-Instruct-Q8_0,143,short_answer,0.03960396039603961,,,,,
0,Llama-3.1-8B-Instruct-Q8_0,183,short_answer,0.029411764705882353,,,,,
0,Llama-3.1-8B-Instruct-Q8_0,169,short_answer,0.0,,,,,
0,Llama-3.1-8B-Instruct-Q8_0,165,short_answer,0.02702702702702703,,,,,
0,Llama-3.1-8B-Instruct-Q8_0,123,short_answer,0.0,,,,,
0,Llama-3.1-8B-Instruct-Q8_0,151,short_answer,0.05825242718446602,,,,,
0,Llama-3.1-8B-Instruct-Q8_0,122,short_answer,0.019230769230769232,,,,,
0,Llama-3.1-8B-Instruct-Q8_0,180,short_answer,0.0,,,,,
0,Llama-3.1-8B-Instruct-Q8_0,155,short_answer,0.0,,,,,
0,Llama-3.1-8B-Instruct-Q8_0,145,short_answer,0.0,,,,,
0,Llama-3.1-8B-Instruct-Q8_0,109,short_answer,0.02777777777777778,,,,,
0,Llama-3.1-8B-Instruct-Q8_0,148,short_answer,0.05660377358490566,,,,,
0,Llama-3.1-8B-Instruct-Q8_0,151,short_answer,0.061855670103092786,,,,,
0,Llama-3.1-8B-Instruct-Q8_0,120,short_answer,0.0,,,,,
0,Llama-3.1-8B-Instruct-Q8_0,146,short_answer,0.055045871559633024,,,,,
0,Llama-3.1-8B-Instruct-Q8_0,182,short_answer,0.021978021978021976,,,,,
0,Llama-3.1-8B-Instruct-Q8_0,116,short_answer,0.020618556701030927,,,,,
0,Llama-3.1-8B-Instruct-Q8_0,146,short_answer,0.07207207207207207,,,,,
0,Llama-3.1-8B-Instruct-Q8_0,126,short_answer,0.0,,,,,
0,Llama-3.1-8B-Instruct-Q8_0,175,short_answer,0.0,,,,,
0,Llama-3.1-8B-Instruct-Q8_0,106,short_answer,0.10752688172043011,,,,,
0,Llama-3.1-8B-Instruct-Q8_0,174,short_answer,0.0,,,,,
0,Llama-3.1-8B-Instruct-Q8_0,186,short_answer,0.03636363636363636,,,,,
0,Llama-3.1-8B-Instruct-Q8_0,144,short_answer,0.18556701030927836,,,,,
0,Llama-3.1-8B-Instruct-Q8_0,156,short_answer,0.02247191011235955,,,,,
0,Llama-3.1-8B-Instruct-Q8_0,120,short_answer,0.0,,,,,
0,Llama-3.1-8B-Instruct-Q8_0,101,short_answer,0.0,,,,,
0,Llama-3.1-8B-Instruct-Q8_0,183,short_answer,0.022988505747126436,,,,,
0,Llama-3.1-8B-Instruct-Q8_0,199,short_answer,0.0810810810810811,,,,,
0,Llama-3.1-8B-Instruct-Q8_0,151,short_answer,0.14457831325301204,,,,,
0,Llama-3.1-8B-Instruct-Q8_0,119,short_answer,0.0,,,,,
0,Llama-3.1-8B-Instruct-Q8_0,122,short_answer,0.024096385542168672,,,,,
0,Llama-3.1-8B-Instruct-Q8_0,193,short_answer,0.0,,,,,
0,Llama-3.1-8B-Instruct-Q8_0,145,short_answer,0.0,,,,,
0,Llama-3.1-8B-Instruct-Q8_0,175,short_answer,0.02173913043478261,,,,,
0,Llama-3.1-8B-Instruct-Q8_0,134,short_answer,0.04,,,,,
0,Llama-3.1-8B-Instruct-Q8_0,167,short_answer,0.047619047619047616,,,,,
0,Llama-3.1-8B-Instruct-Q8_0,129,short_answer,0.0,,,,,
0,Llama-3.1-8B-Instruct-Q8_0,124,short_answer,0.020202020202020204,,,,,
0,Llama-3.1-8B-Instruct-Q8_0,123,short_answer,0.0,,,,,
0,Llama-3.1-8B-Instruct-Q8_0,118,short_answer,0.0,,,,,
0,Llama-3.1-8B-Instruct-Q8_0,101,short_answer,0.02197802197802198,,,,,
0,Llama-3.1-8B-Instruct-Q8_0,141,short_answer,0.0,,,,,
0,Llama-3.1-8B-Instruct-Q8_0,147,short_answer,0.07407407407407407,,,,,
0,Llama-3.1-8B-Instruct-Q8_0,178,short_answer,0.05217391304347826,,,,,
0,Llama-3.1-8B-Instruct-Q8_0,160,short_answer,0.0,,,,,
0,Llama-3.1-8B-Instruct-Q8_0,143,short_answer,0.0,,,,,
0,Llama-3.1-8B-Instruct-Q8_0,108,short_answer,0.02173913043478261,,,,,
0,Llama-3.1-8B-Instruct-Q8_0,142,short_answer,0.06779661016949154,,,,,
0,Llama-3.1-8B-Instruct-Q8_0,103,short_answer,0.0449438202247191,,,,,
0,Llama-3.1-8B-Instruct-Q8_0,161,short_answer,0.0,,,,,
0,Llama-3.1-8B-Instruct-Q8_0,107,short_answer,0.041237113402061855,,,,,
0,Llama-3.1-8B-Instruct-Q8_0,122,short_answer,0.023809523809523808,,,,,
0,Llama-3.1-8B-Instruct-Q8_0,102,short_answer,0.021505376344086023,,,,,
0,Llama-3.1-8B-Instruct-Q8_0,110,short_answer,0.0,,,,,
0,Llama-3.1-8B-Instruct-Q8_0,186,short_answer,0.038461538461538464,,,,,
0,Llama-3.1-8B-Instruct-Q8_0,194,short_answer,0.0,,,,,
0,Llama-3.1-8B-Instruct-Q8_0,193,short_answer,0.0,,,,,
0,Llama-3.1-8B-Instruct-Q8_0,225,open_ended,,,0.3363802559414991,0.06238532110091743,0.21911421911421913,0.6406192183494568
0,Llama-3.1-8B-Instruct-Q8_0,230,open_ended,,,0.3074003795066414,0.02666666666666667,0.21571977787270394,0.6793713569641113
0,Llama-3.1-8B-Instruct-Q8_0,285,open_ended,,,0.1867321867321867,0.044444444444444446,0.23188720427464213,0.6609505414962769
0,Llama-3.1-8B-Instruct-Q8_0,248,open_ended,,,0.3359073359073359,0.08527131782945736,0.22660098522167488,0.6628327369689941
0,Llama-3.1-8B-Instruct-Q8_0,206,open_ended,,,0.3452157598499062,0.04143126177024482,0.22156051030375784,0.6620147824287415
0,Llama-3.1-8B-Instruct-Q8_0,257,open_ended,,,0.11661807580174927,0.017595307917888565,0.15261627906976744,0.6519618034362793
0,Llama-3.1-8B-Instruct-Q8_0,249,open_ended,,,0.34990791896869244,0.09611829944547134,0.2358286456079619,0.678713858127594
0,Llama-3.1-8B-Instruct-Q8_0,226,open_ended,,,0.296875,0.03137254901960784,0.18274772099807263,0.647853434085846
0,Llama-3.1-8B-Instruct-Q8_0,251,open_ended,,,0.26898047722342733,0.08278867102396516,0.18357282203587233,0.6406590938568115
0,Llama-3.1-8B-Instruct-Q8_0,225,open_ended,,,0.30020283975659234,0.044806517311608965,0.1751586312635356,0.6252630949020386
0,Llama-3.1-8B-Instruct-Q8_0,257,open_ended,,,0.09169054441260746,0.005763688760806916,0.1331360946745562,0.6021823287010193
0,Llama-3.1-8B-Instruct-Q8_0,221,open_ended,,,0.2850574712643678,0.018475750577367205,0.2274224304253194,0.6636254787445068
0,Llama-3.1-8B-Instruct-Q8_0,232,open_ended,,,0.3351749539594844,0.07393715341959335,0.19779208831646738,0.6603642702102661
0,Llama-3.1-8B-Instruct-Q8_0,237,open_ended,,,0.23408624229979463,0.028865979381443297,0.1784875528417097,0.6625837683677673
0,Llama-3.1-8B-Instruct-Q8_0,279,open_ended,,,0.20051413881748073,0.06718346253229975,0.19922254616132168,0.7003200054168701
0,Llama-3.1-8B-Instruct-Q8_0,221,open_ended,,,0.3026315789473685,0.061674008810572695,0.25602381447976674,0.6574068069458008
0,Llama-3.1-8B-Instruct-Q8_0,290,open_ended,,,0.2015915119363395,0.02133333333333333,0.2074020115137532,0.6270297169685364
0,Llama-3.1-8B-Instruct-Q8_0,272,open_ended,,,0.09523809523809525,0.02253521126760563,0.09529860228716647,0.5698816180229187
0,Llama-3.1-8B-Instruct-Q8_0,299,open_ended,,,0.15384615384615385,0.030927835051546393,0.13817809621289665,0.654434323310852
0,Llama-3.1-8B-Instruct-Q8_0,261,open_ended,,,0.2433862433862434,0.053191489361702135,0.24614439324116744,0.6777762770652771
0,Llama-3.1-8B-Instruct-Q8_0,201,open_ended,,,0.2388758782201405,0.014117647058823528,0.21477015825169554,0.6587984561920166
0,Llama-3.1-8B-Instruct-Q8_0,205,open_ended,,,0.2920892494929006,0.048879837067209775,0.19690561994413622,0.6406514644622803
0,Llama-3.1-8B-Instruct-Q8_0,224,open_ended,,,0.2857142857142857,0.0275049115913556,0.20310604766236198,0.6301004886627197
0,Llama-3.1-8B-Instruct-Q8_0,299,open_ended,,,0.14698162729658792,0.021108179419525065,0.11363636363636365,0.6277941465377808
0,Llama-3.1-8B-Instruct-Q8_0,274,open_ended,,,0.18937644341801388,0.07888631090487239,0.24344869665861515,0.6807243824005127
0,Llama-3.1-8B-Instruct-Q8_0,282,open_ended,,,0.2043795620437956,0.0293398533007335,0.13857677902621723,0.6105594635009766
0,Llama-3.1-8B-Instruct-Q8_0,222,open_ended,,,0.3436293436293436,0.06976744186046512,0.23577253496833075,0.6653639674186707
0,Llama-3.1-8B-Instruct-Q8_0,256,open_ended,,,0.3037383177570094,0.046948356807511735,0.2627379468953034,0.6705036759376526
0,Llama-3.1-8B-Instruct-Q8_0,271,open_ended,,,0.35144927536231885,0.07272727272727272,0.21448852544375202,0.6820619702339172
0,Llama-3.1-8B-Instruct-Q8_0,234,open_ended,,,0.21956087824351297,0.044088176352705406,0.1438000942951438,0.6718825697898865
0,Llama-3.1-8B-Instruct-Q8_0,205,open_ended,,,0.2557726465364121,0.028520499108734408,0.19768585170034403,0.6163738369941711
0,Llama-3.1-8B-Instruct-Q8_0,205,open_ended,,,0.27710843373493976,0.03225806451612903,0.1631578947368421,0.6407172679901123
0,Llama-3.1-8B-Instruct-Q8_0,228,open_ended,,,0.4148727984344423,0.10609037328094302,0.23866383570817065,0.6811311841011047
0,Llama-3.1-8B-Instruct-Q8_0,201,open_ended,,,0.2731958762886598,0.06735751295336788,0.2113179904415112,0.6474175453186035
0,Llama-3.1-8B-Instruct-Q8_0,207,open_ended,,,0.1894736842105263,0.031746031746031744,0.11038371349466261,0.5809926390647888
0,Llama-3.1-8B-Instruct-Q8_0,274,open_ended,,,0.18858560794044665,0.06483790523690773,0.2017937219730942,0.6628696322441101
0,Llama-3.1-8B-Instruct-Q8_0,267,open_ended,,,0.1788617886178862,0.040983606557377046,0.15607580824972128,0.5672385096549988
0,Llama-3.1-8B-Instruct-Q8_0,259,open_ended,,,0.32985386221294366,0.05870020964360587,0.24933867888888675,0.7022196650505066
0,Llama-3.1-8B-Instruct-Q8_0,238,open_ended,,,0.26545454545454544,0.04744525547445255,0.15997494837491777,0.5856833457946777
0,Llama-3.1-8B-Instruct-Q8_0,208,open_ended,,,0.28270042194092826,0.038135593220338986,0.19430760810071157,0.6682420372962952
0,Llama-3.1-8B-Instruct-Q8_0,226,open_ended,,,0.2934362934362934,0.05038759689922481,0.1934731934731935,0.6889718174934387
0,Llama-3.1-8B-Instruct-Q8_0,271,open_ended,,,0.3234624145785877,0.036613272311212815,0.2084445211898062,0.6599769592285156
0,Llama-3.1-8B-Instruct-Q8_0,265,open_ended,,,0.14285714285714282,0.007194244604316547,0.09081196581196582,0.5468195080757141
0,Llama-3.1-8B-Instruct-Q8_0,284,open_ended,,,0.2767857142857143,0.0852017937219731,0.17790262172284643,0.6480923891067505
0,Llama-3.1-8B-Instruct-Q8_0,231,open_ended,,,0.33027522935779813,0.058931860036832415,0.22485252422746124,0.6219347715377808
0,Llama-3.1-8B-Instruct-Q8_0,234,open_ended,,,0.3333333333333333,0.07394366197183098,0.20785746916400186,0.6215888261795044
0,Llama-3.1-8B-Instruct-Q8_0,249,open_ended,,,0.3957219251336898,0.11449016100178892,0.2512737342859813,0.6561935544013977
0,Llama-3.1-8B-Instruct-Q8_0,239,open_ended,,,0.2567287784679089,0.04158004158004158,0.1851018657965194,0.685221254825592
0,Llama-3.1-8B-Instruct-Q8_0,249,open_ended,,,0.37696335078534027,0.11208406304728546,0.24374049216256696,0.6646973490715027
0,Llama-3.1-8B-Instruct-Q8_0,240,open_ended,,,0.28294573643410853,0.038910505836575876,0.1801021774016528,0.6578881144523621
0,Llama-3.1-8B-Instruct-Q8_0,217,open_ended,,,0.2575452716297787,0.05656565656565656,0.1527403414195867,0.605116069316864
0,Llama-3.1-8B-Instruct-Q8_0,263,open_ended,,,0.1550387596899225,0.015584415584415584,0.12440191387559808,0.6162241101264954
0,Llama-3.1-8B-Instruct-Q8_0,230,open_ended,,,0.3792486583184258,0.07181328545780968,0.26665184584910473,0.7022681832313538
0,Llama-3.1-8B-Instruct-Q8_0,241,open_ended,,,0.2177777777777778,0.013392857142857142,0.16157182350474478,0.6573559641838074
0,Llama-3.1-8B-Instruct-Q8_0,295,open_ended,,,0.2537878787878788,0.03802281368821293,0.17792616669807176,0.5936198234558105
0,Llama-3.1-8B-Instruct-Q8_0,232,open_ended,,,0.380952380952381,0.08141592920353982,0.25436806944180346,0.6547228693962097
0,Llama-3.1-8B-Instruct-Q8_0,298,open_ended,,,0.11917098445595854,0.052083333333333336,0.18282338401617862,0.6503161787986755
0,Llama-3.1-8B-Instruct-Q8_0,247,open_ended,,,0.33090909090909093,0.10218978102189782,0.2141746247858999,0.7057095766067505
0,Llama-3.1-8B-Instruct-Q8_0,278,open_ended,,,0.2406015037593985,0.04545454545454546,0.2005486863706524,0.630928099155426
0,Llama-3.1-8B-Instruct-Q8_0,274,open_ended,,,0.19457013574660634,0.06818181818181818,0.22381378692927484,0.6852391362190247
0,Llama-3.1-8B-Instruct-Q8_0,252,open_ended,,,0.2809917355371901,0.04979253112033195,0.20966728477425223,0.675568163394928
0,Llama-3.1-8B-Instruct-Q8_0,246,open_ended,,,0.3054545454545454,0.0510948905109489,0.22766695576756288,0.6694390773773193
0,Llama-3.1-8B-Instruct-Q8_0,251,open_ended,,,0.3828125,0.11764705882352941,0.2560410471861214,0.6677076816558838
0,Llama-3.1-8B-Instruct-Q8_0,222,open_ended,,,0.3505535055350553,0.07407407407407407,0.23514087535720543,0.6564624905586243
0,Llama-3.1-8B-Instruct-Q8_0,283,open_ended,,,0.20356234096692108,0.02557544757033248,0.19138755980861244,0.6558324694633484
0,Llama-3.1-8B-Instruct-Q8_0,216,open_ended,,,0.12944983818770225,0.006514657980456026,0.09279881217520418,0.6520006060600281
0,Llama-3.1-8B-Instruct-Q8_0,258,open_ended,,,0.24552429667519182,0.07712082262210797,0.21855486173059768,0.6754536032676697
0,Llama-3.1-8B-Instruct-Q8_0,274,open_ended,,,0.21800947867298578,0.07142857142857142,0.24074074074074076,0.7113568186759949
0,Llama-3.1-8B-Instruct-Q8_0,290,open_ended,,,0.2451923076923077,0.03864734299516909,0.22515527950310563,0.6521178483963013
0,Llama-3.1-8B-Instruct-Q8_0,258,open_ended,,,0.19213973799126638,0.039473684210526314,0.17857142857142858,0.6085601449012756
0,Llama-3.1-8B-Instruct-Q8_0,236,open_ended,,,0.3134920634920635,0.06772908366533864,0.21817467997401332,0.6918572783470154
0,Llama-3.1-8B-Instruct-Q8_0,267,open_ended,,,0.2647058823529412,0.07920792079207921,0.22898653695896692,0.5645703077316284
0,Llama-3.1-8B-Instruct-Q8_0,217,open_ended,,,0.3300589390962672,0.059171597633136105,0.1947623638838476,0.6137827038764954
0,Llama-3.1-8B-Instruct-Q8_0,275,open_ended,,,0.12534059945504086,0.01643835616438356,0.1554054054054054,0.6503391861915588
0,Llama-3.1-8B-Instruct-Q8_0,292,open_ended,,,0.23209876543209876,0.05955334987593053,0.2238758276005687,0.6155188679695129
0,Llama-3.1-8B-Instruct-Q8_0,257,open_ended,,,0.125,0.027322404371584702,0.20410733340194237,0.6328824162483215
0,Llama-3.1-8B-Instruct-Q8_0,279,open_ended,,,0.16901408450704228,0.0226628895184136,0.15311004784688995,0.6432939171791077
0,Llama-3.1-8B-Instruct-Q8_0,216,open_ended,,,0.10582010582010583,0.010638297872340425,0.17412956918304515,0.6504733562469482
0,Llama-3.1-8B-Instruct-Q8_0,207,open_ended,,,0.312,0.024096385542168676,0.22016001724068232,0.6758235096931458
0,Llama-3.1-8B-Instruct-Q8_0,223,open_ended,,,0.3855855855855856,0.08318264014466546,0.23534840793724043,0.6501433253288269
0,Llama-3.1-8B-Instruct-Q8_0,272,open_ended,,,0.15555555555555553,0.03910614525139664,0.16331658291457288,0.6665594577789307
0,Llama-3.1-8B-Instruct-Q8_0,280,open_ended,,,0.3232323232323232,0.07106598984771574,0.25210951291821004,0.6792750954627991
0,Llama-3.1-8B-Instruct-Q8_0,251,open_ended,,,0.45161290322580644,0.16380952380952382,0.3412075285839929,0.693996250629425
0,Llama-3.1-8B-Instruct-Q8_0,295,open_ended,,,0.3032967032967033,0.057395143487858714,0.18548741619958237,0.6218810081481934
0,Llama-3.1-8B-Instruct-Q8_0,258,open_ended,,,0.28994082840236685,0.05952380952380952,0.23518990088579617,0.6404322385787964
0,Llama-3.1-8B-Instruct-Q8_0,266,open_ended,,,0.20708446866485014,0.038356164383561646,0.21283954305385627,0.6580851078033447
0,Llama-3.1-8B-Instruct-Q8_0,274,open_ended,,,0.18947368421052632,0.042328042328042326,0.18258426966292132,0.6526135206222534
0,Llama-3.1-8B-Instruct-Q8_0,295,open_ended,,,0.3151515151515152,0.044624746450304266,0.20307984721212635,0.6356249451637268
0,Llama-3.1-8B-Instruct-Q8_0,212,open_ended,,,0.3617886178861789,0.053061224489795916,0.2744139571194753,0.6970759034156799
0,Llama-3.1-8B-Instruct-Q8_0,283,open_ended,,,0.2102689486552567,0.049140049140049144,0.20440773809523813,0.6359570622444153
0,Llama-3.1-8B-Instruct-Q8_0,243,open_ended,,,0.3364140480591497,0.06679035250463822,0.20937761750376693,0.6402495503425598
0,Llama-3.1-8B-Instruct-Q8_0,285,open_ended,,,0.1804123711340206,0.031088082901554404,0.1780185758513932,0.6352328062057495
0,Llama-3.1-8B-Instruct-Q8_0,270,open_ended,,,0.2057416267942584,0.0673076923076923,0.2135229058723558,0.7030094861984253
0,Llama-3.1-8B-Instruct-Q8_0,211,open_ended,,,0.2796610169491525,0.029787234042553193,0.1709873138444567,0.6229283213615417
0,Llama-3.1-8B-Instruct-Q8_0,231,open_ended,,,0.3879472693032015,0.07939508506616258,0.260598007439094,0.6830711364746094
0,Llama-3.1-8B-Instruct-Q8_0,291,open_ended,,,0.2758620689655172,0.06004618937644341,0.2378966819313891,0.6761965155601501
0,Llama-3.1-8B-Instruct-Q8_0,277,open_ended,,,0.12871287128712872,0.009950248756218905,0.16160279499131522,0.6501913070678711
0,Llama-3.1-8B-Instruct-Q8_0,281,open_ended,,,0.27699530516431925,0.047169811320754707,0.19330852591722159,0.6210803985595703
0,Llama-3.1-8B-Instruct-Q8_0,290,open_ended,,,0.24213075060532685,0.048661800486618,0.2474469756480754,0.6664679646492004
0,Llama-3.1-8B-Instruct-Q8_0,235,open_ended,,,0.31357552581261955,0.07677543186180423,0.20378516028815605,0.6720426082611084
1,Llama-3.1-8B-Instruct-Q8_0,44,yes_no,1.0,1.0,,,,
1,Llama-3.1-8B-Instruct-Q8_0,4,yes_no,1.0,1.0,,,,
1,Llama-3.1-8B-Instruct-Q8_0,54,yes_no,1.0,1.0,,,,
1,Llama-3.1-8B-Instruct-Q8_0,85,yes_no,1.0,1.0,,,,
1,Llama-3.1-8B-Instruct-Q8_0,67,yes_no,1.0,1.0,,,,
1,Llama-3.1-8B-Instruct-Q8_0,36,yes_no,0.0,0.0,,,,
1,Llama-3.1-8B-Instruct-Q8_0,42,yes_no,1.0,1.0,,,,
1,Llama-3.1-8B-Instruct-Q8_0,98,yes_no,1.0,1.0,,,,
1,Llama-3.1-8B-Instruct-Q8_0,87,yes_no,1.0,1.0,,,,
1,Llama-3.1-8B-Instruct-Q8_0,99,yes_no,1.0,1.0,,,,
1,Llama-3.1-8B-Instruct-Q8_0,16,yes_no,1.0,1.0,,,,
1,Llama-3.1-8B-Instruct-Q8_0,55,yes_no,1.0,1.0,,,,
1,Llama-3.1-8B-Instruct-Q8_0,55,yes_no,1.0,1.0,,,,
1,Llama-3.1-8B-Instruct-Q8_0,24,yes_no,0.0,0.0,,,,
1,Llama-3.1-8B-Instruct-Q8_0,64,yes_no,1.0,1.0,,,,
1,Llama-3.1-8B-Instruct-Q8_0,92,yes_no,1.0,1.0,,,,
1,Llama-3.1-8B-Instruct-Q8_0,97,yes_no,1.0,1.0,,,,
1,Llama-3.1-8B-Instruct-Q8_0,59,yes_no,1.0,1.0,,,,
1,Llama-3.1-8B-Instruct-Q8_0,15,yes_no,1.0,1.0,,,,
1,Llama-3.1-8B-Instruct-Q8_0,14,yes_no,0.0,0.0,,,,
1,Llama-3.1-8B-Instruct-Q8_0,96,yes_no,1.0,1.0,,,,
1,Llama-3.1-8B-Instruct-Q8_0,82,yes_no,1.0,1.0,,,,
1,Llama-3.1-8B-Instruct-Q8_0,12,yes_no,0.0,0.0,,,,
1,Llama-3.1-8B-Instruct-Q8_0,63,yes_no,1.0,1.0,,,,
1,Llama-3.1-8B-Instruct-Q8_0,27,yes_no,1.0,1.0,,,,
1,Llama-3.1-8B-Instruct-Q8_0,5,yes_no,1.0,1.0,,,,
1,Llama-3.1-8B-Instruct-Q8_0,25,yes_no,1.0,1.0,,,,
1,Llama-3.1-8B-Instruct-Q8_0,33,yes_no,1.0,1.0,,,,
1,Llama-3.1-8B-Instruct-Q8_0,85,yes_no,1.0,1.0,,,,
1,Llama-3.1-8B-Instruct-Q8_0,97,yes_no,1.0,1.0,,,,
1,Llama-3.1-8B-Instruct-Q8_0,59,yes_no,1.0,1.0,,,,
1,Llama-3.1-8B-Instruct-Q8_0,63,yes_no,1.0,1.0,,,,
1,Llama-3.1-8B-Instruct-Q8_0,36,yes_no,0.0,0.0,,,,
1,Llama-3.1-8B-Instruct-Q8_0,63,yes_no,1.0,1.0,,,,
1,Llama-3.1-8B-Instruct-Q8_0,49,yes_no,0.0,0.0,,,,
1,Llama-3.1-8B-Instruct-Q8_0,34,yes_no,0.0,0.0,,,,
1,Llama-3.1-8B-Instruct-Q8_0,48,yes_no,1.0,1.0,,,,
1,Llama-3.1-8B-Instruct-Q8_0,4,yes_no,1.0,1.0,,,,
1,Llama-3.1-8B-Instruct-Q8_0,6,yes_no,0.0,0.0,,,,
1,Llama-3.1-8B-Instruct-Q8_0,90,yes_no,1.0,1.0,,,,
1,Llama-3.1-8B-Instruct-Q8_0,25,yes_no,1.0,1.0,,,,
1,Llama-3.1-8B-Instruct-Q8_0,8,yes_no,0.0,0.0,,,,
1,Llama-3.1-8B-Instruct-Q8_0,96,yes_no,1.0,1.0,,,,
1,Llama-3.1-8B-Instruct-Q8_0,81,yes_no,1.0,1.0,,,,
1,Llama-3.1-8B-Instruct-Q8_0,92,yes_no,1.0,1.0,,,,
1,Llama-3.1-8B-Instruct-Q8_0,87,yes_no,1.0,1.0,,,,
1,Llama-3.1-8B-Instruct-Q8_0,25,yes_no,1.0,1.0,,,,
1,Llama-3.1-8B-Instruct-Q8_0,45,yes_no,1.0,1.0,,,,
1,Llama-3.1-8B-Instruct-Q8_0,9,yes_no,1.0,1.0,,,,
1,Llama-3.1-8B-Instruct-Q8_0,55,yes_no,1.0,1.0,,,,
1,Llama-3.1-8B-Instruct-Q8_0,82,yes_no,1.0,1.0,,,,
1,Llama-3.1-8B-Instruct-Q8_0,75,yes_no,1.0,1.0,,,,
1,Llama-3.1-8B-Instruct-Q8_0,42,yes_no,1.0,1.0,,,,
1,Llama-3.1-8B-Instruct-Q8_0,1,yes_no,1.0,1.0,,,,
1,Llama-3.1-8B-Instruct-Q8_0,16,yes_no,1.0,1.0,,,,
1,Llama-3.1-8B-Instruct-Q8_0,99,yes_no,1.0,1.0,,,,
1,Llama-3.1-8B-Instruct-Q8_0,51,yes_no,0.0,,,,,
1,Llama-3.1-8B-Instruct-Q8_0,48,yes_no,1.0,1.0,,,,
1,Llama-3.1-8B-Instruct-Q8_0,50,yes_no,0.0,,,,,
1,Llama-3.1-8B-Instruct-Q8_0,23,yes_no,0.0,0.0,,,,
1,Llama-3.1-8B-Instruct-Q8_0,7,yes_no,1.0,1.0,,,,
1,Llama-3.1-8B-Instruct-Q8_0,71,yes_no,1.0,1.0,,,,
1,Llama-3.1-8B-Instruct-Q8_0,93,yes_no,0.0,0.0,,,,
1,Llama-3.1-8B-Instruct-Q8_0,79,yes_no,1.0,1.0,,,,
1,Llama-3.1-8B-Instruct-Q8_0,54,yes_no,1.0,1.0,,,,
1,Llama-3.1-8B-Instruct-Q8_0,32,yes_no,1.0,1.0,,,,
1,Llama-3.1-8B-Instruct-Q8_0,2,yes_no,0.0,0.0,,,,
1,Llama-3.1-8B-Instruct-Q8_0,72,yes_no,1.0,1.0,,,,
1,Llama-3.1-8B-Instruct-Q8_0,30,yes_no,1.0,1.0,,,,
1,Llama-3.1-8B-Instruct-Q8_0,64,yes_no,1.0,1.0,,,,
1,Llama-3.1-8B-Instruct-Q8_0,82,yes_no,1.0,1.0,,,,
1,Llama-3.1-8B-Instruct-Q8_0,6,yes_no,0.0,0.0,,,,
1,Llama-3.1-8B-Instruct-Q8_0,56,yes_no,1.0,1.0,,,,
1,Llama-3.1-8B-Instruct-Q8_0,67,yes_no,1.0,1.0,,,,
1,Llama-3.1-8B-Instruct-Q8_0,42,yes_no,1.0,1.0,,,,
1,Llama-3.1-8B-Instruct-Q8_0,53,yes_no,1.0,1.0,,,,
1,Llama-3.1-8B-Instruct-Q8_0,82,yes_no,1.0,1.0,,,,
1,Llama-3.1-8B-Instruct-Q8_0,58,yes_no,1.0,1.0,,,,
1,Llama-3.1-8B-Instruct-Q8_0,30,yes_no,1.0,1.0,,,,
1,Llama-3.1-8B-Instruct-Q8_0,3,yes_no,1.0,1.0,,,,
1,Llama-3.1-8B-Instruct-Q8_0,4,yes_no,1.0,1.0,,,,
1,Llama-3.1-8B-Instruct-Q8_0,99,yes_no,1.0,1.0,,,,
1,Llama-3.1-8B-Instruct-Q8_0,56,yes_no,1.0,1.0,,,,
1,Llama-3.1-8B-Instruct-Q8_0,49,yes_no,0.0,0.0,,,,
1,Llama-3.1-8B-Instruct-Q8_0,75,yes_no,1.0,1.0,,,,
1,Llama-3.1-8B-Instruct-Q8_0,15,yes_no,1.0,1.0,,,,
1,Llama-3.1-8B-Instruct-Q8_0,94,yes_no,1.0,1.0,,,,
1,Llama-3.1-8B-Instruct-Q8_0,95,yes_no,1.0,1.0,,,,
1,Llama-3.1-8B-Instruct-Q8_0,17,yes_no,1.0,1.0,,,,
1,Llama-3.1-8B-Instruct-Q8_0,77,yes_no,1.0,1.0,,,,
1,Llama-3.1-8B-Instruct-Q8_0,11,yes_no,1.0,1.0,,,,
1,Llama-3.1-8B-Instruct-Q8_0,5,yes_no,1.0,1.0,,,,
1,Llama-3.1-8B-Instruct-Q8_0,96,yes_no,0.0,,,,,
1,Llama-3.1-8B-Instruct-Q8_0,4,yes_no,1.0,1.0,,,,
1,Llama-3.1-8B-Instruct-Q8_0,72,yes_no,1.0,1.0,,,,
1,Llama-3.1-8B-Instruct-Q8_0,59,yes_no,1.0,1.0,,,,
1,Llama-3.1-8B-Instruct-Q8_0,46,yes_no,1.0,1.0,,,,
1,Llama-3.1-8B-Instruct-Q8_0,4,yes_no,1.0,1.0,,,,
1,Llama-3.1-8B-Instruct-Q8_0,1,yes_no,1.0,1.0,,,,
1,Llama-3.1-8B-Instruct-Q8_0,16,yes_no,1.0,1.0,,,,
1,Llama-3.1-8B-Instruct-Q8_0,157,short_answer,0.017857142857142856,,,,,
1,Llama-3.1-8B-Instruct-Q8_0,147,short_answer,0.13186813186813187,,,,,
1,Llama-3.1-8B-Instruct-Q8_0,115,short_answer,0.020202020202020204,,,,,
1,Llama-3.1-8B-Instruct-Q8_0,162,short_answer,0.0,,,,,
1,Llama-3.1-8B-Instruct-Q8_0,183,short_answer,0.02631578947368421,,,,,
1,Llama-3.1-8B-Instruct-Q8_0,160,short_answer,0.02531645569620253,,,,,
1,Llama-3.1-8B-Instruct-Q8_0,166,short_answer,0.0,,,,,
1,Llama-3.1-8B-Instruct-Q8_0,146,short_answer,0.047058823529411764,,,,,
1,Llama-3.1-8B-Instruct-Q8_0,149,short_answer,0.018348623853211014,,,,,
1,Llama-3.1-8B-Instruct-Q8_0,152,short_answer,0.05825242718446602,,,,,
1,Llama-3.1-8B-Instruct-Q8_0,134,short_answer,0.06896551724137932,,,,,
1,Llama-3.1-8B-Instruct-Q8_0,108,short_answer,0.016260162601626018,,,,,
1,Llama-3.1-8B-Instruct-Q8_0,189,short_answer,0.0,,,,,
1,Llama-3.1-8B-Instruct-Q8_0,121,short_answer,0.0,,,,,
1,Llama-3.1-8B-Instruct-Q8_0,114,short_answer,0.04938271604938272,,,,,
1,Llama-3.1-8B-Instruct-Q8_0,152,short_answer,0.07619047619047617,,,,,
1,Llama-3.1-8B-Instruct-Q8_0,185,short_answer,0.0,,,,,
1,Llama-3.1-8B-Instruct-Q8_0,146,short_answer,0.07142857142857142,,,,,
1,Llama-3.1-8B-Instruct-Q8_0,175,short_answer,0.0,,,,,
1,Llama-3.1-8B-Instruct-Q8_0,179,short_answer,0.0,,,,,
1,Llama-3.1-8B-Instruct-Q8_0,191,short_answer,0.10638297872340426,,,,,
1,Llama-3.1-8B-Instruct-Q8_0,173,short_answer,0.0,,,,,
1,Llama-3.1-8B-Instruct-Q8_0,129,short_answer,0.0,,,,,
1,Llama-3.1-8B-Instruct-Q8_0,142,short_answer,0.09803921568627451,,,,,
1,Llama-3.1-8B-Instruct-Q8_0,104,short_answer,0.023529411764705882,,,,,
1,Llama-3.1-8B-Instruct-Q8_0,140,short_answer,0.0,,,,,
1,Llama-3.1-8B-Instruct-Q8_0,198,short_answer,0.07407407407407407,,,,,
1,Llama-3.1-8B-Instruct-Q8_0,117,short_answer,0.022222222222222223,,,,,
1,Llama-3.1-8B-Instruct-Q8_0,109,short_answer,0.019230769230769232,,,,,
1,Llama-3.1-8B-Instruct-Q8_0,169,short_answer,0.0,,,,,
1,Llama-3.1-8B-Instruct-Q8_0,125,short_answer,0.0,,,,,
1,Llama-3.1-8B-Instruct-Q8_0,112,short_answer,0.0,,,,,
1,Llama-3.1-8B-Instruct-Q8_0,137,short_answer,0.019801980198019802,,,,,
1,Llama-3.1-8B-Instruct-Q8_0,128,short_answer,0.019417475728155338,,,,,
1,Llama-3.1-8B-Instruct-Q8_0,178,short_answer,0.0697674418604651,,,,,
1,Llama-3.1-8B-Instruct-Q8_0,168,short_answer,0.10256410256410257,,,,,
1,Llama-3.1-8B-Instruct-Q8_0,191,short_answer,0.099009900990099,,,,,
1,Llama-3.1-8B-Instruct-Q8_0,154,short_answer,0.07619047619047618,,,,,
1,Llama-3.1-8B-Instruct-Q8_0,128,short_answer,0.0,,,,,
1,Llama-3.1-8B-Instruct-Q8_0,116,short_answer,0.0196078431372549,,,,,
1,Llama-3.1-8B-Instruct-Q8_0,139,short_answer,0.08823529411764705,,,,,
1,Llama-3.1-8B-Instruct-Q8_0,164,short_answer,0.0,,,,,
1,Llama-3.1-8B-Instruct-Q8_0,113,short_answer,0.0,,,,,
1,Llama-3.1-8B-Instruct-Q8_0,115,short_answer,0.0,,,,,
1,Llama-3.1-8B-Instruct-Q8_0,116,short_answer,0.019999999999999997,,,,,
1,Llama-3.1-8B-Instruct-Q8_0,163,short_answer,0.03361344537815126,,,,,
1,Llama-3.1-8B-Instruct-Q8_0,145,short_answer,0.0,,,,,
1,Llama-3.1-8B-Instruct-Q8_0,196,short_answer,0.0,,,,,
1,Llama-3.1-8B-Instruct-Q8_0,122,short_answer,0.019999999999999997,,,,,
1,Llama-3.1-8B-Instruct-Q8_0,185,short_answer,0.0,,,,,
1,Llama-3.1-8B-Instruct-Q8_0,164,short_answer,0.0,,,,,
1,Llama-3.1-8B-Instruct-Q8_0,124,short_answer,0.038834951456310676,,,,,
1,Llama-3.1-8B-Instruct-Q8_0,138,short_answer,0.07766990291262137,,,,,
1,Llama-3.1-8B-Instruct-Q8_0,132,short_answer,0.0,,,,,
1,Llama-3.1-8B-Instruct-Q8_0,149,short_answer,0.042105263157894736,,,,,
1,Llama-3.1-8B-Instruct-Q8_0,154,short_answer,0.0784313725490196,,,,,
1,Llama-3.1-8B-Instruct-Q8_0,104,short_answer,0.020202020202020204,,,,,
1,Llama-3.1-8B-Instruct-Q8_0,104,short_answer,0.021505376344086023,,,,,
1,Llama-3.1-8B-Instruct-Q8_0,120,short_answer,0.0,,,,,
1,Llama-3.1-8B-Instruct-Q8_0,139,short_answer,0.13793103448275862,,,,,
1,Llama-3.1-8B-Instruct-Q8_0,122,short_answer,0.02247191011235955,,,,,
1,Llama-3.1-8B-Instruct-Q8_0,199,short_answer,0.047619047619047616,,,,,
1,Llama-3.1-8B-Instruct-Q8_0,138,short_answer,0.07079646017699116,,,,,
1,Llama-3.1-8B-Instruct-Q8_0,166,short_answer,0.0,,,,,
1,Llama-3.1-8B-Instruct-Q8_0,113,short_answer,0.0,,,,,
1,Llama-3.1-8B-Instruct-Q8_0,105,short_answer,0.0625,,,,,
1,Llama-3.1-8B-Instruct-Q8_0,191,short_answer,0.13157894736842105,,,,,
1,Llama-3.1-8B-Instruct-Q8_0,171,short_answer,0.04395604395604395,,,,,
1,Llama-3.1-8B-Instruct-Q8_0,147,short_answer,0.07476635514018691,,,,,
1,Llama-3.1-8B-Instruct-Q8_0,179,short_answer,0.0,,,,,
1,Llama-3.1-8B-Instruct-Q8_0,112,short_answer,0.0,,,,,
1,Llama-3.1-8B-Instruct-Q8_0,196,short_answer,0.0,,,,,
1,Llama-3.1-8B-Instruct-Q8_0,170,short_answer,0.0,,,,,
1,Llama-3.1-8B-Instruct-Q8_0,175,short_answer,0.02061855670103093,,,,,
1,Llama-3.1-8B-Instruct-Q8_0,170,short_answer,0.0,,,,,
1,Llama-3.1-8B-Instruct-Q8_0,193,short_answer,0.0,,,,,
1,Llama-3.1-8B-Instruct-Q8_0,197,short_answer,0.023809523809523808,,,,,
1,Llama-3.1-8B-Instruct-Q8_0,102,short_answer,0.019801980198019806,,,,,
1,Llama-3.1-8B-Instruct-Q8_0,126,short_answer,0.0,,,,,
1,Llama-3.1-8B-Instruct-Q8_0,145,short_answer,0.0,,,,,
1,Llama-3.1-8B-Instruct-Q8_0,112,short_answer,0.0,,,,,
1,Llama-3.1-8B-Instruct-Q8_0,135,short_answer,0.042105263157894736,,,,,
1,Llama-3.1-8B-Instruct-Q8_0,104,short_answer,0.023255813953488372,,,,,
1,Llama-3.1-8B-Instruct-Q8_0,198,short_answer,0.06060606060606061,,,,,
1,Llama-3.1-8B-Instruct-Q8_0,160,short_answer,0.0,,,,,
1,Llama-3.1-8B-Instruct-Q8_0,157,short_answer,0.018867924528301886,,,,,
1,Llama-3.1-8B-Instruct-Q8_0,199,short_answer,0.0898876404494382,,,,,
1,Llama-3.1-8B-Instruct-Q8_0,139,short_answer,0.08247422680412371,,,,,
1,Llama-3.1-8B-Instruct-Q8_0,153,short_answer,0.017857142857142856,,,,,
1,Llama-3.1-8B-Instruct-Q8_0,190,short_answer,0.040816326530612256,,,,,
1,Llama-3.1-8B-Instruct-Q8_0,102,short_answer,0.01869158878504673,,,,,
1,Llama-3.1-8B-Instruct-Q8_0,193,short_answer,0.0,,,,,
1,Llama-3.1-8B-Instruct-Q8_0,155,short_answer,0.0,,,,,
1,Llama-3.1-8B-Instruct-Q8_0,188,short_answer,0.05825242718446601,,,,,
1,Llama-3.1-8B-Instruct-Q8_0,184,short_answer,0.0,,,,,
1,Llama-3.1-8B-Instruct-Q8_0,137,short_answer,0.019047619047619046,,,,,
1,Llama-3.1-8B-Instruct-Q8_0,131,short_answer,0.048,,,,,
1,Llama-3.1-8B-Instruct-Q8_0,168,short_answer,0.020202020202020204,,,,,
1,Llama-3.1-8B-Instruct-Q8_0,102,short_answer,0.019047619047619046,,,,,
1,Llama-3.1-8B-Instruct-Q8_0,135,short_answer,0.042105263157894736,,,,,
1,Llama-3.1-8B-Instruct-Q8_0,250,open_ended,,,0.29191321499013806,0.039603960396039604,0.19129536730293947,0.6578383445739746
1,Llama-3.1-8B-Instruct-Q8_0,220,open_ended,,,0.3316831683168317,0.07462686567164178,0.2527667706120118,0.6517484784126282
1,Llama-3.1-8B-Instruct-Q8_0,293,open_ended,,,0.24596774193548387,0.03643724696356276,0.20499679692504802,0.6371755599975586
1,Llama-3.1-8B-Instruct-Q8_0,240,open_ended,,,0.26859504132231404,0.04149377593360996,0.16049382716049385,0.6257162094116211
1,Llama-3.1-8B-Instruct-Q8_0,266,open_ended,,,0.17798594847775176,0.05176470588235294,0.22153584429748388,0.6594829559326172
1,Llama-3.1-8B-Instruct-Q8_0,243,open_ended,,,0.26545454545454544,0.043795620437956206,0.16437767760663563,0.5823654532432556
1,Llama-3.1-8B-Instruct-Q8_0,278,open_ended,,,0.1580246913580247,0.029776674937965257,0.18674136321195142,0.6705976128578186
1,Llama-3.1-8B-Instruct-Q8_0,279,open_ended,,,0.17754569190600522,0.020997375328083986,0.1865649006308962,0.6579088568687439
1,Llama-3.1-8B-Instruct-Q8_0,218,open_ended,,,0.26394052044609667,0.06343283582089553,0.2295255026230403,0.6251651644706726
1,Llama-3.1-8B-Instruct-Q8_0,258,open_ended,,,0.24019607843137256,0.05418719211822659,0.20711533411625685,0.6542449593544006
1,Llama-3.1-8B-Instruct-Q8_0,261,open_ended,,,0.19597989949748745,0.01515151515151515,0.19625334522747548,0.6860032081604004
1,Llama-3.1-8B-Instruct-Q8_0,243,open_ended,,,0.3775100401606426,0.0846774193548387,0.24421184721732847,0.6905686259269714
1,Llama-3.1-8B-Instruct-Q8_0,288,open_ended,,,0.21739130434782605,0.06310679611650487,0.11009384029746024,0.6092166900634766
1,Llama-3.1-8B-Instruct-Q8_0,261,open_ended,,,0.203125,0.031413612565445025,0.21133178890872753,0.6817310452461243
1,Llama-3.1-8B-Instruct-Q8_0,239,open_ended,,,0.17864077669902914,0.023391812865497078,0.1237295625276182,0.6293833255767822
1,Llama-3.1-8B-Instruct-Q8_0,276,open_ended,,,0.24817518248175183,0.05867970660146699,0.23265306122448978,0.686495840549469
1,Llama-3.1-8B-Instruct-Q8_0,250,open_ended,,,0.29514563106796116,0.050682261208576995,0.20305781175346393,0.6579164266586304
1,Llama-3.1-8B-Instruct-Q8_0,298,open_ended,,,0.10382513661202185,0.01098901098901099,0.14102564102564102,0.6060390472412109
1,Llama-3.1-8B-Instruct-Q8_0,275,open_ended,,,0.11733333333333332,0.010723860589812331,0.13925729442970824,0.6393919587135315
1,Llama-3.1-8B-Instruct-Q8_0,211,open_ended,,,0.3179074446680081,0.06464646464646465,0.20110192837465563,0.6269640922546387
1,Llama-3.1-8B-Instruct-Q8_0,236,open_ended,,,0.3201581027667984,0.08730158730158731,0.23107140296863693,0.6927917003631592
1,Llama-3.1-8B-Instruct-Q8_0,211,open_ended,,,0.32421875,0.07058823529411765,0.21212690759235653,0.6529892086982727
1,Llama-3.1-8B-Instruct-Q8_0,259,open_ended,,,0.3235294117647059,0.07594936708860761,0.24981376321196025,0.6552194356918335
1,Llama-3.1-8B-Instruct-Q8_0,258,open_ended,,,0.22871046228710462,0.08801955990220048,0.23161553783849195,0.659777820110321
1,Llama-3.1-8B-Instruct-Q8_0,272,open_ended,,,0.13201320132013203,0.03322259136212625,0.11258278145695365,0.6465902328491211
1,Llama-3.1-8B-Instruct-Q8_0,222,open_ended,,,0.3272058823529412,0.07011070110701108,0.22496306998381793,0.6543393731117249
1,Llama-3.1-8B-Instruct-Q8_0,274,open_ended,,,0.19905213270142177,0.06666666666666667,0.20852221214868544,0.6892892122268677
1,Llama-3.1-8B-Instruct-Q8_0,297,open_ended,,,0.21304347826086956,0.03493449781659389,0.15161290322580645,0.6239370703697205
1,Llama-3.1-8B-Instruct-Q8_0,203,open_ended,,,0.3046594982078853,0.02877697841726619,0.21008403361344535,0.6364184617996216
1,Llama-3.1-8B-Instruct-Q8_0,267,open_ended,,,0.17454545454545453,0.05128205128205128,0.1609442060085837,0.6006404161453247
1,Llama-3.1-8B-Instruct-Q8_0,240,open_ended,,,0.2845188284518828,0.0546218487394958,0.1741877572979042,0.6274654865264893
1,Llama-3.1-8B-Instruct-Q8_0,268,open_ended,,,0.22513089005235598,0.05789473684210526,0.1793525809273841,0.6492716073989868
1,Llama-3.1-8B-Instruct-Q8_0,222,open_ended,,,0.3238434163701067,0.07857142857142857,0.20756457564575648,0.6425306797027588
1,Llama-3.1-8B-Instruct-Q8_0,246,open_ended,,,0.3978494623655914,0.10071942446043165,0.27505606081729156,0.6942429542541504
1,Llama-3.1-8B-Instruct-Q8_0,234,open_ended,,,0.3915343915343915,0.08141592920353981,0.24855322116569153,0.6578383445739746
1,Llama-3.1-8B-Instruct-Q8_0,299,open_ended,,,0.16524216524216523,0.028653295128939826,0.15541264737406216,0.6655201315879822
1,Llama-3.1-8B-Instruct-Q8_0,261,open_ended,,,0.16666666666666669,0.03243243243243243,0.182368501741354,0.6563191413879395
1,Llama-3.1-8B-Instruct-Q8_0,217,open_ended,,,0.29489603024574673,0.049335863377609104,0.20316169170335835,0.6169886589050293
1,Llama-3.1-8B-Instruct-Q8_0,269,open_ended,,,0.3799654576856649,0.07972270363951474,0.2134927412467976,0.6684766411781311
1,Llama-3.1-8B-Instruct-Q8_0,229,open_ended,,,0.23399558498896247,0.022172949002217297,0.12184315463003988,0.5964263081550598
1,Llama-3.1-8B-Instruct-Q8_0,266,open_ended,,,0.158974358974359,0.02577319587628866,0.1644100580270793,0.6039686799049377
1,Llama-3.1-8B-Instruct-Q8_0,208,open_ended,,,0.2740286298568507,0.053388090349075976,0.18445733669988243,0.6453624367713928
1,Llama-3.1-8B-Instruct-Q8_0,273,open_ended,,,0.20111731843575417,0.06179775280898876,0.2434436408795383,0.6533174514770508
1,Llama-3.1-8B-Instruct-Q8_0,259,open_ended,,,0.3683168316831683,0.0834990059642147,0.27220261653906586,0.6777333617210388
1,Llama-3.1-8B-Instruct-Q8_0,299,open_ended,,,0.14606741573033707,0.028248587570621472,0.13874066168623267,0.6311252117156982
1,Llama-3.1-8B-Instruct-Q8_0,287,open_ended,,,0.33407572383073497,0.0894854586129754,0.26669192953386084,0.6883109211921692
1,Llama-3.1-8B-Instruct-Q8_0,210,open_ended,,,0.33093525179856115,0.09638554216867469,0.33209684190131744,0.6779900193214417
1,Llama-3.1-8B-Instruct-Q8_0,241,open_ended,,,0.3575638506876228,0.10650887573964497,0.2817275171925702,0.680082380771637
1,Llama-3.1-8B-Instruct-Q8_0,275,open_ended,,,0.10584958217270195,0.011204481792717087,0.1251738525730181,0.5858893990516663
1,Llama-3.1-8B-Instruct-Q8_0,293,open_ended,,,0.25363825363825365,0.045929018789144044,0.21865894559315804,0.6698588132858276
1,Llama-3.1-8B-Instruct-Q8_0,288,open_ended,,,0.18061674008810574,0.048672566371681415,0.1036874009846983,0.6185135245323181
1,Llama-3.1-8B-Instruct-Q8_0,292,open_ended,,,0.1483375959079284,0.03598971722365039,0.11322463768115945,0.5347257256507874
1,Llama-3.1-8B-Instruct-Q8_0,252,open_ended,,,0.29501084598698485,0.0522875816993464,0.18213094300833818,0.6411601901054382
1,Llama-3.1-8B-Instruct-Q8_0,226,open_ended,,,0.31144465290806755,0.05273069679849341,0.19212962962962965,0.6618865728378296
1,Llama-3.1-8B-Instruct-Q8_0,229,open_ended,,,0.2950191570881226,0.026923076923076925,0.1884422542644761,0.6407486796379089
1,Llama-3.1-8B-Instruct-Q8_0,232,open_ended,,,0.36397748592870544,0.060263653483992465,0.21152952115295212,0.6620371341705322
1,Llama-3.1-8B-Instruct-Q8_0,273,open_ended,,,0.20304568527918784,0.07142857142857142,0.21259500195371636,0.6642056107521057
1,Llama-3.1-8B-Instruct-Q8_0,252,open_ended,,,0.34156378600823045,0.06611570247933884,0.22021665375918772,0.6557587385177612
1,Llama-3.1-8B-Instruct-Q8_0,250,open_ended,,,0.2581888246628131,0.03481624758220503,0.18121125417262757,0.6560854911804199
1,Llama-3.1-8B-Instruct-Q8_0,244,open_ended,,,0.3313609467455621,0.06336633663366337,0.22741261841905136,0.6980119943618774
1,Llama-3.1-8B-Instruct-Q8_0,275,open_ended,,,0.11699164345403901,0.0056022408963585435,0.13280212483399736,0.6408146619796753
1,Llama-3.1-8B-Instruct-Q8_0,243,open_ended,,,0.33999999999999997,0.07228915662650602,0.19730831799592366,0.6564953327178955
1,Llama-3.1-8B-Instruct-Q8_0,298,open_ended,,,0.13521126760563382,0.0453257790368272,0.18152083333333335,0.6389135718345642
1,Llama-3.1-8B-Instruct-Q8_0,202,open_ended,,,0.31734317343173435,0.06666666666666667,0.2174940898345154,0.6327745318412781
1,Llama-3.1-8B-Instruct-Q8_0,208,open_ended,,,0.2958579881656805,0.04356435643564356,0.21680942184154176,0.6549389958381653
1,Llama-3.1-8B-Instruct-Q8_0,217,open_ended,,,0.3333333333333333,0.06405693950177936,0.229636470780256,0.6686689853668213
1,Llama-3.1-8B-Instruct-Q8_0,261,open_ended,,,0.19437340153452687,0.046272493573264795,0.18173345759552656,0.6768732070922852
1,Llama-3.1-8B-Instruct-Q8_0,257,open_ended,,,0.07017543859649122,0.0,0.08393285371702638,0.5284625291824341
1,Llama-3.1-8B-Instruct-Q8_0,246,open_ended,,,0.3529411764705882,0.0996309963099631,0.23726599912929913,0.6637729406356812
1,Llama-3.1-8B-Instruct-Q8_0,273,open_ended,,,0.215,0.09045226130653265,0.2114562807881774,0.6338115930557251
1,Llama-3.1-8B-Instruct-Q8_0,206,open_ended,,,0.35897435897435903,0.039603960396039604,0.24903288201160542,0.6876785159111023
1,Llama-3.1-8B-Instruct-Q8_0,221,open_ended,,,0.2721649484536082,0.04140786749482401,0.22819179664933564,0.6643469333648682
1,Llama-3.1-8B-Instruct-Q8_0,265,open_ended,,,0.18,0.035175879396984924,0.16778468071720667,0.6478447914123535
1,Llama-3.1-8B-Instruct-Q8_0,227,open_ended,,,0.4380952380952381,0.1338432122370937,0.2659189318073439,0.675602912902832
1,Llama-3.1-8B-Instruct-Q8_0,275,open_ended,,,0.08571428571428572,0.004784688995215311,0.13336309735201707,0.5867872834205627
1,Llama-3.1-8B-Instruct-Q8_0,271,open_ended,,,0.3781818181818182,0.08394160583941607,0.24668325041459369,0.6954910159111023
1,Llama-3.1-8B-Instruct-Q8_0,242,open_ended,,,0.1945137157107232,0.050125313283208024,0.14435829422566823,0.612510085105896
1,Llama-3.1-8B-Instruct-Q8_0,254,open_ended,,,0.3306122448979592,0.05327868852459017,0.20747588900764216,0.6571068167686462
1,Llama-3.1-8B-Instruct-Q8_0,279,open_ended,,,0.15980629539951574,0.024330900243309004,0.165719696969697,0.6637147665023804
1,Llama-3.1-8B-Instruct-Q8_0,232,open_ended,,,0.31496062992125984,0.05533596837944665,0.19007928002594604,0.645882785320282
1,Llama-3.1-8B-Instruct-Q8_0,210,open_ended,,,0.31999999999999995,0.08928571428571427,0.29972412680487215,0.7026516795158386
1,Llama-3.1-8B-Instruct-Q8_0,242,open_ended,,,0.18528610354223435,0.027397260273972605,0.10723192019950124,0.5995558500289917
1,Llama-3.1-8B-Instruct-Q8_0,277,open_ended,,,0.1690821256038647,0.02912621359223301,0.17436380772855797,0.6507317423820496
1,Llama-3.1-8B-Instruct-Q8_0,221,open_ended,,,0.2675438596491228,0.04845814977973568,0.20527352035315327,0.5914985537528992
1,Llama-3.1-8B-Instruct-Q8_0,297,open_ended,,,0.2843373493975903,0.07263922518159807,0.22927725816255673,0.6872610449790955
1,Llama-3.1-8B-Instruct-Q8_0,204,open_ended,,,0.3094170403587444,0.06306306306306307,0.19389355056098675,0.61501544713974
1,Llama-3.1-8B-Instruct-Q8_0,243,open_ended,,,0.3132075471698113,0.045454545454545456,0.20173834927869572,0.6324857473373413
1,Llama-3.1-8B-Instruct-Q8_0,261,open_ended,,,0.18324607329842932,0.03157894736842105,0.1792452830188679,0.6741144061088562
1,Llama-3.1-8B-Instruct-Q8_0,204,open_ended,,,0.3500931098696462,0.04485981308411215,0.23610696409594537,0.6535322070121765
1,Llama-3.1-8B-Instruct-Q8_0,231,open_ended,,,0.4258555133079848,0.08778625954198474,0.27193161781199954,0.6902351975440979
1,Llama-3.1-8B-Instruct-Q8_0,237,open_ended,,,0.2799188640973631,0.012219959266802445,0.15805800080411947,0.6284849047660828
1,Llama-3.1-8B-Instruct-Q8_0,231,open_ended,,,0.3442028985507246,0.06181818181818182,0.25054702959766445,0.663404107093811
1,Llama-3.1-8B-Instruct-Q8_0,285,open_ended,,,0.18666666666666668,0.026785714285714288,0.17630478854524345,0.6241379380226135
1,Llama-3.1-8B-Instruct-Q8_0,252,open_ended,,,0.3065134099616858,0.05769230769230769,0.2070393374741201,0.6664584279060364
1,Llama-3.1-8B-Instruct-Q8_0,274,open_ended,,,0.18639798488664985,0.06075949367088608,0.2003642987249545,0.6805509924888611
1,Llama-3.1-8B-Instruct-Q8_0,207,open_ended,,,0.3086172344689379,0.044265593561368215,0.1979218208807521,0.646597683429718
1,Llama-3.1-8B-Instruct-Q8_0,250,open_ended,,,0.27435387673956263,0.035928143712574856,0.18617021276595744,0.6433230638504028
1,Llama-3.1-8B-Instruct-Q8_0,233,open_ended,,,0.37262357414448666,0.1068702290076336,0.22293965921862288,0.6541840434074402
1,Llama-3.1-8B-Instruct-Q8_0,294,open_ended,,,0.13333333333333333,0.02120141342756184,0.1661392405063291,0.5670146346092224
1,Llama-3.1-8B-Instruct-Q8_0,297,open_ended,,,0.13850415512465375,0.022284122562674095,0.11126564673157162,0.6064774990081787
2,Llama-3.1-8B-Instruct-Q8_0,53,yes_no,1.0,1.0,,,,
2,Llama-3.1-8B-Instruct-Q8_0,78,yes_no,1.0,1.0,,,,
2,Llama-3.1-8B-Instruct-Q8_0,68,yes_no,1.0,1.0,,,,
2,Llama-3.1-8B-Instruct-Q8_0,72,yes_no,1.0,1.0,,,,
2,Llama-3.1-8B-Instruct-Q8_0,47,yes_no,1.0,1.0,,,,
2,Llama-3.1-8B-Instruct-Q8_0,74,yes_no,1.0,1.0,,,,
2,Llama-3.1-8B-Instruct-Q8_0,12,yes_no,0.0,0.0,,,,
2,Llama-3.1-8B-Instruct-Q8_0,67,yes_no,1.0,1.0,,,,
2,Llama-3.1-8B-Instruct-Q8_0,23,yes_no,0.0,0.0,,,,
2,Llama-3.1-8B-Instruct-Q8_0,5,yes_no,1.0,1.0,,,,
2,Llama-3.1-8B-Instruct-Q8_0,37,yes_no,1.0,1.0,,,,
2,Llama-3.1-8B-Instruct-Q8_0,2,yes_no,0.0,0.0,,,,
2,Llama-3.1-8B-Instruct-Q8_0,40,yes_no,1.0,1.0,,,,
2,Llama-3.1-8B-Instruct-Q8_0,40,yes_no,1.0,1.0,,,,
2,Llama-3.1-8B-Instruct-Q8_0,21,yes_no,1.0,1.0,,,,
2,Llama-3.1-8B-Instruct-Q8_0,14,yes_no,0.0,,,,,
2,Llama-3.1-8B-Instruct-Q8_0,57,yes_no,1.0,1.0,,,,
2,Llama-3.1-8B-Instruct-Q8_0,71,yes_no,1.0,1.0,,,,
2,Llama-3.1-8B-Instruct-Q8_0,1,yes_no,1.0,1.0,,,,
2,Llama-3.1-8B-Instruct-Q8_0,20,yes_no,1.0,1.0,,,,
2,Llama-3.1-8B-Instruct-Q8_0,91,yes_no,1.0,1.0,,,,
2,Llama-3.1-8B-Instruct-Q8_0,2,yes_no,0.0,0.0,,,,
2,Llama-3.1-8B-Instruct-Q8_0,41,yes_no,1.0,1.0,,,,
2,Llama-3.1-8B-Instruct-Q8_0,27,yes_no,1.0,1.0,,,,
2,Llama-3.1-8B-Instruct-Q8_0,33,yes_no,1.0,1.0,,,,
2,Llama-3.1-8B-Instruct-Q8_0,70,yes_no,1.0,1.0,,,,
2,Llama-3.1-8B-Instruct-Q8_0,41,yes_no,1.0,1.0,,,,
2,Llama-3.1-8B-Instruct-Q8_0,25,yes_no,1.0,1.0,,,,
2,Llama-3.1-8B-Instruct-Q8_0,52,yes_no,0.0,0.0,,,,
2,Llama-3.1-8B-Instruct-Q8_0,63,yes_no,1.0,1.0,,,,
2,Llama-3.1-8B-Instruct-Q8_0,61,yes_no,1.0,1.0,,,,
2,Llama-3.1-8B-Instruct-Q8_0,27,yes_no,1.0,1.0,,,,
2,Llama-3.1-8B-Instruct-Q8_0,10,yes_no,1.0,1.0,,,,
2,Llama-3.1-8B-Instruct-Q8_0,69,yes_no,1.0,1.0,,,,
2,Llama-3.1-8B-Instruct-Q8_0,77,yes_no,1.0,1.0,,,,
2,Llama-3.1-8B-Instruct-Q8_0,83,yes_no,1.0,1.0,,,,
2,Llama-3.1-8B-Instruct-Q8_0,9,yes_no,1.0,1.0,,,,
2,Llama-3.1-8B-Instruct-Q8_0,79,yes_no,1.0,1.0,,,,
2,Llama-3.1-8B-Instruct-Q8_0,50,yes_no,1.0,1.0,,,,
2,Llama-3.1-8B-Instruct-Q8_0,31,yes_no,1.0,1.0,,,,
2,Llama-3.1-8B-Instruct-Q8_0,56,yes_no,1.0,1.0,,,,
2,Llama-3.1-8B-Instruct-Q8_0,13,yes_no,1.0,1.0,,,,
2,Llama-3.1-8B-Instruct-Q8_0,97,yes_no,1.0,1.0,,,,
2,Llama-3.1-8B-Instruct-Q8_0,49,yes_no,0.0,0.0,,,,
2,Llama-3.1-8B-Instruct-Q8_0,53,yes_no,1.0,1.0,,,,
2,Llama-3.1-8B-Instruct-Q8_0,28,yes_no,1.0,1.0,,,,
2,Llama-3.1-8B-Instruct-Q8_0,69,yes_no,1.0,1.0,,,,
2,Llama-3.1-8B-Instruct-Q8_0,94,yes_no,1.0,1.0,,,,
2,Llama-3.1-8B-Instruct-Q8_0,64,yes_no,1.0,1.0,,,,
2,Llama-3.1-8B-Instruct-Q8_0,49,yes_no,0.0,0.0,,,,
2,Llama-3.1-8B-Instruct-Q8_0,94,yes_no,1.0,1.0,,,,
2,Llama-3.1-8B-Instruct-Q8_0,25,yes_no,1.0,1.0,,,,
2,Llama-3.1-8B-Instruct-Q8_0,27,yes_no,1.0,1.0,,,,
2,Llama-3.1-8B-Instruct-Q8_0,95,yes_no,1.0,1.0,,,,
2,Llama-3.1-8B-Instruct-Q8_0,6,yes_no,0.0,0.0,,,,
2,Llama-3.1-8B-Instruct-Q8_0,24,yes_no,0.0,0.0,,,,
2,Llama-3.1-8B-Instruct-Q8_0,19,yes_no,0.0,0.0,,,,
2,Llama-3.1-8B-Instruct-Q8_0,88,yes_no,1.0,1.0,,,,
2,Llama-3.1-8B-Instruct-Q8_0,87,yes_no,1.0,1.0,,,,
2,Llama-3.1-8B-Instruct-Q8_0,36,yes_no,0.0,0.0,,,,
2,Llama-3.1-8B-Instruct-Q8_0,52,yes_no,0.0,0.0,,,,
2,Llama-3.1-8B-Instruct-Q8_0,70,yes_no,1.0,1.0,,,,
2,Llama-3.1-8B-Instruct-Q8_0,12,yes_no,0.0,0.0,,,,
2,Llama-3.1-8B-Instruct-Q8_0,13,yes_no,1.0,1.0,,,,
2,Llama-3.1-8B-Instruct-Q8_0,64,yes_no,1.0,1.0,,,,
2,Llama-3.1-8B-Instruct-Q8_0,7,yes_no,1.0,1.0,,,,
2,Llama-3.1-8B-Instruct-Q8_0,69,yes_no,1.0,1.0,,,,
2,Llama-3.1-8B-Instruct-Q8_0,10,yes_no,1.0,1.0,,,,
2,Llama-3.1-8B-Instruct-Q8_0,11,yes_no,1.0,1.0,,,,
2,Llama-3.1-8B-Instruct-Q8_0,35,yes_no,1.0,1.0,,,,
2,Llama-3.1-8B-Instruct-Q8_0,45,yes_no,1.0,1.0,,,,
2,Llama-3.1-8B-Instruct-Q8_0,59,yes_no,1.0,1.0,,,,
2,Llama-3.1-8B-Instruct-Q8_0,30,yes_no,1.0,1.0,,,,
2,Llama-3.1-8B-Instruct-Q8_0,20,yes_no,1.0,1.0,,,,
2,Llama-3.1-8B-Instruct-Q8_0,3,yes_no,1.0,1.0,,,,
2,Llama-3.1-8B-Instruct-Q8_0,6,yes_no,0.0,0.0,,,,
2,Llama-3.1-8B-Instruct-Q8_0,73,yes_no,1.0,1.0,,,,
2,Llama-3.1-8B-Instruct-Q8_0,50,yes_no,0.0,,,,,
2,Llama-3.1-8B-Instruct-Q8_0,5,yes_no,1.0,1.0,,,,
2,Llama-3.1-8B-Instruct-Q8_0,21,yes_no,1.0,1.0,,,,
2,Llama-3.1-8B-Instruct-Q8_0,21,yes_no,1.0,1.0,,,,
2,Llama-3.1-8B-Instruct-Q8_0,45,yes_no,1.0,1.0,,,,
2,Llama-3.1-8B-Instruct-Q8_0,74,yes_no,1.0,1.0,,,,
2,Llama-3.1-8B-Instruct-Q8_0,56,yes_no,1.0,1.0,,,,
2,Llama-3.1-8B-Instruct-Q8_0,1,yes_no,1.0,1.0,,,,
2,Llama-3.1-8B-Instruct-Q8_0,54,yes_no,1.0,1.0,,,,
2,Llama-3.1-8B-Instruct-Q8_0,27,yes_no,1.0,1.0,,,,
2,Llama-3.1-8B-Instruct-Q8_0,38,yes_no,1.0,1.0,,,,
2,Llama-3.1-8B-Instruct-Q8_0,76,yes_no,1.0,1.0,,,,
2,Llama-3.1-8B-Instruct-Q8_0,48,yes_no,1.0,1.0,,,,
2,Llama-3.1-8B-Instruct-Q8_0,67,yes_no,1.0,1.0,,,,
2,Llama-3.1-8B-Instruct-Q8_0,51,yes_no,1.0,1.0,,,,
2,Llama-3.1-8B-Instruct-Q8_0,56,yes_no,1.0,1.0,,,,
2,Llama-3.1-8B-Instruct-Q8_0,87,yes_no,1.0,1.0,,,,
2,Llama-3.1-8B-Instruct-Q8_0,50,yes_no,0.0,,,,,
2,Llama-3.1-8B-Instruct-Q8_0,70,yes_no,1.0,1.0,,,,
2,Llama-3.1-8B-Instruct-Q8_0,36,yes_no,0.0,0.0,,,,
2,Llama-3.1-8B-Instruct-Q8_0,80,yes_no,1.0,1.0,,,,
2,Llama-3.1-8B-Instruct-Q8_0,13,yes_no,1.0,1.0,,,,
2,Llama-3.1-8B-Instruct-Q8_0,79,yes_no,1.0,1.0,,,,
2,Llama-3.1-8B-Instruct-Q8_0,131,short_answer,0.06837606837606837,,,,,
2,Llama-3.1-8B-Instruct-Q8_0,188,short_answer,0.05825242718446601,,,,,
2,Llama-3.1-8B-Instruct-Q8_0,149,short_answer,0.021978021978021976,,,,,
2,Llama-3.1-8B-Instruct-Q8_0,144,short_answer,0.06666666666666667,,,,,
2,Llama-3.1-8B-Instruct-Q8_0,173,short_answer,0.0,,,,,
2,Llama-3.1-8B-Instruct-Q8_0,138,short_answer,0.11235955056179775,,,,,
2,Llama-3.1-8B-Instruct-Q8_0,144,short_answer,0.07476635514018692,,,,,
2,Llama-3.1-8B-Instruct-Q8_0,103,short_answer,0.06451612903225806,,,,,
2,Llama-3.1-8B-Instruct-Q8_0,110,short_answer,0.0,,,,,
2,Llama-3.1-8B-Instruct-Q8_0,149,short_answer,0.0879120879120879,,,,,
2,Llama-3.1-8B-Instruct-Q8_0,103,short_answer,0.0449438202247191,,,,,
2,Llama-3.1-8B-Instruct-Q8_0,151,short_answer,0.09345794392523366,,,,,
2,Llama-3.1-8B-Instruct-Q8_0,114,short_answer,0.04395604395604395,,,,,
2,Llama-3.1-8B-Instruct-Q8_0,173,short_answer,0.0,,,,,
2,Llama-3.1-8B-Instruct-Q8_0,174,short_answer,0.0,,,,,
2,Llama-3.1-8B-Instruct-Q8_0,142,short_answer,0.08130081300813008,,,,,
2,Llama-3.1-8B-Instruct-Q8_0,109,short_answer,0.0,,,,,
2,Llama-3.1-8B-Instruct-Q8_0,139,short_answer,0.08955223880597016,,,,,
2,Llama-3.1-8B-Instruct-Q8_0,116,short_answer,0.022727272727272724,,,,,
2,Llama-3.1-8B-Instruct-Q8_0,145,short_answer,0.0,,,,,
2,Llama-3.1-8B-Instruct-Q8_0,121,short_answer,0.0,,,,,
2,Llama-3.1-8B-Instruct-Q8_0,178,short_answer,0.061224489795918366,,,,,
2,Llama-3.1-8B-Instruct-Q8_0,172,short_answer,0.0,,,,,
2,Llama-3.1-8B-Instruct-Q8_0,154,short_answer,0.06956521739130436,,,,,
2,Llama-3.1-8B-Instruct-Q8_0,148,short_answer,0.10638297872340424,,,,,
2,Llama-3.1-8B-Instruct-Q8_0,102,short_answer,0.019047619047619046,,,,,
2,Llama-3.1-8B-Instruct-Q8_0,154,short_answer,0.0784313725490196,,,,,
2,Llama-3.1-8B-Instruct-Q8_0,153,short_answer,0.018348623853211014,,,,,
2,Llama-3.1-8B-Instruct-Q8_0,105,short_answer,0.05084745762711864,,,,,
2,Llama-3.1-8B-Instruct-Q8_0,181,short_answer,0.02173913043478261,,,,,
2,Llama-3.1-8B-Instruct-Q8_0,125,short_answer,0.0,,,,,
2,Llama-3.1-8B-Instruct-Q8_0,165,short_answer,0.0,,,,,
2,Llama-3.1-8B-Instruct-Q8_0,101,short_answer,0.02061855670103093,,,,,
2,Llama-3.1-8B-Instruct-Q8_0,153,short_answer,0.0,,,,,
2,Llama-3.1-8B-Instruct-Q8_0,127,short_answer,0.047058823529411764,,,,,
2,Llama-3.1-8B-Instruct-Q8_0,147,short_answer,0.06060606060606061,,,,,
2,Llama-3.1-8B-Instruct-Q8_0,181,short_answer,0.018348623853211007,,,,,
2,Llama-3.1-8B-Instruct-Q8_0,186,short_answer,0.042553191489361694,,,,,
2,Llama-3.1-8B-Instruct-Q8_0,184,short_answer,0.0,,,,,
2,Llama-3.1-8B-Instruct-Q8_0,137,short_answer,0.017094017094017092,,,,,
2,Llama-3.1-8B-Instruct-Q8_0,185,short_answer,0.0,,,,,
2,Llama-3.1-8B-Instruct-Q8_0,173,short_answer,0.0,,,,,
2,Llama-3.1-8B-Instruct-Q8_0,191,short_answer,0.08510638297872342,,,,,
2,Llama-3.1-8B-Instruct-Q8_0,126,short_answer,0.0,,,,,
2,Llama-3.1-8B-Instruct-Q8_0,163,short_answer,0.037037037037037035,,,,,
2,Llama-3.1-8B-Instruct-Q8_0,149,short_answer,0.0,,,,,
2,Llama-3.1-8B-Instruct-Q8_0,106,short_answer,0.09803921568627451,,,,,
2,Llama-3.1-8B-Instruct-Q8_0,150,short_answer,0.037383177570093455,,,,,
2,Llama-3.1-8B-Instruct-Q8_0,138,short_answer,0.06837606837606837,,,,,
2,Llama-3.1-8B-Instruct-Q8_0,172,short_answer,0.0,,,,,
2,Llama-3.1-8B-Instruct-Q8_0,163,short_answer,0.034782608695652174,,,,,
2,Llama-3.1-8B-Instruct-Q8_0,128,short_answer,0.0,,,,,
2,Llama-3.1-8B-Instruct-Q8_0,114,short_answer,0.038834951456310676,,,,,
2,Llama-3.1-8B-Instruct-Q8_0,159,short_answer,0.020833333333333332,,,,,
2,Llama-3.1-8B-Instruct-Q8_0,103,short_answer,0.022222222222222223,,,,,
2,Llama-3.1-8B-Instruct-Q8_0,181,short_answer,0.019999999999999997,,,,,
2,Llama-3.1-8B-Instruct-Q8_0,166,short_answer,0.021978021978021976,,,,,
2,Llama-3.1-8B-Instruct-Q8_0,120,short_answer,0.019047619047619046,,,,,
2,Llama-3.1-8B-Instruct-Q8_0,190,short_answer,0.0392156862745098,,,,,
2,Llama-3.1-8B-Instruct-Q8_0,193,short_answer,0.0,,,,,
2,Llama-3.1-8B-Instruct-Q8_0,169,short_answer,0.041237113402061855,,,,,
2,Llama-3.1-8B-Instruct-Q8_0,102,short_answer,0.02439024390243903,,,,,
2,Llama-3.1-8B-Instruct-Q8_0,174,short_answer,0.0,,,,,
2,Llama-3.1-8B-Instruct-Q8_0,171,short_answer,0.04705882352941177,,,,,
2,Llama-3.1-8B-Instruct-Q8_0,115,short_answer,0.020833333333333336,,,,,
2,Llama-3.1-8B-Instruct-Q8_0,103,short_answer,0.0,,,,,
2,Llama-3.1-8B-Instruct-Q8_0,104,short_answer,0.025,,,,,
2,Llama-3.1-8B-Instruct-Q8_0,155,short_answer,0.0,,,,,
2,Llama-3.1-8B-Instruct-Q8_0,171,short_answer,0.0,,,,,
2,Llama-3.1-8B-Instruct-Q8_0,177,short_answer,0.0,,,,,
2,Llama-3.1-8B-Instruct-Q8_0,187,short_answer,0.0425531914893617,,,,,
2,Llama-3.1-8B-Instruct-Q8_0,163,short_answer,0.05063291139240507,,,,,
2,Llama-3.1-8B-Instruct-Q8_0,133,short_answer,0.01834862385321101,,,,,
2,Llama-3.1-8B-Instruct-Q8_0,143,short_answer,0.034482758620689655,,,,,
2,Llama-3.1-8B-Instruct-Q8_0,142,short_answer,0.1111111111111111,,,,,
2,Llama-3.1-8B-Instruct-Q8_0,130,short_answer,0.0,,,,,
2,Llama-3.1-8B-Instruct-Q8_0,181,short_answer,0.019801980198019806,,,,,
2,Llama-3.1-8B-Instruct-Q8_0,197,short_answer,0.02298850574712644,,,,,
2,Llama-3.1-8B-Instruct-Q8_0,196,short_answer,0.0,,,,,
2,Llama-3.1-8B-Instruct-Q8_0,165,short_answer,0.043010752688172046,,,,,
2,Llama-3.1-8B-Instruct-Q8_0,142,short_answer,0.10416666666666667,,,,,
2,Llama-3.1-8B-Instruct-Q8_0,169,short_answer,0.02173913043478261,,,,,
2,Llama-3.1-8B-Instruct-Q8_0,114,short_answer,0.039999999999999994,,,,,
2,Llama-3.1-8B-Instruct-Q8_0,114,short_answer,0.04210526315789474,,,,,
2,Llama-3.1-8B-Instruct-Q8_0,111,short_answer,0.019230769230769232,,,,,
2,Llama-3.1-8B-Instruct-Q8_0,177,short_answer,0.0,,,,,
2,Llama-3.1-8B-Instruct-Q8_0,167,short_answer,0.09638554216867469,,,,,
2,Llama-3.1-8B-Instruct-Q8_0,151,short_answer,0.10752688172043011,,,,,
2,Llama-3.1-8B-Instruct-Q8_0,103,short_answer,0.0,,,,,
2,Llama-3.1-8B-Instruct-Q8_0,136,short_answer,0.0,,,,,
2,Llama-3.1-8B-Instruct-Q8_0,133,short_answer,0.05504587155963303,,,,,
2,Llama-3.1-8B-Instruct-Q8_0,109,short_answer,0.0,,,,,
2,Llama-3.1-8B-Instruct-Q8_0,177,short_answer,0.01834862385321101,,,,,
2,Llama-3.1-8B-Instruct-Q8_0,147,short_answer,0.08602150537634408,,,,,
2,Llama-3.1-8B-Instruct-Q8_0,129,short_answer,0.0,,,,,
2,Llama-3.1-8B-Instruct-Q8_0,180,short_answer,0.0,,,,,
2,Llama-3.1-8B-Instruct-Q8_0,102,short_answer,0.021978021978021976,,,,,
2,Llama-3.1-8B-Instruct-Q8_0,101,short_answer,0.0,,,,,
2,Llama-3.1-8B-Instruct-Q8_0,111,short_answer,0.0,,,,,
2,Llama-3.1-8B-Instruct-Q8_0,143,short_answer,0.05714285714285715,,,,,
2,Llama-3.1-8B-Instruct-Q8_0,218,open_ended,,,0.2421711899791232,0.04612159329140462,0.21070898965175192,0.6250730156898499
2,Llama-3.1-8B-Instruct-Q8_0,275,open_ended,,,0.13636363636363638,0.006535947712418301,0.14809590973201694,0.6240934729576111
2,Llama-3.1-8B-Instruct-Q8_0,292,open_ended,,,0.22705314009661837,0.07766990291262137,0.20566316700588874,0.6418011784553528
2,Llama-3.1-8B-Instruct-Q8_0,291,open_ended,,,0.28693790149892934,0.05591397849462366,0.25436471674668454,0.6517256498336792
2,Llama-3.1-8B-Instruct-Q8_0,260,open_ended,,,0.23145400593471813,0.06567164179104479,0.15597147950089124,0.5875616669654846
2,Llama-3.1-8B-Instruct-Q8_0,277,open_ended,,,0.15085158150851583,0.014669926650366748,0.15223596574690768,0.65147864818573
2,Llama-3.1-8B-Instruct-Q8_0,253,open_ended,,,0.3610547667342799,0.08961303462321793,0.2655905941517398,0.6626176238059998
2,Llama-3.1-8B-Instruct-Q8_0,283,open_ended,,,0.19851116625310172,0.009975062344139652,0.18786127167630057,0.651800274848938
2,Llama-3.1-8B-Instruct-Q8_0,238,open_ended,,,0.3020833333333333,0.05226480836236933,0.19858315064127327,0.645836353302002
2,Llama-3.1-8B-Instruct-Q8_0,215,open_ended,,,0.2862669245647969,0.06213592233009708,0.2327537857543466,0.633383572101593
2,Llama-3.1-8B-Instruct-Q8_0,227,open_ended,,,0.374745417515275,0.10633946830265849,0.21173347434952233,0.6477651000022888
2,Llama-3.1-8B-Instruct-Q8_0,285,open_ended,,,0.185,0.020100502512562814,0.17550702028081122,0.6481730937957764
2,Llama-3.1-8B-Instruct-Q8_0,256,open_ended,,,0.3090909090909091,0.0958904109589041,0.28299962069401496,0.683442234992981
2,Llama-3.1-8B-Instruct-Q8_0,283,open_ended,,,0.23636363636363636,0.03048780487804878,0.19473684210526318,0.6183056831359863
2,Llama-3.1-8B-Instruct-Q8_0,201,open_ended,,,0.2528216704288939,0.03174603174603175,0.24528652964088893,0.6713731288909912
2,Llama-3.1-8B-Instruct-Q8_0,222,open_ended,,,0.32,0.0507399577167019,0.1925847967811784,0.6064683794975281
2,Llama-3.1-8B-Instruct-Q8_0,201,open_ended,,,0.28310502283105027,0.05504587155963303,0.272963671799554,0.6772058606147766
2,Llama-3.1-8B-Instruct-Q8_0,290,open_ended,,,0.2398081534772182,0.014457831325301207,0.23443341671373624,0.640435516834259
2,Llama-3.1-8B-Instruct-Q8_0,267,open_ended,,,0.16997167138810199,0.039886039886039885,0.17623363544813694,0.6067915558815002
2,Llama-3.1-8B-Instruct-Q8_0,295,open_ended,,,0.3175965665236052,0.051724137931034475,0.19719699025025153,0.6633158922195435
2,Llama-3.1-8B-Instruct-Q8_0,260,open_ended,,,0.2222222222222222,0.04275534441805225,0.17097581317764804,0.6124050617218018
2,Llama-3.1-8B-Instruct-Q8_0,253,open_ended,,,0.3548387096774193,0.06882591093117409,0.22933467741935484,0.684664249420166
2,Llama-3.1-8B-Instruct-Q8_0,268,open_ended,,,0.1876543209876543,0.044665012406947896,0.16745885659038273,0.6217510104179382
2,Llama-3.1-8B-Instruct-Q8_0,299,open_ended,,,0.15718157181571815,0.049046321525885554,0.1291054126653107,0.6380674242973328
2,Llama-3.1-8B-Instruct-Q8_0,259,open_ended,,,0.3615384615384616,0.061776061776061784,0.27146851103209774,0.6974487900733948
2,Llama-3.1-8B-Instruct-Q8_0,255,open_ended,,,0.06430868167202572,0.01941747572815534,0.17862570560138952,0.6384775638580322
2,Llama-3.1-8B-Instruct-Q8_0,222,open_ended,,,0.2651072124756335,0.035225048923679066,0.16121495327102806,0.5956241488456726
2,Llama-3.1-8B-Instruct-Q8_0,219,open_ended,,,0.35477582846003897,0.07827788649706457,0.24218338589019453,0.692094624042511
2,Llama-3.1-8B-Instruct-Q8_0,218,open_ended,,,0.28571428571428575,0.05381165919282511,0.18289541473467283,0.6408022046089172
2,Llama-3.1-8B-Instruct-Q8_0,261,open_ended,,,0.1670886075949367,0.035623409669211195,0.184037464377844,0.6515505909919739
2,Llama-3.1-8B-Instruct-Q8_0,261,open_ended,,,0.1914893617021277,0.026737967914438505,0.18656716417910446,0.6930908560752869
2,Llama-3.1-8B-Instruct-Q8_0,236,open_ended,,,0.27533460803059273,0.03071017274472169,0.19049975259772392,0.662801206111908
2,Llama-3.1-8B-Instruct-Q8_0,227,open_ended,,,0.37898686679174487,0.07532956685499058,0.2299668089141773,0.6589211225509644
2,Llama-3.1-8B-Instruct-Q8_0,286,open_ended,,,0.2863636363636364,0.045662100456621,0.23533467957640958,0.6552468538284302
2,Llama-3.1-8B-Instruct-Q8_0,213,open_ended,,,0.34821428571428575,0.08520179372197309,0.1992847080209043,0.6323283314704895
2,Llama-3.1-8B-Instruct-Q8_0,211,open_ended,,,0.31660231660231664,0.04263565891472869,0.2137066276803119,0.6597426533699036
2,Llama-3.1-8B-Instruct-Q8_0,298,open_ended,,,0.13541666666666666,0.05759162303664921,0.1639344262295082,0.6425368785858154
2,Llama-3.1-8B-Instruct-Q8_0,243,open_ended,,,0.39708561020036437,0.09506398537477148,0.23290073934245714,0.6390863656997681
2,Llama-3.1-8B-Instruct-Q8_0,209,open_ended,,,0.34307992202729043,0.07045009784735813,0.26855534078390997,0.6722032427787781
2,Llama-3.1-8B-Instruct-Q8_0,250,open_ended,,,0.22453222453222454,0.025052192066805843,0.1864406779661017,0.6598185896873474
2,Llama-3.1-8B-Instruct-Q8_0,279,open_ended,,,0.18546365914786966,0.03526448362720403,0.18327067669172933,0.6863191723823547
2,Llama-3.1-8B-Instruct-Q8_0,218,open_ended,,,0.28153564899451555,0.07339449541284404,0.20210110540960416,0.6271073222160339
2,Llama-3.1-8B-Instruct-Q8_0,202,open_ended,,,0.24295774647887325,0.03180212014134276,0.16773897058823528,0.5783424973487854
2,Llama-3.1-8B-Instruct-Q8_0,289,open_ended,,,0.23194748358862147,0.07032967032967032,0.19697576963564498,0.6216131448745728
2,Llama-3.1-8B-Instruct-Q8_0,207,open_ended,,,0.2845849802371541,0.031746031746031744,0.19077749646630376,0.651547908782959
2,Llama-3.1-8B-Instruct-Q8_0,299,open_ended,,,0.143236074270557,0.032,0.12475049900199602,0.6383407711982727
2,Llama-3.1-8B-Instruct-Q8_0,259,open_ended,,,0.3798449612403101,0.058365758754863814,0.29393947710105595,0.7167765498161316
2,Llama-3.1-8B-Instruct-Q8_0,242,open_ended,,,0.21354166666666666,0.041884816753926704,0.11132139927088268,0.5966243147850037
2,Llama-3.1-8B-Instruct-Q8_0,235,open_ended,,,0.2795275590551181,0.05533596837944664,0.16449068130505995,0.6301286220550537
2,Llama-3.1-8B-Instruct-Q8_0,250,open_ended,,,0.2393509127789047,0.04073319755600815,0.18179587156339966,0.6178656816482544
2,Llama-3.1-8B-Instruct-Q8_0,242,open_ended,,,0.22391857506361326,0.06138107416879795,0.14457504842120228,0.6065617799758911
2,Llama-3.1-8B-Instruct-Q8_0,256,open_ended,,,0.2885085574572127,0.09336609336609338,0.28297617737676056,0.6517273187637329
2,Llama-3.1-8B-Instruct-Q8_0,214,open_ended,,,0.377431906614786,0.09375,0.21896053897978823,0.6747894883155823
2,Llama-3.1-8B-Instruct-Q8_0,298,open_ended,,,0.14153846153846153,0.043343653250774,0.18467852257181946,0.6327534914016724
2,Llama-3.1-8B-Instruct-Q8_0,212,open_ended,,,0.38783269961977185,0.11450381679389313,0.3103272677892451,0.6937392950057983
2,Llama-3.1-8B-Instruct-Q8_0,284,open_ended,,,0.2721518987341772,0.08280254777070063,0.14827586206896554,0.6647093892097473
2,Llama-3.1-8B-Instruct-Q8_0,234,open_ended,,,0.21468926553672316,0.041587901701323246,0.13551401869158877,0.6811192035675049
2,Llama-3.1-8B-Instruct-Q8_0,240,open_ended,,,0.3058350100603622,0.09292929292929292,0.1687866927592955,0.6481520533561707
2,Llama-3.1-8B-Instruct-Q8_0,214,open_ended,,,0.3879472693032015,0.11720226843100189,0.24778454494591973,0.6995654702186584
2,Llama-3.1-8B-Instruct-Q8_0,256,open_ended,,,0.28761061946902655,0.07111111111111111,0.2594582776552788,0.6633049845695496
2,Llama-3.1-8B-Instruct-Q8_0,288,open_ended,,,0.214123006833713,0.06407322654462241,0.1199863463715313,0.6226277947425842
2,Llama-3.1-8B-Instruct-Q8_0,231,open_ended,,,0.3796133567662566,0.08818342151675486,0.248979102156604,0.6435161232948303
2,Llama-3.1-8B-Instruct-Q8_0,275,open_ended,,,0.10619469026548672,0.011869436201780414,0.13755158184319122,0.6316779255867004
2,Llama-3.1-8B-Instruct-Q8_0,248,open_ended,,,0.38349514563106796,0.13658536585365852,0.23760442153725875,0.6571700572967529
2,Llama-3.1-8B-Instruct-Q8_0,300,open_ended,,,0.35682819383259906,0.061946902654867256,0.19748310863613933,0.6580230593681335
2,Llama-3.1-8B-Instruct-Q8_0,261,open_ended,,,0.1904761904761905,0.04507042253521127,0.18181818181818182,0.6767230033874512
2,Llama-3.1-8B-Instruct-Q8_0,226,open_ended,,,0.29598308668076106,0.04246284501061571,0.1732847817530737,0.65849369764328
2,Llama-3.1-8B-Instruct-Q8_0,291,open_ended,,,0.30131004366812225,0.08771929824561403,0.2530996358345564,0.6905033588409424
2,Llama-3.1-8B-Instruct-Q8_0,257,open_ended,,,0.10410958904109589,0.005509641873278237,0.1404494382022472,0.6410799026489258
2,Llama-3.1-8B-Instruct-Q8_0,269,open_ended,,,0.3807763401109058,0.07792207792207793,0.21663778162911612,0.6621573567390442
2,Llama-3.1-8B-Instruct-Q8_0,269,open_ended,,,0.4014209591474245,0.1105169340463458,0.24816182065938733,0.6749102473258972
2,Llama-3.1-8B-Instruct-Q8_0,273,open_ended,,,0.23999999999999996,0.043343653250773995,0.1844262295081967,0.6077262163162231
2,Llama-3.1-8B-Instruct-Q8_0,288,open_ended,,,0.18912529550827423,0.0332541567695962,0.13631714338541984,0.6123595833778381
2,Llama-3.1-8B-Instruct-Q8_0,250,open_ended,,,0.2745098039215686,0.04330708661417322,0.22719499868850682,0.6548206806182861
2,Llama-3.1-8B-Instruct-Q8_0,230,open_ended,,,0.4135472370766488,0.11449016100178892,0.26639982131941503,0.7067173719406128
2,Llama-3.1-8B-Instruct-Q8_0,223,open_ended,,,0.33273056057866185,0.07985480943738656,0.19899074208480508,0.6073387861251831
2,Llama-3.1-8B-Instruct-Q8_0,206,open_ended,,,0.3568627450980392,0.023622047244094484,0.24170497690079434,0.6850636601448059
2,Llama-3.1-8B-Instruct-Q8_0,209,open_ended,,,0.3320610687022901,0.07662835249042146,0.2525212049817248,0.6658162474632263
2,Llama-3.1-8B-Instruct-Q8_0,286,open_ended,,,0.22121896162528212,0.031746031746031744,0.17002871221821284,0.605941891670227
2,Llama-3.1-8B-Instruct-Q8_0,295,open_ended,,,0.27865168539325846,0.03611738148984199,0.2017401258717286,0.6973112225532532
2,Llama-3.1-8B-Instruct-Q8_0,241,open_ended,,,0.25575447570332477,0.030848329048843187,0.19781815886251788,0.6336910128593445
2,Llama-3.1-8B-Instruct-Q8_0,288,open_ended,,,0.20501138952164008,0.050343249427917625,0.10378827192527246,0.603708803653717
2,Llama-3.1-8B-Instruct-Q8_0,249,open_ended,,,0.39716312056737596,0.1209964412811388,0.2620316987413134,0.6641069054603577
2,Llama-3.1-8B-Instruct-Q8_0,258,open_ended,,,0.22790697674418608,0.04672897196261682,0.22292304020482107,0.6662853956222534
2,Llama-3.1-8B-Instruct-Q8_0,218,open_ended,,,0.2526315789473684,0.04651162790697675,0.18167860798362334,0.6491895914077759
2,Llama-3.1-8B-Instruct-Q8_0,244,open_ended,,,0.3300970873786408,0.06627680311890838,0.23198133559752293,0.6950239539146423
2,Llama-3.1-8B-Instruct-Q8_0,297,open_ended,,,0.2284382284382284,0.032786885245901634,0.16842800528401583,0.6640445590019226
2,Llama-3.1-8B-Instruct-Q8_0,231,open_ended,,,0.2775665399239544,0.045801526717557245,0.19223592185786237,0.6404317021369934
2,Llama-3.1-8B-Instruct-Q8_0,283,open_ended,,,0.22279792746113988,0.026041666666666664,0.20038167938931298,0.6363134384155273
2,Llama-3.1-8B-Instruct-Q8_0,255,open_ended,,,0.06811145510835913,0.037383177570093455,0.20733151183970858,0.643855094909668
2,Llama-3.1-8B-Instruct-Q8_0,271,open_ended,,,0.32031249999999994,0.0392156862745098,0.18641866837801166,0.6691422462463379
2,Llama-3.1-8B-Instruct-Q8_0,209,open_ended,,,0.3755102040816327,0.09836065573770493,0.27424451361769386,0.6883826851844788
2,Llama-3.1-8B-Instruct-Q8_0,203,open_ended,,,0.2984562607204117,0.03442340791738382,0.24457543859649133,0.6525202989578247
2,Llama-3.1-8B-Instruct-Q8_0,274,open_ended,,,0.20930232558139533,0.05607476635514019,0.21680216802168023,0.676617443561554
2,Llama-3.1-8B-Instruct-Q8_0,230,open_ended,,,0.2961672473867596,0.045454545454545456,0.19746556950606795,0.6437525749206543
2,Llama-3.1-8B-Instruct-Q8_0,279,open_ended,,,0.15981735159817353,0.018348623853211007,0.19652650822669107,0.6266264319419861
2,Llama-3.1-8B-Instruct-Q8_0,266,open_ended,,,0.1967213114754098,0.03846153846153846,0.2113352545629203,0.6485294103622437
2,Llama-3.1-8B-Instruct-Q8_0,210,open_ended,,,0.2864321608040201,0.07070707070707072,0.27865372243699665,0.6670156121253967
2,Llama-3.1-8B-Instruct-Q8_0,269,open_ended,,,0.3636363636363636,0.0782122905027933,0.23094635340460543,0.665732741355896
2,Llama-3.1-8B-Instruct-Q8_0,298,open_ended,,,0.136986301369863,0.049586776859504134,0.15604681404421328,0.6341140866279602
