ID,Type,Question,Answer,Source,
1,yes/no,¿La Unidad Programática asignada al Centro Nacional de Detección Temprana de Cáncer Gastrointestinal (CNDTCG) es la número 2806?,Sí,Manual_Gestion_CNDTCG_V00,47
2,yes/no,¿Establece el Transitorio I de la norma para la prevención del cáncer colorrectal un plazo de 12 meses para que los servicios de salud cuenten con sus manuales de procedimientos y protocolos?,No,NORMA AT- CA- COLORRECTAL REV-15-06-2026,2
3,yes/no,"El CNDTCG fue creado originalmente en 1995 como un proyecto piloto mediante un convenio que involucró a la CCSS, a la Universidad de Costa Rica (UCR) y a la Agencia Japonesa de Cooperación Internacional (JICA)?",Sí,Manual_Gestion_CNDTCG_V00,47
4,yes/no,¿El Plan de Abordaje Integral para el Tamizaje de Cáncer de Estómago y Colorrectal tiene un horizonte temporal que finaliza en diciembre de 2029?,Sí,Plan de Abordaje Integral para el Tamizaje de Cáncer de Estómago y Colorrectal (2025-2029) Firmado 2 1,viii
5,yes/no,¿El Plan de Abordaje Integral para el Tamizaje de Cáncer de Estómago y Colorrectal contempla la colaboración con universidades estatales para optimizar el uso de recursos institucionales?,Sí,Plan de Abordaje Integral para el Tamizaje de Cáncer de Estómago y Colorrectal (2025-2029) Firmado 2 1,2 y 3
6,yes/no,"¿El plan de abordaje integral abarca a toda la población costarricense, independientemente de su rango de edad?",No,Plan de Abordaje Integral para el Tamizaje de Cáncer de Estómago y Colorrectal (2025-2029) Firmado 2 1,15
7,yes/no,"¿Uno de los supuestos del plan es que el CNDTCG coordinará eficientemente a todos los actores involucrados, asegurando que los programas de tamizaje funcionen sin interrupciones?",Sí,Plan de Abordaje Integral para el Tamizaje de Cáncer de Estómago y Colorrectal (2025-2029) Firmado 2 1,12
8,yes/no,¿La incidencia del cáncer de colon en Costa Rica durante el periodo 2017-2022 mostró una disminución significativa similar a la del cáncer de estómago?,No,Plan de Abordaje Integral para el Tamizaje de Cáncer de Estómago y Colorrectal (2025-2029) Firmado 2 1,16 y 17
9,yes/no,"¿La incidencia total combinada de cáncer de estómago, colon y recto en la población objetivo (50-74 años) disminuyó entre 2017 y 2022?",Sí,Plan de Abordaje Integral para el Tamizaje de Cáncer de Estómago y Colorrectal (2025-2029) Firmado 2 1,22
10,yes/no,"De acuerdo con el análisis de incidencia por cantón del Plan de Abordaje Integral, ¿el modelo de tamizaje para el cáncer de recto y el cáncer de colon es el mismo, utilizando la prueba FIT?",Sí,Plan de Abordaje Integral para el Tamizaje de Cáncer de Estómago y Colorrectal (2025-2029) Firmado 2 1,26
11,yes/no,¿La mortalidad por cáncer de estómago en hombres es mayor que en mujeres?,Sí,Plan de Abordaje Integral para el Tamizaje de Cáncer de Estómago y Colorrectal (2025-2029) Firmado 2 1,29
12,yes/no,"Según el análisis de mortalidad por cantón del Plan de Abordaje Integral, ¿los cantones con mayor mortalidad combinada por cáncer de estómago, colon y recto se concentran principalmente en una sola provincia?",No,Plan de Abordaje Integral para el Tamizaje de Cáncer de Estómago y Colorrectal (2025-2029) Firmado 2 1,32
13,yes/no,"Según el análisis de años de vida potencialmente perdidos (YPLL) del Plan de Abordaje Integral, ¿las mujeres pierden en promedio más años de vida que los hombres debido a cáncer de estómago, colon y recto?",Sí,Plan de Abordaje Integral para el Tamizaje de Cáncer de Estómago y Colorrectal (2025-2029) Firmado 2 1,40
14,yes/no,"Según el análisis de proyección poblacional del Plan de Abordaje Integral, ¿se proyecta que la población de Costa Rica aumente de 5.3 a 6.1 millones entre 2025 y 2034?",No,Plan de Abordaje Integral para el Tamizaje de Cáncer de Estómago y Colorrectal (2025-2029) Firmado 2 1,48
15,yes/no,"Según el Cuadro No. 17 del Plan de Abordaje Integral, ¿el cantón de Santo Domingo ocupa el primer lugar en incidencia de cáncer de estómago y el segundo lugar en incidencia de cáncer colorrectal?",No,Plan de Abordaje Integral para el Tamizaje de Cáncer de Estómago y Colorrectal (2025-2029) Firmado 2 1,53
16,yes/no,"De acuerdo con el Cuadro No. 19 del Plan de Abordaje Integral, ¿el cantón de Tilarán presenta la incidencia más alta para tamizaje de cáncer colorrectal?",Sí,Plan de Abordaje Integral para el Tamizaje de Cáncer de Estómago y Colorrectal (2025-2029) Firmado 2 1,55
17,yes/no,"Según el inventario de recursos del Plan de Abordaje Integral, ¿la CCSS cuenta con 50 salas de fluoroscopia disponibles a nivel nacional?",No,Plan de Abordaje Integral para el Tamizaje de Cáncer de Estómago y Colorrectal (2025-2029) Firmado 2 1,63
18,yes/no,"Según el inventario de recursos del Plan de Abordaje Integral, ¿el Hospital Maximiliano Peralta Jiménez en Cartago cuenta con dos salas de fluoroscopia?",Sí,Plan de Abordaje Integral para el Tamizaje de Cáncer de Estómago y Colorrectal (2025-2029) Firmado 2 1,66
19,yes/no,"Según el inventario de recursos de endoscopia del Plan de Abordaje Integral, ¿la prueba cuantitativa de sangre oculta en heces está disponible en todos los laboratorios clínicos de la red?",No,Plan de Abordaje Integral para el Tamizaje de Cáncer de Estómago y Colorrectal (2025-2029) Firmado 2 1,69
20,yes/no,¿el Hospital México es el centro de salud con mayor cantidad de endoscopistas?,Sí,Plan de Abordaje Integral para el Tamizaje de Cáncer de Estómago y Colorrectal (2025-2029) Firmado 2 1,72
21,yes/no,¿el porcentaje de invitación para los programas de tamizaje de cáncer gástrico y colorrectal es del 40% en ambos casos?,Sí,Plan de Abordaje Integral para el Tamizaje de Cáncer de Estómago y Colorrectal (2025-2029) Firmado 2 1,80
22,yes/no,¿el número de salas de fluoroscopia necesarias para el año 2025 representa menos del 30% de la disponibilidad actual de la CCSS?,No,Plan de Abordaje Integral para el Tamizaje de Cáncer de Estómago y Colorrectal (2025-2029) Firmado 2 1,83
23,yes/no,¿la atención de lesiones premalignas de cáncer de colon tiene un costo estimado del 9.0% respecto al de un cáncer en etapa avanzada?,No,Plan de Abordaje Integral para el Tamizaje de Cáncer de Estómago y Colorrectal (2025-2029) Firmado 2 1,94
24,yes/no,¿la implementación del SILC se limita únicamente a la red de laboratorios para la prueba de FIT y no abarca otras pruebas realizadas en los laboratorios clínicos?,No,Plan de Abordaje Integral para el Tamizaje de Cáncer de Estómago y Colorrectal (2025-2029) Firmado 2 1,103
25,yes/no,¿el CNDTCG eliminó el requisito de solicitudes de laboratorio para la prueba FIT y la Serie Gastroduodenal (SGD) con el fin de aumentar la captación y retención de participantes?,Sí,Plan de Abordaje Integral para el Tamizaje de Cáncer de Estómago y Colorrectal (2025-2029) Firmado 2 1,109
26,yes/no,¿el diseño e implementación de un modelo predictivo para inteligencia artificial está planeado para la Etapa II del plan?,No,Plan de Abordaje Integral para el Tamizaje de Cáncer de Estómago y Colorrectal (2025-2029) Firmado 2 1,113 y 114
27,yes/no,¿la falta de normativa específica para los programas de tamizaje representa un riesgo con una valoración de 20 puntos?,Sí,Plan de Abordaje Integral para el Tamizaje de Cáncer de Estómago y Colorrectal (2025-2029) Firmado 2 1,116
28,yes/no,¿se sugiere la integración de soluciones de telemedicina para facilitar el acceso a consultas especializadas en regiones alejadas o con dificultades de acceso?,Sí,Plan de Abordaje Integral para el Tamizaje de Cáncer de Estómago y Colorrectal (2025-2029) Firmado 2 1,122
29,yes/no,"¿se sugiere realizar convenios con entidades internacionales para el desarrollo de investigación en detección temprana, tratamiento y seguimiento del cáncer gástrico y colorrectal?",Sí,Plan de Abordaje Integral para el Tamizaje de Cáncer de Estómago y Colorrectal (2025-2029) Firmado 2 1,122
30,yes/no,¿El Centro Nacional de Detección Temprana de Cáncer Gastrointestinal fue creado oficialmente mediante el Acuerdo de Junta Directiva en la Sesión Ordinaria Nº 9414 del 5 de marzo de 2024?,Sí,Manual_Gestion_CNDTCG_V00,49
31,yes/no,¿El CNDTCG cuenta con certificación internacional otorgada por la Sociedad Española de Endoscopia Digestiva (SEED) para la formación en sedación profunda?,Sí,Manual_Gestion_CNDTCG_V00,7
32,yes/no,¿La población objetivo de los programas de tamizaje de cáncer gástrico y colorrectal son personas asintomáticas de los 50 a 74 años de edad?,Sí,Manual_Gestion_CNDTCG_V00,57
33,yes/no,¿La metodología utilizada para la validación técnica del manual excluye un proceso DELPHI modificado?,No,Manual_Gestion_CNDTCG_V00,9
34,yes/no,¿El CNDTCG utiliza exclusivamente sus propias instalaciones para el Programa de Cirugía Mayor?,No,Manual_Gestion_CNDTCG_V00,72
35,yes/no,¿El Programa de Cirugía Percutánea se realiza exclusivamente mediante cirugía abierta convencional?,No,Manual_Gestion_CNDTCG_V00,54
36,yes/no,¿Los programas de tamizaje de cáncer gástrico y colorrectal comparten exactamente los mismos procesos de captación?,No,Manual_Gestion_CNDTCG_V00,50 y 51
37,yes/no,¿La CCSS cuenta con 100 hospitales nacionales generales?,No,Plan de Abordaje Integral para el Tamizaje de Cáncer de Estómago y Colorrectal (2025-2029) Firmado 2 1,60
38,yes/no,¿El Decreto Ejecutivo de la norma colorrectal otorga un plazo de 6 meses para que los servicios de salud cuenten con manuales de procedimientos?,Sí,NORMA AT- CA- COLORRECTAL REV-15-06-2026,2
39,yes/no,¿La prueba inicial para el tamizaje de cáncer gástrico es la Prueba Inmunoquímica Fecal (FIT)?,No,Manual_Gestion_CNDTCG_V00,51
40,yes/no,¿El CNDTCG cuenta con 45 personas en su equipo humano al momento de la elaboración del manual?,Sí,Manual_Gestion_CNDTCG_V00,48
41,yes/no,¿El CNDTCG tiene un área de Planificación y Mejora Continua?,Sí,Manual_Gestion_CNDTCG_V00,63
42,yes/no,¿El CNDTCG utiliza el Expediente Digital Único en Salud (EDUS) para el registro clínico de los pacientes?,Sí,Manual_Gestion_CNDTCG_V00,73
43,yes/no,¿El Programa de Reción Submucosa Endoscópica (ESD) es una técnica que no requiere especialización?,No,Manual_Gestion_CNDTCG_V00,52
44,yes/no,¿La Unidad de Investigación en Salud (UIS) del CNDTCG tiene entre sus funciones la divulgación de resultados a través de revistas científicas?,Sí,Plan de Abordaje Integral para el Tamizaje de Cáncer de Estómago y Colorrectal (2025-2029) Firmado 2 1,107
45,yes/no,¿El CNDTCG atiende exclusivamente pacientes de la provincia de Cartago?,No,Manual_Gestion_CNDTCG_V00,12
46,yes/no,¿El Programa de Ultrasonido Endoscópico permite realizar biopsias por aspiración con aguja fina?,Sí,Manual_Gestion_CNDTCG_V00,54
47,yes/no,¿La Dirección General del CNDTCG es responsable de verificar el cumplimiento del Manual de Gestión?,Sí,Manual_Gestion_CNDTCG_V00,46
48,yes/no,¿El CNDTCG utiliza el Sistema Integrado de Expediente de Salud (SIES) para la programación de procedimientos?,No,Plan de Abordaje Integral para el Tamizaje de Cáncer de Estómago y Colorrectal (2025-2029) Firmado 2 1,105
49,yes/no,¿El CNDTCG utiliza el Sistema ARCA para conocer si a un paciente se le otorgó una endoscopía?,No,Plan de Abordaje Integral para el Tamizaje de Cáncer de Estómago y Colorrectal (2025-2029) Firmado 2 1,105
50,yes/no,¿El CNDTCG cuenta con equipos de tomografía computarizada (TAC) para estudios de estadificación oncológica?,Sí,Manual_Gestion_CNDTCG_V00,75
51,yes/no,¿El análisis FODA del CNDTCG identifica como fortaleza la capacidad instalada en sedación profunda con aval internacional?,Sí,Manual_Gestion_CNDTCG_V00,85
52,yes/no,¿La periodicidad de los indicadores del Programa de Tamizaje de Cáncer Gástrico es exclusivamente anual?,No,Plan de Abordaje Integral para el Tamizaje de Cáncer de Estómago y Colorrectal (2025-2029) Firmado 2 1,80
53,yes/no,¿El CNDTCG tiene capacidad para realizar procedimientos de cirugía percutánea guiada por imagen?,Sí,Manual_Gestion_CNDTCG_V00,15
54,yes/no,¿El CNDTCG ha operado físicamente durante casi tres décadas en el Hospital Dr. Maximiliano Peralta Jiménez?,Sí,Manual_Gestion_CNDTCG_V00,47
55,yes/no,¿La población objetivo del tamizaje de cáncer gástrico y cáncer colorrectal está conformada por personas con síntomas?,No,Manual_Gestion_CNDTCG_V00,57
56,yes/no,¿La Serie Gastroduodenal (SGD) es un estudio de fluoroscopia donde el paciente ingiere un medio de contraste?,Sí,Plan de Abordaje Integral para el Tamizaje de Cáncer de Estómago y Colorrectal (2025-2029) Firmado 2 1,56
57,yes/no,¿El radiólogo analiza las imágenes fluoroscópicas de la SGD para identificar anomalías?,Sí,Plan de Abordaje Integral para el Tamizaje de Cáncer de Estómago y Colorrectal (2025-2029) Firmado 2 1,56
58,yes/no,"¿Durante la gastroscopia, se evalúa si se necesita una bipsia para analizar el tejido?",Sí,Plan de Abordaje Integral para el Tamizaje de Cáncer de Estómago y Colorrectal (2025-2029) Firmado 2 1,57
59,yes/no,¿El radiólogo toma la muestra que es enviada al patólogo para análisis?,No,Plan de Abordaje Integral para el Tamizaje de Cáncer de Estómago y Colorrectal (2025-2029) Firmado 2 1,57
60,yes/no,¿El proceso de tamizaje para cáncer gástrico utiliza la prueba FIT para detectar sangre oculta en heces?,No,Manual_Gestion_CNDTCG_V00,52
61,yes/no,¿El microbiólogo y el personal de apoyo participan en la realización y análisis de la prueba FIT?,Sí,Plan de Abordaje Integral para el Tamizaje de Cáncer de Estómago y Colorrectal (2025-2029) Firmado 2 1,58
62,yes/no,"¿Si la colonoscopia identifica lesiones como adenomas, estos se remueven inmediatamente?",Sí,Plan de Abordaje Integral para el Tamizaje de Cáncer de Estómago y Colorrectal (2025-2029) Firmado 2 1,58
63,yes/no,"¿La Dirección General del CNDTCG es responsable de la conducción estratégica, técnica y operativa del centro?",Sí,Manual_Gestion_CNDTCG_V00,63
64,yes/no,¿El Área Clínica Asistencial lidera la planificación técnica y seguimiento de los procesos?,No,Manual_Gestion_CNDTCG_V00,63
65,yes/no,"¿Las coordinaciones de programa integran la ejecución de procedimientos de tamizaje, diagnóstico, tratamientos y seguimiento clínico?",No,Manual_Gestion_CNDTCG_V00,63
66,yes/no,"¿El Área de Enfermería es el responsable de la gestión de los recursos físicos, materiales y financieros?",No,Manual_Gestion_CNDTCG_V00,63
67,yes/no,¿El Área de Planificación y Mejora Continua se encarga de la coordinación de estrategias de inteligencia de negocios?,Sí,Manual_Gestion_CNDTCG_V00,63
68,yes/no,¿La Unidad de Investigación en Salud desarrolla investigación aplicada en salud gastrointestinal?,Sí,Manual_Gestion_CNDTCG_V00,64
69,yes/no,¿El Manual de Gestión del CNDTCG fue sometido a una validación utilizando el método DELPHI modificada?,Sí,Manual_Gestion_CNDTCG_V00,9
70,yes/no,¿El CNDTCG debe integrar y articular la red de servicios de salud institucional?,Sí,Manual_Gestion_CNDTCG_V00,65
71,yes/no,¿El Área de Planificación y Mejora Continua está encargada de análisis de datos a través de herramientas de big data y minería de datos?,Sí,Manual_Gestion_CNDTCG_V00,63
72,yes/no,¿La ESD es una alternativa avanzada para evitar cirugías mayores en casos seleccionados?,Sí,Manual_Gestion_CNDTCG_V00,71
73,yes/no,¿El CNDTCG resuelve casos referidos por hospitales y otras unidades en la red institucional?,Sí,Manual_Gestion_CNDTCG_V00,71
74,yes/no,¿El programa de ESD tiene un mayor tiempo de recuperación?,No,Manual_Gestion_CNDTCG_V00,53
75,yes/no,¿El enfoque de cirugía percutánea tiene mayor impacto y aumenta el el riesgo quirúrgico?,No,Manual_Gestion_CNDTCG_V00,54
76,yes/no,¿El programa de ultrasonido endoscópico combina la tecnología de la endoscopía con la ecografía de alta resolución?,Sí,Manual_Gestion_CNDTCG_V00,54
77,yes/no,¿El CNDTCG opera únicamente en el área funcional del tamizaje?,No,Manual_Gestion_CNDTCG_V00,47
78,yes/no,¿El ultrasonido endoscópico es usado para la estadificación loco-regional?,Sí,Manual_Gestion_CNDTCG_V00,75
79,yes/no,¿La patología biliar uiliza técnicas como la colangiopancreatografía retrógrada endoscópica (CPRE)?,Sí,Manual_Gestion_CNDTCG_V00,31
80,yes/no,"¿La incidencia media de cáncer de estómago por cada 100,00 personas en el periodo del 2017 al 2022 es de 5.25?",No,Plan de Abordaje Integral para el Tamizaje de Cáncer de Estómago y Colorrectal (2025-2029) Firmado 2 1,16
81,yes/no,¿La prueba SOHi cualitativa debe tener un punto de corte mayor a 50 ng/ml?,No,NORMA AT- CA- COLORRECTAL REV-15-06-2026,11
82,yes/no,¿La prueba SOHi cuantitativa y automatizada recomienda un punto de corte de 100 ng/ml?,Sí,NORMA AT- CA- COLORRECTAL REV-15-06-2026,11
83,yes/no,¿El tiempo de retirada de una colonoscopía debe ser no menor a 6 minutos?,Sí,NORMA AT- CA- COLORRECTAL REV-15-06-2026,12
84,yes/no,¿En las pruebas SOHi con resultado positivo se debe realizar colonoscopia?,Sí,NORMA AT- CA- COLORRECTAL REV-15-06-2026,11
85,yes/no,¿La tasa de detección de adenomas (ADR) en tamizaje de dos fases es de 45% en hombres y 35% en mujeres?,Sí,NORMA AT- CA- COLORRECTAL REV-15-06-2026,11
86,yes/no,¿Para la solicitud de una colonoscopia se debe indicar los antecedentes quirúrgicos?,Sí,NORMA AT- CA- COLORRECTAL REV-15-06-2026,11
87,yes/no,¿La Clasificación JNET tipo 1 corresponde a pólipo hiperplásico?,Sí,NORMA AT- CA- COLORRECTAL REV-15-06-2026,6
88,yes/no,¿La Clasificación NICE tipo 3 describe un pólipo adenomatoso?,No,NORMA AT- CA- COLORRECTAL REV-15-06-2026,6
89,yes/no,¿Para un estucio de colonoscopia se puede usar una escala como la Escala de Preparación Intestinal de Boston?,Sí,NORMA AT- CA- COLORRECTAL REV-15-06-2026,12
90,yes/no,¿El informe de colonoscopia debe incluir el método de extirpación de cada pólipo?,Sí,NORMA AT- CA- COLORRECTAL REV-15-06-2026,13
91,yes/no,¿El informe de anatomía patológica debe incluir el grado de displasia de cada pólipo?,Sí,NORMA AT- CA- COLORRECTAL REV-15-06-2026,13
92,yes/no,¿Un adenoma de al menos 10 mm requiere colonoscopia de vigilancia?,Sí,NORMA AT- CA- COLORRECTAL REV-15-06-2026,14
93,yes/no,¿El reporte de anatomía patológica debe excluir el número total de adenomas y pólipos serrados?,No,NORMA AT- CA- COLORRECTAL REV-15-06-2026,13
94,yes/no,"¿Las personas con antecedentes familiares de CCR en padres, madres, hijos o hermanos menores de 50 años tienen riesgo disminuido?
",No,NORMA AT- CA- COLORRECTAL REV-15-06-2026,15 y 16
95,yes/no,¿El Ministerio de Salud debe publicar los resultados de los indicadores de la norma cada 10 años?,No,NORMA AT- CA- COLORRECTAL REV-15-06-2026,22
96,yes/no,¿El Plan de Abordaje Integral contempla la creación de una unidad móvil de endoscopia?,Sí,Plan de Abordaje Integral para el Tamizaje de Cáncer de Estómago y Colorrectal (2025-2029) Firmado 2 1,121 y 122
97,yes/no,¿El CNDTCG tiene convenio con el CICICA para realización de endoscopias en población ed alta incidencia?,Sí,Plan de Abordaje Integral para el Tamizaje de Cáncer de Estómago y Colorrectal (2025-2029) Firmado 2 1,112
98,yes/no,¿La colonoscopía es un procedimiento que permite la visualización directa del interior del estómago,No,Plan de Abordaje Integral para el Tamizaje de Cáncer de Estómago y Colorrectal (2025-2029) Firmado 2 1,v
99,yes/no,¿La gastroscopía también es conocida como endoscopia digestiva alta?,Sí,Plan de Abordaje Integral para el Tamizaje de Cáncer de Estómago y Colorrectal (2025-2029) Firmado 2 1,v
100,yes/no,¿El cáncer gástrico es una neoplasia benigna que se origina en el colon o recto?,No,Plan de Abordaje Integral para el Tamizaje de Cáncer de Estómago y Colorrectal (2025-2029) Firmado 2 1,v
101,yes/no,¿La serie gastroduodenal es una prueba para detectar sangre oculta en las heces?,No,Plan de Abordaje Integral para el Tamizaje de Cáncer de Estómago y Colorrectal (2025-2029) Firmado 2 1,vi
102,yes/no,¿Cáncer de estómago y colon-recto estan entre las neoplasias con menor mortalidad?,No,CREACIÓN UNIDAD_PROGRAMÁTICA DEL CENTRO NACIONAL DE DETECCIÓN TEMPRANA_DE CÁNCER,5
103,yes/no,¿Con el programa propuesto a nivel nacional (10 años de evolución) se tiene una disminución del 70% en la mortalidad en la población objetivo?,No,CREACIÓN UNIDAD_PROGRAMÁTICA DEL CENTRO NACIONAL DE DETECCIÓN TEMPRANA_DE CÁNCER,9 y 14
104,yes/no,¿El costo de atención de una lesión precancerosa es del 50% de un cáncer avanzado?,No,CREACIÓN UNIDAD_PROGRAMÁTICA DEL CENTRO NACIONAL DE DETECCIÓN TEMPRANA_DE CÁNCER,10
105,yes/no,¿El objetivo general del CNDTCG es implementar el plan de abordaje integral para el tratamiento de cáncer de páncreas?,No,PLAN DE ABORDAJE INTEGRAL PARA EL_TAMIZAJE DE CÁNCER DE ESTÓMAGO Y_COLORRECTAL,7
106,yes/no,¿El objetivo del CNDTCG tiene el fin de el fin de reducir la creciente incidencia y mortalidad asociada a ciertos tipos de cáncer en Alemania?,No,PLAN DE ABORDAJE INTEGRAL PARA EL_TAMIZAJE DE CÁNCER DE ESTÓMAGO Y_COLORRECTAL,7
107,yes/no,"¿Un acuerdo propuesto en el CNDTCG es instruir a la Dirección de Tecnologías de Información y
Comunicación que en una plazo mayor a 19 meses se implementen las gestiones necesarias en el EDUS?",No,PLAN DE ABORDAJE INTEGRAL PARA EL_TAMIZAJE DE CÁNCER DE ESTÓMAGO Y_COLORRECTAL,34
108,yes/no,¿El CNDTCG renuncia a la responsabilidad de captar de a las personas usuarias pertenecientes a la población objetivo del programa?,No,Manual_Gestion_CNDTCG_V00,66 y 69
109,yes/no,¿El programa de cirugía mayor se le da a las personas que no requieren intervenciones complejas?,No,Manual_Gestion_CNDTCG_V00,72
110,yes/no,¿El CNDTCG está eximido de la responsabilidad de recibir a las personas usuarias referidas desde hospitales periféricos?,No,Manual_Gestion_CNDTCG_V00,74
111,yes/no,"¿Los programas carencen de un conjunto definido de dimensiones evaluativas e instrumentos específicos que garantizan la trazabilidad, la transparencia y la mejora continua?",No,Manual_Gestion_CNDTCG_V00,77
112,yes/no,"¿Una de las debilidades en en análisis FODA del CNDTCG es que carecen de personal altamente calificado en técnicas
avanzadas?",No,Manual_Gestion_CNDTCG_V00,85
113,yes/no,¿Una de las fortalezas en en análisis FODA del CNDTCG es que tienen una carga operativa distribuida en numerosos especialistas para mejorar la escalabilidad?,No,Manual_Gestion_CNDTCG_V00,85
114,yes/no,¿El responsable de la dirección general del CNDTCG es Ing. Balaam Brenes Navarro?,No,Manual_Gestion_CNDTCG_V00,83
115,yes/no,¿El responsable del Área de Planificación y Mejora Continua es Dra. Rosalyn Vargas Barquero?,No,Manual_Gestion_CNDTCG_V00,83
116,yes/no,¿Un supuesto es que el plan no será resiliente y sostenible a largo plazo?,No,Plan de Abordaje Integral para el Tamizaje de Cáncer de Estómago y Colorrectal (2025-2029) Firmado 2 1,12
117,yes/no,¿La población objetivo incluye a jóvenes de 20 a 27 años de edad?,No,Plan de Abordaje Integral para el Tamizaje de Cáncer de Estómago y Colorrectal (2025-2029) Firmado 2 1,15
118,yes/no,¿La incidencia en los grupos de mayor edad subraya que no es urgente tener enfoques de tamizaje y prevención?,No,Plan de Abordaje Integral para el Tamizaje de Cáncer de Estómago y Colorrectal (2025-2029) Firmado 2 1,19
119,yes/no,¿La colaboración entre la CCSS y las universidades estatales es trivial para el desarrollo y optimización del sistema de información de salud?,No,Plan de Abordaje Integral para el Tamizaje de Cáncer de Estómago y Colorrectal (2025-2029) Firmado 2 1,120
120,yes/no,¿Los recursos humanos en las áreas de radiología y endoscopia son abundantes?,No,Plan de Abordaje Integral para el Tamizaje de Cáncer de Estómago y Colorrectal (2025-2029) Firmado 2 1,119
121,short_answer,¿Cuáles son las dos principales causas de carga de enfermedad y mortalidad en cáncer gastrointestinal abordadas por los programas de tamizaje del CNDTCG?,Cáncer gástrico y cáncer colorrectal.,PLAN DE ABORDAJE INTEGRAL PARA EL_TAMIZAJE DE CÁNCER DE ESTÓMAGO Y_COLORRECTAL,7
122,short_answer,¿Qué siglas se utilizan para el Centro Nacional de Detección Temprana de Cáncer Gastrointestinal y la Dirección de Centros Especializados?,CNDTCG y DICE.,Manual_Gestion_CNDTCG_V00,2
123,short_answer,¿Qué método estructurado de consenso entre expertos institucionales se utilizó para la validación final del Manual de Gestión en el año 2025?,El método DELPHI modificada.,Manual_Gestion_CNDTCG_V00,9
124,short_answer,¿Cuántas plazas de Analistas en Sistemas 4 se requieren para la implementación del SILC-EDUS según el oficio GM-DDSS-0529-2025?,5 plazas.,Plan de Abordaje Integral para el Tamizaje de Cáncer de Estómago y Colorrectal (2025-2029) Firmado 2 1,105
125,short_answer,¿Cuál es el objetivo general del Plan de Abordaje Integral para el Tamizaje de Cáncer de Estómago y Colorrectal?,Reducir la incidencia y mortalidad asociada a estos tipos de cáncer.,PLAN DE ABORDAJE INTEGRAL PARA EL_TAMIZAJE DE CÁNCER DE ESTÓMAGO Y_COLORRECTAL,7
126,short_answer,"¿Qué estructura cantonal utiliza el plan para sus proyecciones, y por qué?", Los 81 cantones originales previos a 2019.,Plan de Abordaje Integral para el Tamizaje de Cáncer de Estómago y Colorrectal (2025-2029) Firmado 2 1,9
127,short_answer,"Según la matriz metodológica del plan, ¿qué herramientas se utilizan para analizar la población adscrita por provincia, cantón, sexo y edad?","Análisis demográfico, herramientas GIS y MS-Excel.",Plan de Abordaje Integral para el Tamizaje de Cáncer de Estómago y Colorrectal (2025-2029) Firmado 2 1,14
128,short_answer,"¿Cuál es la incidencia media por cada 100,000 personas para el cáncer de estómago en Costa Rica durante el periodo 2017-2022?",11.66 casos.,Plan de Abordaje Integral para el Tamizaje de Cáncer de Estómago y Colorrectal (2025-2029) Firmado 2 1,16
129,short_answer,"¿Cuál es la incidencia total combinada de cáncer de estómago, colon y recto por grupo etario en los años de 70 a 74 años?",181.71 casos.,Plan de Abordaje Integral para el Tamizaje de Cáncer de Estómago y Colorrectal (2025-2029) Firmado 2 1,20
130,short_answer,"¿Cuál es la incidencia combinada de cáncer de estómago, colon y recto del cantón de Alvarado en Cartago?",35.79 casos.,Plan de Abordaje Integral para el Tamizaje de Cáncer de Estómago y Colorrectal (2025-2029) Firmado 2 1,24
131,short_answer,"¿Cuál es la mortalidad total combinada por cáncer de estómago, colon y recto en la población objetiv?",56.82 casos.,Plan de Abordaje Integral para el Tamizaje de Cáncer de Estómago y Colorrectal (2025-2029) Firmado 2 1,31
132,short_answer,"¿Cuál es la tasa de mortalidad combinada de cáncer de estómago, colon y recto del cantón de San Mateo en Alajuela?",44.58 casos.,Plan de Abordaje Integral para el Tamizaje de Cáncer de Estómago y Colorrectal (2025-2029) Firmado 2 1,33
133,short_answer,¿Cuál es la media de años de vida potencialmente perdidos para las mujeres debido a los tres tipos de cáncer?,16.49 años.,Plan de Abordaje Integral para el Tamizaje de Cáncer de Estómago y Colorrectal (2025-2029) Firmado 2 1,41
134,short_answer,"De acuerdo con el análisis de población del Plan de Abordaje Integral, ¿cuál es la población proyectada para Costa Rica en el año 2034?",5.7 millones.,Plan de Abordaje Integral para el Tamizaje de Cáncer de Estómago y Colorrectal (2025-2029) Firmado 2 1,48
135,short_answer,¿Cuál es la población objetivo total proyectada para el año 2025?,"1,203,483 personas.",Plan de Abordaje Integral para el Tamizaje de Cáncer de Estómago y Colorrectal (2025-2029) Firmado 2 1,52
136,short_answer,¿Cuál es la población objetivo para tamizaje de cáncer colorrectal proyectada para el cantón de San José en el año 2025 para tamizaje de cáncer colorrectal?,"91,605 personas.",Plan de Abordaje Integral para el Tamizaje de Cáncer de Estómago y Colorrectal (2025-2029) Firmado 2 1,55
137,short_answer,¿cuántos radiólogos capacitados en la interpretación de la Serie Gastroduodenal (SGD) hay en la CCSS?,98.5 radiólogos.,Plan de Abordaje Integral para el Tamizaje de Cáncer de Estómago y Colorrectal (2025-2029) Firmado 2 1,63
138,short_answer,"De acuerdo con el inventario de recursos del Plan de Abordaje Integral, ¿cuántos laboratorios clínicos tiene la CCSS a nivel nacional?",110 laboratorios.,Plan de Abordaje Integral para el Tamizaje de Cáncer de Estómago y Colorrectal (2025-2029) Firmado 2 1,67
139,short_answer,¿cuántos endoscopistas capacitados en detección temprana de cáncer tiene la CCSS?,87 endoscopistas.,Plan de Abordaje Integral para el Tamizaje de Cáncer de Estómago y Colorrectal (2025-2029) Firmado 2 1,71
140,short_answer,¿cuántas salas de endoscopia tiene el Hospital San Juan de Dios?,5 salas.,Plan de Abordaje Integral para el Tamizaje de Cáncer de Estómago y Colorrectal (2025-2029) Firmado 2 1,73
141,short_answer,"¿En cuáles provincias se encuentra la concentración de recursos de gastroenterología, salas de endoscopia y endoscopistas capacitados en Costa Rica?","San José, Alajuela y Cartago",Plan de Abordaje Integral para el Tamizaje de Cáncer de Estómago y Colorrectal (2025-2029) Firmado 2 1,74
142,short_answer,¿Cuál es el requerimiento teórico de equipos de fluoroscopia para la Región Central Sur en el año 2025?,5.02 equipos,Plan de Abordaje Integral para el Tamizaje de Cáncer de Estómago y Colorrectal (2025-2029) Firmado 2 1,84
143,short_answer,¿cuál es el costo unitario de las pruebas FIT cuantitativas según el contrato vigente del Hospital Dr. Maximiliano Peralta Jiménez?,"₡1,413.",Plan de Abordaje Integral para el Tamizaje de Cáncer de Estómago y Colorrectal (2025-2029) Firmado 2 1,98
144,short_answer,¿cuántas personas se llamarían en el año 2025 para realizarse una prueba de sangre oculta en heces?,"67,136 personas.",Plan de Abordaje Integral para el Tamizaje de Cáncer de Estómago y Colorrectal (2025-2029) Firmado 2 1,102
145,short_answer,"¿en qué año se creó el CNDTCG bajo un convenio de cooperación entre la CCSS, JICA y la UCR?",1995,Manual_Gestion_CNDTCG_V00,47
146,short_answer,¿en qué año está programada la puesta en marcha de los programas de tamizaje para la detección temprana de cáncer gástrico y colorrectal?,2027,Plan de Abordaje Integral para el Tamizaje de Cáncer de Estómago y Colorrectal (2025-2029) Firmado 2 1,115
147,short_answer,¿cuántos cantones presentan una incidencia superior a 11.66 para cáncer gástrico?,35 cantones.,Plan de Abordaje Integral para el Tamizaje de Cáncer de Estómago y Colorrectal (2025-2029) Firmado 2 1,76
148,short_answer,¿con cuántas salas de endoscopia puede contar la unidad móvil de endoscopía propuesta?,2 salas de endoscopia.,Plan de Abordaje Integral para el Tamizaje de Cáncer de Estómago y Colorrectal (2025-2029) Firmado 2 1,121 y 122
149,short_answer,¿qué porcentaje de los laboratorios clínicos de la CCSS contaban con el Sistema Integrado de Laboratorios Clínicos (SILC) implementado al momento de la elaboración del documento?,16%,Plan de Abordaje Integral para el Tamizaje de Cáncer de Estómago y Colorrectal (2025-2029) Firmado 2 1,103
150,short_answer,¿Cuál es el número de Unidad Programática del Centro Nacional de Detección Temprana de Cáncer Gastrointestinal?,El número de Unidad Programática del CNDTCG es 2806.,Manual_Gestion_CNDTCG_V00,47
151,short_answer,¿Cuántas salas de endoscopia existen a nivel nacional?,52 salas,Plan de Abordaje Integral para el Tamizaje de Cáncer de Estómago y Colorrectal (2025-2029) Firmado 2 1,72
152,short_answer,¿Cada cuanto se debe revisar y en caso de ser necesario actualizar la norma nacional para la atención del cancer colorrectal?,Cada 5 años,NORMA AT- CA- COLORRECTAL REV-15-06-2026,9
153,short_answer,¿Cuántas personas conforman el equipo humano del CNDTCG al momento de la elaboración del manual?,45 personas,Manual_Gestion_CNDTCG_V00,48
154,short_answer,¿Cuál es el rango de edad de la población objetivo para los programas de tamizaje?,50 a 74 años.,Manual_Gestion_CNDTCG_V00,57
155,short_answer,¿Con cuántos hospitales regionales cuenta la CCSS en la actualidad?,8 hospitales regionales,Plan de Abordaje Integral para el Tamizaje de Cáncer de Estómago y Colorrectal (2025-2029) Firmado 2 1,60
156,short_answer,¿Cuántos hospitales periféricos tiene la CCSS?,12 hospitales periféricos,Plan de Abordaje Integral para el Tamizaje de Cáncer de Estómago y Colorrectal (2025-2029) Firmado 2 1,60
157,short_answer,¿Qué porcentaje de los gastroenterólogos están capacitados en detección temprana de lesiones premalignas?,El 88% de los gastroenterólogos,Plan de Abordaje Integral para el Tamizaje de Cáncer de Estómago y Colorrectal (2025-2029) Firmado 2 1,70
158,short_answer,¿Cúantas salas de fluoroscopia disponibles para realización de SGD tiene la CCSS?,19 salas,Plan de Abordaje Integral para el Tamizaje de Cáncer de Estómago y Colorrectal (2025-2029) Firmado 2 1,63
159,short_answer,¿Del personal de imagenología cuánto porcentaje está capacitado para el uso de fluoroscopios?,71%,Plan de Abordaje Integral para el Tamizaje de Cáncer de Estómago y Colorrectal (2025-2029) Firmado 2 1,63
160,short_answer,¿Cuál es el plazo máximo que se propone para que la Gerencia de Logística realice la licitación nacional de la Prueba Inmunológica Fecal?,1 año,PLAN DE ABORDAJE INTEGRAL PARA EL_TAMIZAJE DE CÁNCER DE ESTÓMAGO Y_COLORRECTAL,34
161,short_answer,¿Cuál es el plazo máximo que se proṕme para que la Gerencia Médica y Administrativa definan la estructura organizacional del CNDTCG?,1 mes,PLAN DE ABORDAJE INTEGRAL PARA EL_TAMIZAJE DE CÁNCER DE ESTÓMAGO Y_COLORRECTAL,33
162,short_answer,¿Cuál es el impacto de muertes anuales a nivel nacional (con 10 años de evolución) sin un programa nacional?,234 muertes anuales,CREACIÓN UNIDAD_PROGRAMÁTICA DEL CENTRO NACIONAL DE DETECCIÓN TEMPRANA_DE CÁNCER,14
163,short_answer,¿Cuál es el plazo máximo propuesto para que la Dirección de Tecnologías de Información desarrolle e implemente las gestiones necesarias en el EDUS?,6 meses,PLAN DE ABORDAJE INTEGRAL PARA EL_TAMIZAJE DE CÁNCER DE ESTÓMAGO Y_COLORRECTAL,34
164,short_answer,¿Cuáles son las regiones DRIPSS en Costa Rica?,"Central Norte, Central Sur, Chorotega, Huetar Atlántica, Huetar Norte, Brunca y Pacífico Central",Plan de Abordaje Integral para el Tamizaje de Cáncer de Estómago y Colorrectal (2025-2029) Firmado 2 1,61
165,short_answer,"Según el análisis FODA del CNDTCG, ¿cuántas debilidades se identifican en el centro?",7 debilidades,Manual_Gestion_CNDTCG_V00,85
166,short_answer,¿Cuántas plazas de MQC2 se requieren para la implementación del SILC?,2 plazas MQC2 para proyectos especiales,Plan de Abordaje Integral para el Tamizaje de Cáncer de Estómago y Colorrectal (2025-2029) Firmado 2 1,105
167,short_answer,¿Cuál es el porcentaje de invitación para los programas de tamizaje?,40%,Plan de Abordaje Integral para el Tamizaje de Cáncer de Estómago y Colorrectal (2025-2029) Firmado 2 1,80
168,short_answer,¿Cuántas gastroscopías diarias por sala se establecen en la meta para tamizaje para cáncer gástrico?,12 gastroscopías diarias por sala,Plan de Abordaje Integral para el Tamizaje de Cáncer de Estómago y Colorrectal (2025-2029) Firmado 2 1,82
169,short_answer,¿Cuántas colonoscopías diarias por sala se establecen en la meta para tamizaje colorrectal?,12 colonoscopías diarias por sala,Plan de Abordaje Integral para el Tamizaje de Cáncer de Estómago y Colorrectal (2025-2029) Firmado 2 1,88
170,short_answer,¿Cuál es el costo estimado de una torre de endoscopia?,"₡102,322,211.",Plan de Abordaje Integral para el Tamizaje de Cáncer de Estómago y Colorrectal (2025-2029) Firmado 2 1,96
171,short_answer,¿Cuál puesto es el encargado de brindar apoyo clínico directo durante la realización de procedimientos endoscópicos diagnósticos y terapéuticos?,Médico General Asistente,Manual_Gestion_CNDTCG_V00,38
172,short_answer,¿Por qué el programa de tamizaje de cáncer gástrico busca identificar lesiones premalignas o malignas en etapas iniciales?,Tratamiento más efectivo y mayor posibilida de curación,Manual_Gestion_CNDTCG_V00,51
173,short_answer,¿Cuáles programas de tamizaje poblacional implementa el CNDTCG?,Taminzaje de cáncer gástrico y tamizaje de cáncer colorrectal,Manual_Gestion_CNDTCG_V00,50
174,short_answer,¿Cuál es la periodicidad del tamizaje para ambos tipos de cáncer?,"bienal, cada 2 años",Plan de Abordaje Integral para el Tamizaje de Cáncer de Estómago y Colorrectal (2025-2029) Firmado 2 1,80
175,short_answer,¿Cuál es el porcentaje de reducción de mortalidad proyectado con el programa nacional con 10 años de evolución?,35%,CREACIÓN UNIDAD_PROGRAMÁTICA DEL CENTRO NACIONAL DE DETECCIÓN TEMPRANA_DE CÁNCER,14
176,short_answer,¿Qué prueba inicial de tamizaje se utiliza para el cáncer de estómago?,SGD,PLAN DE ABORDAJE INTEGRAL PARA EL_TAMIZAJE DE CÁNCER DE ESTÓMAGO Y_COLORRECTAL,17
177,short_answer,¿Qué prueba inicial de tamizaje se utiliza para el cáncer colorrectal?,FIT,PLAN DE ABORDAJE INTEGRAL PARA EL_TAMIZAJE DE CÁNCER DE ESTÓMAGO Y_COLORRECTAL,17
178,short_answer,¿Qué profesional administra el medio de contraste y realiza las imágenes fluoroscópicas en la SGD?,Técnico en Imágenes Médicas / Imagenólogo,Manual_Gestion_CNDTCG_V00,36
179,short_answer,¿Qué profesional analiza las imágenes de la SGD para identificar anomalías?,Radiólogo,Manual_Gestion_CNDTCG_V00,33 y 34
180,short_answer,¿Qué profesional realiza la ejecución de procedimientos endoscópicos terapéuticos complejos?,Cirujano General Endoscopista,Manual_Gestion_CNDTCG_V00,31
181,short_answer,"¿Qué profesional está encargado de la preparación, verificación y mantenimiento del equipamiento endoscópico?",Técnico en Gastroenterología,Manual_Gestion_CNDTCG_V00,37
182,short_answer,¿Qué profesional analiza las biopsias para determinar si hay células cancerosas?,Patólogo,Plan de Abordaje Integral para el Tamizaje de Cáncer de Estómago y Colorrectal (2025-2029) Firmado 2 1,57
183,short_answer,¿En dónde se hace la prueba FIT y qué detecta?,Se hace en un laboratorio clínico para detectar sangre oculta en las heces,Plan de Abordaje Integral para el Tamizaje de Cáncer de Estómago y Colorrectal (2025-2029) Firmado 2 1,58
184,short_answer,¿Qué profesional desempeña un papel crucial en la realización y análisis de la prueba FIT?,Micróbiólogo y el personal de apoyo de laboratorios,Plan de Abordaje Integral para el Tamizaje de Cáncer de Estómago y Colorrectal (2025-2029) Firmado 2 1,58
185,short_answer,"¿Qué área funcional del CNDTCG es la responsable de la conducción estratégica, técnica y operativa?",Dirección General,Manual_Gestion_CNDTCG_V00,63
186,short_answer,¿Qué área funcional del CNDTCG establece coornidaciones técnicas para el Tamizaje de Cáncer Gástrico y Colorrectal?,Coordinaciones de Programa,Manual_Gestion_CNDTCG_V00,63
187,short_answer,"¿Qué programa está dirigido a personas con enfermedades como colecistitis, coledocolitiasis y colangitis?",Programas de Patología Biliar,Manual_Gestion_CNDTCG_V00,58
188,short_answer,¿En qué año fue adscrito formalmente el CNDTCG como servicio del Hospital Dr. Maximiliano Peralta Jiménez?,2008,Manual_Gestion_CNDTCG_V00,47
189,short_answer,¿Cuál es el alcance y campo de aplicación territorial del CNDTCG?,Nacional,Manual_Gestion_CNDTCG_V00,12
190,short_answer,¿En caso de una prueba SOHi positiva en qué plazo se debe realizar colonoscopia?,No mayor a seis meses,NORMA AT- CA- COLORRECTAL REV-15-06-2026,11
191,short_answer,¿En la prueba SOHi cuantitativa y automatizada cuán es el punto de corte?,100 ng/ml,NORMA AT- CA- COLORRECTAL REV-15-06-2026,11
192,short_answer,¿Cuáles tipos de prueba SOHi hay?,Cualitativa y Cuantitativa,NORMA AT- CA- COLORRECTAL REV-15-06-2026,8
193,short_answer,¿Qué tipo de cáncer corresponde al código C16 de la clasificación CIE-10?,Cáncer de estómago,Manual_Gestion_CNDTCG_V00,56
194,short_answer,¿Qué tipo de cáncer corresponde al código C18 de la clasificación CIE-10?,Cáncer de colon,Manual_Gestion_CNDTCG_V00,56
195,short_answer,¿De qué equipo para Colangiopancreatografía Retrógrada Endoscópica (CPRE) dispone el CNDTCG?,"Accesorios para drenaje biliar, esfinterotomías, extracción de cálculos y colocación de prótesis",Manual_Gestion_CNDTCG_V00,75
196,short_answer,¿Cuál módulo del ESUS permite conocer si a un paciente con un examen alterado le fue otorgada una endoscopía?,Sistema de Identificación Agendas y Citas (SIAC) ,Plan de Abordaje Integral para el Tamizaje de Cáncer de Estómago y Colorrectal (2025-2029) Firmado 2 1,105
197,short_answer,"¿Cuáles sistemas registrar, monitorear y analizar información clínica, administrativa y operativa para la toma de decisiones?","SIES, SIAC, ARCA, FileMaker, bases de datos internas",Manual_Gestion_CNDTCG_V00,81
198,short_answer,¿Qué demanda la técnica de ESD?,"Precisión quirúrgica, conocimientos endoscópicos avanzados y toma de decisiones clínicas",Manual_Gestion_CNDTCG_V00,17
199,short_answer,¿Qué tipo de apoyo brinda el médico general asistente durante los procedimientos?,Monitoreo de signos vitales y parámetros clínicos,Manual_Gestion_CNDTCG_V00,38
200,short_answer,¿Qué es la resección abdominoperineal?,"Cirugía para extirpar el ano, el recto y parte del colorrectal sigmoide",NORMA AT- CA- COLORRECTAL REV-15-06-2026,8
201,short_answer,¿Qué es la resección de metástasis?,Cirugía para extraer una o más metástasis,NORMA AT- CA- COLORRECTAL REV-15-06-2026,9
202,short_answer,¿Cuál es el tiempo de retirada mínimo recomendado en una colonoscopia de calidad?,6 minutos,NORMA AT- CA- COLORRECTAL REV-15-06-2026,12
203,short_answer,¿Qué tasa de intubación cecal se debe tomar en cuenta en el programa de tamizaje?,95%,NORMA AT- CA- COLORRECTAL REV-15-06-2026,11 y 12
204,short_answer,¿Cuál es la ADR recomendada en hombres para tamizaje de dos fases?,45%,NORMA AT- CA- COLORRECTAL REV-15-06-2026,11
205,short_answer,¿Cuál es la ADR recomendada en mujeres para tamizaje de dos fases?,35%,NORMA AT- CA- COLORRECTAL REV-15-06-2026,11
206,short_answer,¿Qué clasificación requiere magnificación y cromoendoscopia para caracterización de pólipos colorrectales?,KUDO,NORMA AT- CA- COLORRECTAL REV-15-06-2026,6
207,short_answer,¿Qué escala se puede utilizar para evaluar la calidad de la preparación intestinal?,Escala de Preparación Intestinal de Boston,NORMA AT- CA- COLORRECTAL REV-15-06-2026,12
208,short_answer,¿A qué edad se debe realizar tamizaje por colonoscopia directa si tiene parientes de primer grado con antecedentes de cáncer de colorrectal diagnosticado a los 50 años o menos?,40 años o 10 años antes del familiar afectado más joven,NORMA AT- CA- COLORRECTAL REV-15-06-2026,16
209,short_answer,¿Cuál es el plazo máximo para la entrega de resultados de biopsia tras una colonoscopia con neoplasia?,30 días naturales,NORMA AT- CA- COLORRECTAL REV-15-06-2026,18
210,short_answer,¿Qué tipo de tomografía se debe realizar para estadificación del cáncer colorrectal?,Tomografía tóracoabdominopélvica con medio de contraste,NORMA AT- CA- COLORRECTAL REV-15-06-2026,18
211,short_answer,¿Qué estudios se requieren adicionalmente para el estadiaje del cáncer de recto?,Ultrasonido endoscópico o Resonancia Magnética Nuclear,NORMA AT- CA- COLORRECTAL REV-15-06-2026,18
212,short_answer,¿Cuál es el ahorro económico anual proyectado en colones si se tiene el programa propuesto a nivel nacional con 10 años de evolución?,"₡3,563,250,779",CREACIÓN UNIDAD_PROGRAMÁTICA DEL CENTRO NACIONAL DE DETECCIÓN TEMPRANA_DE CÁNCER,14
213,short_answer,¿Cuántas muertes se proyectan evitar por año si se tiene el programa propuesto a nivel nacional con 10 años de evolución?,82 muertes,CREACIÓN UNIDAD_PROGRAMÁTICA DEL CENTRO NACIONAL DE DETECCIÓN TEMPRANA_DE CÁNCER,14
214,short_answer,¿Cuál es el porcentaje del costo de atención de lesiones precancerosas  respecto a cáncer avanzado?,3%,CREACIÓN UNIDAD_PROGRAMÁTICA DEL CENTRO NACIONAL DE DETECCIÓN TEMPRANA_DE CÁNCER,10
215,short_answer,¿Qué porcentaje de detección de cáncer temprano se espera con el programa a nivel nacional con 10 años de evolución?,40% a 50%,CREACIÓN UNIDAD_PROGRAMÁTICA DEL CENTRO NACIONAL DE DETECCIÓN TEMPRANA_DE CÁNCER,9
216,short_answer,¿Cuál es el porcentaje del costo de la detección de un cáncer temprano frente a un cáncer avanzado?,8%,CREACIÓN UNIDAD_PROGRAMÁTICA DEL CENTRO NACIONAL DE DETECCIÓN TEMPRANA_DE CÁNCER,10
217,short_answer,"¿Cuál profesional es el responsable de la preparación del paciente, el acompañamiento durante procedimientos diagnósticos o terapéuticos y la vigilancia clínica?",Enfermero(a) Profesional,Manual_Gestion_CNDTCG_V00,39 y 40
218,short_answer,¿Cuál es el rol del Dr. Marvin Yglesias Rosales en el CNDTCG?,Responsable de la Dirección General,Manual_Gestion_CNDTCG_V00,83
219,short_answer,¿A quién se debe contactar para consultas sobre rutas clínicas y protocolos de tamizaje?,Dra. Rosalyn Vargas Barquero,Manual_Gestion_CNDTCG_V00,83
220,short_answer,¿Para qué están equipadas las salas de endoscopía alta y baja?,"Procedimientos diagnósticos y terapéuticos, como ESD, CPRE y control endoscópico",Manual_Gestion_CNDTCG_V00,76
221,open_ended,"Explique el impacto social y epidemiológico que se proyecta lograr a nivel nacional en un período de 10 años con la implementación del Programa Nacional del CNDTCG, contrastando el escenario con y sin programa.","Sin programa nacional, es decir evolución natura, se mantendrá una mortalidad de 234 defunciones anuales. Con el programa nacional propuesto se proyecta una reducción del 35% en la mortalidad de la población objetivo y se alcanzará la detección de 40% a 50% de los casos de cáncer en etapa temprana. ",CREACIÓN UNIDAD_PROGRAMÁTICA DEL CENTRO NACIONAL DE DETECCIÓN TEMPRANA_DE CÁNCER,9
222,open_ended,"Analice las limitaciones y riesgos de seguridad informática relacionados con la privacidad de datos sensibles de los pacientes bajo el sistema EDUS, de acuerdo con la legislación costarricense (Ley del EDUS y Ley 8968) citada en los documentos.","El artículo 11 de la Ley del EDUS clasifica toda su información como privada y sensible, exigiendo secreto profesional continuo (reglado con sanciones administrativas, civiles y penales). El EDUS no fue estructurado originalmente para la gestión de programas de tamizaje. Se señala el antecedente del ataque cibernético a la CCSS en 2022. El manejo masivo de datos de localización para la captación representa un riesgo de seguridad de la información si no se aplican controles rigurosos de perfilamiento y gestión de accesos.",Plan de Abordaje Integral para el Tamizaje de Cáncer de Estómago y Colorrectal (2025-2029) Firmado 2 1,164 y 165
223,open_ended,"Describa los principales componentes de la ruta de atención clínica y coordinación funcional en red de servicios de salud que se requiere entre el primer, segundo y tercer nivel de atención para el Programa de Tamizaje de Cáncer Colorrectal.","Primer nivel: Captación estructurada de la población objetivo (50 a 74 años asintomática), organización y programación de las personas usuarias a los laboratorios para la prueba FIT.
Segundo nivel: procesamiento de muestras biológicas, identificar personas usuarias con pruebas FIT positivas, coordinación con hospitales en casos de pruebas alteradas, seguimiento del estadiaje clínico e intervenciones quirúrgicas.
Tercer nivel: Atención clínica y quirúrgica especializada de alta complejidad (como Resección Submucosa Endoscópica - ESD), estadiaje avanzado, supervisión de referencias/contrarreferencias, asistencia técnica y evaluación continua del programa a nivel nacional.",Manual_Gestion_CNDTCG_V00,72 a 69
224,open_ended,Explique cuáles son las principales etapas del Plan de Abordaje Integral para el Tamizaje de Cáncer de Estómago y Colorrectal y qué actividades clave se contemplan en cada una de ellas.,"Etapa I (2024–2025): Elaboración de la normativa institucional, mecanismos de acceso en el EDUS a datos de población, FIT y biopsias, captación/invitación de participantes, capacitación en endoscopia de tamizaje y convenio CNDTCG-CICICA.
Etapa II (2025–2026): Diseño de indicadores de gestión, implementación nacional del FIT cuantitativo, campañas de comunicación/sensibilización, despliegue del SILC, y planes de formación, equipamiento, infraestructura e investigación en salud.
Etapa III (2026–2028): Interoperabilidad en EDUS, análisis de desafíos operativos, implementación de modelos predictivos con inteligencia artificial para priorización, entrega de infraestructura/equipamiento y puesta en marcha de programas de tamizaje.
Etapa IV (2028–2029): Evaluación integral del plan por la Auditoría Interna y ejecución de ajustes correspondientes.",Plan de Abordaje Integral para el Tamizaje de Cáncer de Estómago y Colorrectal (2025-2029) Firmado 2 1,110 a 115
225,open_ended,Explique cuáles son las principales limitaciones que enfrenta el plan en cuanto a la disponibilidad de información sobre la capacidad instalada y los datos clínicos necesarios.,"Capacidad instalada: Los recursos actuales (personal, equipamiento e infraestructura) están dedicados a atenciones diagnósticas y terapéuticas ordinarias, lo que dificulta determinar la capacidad adicional disponible para absorber la nueva demanda del tamizaje.
Datos clínicos faltantes: No se dispone de datos sobre la cantidad de pacientes endoscópicos que requieren estudios complementarios (como ultrasonidos), vigilancia hemodinámica en gastroscopías, sedación especializada por anestesiología o requerimiento de biopsias, limitando el plan al cálculo de estudios básicos.
Falta de guías de seguimiento: Al no estar implementadas las guías de seguimiento endoscópico del Ministerio de Salud, no es posible estimar la demanda de procedimientos de control, afectando la determinación precisa de la capacidad instalada.",Plan de Abordaje Integral para el Tamizaje de Cáncer de Estómago y Colorrectal (2025-2029) Firmado 2 1,8 y 9
226,open_ended,"Explique cuáles son los alcances del plan en cuanto a las pruebas de tamizaje, los procedimientos endoscópicos derivados y el rol del CNDTCG en la coordinación del proceso.","Pruebas de tamizaje: Incrementar la disponibilidad nacional de la Serie Gastroduodenal (SGD) para cáncer gástrico y la prueba inmunoquímica fecal (FIT) para cáncer de colon y recto, dirigidas a la población adscrita de 50 a 74 años.
Procedimientos endoscópicos derivados: Los casos con pruebas alteradas se someterán a gastroscopia (diagnóstico de cáncer gástrico) o colonoscopia (diagnóstico de cáncer de colon y recto) para confirmación y tratamiento oportuno.
Rol del CNDTCG: Articular y coordinar a todos los actores involucrados en los programas de tamizaje, garantizando la derivación oportuna de pacientes con lesiones detectadas a los centros correspondientes para su atención integral y la gestión eficaz del proceso.",Plan de Abordaje Integral para el Tamizaje de Cáncer de Estómago y Colorrectal (2025-2029) Firmado 2 1,6 y 7
227,open_ended,Explique cuáles son los principales supuestos que se consideran esenciales para la implementación exitosa del plan.,"Recursos y talento humano: Disponibilidad de financiamiento, infraestructura y equipos, así como capacitación continua y retención de médicos especialistas y personal técnico.
Sistemas de información y datos: Implementación efectiva de un sistema de información integrado (EDUS) interoperable y disponibilidad de datos epidemiológicos precisos y actualizados.
Coordinación y marco institucional: Fuerte apoyo político y normativo, colaboración intergerencial e interinstitucional, y gestión eficiente liderada por el CNDTCG.
Acceso y participación: Participación activa de la comunidad, acceso equitativo a los servicios de salud en todas las regiones y aseguramiento de los participantes.
Sostenibilidad e innovación: Evaluación y monitoreo continuo, sostenibilidad a largo plazo y adaptabilidad a innovaciones tecnológicas y científicas.",Plan de Abordaje Integral para el Tamizaje de Cáncer de Estómago y Colorrectal (2025-2029) Firmado 2 1,10 a 12
228,open_ended,"Explique cómo se comportó la incidencia nacional de los cánceres de estómago, colon y recto en Costa Rica durante el periodo 2017-2022, y qué diferencias se observan entre sexos.","Durante el periodo 2017-2022, la incidencia total combinada de cáncer de estómago, colon y recto mostró una leve tendencia decreciente, pasando de 30,60 a 27,41 casos por 100.000 habitantes. Por tipo de cáncer:
- Estómago: Mantuvo estabilidad (12–13 casos por 100.000), disminuyendo hacia 2022.
- Colon: Presentó estabilidad, fluctuando entre 11 y 12 casos por 100.000.
- Recto: Permaneció constante (6–7 casos por 100.000).
Diferencias por sexo: La incidencia combinada fue consistentemente mayor en hombres (promedio de 32,62 por 100.000) que en mujeres (promedio de 27,16 por 100.000). Los hombres registraron mayor incidencia en cáncer de estómago (13,98 vs. 9,31) y de recto (6,98 vs. 5,12). En contraste, la incidencia de cáncer de colon fue levemente superior en mujeres (12,73 vs. 11,66).",Plan de Abordaje Integral para el Tamizaje de Cáncer de Estómago y Colorrectal (2025-2029) Firmado 2 1,16 a 18
229,open_ended,"Con base en el análisis de incidencia por grupo etario presentado en el Plan de Abordaje Integral, explique cómo varía la incidencia combinada de cáncer de estómago, colon y recto según los grupos de edad, y qué implicaciones tiene esto para los programas de tamizaje.","La incidencia combinada de cáncer de estómago, colon y recto muestra un incremento exponencial conforme aumenta la edad. Se mantiene baja en grupos jóvenes, pero se eleva notablemente a partir de los 50 años: 41,74 casos por 100.000 habitantes en el grupo de 50–54 años, 63,46 en 55–59, 91,18 en 60–64, 133,15 en 65–69, 181,71 en 70–74, y alcanza su máximo en el grupo de 75 años y más con 229,46.
Implicaciones: Esta concentración del riesgo fundamenta la delimitación de la población objetivo de los programas de tamizaje al rango de 50 a 74 años. Asimismo, subraya la necesidad urgente de priorizar la captación e intervención oportuna en los segmentos de mayor edad.",Plan de Abordaje Integral para el Tamizaje de Cáncer de Estómago y Colorrectal (2025-2029) Firmado 2 1,16 a 21
230,open_ended,¿Por qué se combinan los cánceres de colon y recto en el análisis de incidencia para el tamizaje?,"Los cánceres de colon y de recto se combinan en el análisis de incidencia para el tamizaje debido a que el modelo de tamizaje es idéntico para ambos tipos de cáncer, utilizando la prueba FIT (Test Inmunológico Fecal). Esta unificación resulta práctica y relevante porque los programas de tamizaje y las estrategias de intervención son idénticos para ambas neoplasias, a diferencia del cáncer de estómago, que se tamiza mediante la Serie Gastroduodenal (SGD) y requiere una metodología distinta.",Plan de Abordaje Integral para el Tamizaje de Cáncer de Estómago y Colorrectal (2025-2029) Firmado 2 1,26
231,open_ended,"Con base en el análisis de mortalidad del Plan de Abordaje Integral, explique por qué la mortalidad del cáncer de estómago es proporcionalmente más alta que la de los cánceres colorrectales, a pesar de que su incidencia es menor.","Aunque la incidencia del cáncer colorrectal es mayor que la del cáncer de estómago, la mortalidad del cáncer de estómago es proporcionalmente más alta (12,68 muertes por 100.000 habitantes frente a 9,28 en colon y 3,25 en recto).
Esta mayor tasa proporcional de mortalidad sugiere que el cáncer de estómago es una enfermedad potencialmente más letal o que suele diagnosticarse en etapas más avanzadas en comparación con los cánceres colorrectales.",Plan de Abordaje Integral para el Tamizaje de Cáncer de Estómago y Colorrectal (2025-2029) Firmado 2 1,29 y 28
232,open_ended,"Con base en el análisis del Plan de Abordaje Integral, explique la relación entre el aumento de la esperanza de vida en Costa Rica y la incidencia del cáncer, y qué implicaciones tiene esto para los programas de tamizaje.","Dado que la incidencia de cáncer de estómago, colon y recto está estrechamente ligada a la edad, la mayor longevidad brinda más oportunidades para llegar a edades en donde el riesgo de desarrollar cáncer es más alto.
Implicaciones para el tamizaje: El incremento de población en edades de mayor riesgo hace indispensables los programas organizados de detección temprana (como la prueba FIT y la Serie Gastroduodenal) ya que pueden mejorar significativamente la detección temprana y, por ende, las tases de supervivencia.",Plan de Abordaje Integral para el Tamizaje de Cáncer de Estómago y Colorrectal (2025-2029) Firmado 2 1,36 y 37
233,open_ended,"Explique qué significa que ""mueren más hombres por estos tipos de cáncer, no obstante, mueren de forma más prematura las mujeres"".","Aunque el volumen total y la tasa de mortalidad por cáncer de estómago, colon y recto son mayores en los hombres (fallecen más hombres en términos absolutos), las mujeres que mueren por estas neoplasias lo hacen a edades más jóvenes en comparación con la edad de referencia.
Estadísticamente, la media de Años de Vida Potencialmente Perdidos (YPLL) por fallecimiento es mayor en las mujeres (16.49 años) que en los hombres (14.10 años). Esto demuestra que, cuando una mujer muere por estos tipos de cáncer, pierde en promedio más años de vida que un hombre.",Plan de Abordaje Integral para el Tamizaje de Cáncer de Estómago y Colorrectal (2025-2029) Firmado 2 1,40
234,open_ended,"Explique cómo el desplazamiento de la pirámide poblacional hacia grupos de mayor edad afecta la epidemiología del cáncer gástrico y colorrectal, y qué implicaciones tiene para la planificación de salud pública.","El desplazamiento de la pirámide poblacional hacia edades más avanzadas afecta la epidemiología y la planificación de la siguiente manera:
Efectos epidemiológicos: Dado que el riesgo y la prevalencia del cáncer gástrico y colorrectal aumentan con la edad, el envejecimiento de la población genera un incremento directo en el número absoluto de casos nuevos (incidencia) y en la mortalidad por estas neoplasias.
Implicaciones para la planificación en salud pública:
        - Crecimiento de la población objetivo (50 a 74 años), la cual pasará de aproximadamente 1 millón en 2025 a 1,4 millones en 2034.
        - Necesidad de expandir y adaptar la capacidad instalada para satisfacer la creciente demanda.",Plan de Abordaje Integral para el Tamizaje de Cáncer de Estómago y Colorrectal (2025-2029) Firmado 2 1,48 a 52
235,open_ended,Explique por qué es relevante identificar los cantones coincidentes con altas incidencias en ambos tipos de cáncer (gástrico y colorrectal) y qué ventajas ofrece para la implementación de los programas de tamizaje.,"Eficiencia y optimización de recursos: Permite focalizar la inversión, el personal capacitado y la infraestructura médica en las zonas más vulnerables con mayor carga combinada de ambas neoplasias.
Programas integrados de tamizaje: Facilita el abordaje simultáneo de ambas enfermedades ya que la población objetivo es la misma para ambos programas de tamizaje.
Asignación precisa: Permite una mejor asignación de recursos y un enfoque más preciso en áreas con mayor necesidad de intervención",Plan de Abordaje Integral para el Tamizaje de Cáncer de Estómago y Colorrectal (2025-2029) Firmado 2 1,52 y 53
236,open_ended,"Explica la el estado nacional en cuanto a incidencia y mortalidad del cáncer, y menciona los cantones más vulnerables.","En Costa Rica (2017-2022), la incidencia media nacional por cada 100.000 habitantes es de 11,66 para el cáncer de estómago y de 18,25 para el cáncer colorrectal, alcanzando una tasa combinada de 29,91. Por su parte, la mortalidad nacional combinada es de 25,21 por 100.000 habitantes, siendo el cáncer de estómago el más letal (12,68), seguido del cáncer de colon (9,28) y recto (3,25).
Los cantones más vulnerables por mayor incidencia combinada son San José (63,31), Tilarán (56,14), San Isidro (51,95), Pérez Zeledón (49,30), Bagaces (43,84) y Coto Brus (43,33). En mortalidad combinada destacan San Mateo (44,58), Acosta (36,54), Cartago (35,08), Osa (34,90) y Escazú (34,20), mientras que Dota registra la mayor mortalidad por cáncer gástrico (23,14)",Plan de Abordaje Integral para el Tamizaje de Cáncer de Estómago y Colorrectal (2025-2029) Firmado 2 1,"18, 24, 29, 33, 34"
237,open_ended,"Con base en el inventario de recursos de fluoroscopia, explique la distribución de los recursos humanos y tecnológicos según las DRIPSS y qué implicaciones tiene esta distribución para la implementación del tamizaje de cáncer gástrico.","Según las DRIPSS, existe una distribución desigual de recursos:
Recursos humanos: Hay 384 personas en imagenología, pero solo 139 capacitadas en Serie Gastroduodenal. Hay 98,5 radiólogos capacitados en SGD.
Recursos tecnológicos: Existen 19 salas de fluoroscopia.
Implicaciones: La disparidad geográfica y la limitada capacitación técnica en SGD (solo 36% del personal de imagenología) comprometen el acceso equitativo. Además, casi todos estos recursos están destinados al diagnóstico asistencial y enfrentan listas de espera, lo que limita seriamente su uso actual para tamizaje gástrico y demanda la expansión de infraestructura.",Plan de Abordaje Integral para el Tamizaje de Cáncer de Estómago y Colorrectal (2025-2029) Firmado 2 1,63 y 66
238,open_ended,explique por qué la red de laboratorios clínicos representa una fortaleza para el programa de tamizaje de cáncer colorrectal y qué diferencia existe entre la prueba de sangre oculta en heces cualitativa y la cuantitativa.,"La red de laboratorios clínicos representa una fortaleza estratégica porque la CCSS cuenta con 110 laboratorios distribuidos en todo el país, lo que brinda una infraestructura robusta para implementar la prueba de sangre oculta en heces (FIT) a nivel nacional.
Respecto a las diferencias:
Prueba cualitativa: Está disponible en todos los laboratorios de la red mediante compra centralizada y distribución de la Gerencia de Logística, siendo una alternativa de implementación con resultados digitales homologados.
Prueba cuantitativa: Solo está disponible en dos laboratorios. Requiere equipos automatizados que otorgan un resultado cuantificable para medir frente a un punto de corte de positividad, exigiendo una compra nacional y una red centralizada para su uso masivo, por lo que no es viable a corto plazo.",Plan de Abordaje Integral para el Tamizaje de Cáncer de Estómago y Colorrectal (2025-2029) Firmado 2 1,67 a 69
239,open_ended,Explique la situación actual de los recursos humanos para endoscopia en la CCSS y qué oportunidad de mejora se identifica.,"La CCSS dispone de 87 endoscopistas capacitados para la detección temprana de cáncer (tasa de 1,70 por 100.000 hab.):
Gastroenterólogos: 63,5 en total, de los cuales el 88% (56) está capacitado.
Cirujanos generales: 139 en total, pero solo el 22% (31) cuenta con dicha capacitación.
Técnicos en gastroenterología: 45,5 a nivel nacional; en centros donde faltan, el personal de enfermería asume sus funciones.
Salvo los del CNDTCG, este personal está dedicado casi en su totalidad al diagnóstico y no a programas de tamizaje.
Oportunidad de mejora: La baja proporción de cirujanos generales capacitados (22%) representa la principal brecha y la mayor oportunidad para fortalecer la formación continua e incrementar la capacidad nacional de detección temprana.",Plan de Abordaje Integral para el Tamizaje de Cáncer de Estómago y Colorrectal (2025-2029) Firmado 2 1,70 a 72
240,open_ended,"Explique cómo se identifica la demanda para los programas de tamizaje de cáncer gástrico y colorrectal, y qué criterio se utiliza para priorizar los cantones.","La demanda para los programas de tamizaje corresponde a la población objetivo (personas entre 50 y 74 años).
El criterio para priorizar los cantones consiste en seleccionar aquellos cuya tasa de incidencia media (2017-2022) se ubica por encima de la media nacional respectiva:
Cáncer gástrico: Se priorizan 35 cantones con una tasa de incidencia superior a la media nacional de 11,66 por 100.000 habitantes.
Cáncer colorrectal: Se priorizan 36 cantones con una tasa de incidencia superior a la media nacional de 18,25 por 100.000 habitantes.
",Plan de Abordaje Integral para el Tamizaje de Cáncer de Estómago y Colorrectal (2025-2029) Firmado 2 1,76
241,open_ended,"Con base en los criterios para la cobertura establecidos en el Plan de Abordaje Integral, explique cuáles son las metas para los programas de tamizaje de cáncer gástrico y colorrectal, y qué porcentaje de endoscopias se estima para cada tipo de cáncer.","Las metas de cobertura establecidas para los programas de tamizaje de cáncer gástrico y colorrectal son:
Porcentaje de invitación: 40% de la población objetivo para ambos tipos de cáncer.
Porcentaje de tamizaje: 65% de la población invitada participando en el programa.
Periodicidad: Bienal (aplicado cada dos años).

En cuanto a las endoscopias estimadas sobre la población tamizada:
Cáncer gástrico: Se estima que un 15% requerirá gastroscopia, derivado de las Series Gastroduodenales (SGD) alteradas.
Cáncer colorrectal: Se estima que un 12% requerirá colonoscopia, derivado de las pruebas de sangre oculta en heces (FIT) positivas.",Plan de Abordaje Integral para el Tamizaje de Cáncer de Estómago y Colorrectal (2025-2029) Firmado 2 1,80 y 81
242,open_ended,"explique cómo se calcula el número de salas de fluoroscopia necesarias para la cobertura del programa de tamizaje de cáncer gástrico, utilizando la ecuación E1, y qué implicación tiene el resultado obtenido.","El cálculo del número de salas teóricas de fluoroscopia ($EF$) se realiza mediante la ecuación E1:
$$EF = \frac{PO \cdot PI \cdot PP}{PS \cdot DH}$$
PO: Población objetivo en el periodo.
PI: Porcentaje de invitación.
PP: Porcentaje de participación.
PS: Pacientes diarios por sala (20 pacientes/día).
DH: Días hábiles de funcionamiento al año.
Implicación: Al extrapolar este cálculo a nivel nacional para el año 2025, se requerirían aproximadamente 12 salas de fluoroscopia (y su respectivo personal de imagenología) funcionando a tiempo completo durante todo el año. La principal implicación es que este requerimiento no es factible en la práctica, ya que representa más del 60% de la disponibilidad nacional actual (19 salas existentes), las cuales hoy están destinadas casi en su totalidad a la atención asistencial y diagnóstica.",Plan de Abordaje Integral para el Tamizaje de Cáncer de Estómago y Colorrectal (2025-2029) Firmado 2 1,82 y 83
243,open_ended,explique la metodología utilizada para estimar los costos de atención según el tipo de lesión y qué conclusiones se desprenden de este análisis.,"La metodología (ejercicio del CNDTCG en 2019) consistió en:

Identificar las atenciones aplicadas a cada tipo de lesión en un horizonte de 5 años.
Estimar la frecuencia más probable de cada atención.
Asignar costos según el modelo tarifario de la CCSS.
Identificar el tipo de medicamento oncológico, frecuencia y costo para cada tipo de cáncer.
Calcular el costo total acumulado para cada tipo de lesión de los tipos de cáncer.

Conclusiones: Atender lesiones en etapas tempranas o premalignas es drásticamente menos costoso que en etapas avanzadas. La atención preventiva/temprana representa entre el 3,0% y 9,0% del costo de un cáncer avanzado en colon y recto, y entre el 8,3% y 23,3% en cáncer gástrico. Esto demuestra que la detección temprana optimiza el uso de los recursos institucionales y reduce significativamente la carga económica y social del cáncer.",Plan de Abordaje Integral para el Tamizaje de Cáncer de Estómago y Colorrectal (2025-2029) Firmado 2 1,93 a 95
244,open_ended,"explique las condiciones especiales que deben cumplirse para garantizar la captación y el seguimiento efectivo de los pacientes en los programas de tamizaje, incluyendo los desafíos que enfrenta el proceso.","Para garantizar la captación y el seguimiento efectivo de los pacientes se requiere:

Captación: Acceso a datos de adscripción (cumpliendo la Ley 8968), invitación telefónica estructurada liderada por el CNDTCG mediante personal especializado y herramientas informáticas.
Seguimiento y trazabilidad: Adaptación del EDUS para permitir acceso centralizado e interoperable a imágenes de SGD, resultados de FIT (mediante la implementación del SILC), agendamiento de citas en SIAC (para controlar ausentismo) y biopsias en ARCA-Patología.

Desafíos del proceso:

Tecnológicos: El EDUS no fue diseñado para tamizaje, existe baja cobertura actual del SILC (16%) y falta personal técnico para soporte 24/7.
Operativos: Se debe contactar al menos al triple de personas respecto a la meta por baja localización o falta de respuesta.
Normativos: Ausencia de normativa institucional obligatoria entre niveles de atención.",Plan de Abordaje Integral para el Tamizaje de Cáncer de Estómago y Colorrectal (2025-2029) Firmado 2 1,101 a 107
245,open_ended,explique qué papel juega la normativa institucional en el este proceso para garantizar el seguimiento a los pacientes.,"La normativa institucional resulta indispensable al definir reglas y responsabilidades claras que obliguen ineludiblemente a los distintos niveles de atención (laboratorios, radiología y gastroenterología) a participar en el proceso, eliminando la cobertura desigual e inconsistente derivada de la falta de una norma obligatoria específica. Una normativa clara y específica debería incluir directrices detalladas sobre la función y participación de cada unidad en el proceso de tamizaje.",Plan de Abordaje Integral para el Tamizaje de Cáncer de Estómago y Colorrectal (2025-2029) Firmado 2 1,106 y 107
246,open_ended,"explique la importancia de la colaboración con la academia (UCR/CICICA y TEC) para los programas de tamizaje, y qué implicaciones tiene la desvinculación administrativa del CNDTCG del Hospital Max Peralta.","La colaboración académica fortalece los programas de tamizaje:

UCR/CICICA: Aporta dos salas de endoscopía e integra Inteligencia Artificial para priorizar la lectura de Series Gastroduodenales (SGD) alteradas.
TEC: Desarrolla modelos predictivos de riesgo, optimiza procesos y define requerimientos en el EDUS para mejorar el flujo de información y la gobernanza.

La desvinculación del Hospital Max Peralta (HMP) implica gestionar un proceso ordenado de coexistencia. Tras 29 años de codependencia, el CNDTCG posee su propia Unidad Programática, pero aún carece de la estructura administrativa para asumir de forma independiente recursos financieros, talento humano, soporte de TIC, mantenimiento y servicios clínicos compartidos.",Plan de Abordaje Integral para el Tamizaje de Cáncer de Estómago y Colorrectal (2025-2029) Firmado 2 1,108 a 110
247,open_ended,"explique la metodología utilizada para evaluar los riesgos, identifique cuáles son los riesgos con valoración más alta y mencione las medidas mitigantes propuestas para los más críticos.","La metodología evalúa cada riesgo multiplicando la Probabilidad (1 a 5) por el Impacto (1 a 5). La valoración se clasifica en: Bajo (5 o menos), Moderado (6 a 10), Alto (11 a 15) y Muy Alto (más de 15).Los riesgos con valoración más alta (Muy Alto: 20 y 16) son:
Normativa (20)
Formación y Dotación de Especialistas y Personal Técnico (20)
Disponibilidad y Adquisición de Equipamiento Médico (20)
Acceso Equitativo a los Servicios de Salud (20)
Disponibilidad de Datos Precisos y Actualizados (16)

Medidas mitigantes para los más críticos:
Normativa: Gestión de apoyo político e involucramiento de actores clave.
Formación/Dotación: Alinear la formación y asignación de especialistas según las zonas de mayor incidencia.
Equipamiento: Contratos de mantenimiento, actualización regular de equipos y reservas de emergencia.
Acceso Equitativo: Distribución adecuada de recursos e infraestructura en regiones necesitadas.
Datos: Sistemas de recolección y actualización continua de información.",Plan de Abordaje Integral para el Tamizaje de Cáncer de Estómago y Colorrectal (2025-2029) Firmado 2 1,116
248,open_ended,"explique cuáles son las principales áreas críticas identificadas que deben ser abordadas para mejorar la prevención, detección temprana, tratamiento y seguimiento del cáncer gástrico y colorrectal en Costa Rica.","Las principales áreas críticas identificadas son:

Alta incidencia y mortalidad: Elevadas tasas nacionales que exigen intervenciones prioritarias.
Desigualdades geográficas: Concentración de la carga de enfermedad en provincias como San José, Cartago, Heredia y Alajuela.
Limitaciones de recursos: Escasez y distribución desigual de recursos humanos y tecnológicos, especialmente en radiología y endoscopia.
Trazabilidad y seguimiento: Necesidad de adaptar e integrar el EDUS con SILC, SIAC y ARCA-Patología para el seguimiento continuo del paciente.
Ausencia de normativa: Falta de una norma institucional específica que obligue a los distintos niveles de atención a participar de forma ineludible.
Investigación en salud: Necesidad de fortalecer la Unidad de Investigación en Salud (UIS) para fundamentar las estrategias en evidencia.",Plan de Abordaje Integral para el Tamizaje de Cáncer de Estómago y Colorrectal (2025-2029) Firmado 2 1,119 y 120
249,open_ended,"explique cuáles son las principales sugerencias propuestas para fortalecer la implementación y efectividad del plan, más allá de las estrategias ya delineadas.","Las sugerencias adicionales para fortalecer el plan incluyen:

Tamizaje por EGD directa: Evaluar su viabilidad en zonas prioritarias con recursos disponibles.
Estandarización por edad: Ajustar las tasas epidemiológicas por edad para evitar sesgos demográficos al priorizar cantones.
Unidad móvil de endoscopía: Crear una unidad móvil (con dos salas) mediante alianzas público-privadas, operada por médicos en servicio social o contrato de retribución.
Red de voluntarios: Integrar estudiantes de áreas de la salud y miembros comunitarios para apoyo logístico y difusión.
Telemedicina: Implementar preconsultas y seguimiento en regiones alejadas.
Alianzas privadas e internacionales: Obtener financiamiento, equipamiento y transferencia de tecnología.
Educación preventiva: Promover estilos de vida saludables.",Plan de Abordaje Integral para el Tamizaje de Cáncer de Estómago y Colorrectal (2025-2029) Firmado 2 1,121 y 122
250,open_ended,Explique el proceso de tamizaje para el cáncer gástrico según el modelo del CNDTCG.,"El proceso de tamizaje de cáncer gástrico sigue las siguientes etapas:

Invitación: Se convoca a personas asintomáticas (50 a 74 años) de la población objetivo.
Serie Gastroduodenal (SGD): Estudio de fluoroscopia donde el imagenólogo aplica el contraste y el radiólogo interpreta las imágenes para detectar anomalías.
Gastroscopia: Si la SGD resulta alterada, el endoscopista (asistido por el técnico) realiza una gastroscopia para evaluar directamente el estómago.
Biopsia: De hallarse lesiones sospechosas, se toma una muestra de tejido para análisis por parte del patólogo.
Resolución: Si la biopsia resulta positiva para cáncer, el paciente se remite a tratamiento. Si los resultados son negativos o no requieren gastroscopia, el usuario reingresa al programa para futuros controles bienales.",Plan de Abordaje Integral para el Tamizaje de Cáncer de Estómago y Colorrectal (2025-2029) Firmado 2 1,56 y 57
251,open_ended,Describa el proceso de tamizaje para el cáncer colorrectal según el modelo del CNDTCG.,"El proceso de tamizaje para cáncer colorrectal sigue las siguientes etapas:

Invitación: Se convoca a personas asintomáticas (50 a 74 años) de la población objetivo.
Prueba FIT: El participante se realiza la prueba inmunoquímica fecal en un laboratorio clínico para detectar sangre oculta en heces, analizada por microbiólogos y personal técnico.
Colonoscopia: Si el resultado del FIT es positivo, un endoscopista (asistido por el técnico) realiza una colonoscopia para evaluar el colon y remover lesiones como adenomas.
Biopsia: De hallarse lesiones sospechosas de malignidad, se toma una muestra de tejido para análisis por parte del patólogo.
Resolución: Si la biopsia resulta positiva para cáncer, el paciente se remite a tratamiento (cirugía, quimioterapia, etc.). Si los resultados son negativos, el usuario reingresa al programa de tamizaje bienal.",Plan de Abordaje Integral para el Tamizaje de Cáncer de Estómago y Colorrectal (2025-2029) Firmado 2 1,58 y 59
252,open_ended,Explique la organización funcional del CNDTCG y sus principales áreas.,"La organización funcional del CNDTCG se estructura bajo un modelo programático e integrado con recursos compartidos y coordinación transversal. Sus principales áreas funcionales son:

Dirección General: Responsable de la conducción estratégica, técnica y operativa del centro.
Coordinaciones de Programa: Lideran la planificación y seguimiento técnico de líneas específicas (Tamizaje Gástrico y Colorrectal, Patología Biliar, Cirugía Percutánea, ESD, Ultrasonido Endoscópico, Cirugía Mayor y Endoscopía Diagnóstica/Terapéutica).
Área Clínica Asistencial: Ejecuta los procedimientos de tamizaje, diagnóstico, tratamiento y seguimiento (endoscopía alta/baja, consulta externa, sala de operaciones, recuperación, TAC y fluoroscopía).
Área de enfermería: brinda atención pre, intra y posterior al procedimiento apoyando los programas clínicos de forma transversal.
Área de Planificación, Investigación y Gestión de Datos: Integra Planificación y Mejora Continua, la Unidad de Investigación en Salud (UIS) y la Gestión de Bases de Datos.
Área Administrativa: Gestiona los recursos físicos, financieros, de talento humano y el soporte logístico.",Manual_Gestion_CNDTCG_V00,62 y 63
253,open_ended,Describa la metodología utilizada para la elaboración del Manual de Gestión del CNDTCG.,"La elaboración del manual se realizó según el Manual Metodológico para la Construcción de un Manual de Gestión en la Dirección de Desarrollo de Servicios de Salud, mediante un enfoque participativo y técnico que comprendió:

Revisión documental: Análisis de antecedentes, normativa, planes estratégicos y modelos de atención.
Análisis organizativo: Evaluación de áreas funcionales, programas clínicos y servicios de soporte.
Consulta con actores clave: Sesiones técnicas de trabajo con personal del CNDTCG y áreas relacionadas.
Síntesis y sistematización: Estructuración técnica de la información bajo los apartados institucionales requeridos.
Validación preliminar: Revisión por instancias responsables y equipos operativos.
Validación final: Consenso estructurado mediante el método DELPHI modificada con expertos institucionales para garantizar su solidez, pertinencia y aplicabilidad.",Manual_Gestion_CNDTCG_V00,8 y 9
254,open_ended,Explique el rol del CNDTCG como coordinador nacional de los programas de tamizaje.,"El CNDTCG actúa como el ente rector y articulador de los programas de tamizaje de cáncer gástrico y colorrectal a nivel nacional. Su rol como coordinador nacional implica:

Captación estructurada: Asumir directamente la invitación y convocatoria de la población objetivo (50 a 74 años) a través de la adscripción en el EDUS.
Coordinación de la red: Gestionar la disponibilidad de cupos con laboratorios clínicos (para pruebas FIT) y servicios de imagenología (para Series Gastroduodenales) en el primer y segundo nivel.
Seguimiento y trazabilidad: Monitorear activamente la lectura de imágenes, el agendamiento de endoscopías, los resultados de biopsias y la derivación a tratamiento quirúrgico u oncológico.
Estandarización y apoyo técnico: Definir rutas clínicas, protocolos estandarizados y brindar asistencia técnica a los establecimientos de la red de la CCSS para asegurar un acceso oportuno y equitativo.",Manual_Gestion_CNDTCG_V00,65 a 72
255,open_ended,Describa las funciones del área de Planificación y Mejora Continua en el CNDTCG.,"Planificación y seguimiento: Elaborar y actualizar el Plan Anual Operativo, establecer metas medibles y realizar el seguimiento sistemático de los indicadores clínicos y administrativos.
Gestión de la calidad: Liderar la mejora continua mediante el análisis de brechas, auditorías técnicas, evaluaciones internas y la formulación de acciones correctivas y preventivas.
Análisis avanzado de datos y costeo: Implementar herramientas de Big Data, Minería de Datos e Inteligencia de Negocios (BI) para orientar decisiones estratégicas, además de coordinar el costeo de servicios para evaluar la eficiencia y sostenibilidad económica.
Gestión de demanda y capacidad: Monitorear continuamente la demanda asistencial para formular requerimientos de talento humano, equipamiento e infraestructura, sirviendo como enlace técnico con instancias regionales y centrales de la CCSS.",Manual_Gestion_CNDTCG_V00,24 a 26
256,open_ended,Explique qué es la Reción Submucosa Endoscópica (ESD) y su importancia en el tratamiento del cáncer gastrointestinal.,"La Resección Submucosa Endoscópica (ESD) es una técnica endoscópica avanzada y de mínima invasión que permite resecar lesiones en bloque con precisión de margen y profundidad, especialmente en estómago y colon.
Su importancia radica en que ofrece una alternativa terapéutica  para tratar lesiones en etapa temprana que no pueden abordarse mediante polipectomía convencional. La ESD evita cirugías mayores invasivas, reduce los tiempos de recuperación, disminuye los costos de atención y mejora la calidad de vida de los pacientes.",Manual_Gestion_CNDTCG_V00,52 y 53
257,open_ended,Describa el Programa de Cirugía Percutánea y sus beneficios para los pacientes.,"El Programa de Cirugía Percutánea ofrece una alternativa terapéutica de mínima invasiónes. Utiliza técnicas quirúrgicas realizadas a través de pequeñas incisiones, guiadas por tecnologías de imagen como ecografía, tomografía axial computarizada (TAC) o fluoroscopía.
Entre los beneficios clave para los pacientes destacan:

Menor riesgo quirúrgico frente a la cirugía abierta convencional.
Reducción del tiempo de recuperación y estancias hospitalarias más cortas.
Menor impacto físico.",Manual_Gestion_CNDTCG_V00,54
258,open_ended,Explique la evolución histórica del CNDTCG.,"La evolución histórica del CNDTCG inició en 1995 como un proyecto piloto mediante un convenio de cooperación entre la CCSS, la Universidad de Costa Rica (UCR) y la Agencia Japonesa de Cooperación Internacional (JICA).
En 2008, se adscribió formalmente como un servicio hospitalario del Hospital Dr. Maximiliano Peralta Jiménez. En 2017, se avalaron programas técnicos clave como el Tamizaje de Cáncer Colorrectal, y entre 2019 y 2021 se implementaron mejoras organizativas e inició su traslado hacia la Dirección de Centros Especializados.
Finalmente, en marzo de 2024, la Junta Directiva de la CCSS aprobó oficialmente su creación como centro nacional especializado, otorgándole la Unidad Programática 2806 propia y definiendo su estructura funcional y operativa.",Manual_Gestion_CNDTCG_V00,47
259,open_ended,Describa los diagnósticos nosológicos que atiende el CNDTCG según la clasificación CIE-10.,"Según la clasificación CIE-10, los principales diagnósticos nosológicos que atiende el CNDTCG incluyen:

Tumores malignos: Estómago (C16.0–C16.9), colon (C18.0–C18.9), unión rectosigmoidea (C19) y recto (C20).
Lesiones precancerosas, benignas o neoplasias de comportamiento incierto: Lesiones gástricas precancerosas (D00.2), adenomas colorrectales avanzados (D12.6), pólipos gástricos (D13.1), tumores subepiteliales del tracto digestivo (D13.2) y sospecha de tumores pancreáticos (D13.6).
Patologías gástricas, hepáticas, biliares y digestivas: Gastritis crónica atrófica (K29.4), abscesos hepáticos (K75.0), coledocolitiasis (K80.5), colecistitis (K81.0), colangitis (K83.0) y sangrado digestivo (K92.2).
Complicaciones postoperatorias: Recurrencias postquirúrgicas digestivas (T81.4).",Manual_Gestion_CNDTCG_V00,56
260,open_ended,Explique el papel del ultrasonido endoscópico en el diagnóstico del cáncer gastrointestinal.,"El ultrasonido endoscópico es una herramienta diagnóstica y terapéutica de alta especialización que combina técnicas de alta resolución con acceso endoscópico interno. Permite evaluar lesiones del tracto gastrointestinal, estructuras perigestivas y sistema pancreatobiliar.",Manual_Gestion_CNDTCG_V00,59 y 60
261,open_ended,Describa el Programa de Patología Biliar y los procedimientos que incluye.,"El Programa de Patología Biliar del CNDTCG brinda un abordaje diagnóstico y terapéutico especializado, mediante técnicas mínimamente invasivas. Este programa es de alcance nacional y recibe referidos de todos los centros hospitalarios de la CCSS. Los pacientes son priorizados según criterios clínicos definidos, que incluyen sintomatología sugestiva, hallazgos incidentales en estudios de imagen, complicaciones biliares y necesidad de procedimientos terapéuticos especializados no disponibles en su hospital de origen.",Manual_Gestion_CNDTCG_V00,58
262,open_ended,Explique la relación del CNDTCG con el mapa de procesos institucional de la CCSS.,"Macroproceso Sustantivo de Atención de la Salud: Es su eje principal, participando en la promoción de la salud, prevención secundaria, recuperación y rehabilitación mediante programas de tamizaje, diagnóstico temprano, tratamiento quirúrgico y seguimiento clínico.
Macroprocesos Estratégicos: Se articula funcionalmente en gestión de la salud, planificación estratégica, aseguramiento de la calidad asistencial e investigación en salud.
Macroprocesos de Apoyo: Se apoya en ellos para su operación en gestión de talento humano, abastecimiento de insumos y materiales, mantenimiento de infraestructura, soporte tecnológico e informático, y gestión administrativa y financiera.",Manual_Gestion_CNDTCG_V00,61 y 62
263,open_ended,Describa la oferta de servicios del CNDTCG más allá de los programas de tamizaje.,"Más allá de los programas de tamizaje, la oferta de servicios del CNDTCG abarca líneas clínicas, quirúrgicas, diagnósticas, docentes y de investigación especializada:

Patología Biliar: Abordaje integral mediante una combinación de herramientas clínicas, diagnósticas, quirúrgicas y endoscópicas,
articuladas dentro del modelo de atención especializada del CNDTCG.
Resección Submucosa Endoscópica (ESD): Extirpación endoscópica en bloque de lesiones precancerosas y neoplasias superficiales gástricas y colorrectales.
Cirugía Mayor: Intervenciones quirúrgicas principalmente para perosnas con diagnóstico confirmado o alta sospecha de cáncer gástrico u otras patologías complejas.
Cirugía Percutánea: Procedimientos de mínima invasión guiados por TAC, ecografía o fluoroscopía para drenajes, biopsias y control de colecciones.
Ultrasonido Endoscópico: Evaluación diagnóstica y terapéutica que permite visualizar y evaluar en profundidad las capas de la pared gastrointestinal y las estructuras adyacentes desde el interior del tracto digestivo.
Endoscopía Diagnóstica y de Control: Gastroscopías y colonoscopías para confirmación diagnóstica, toma de biopsias y seguimiento de lesiones.",Manual_Gestion_CNDTCG_V00,50 a 55
264,open_ended,Explique el rol del Anestesiólogo en los procedimientos del CNDTCG.,"El Anestesiólogo en el CNDTCG es responsable de la evaluación preanestésica, administración y monitoreo de la anestesia en procedimientos de alta complejidad, como la Resección Submucosa Endoscópica (ESD), cirugía percutánea, cirugía mayor y CPRE. Su objetivo es garantizar la seguridad, estabilidad clínica y bienestar del paciente.
En procedimientos prolongados como la CPRE, desempeña un rol determinante en el manejo de la vía aérea, el control hemodinámico y la sedación sostenida. Además, supervisa la recuperación anestésica, gestiona el dolor postoperatorio inmediato y vela por la estabilidad del paciente al egreso.
También participa en la definición de protocolos anestésicos y criterios de seguridad, capacita al personal en sedación segura y contribuye en proyectos de investigación clínica sobre anestesia ambulatoria y recuperación acelerada.",Manual_Gestion_CNDTCG_V00,35 y 36
265,open_ended,Describa las funciones del Técnico en Técnico en Gastroenterología en el CNDTCG.,"Brinda soporte técnico especializado en procedimientos endoscópicos diagnósticos y terapéuticos en coordinación con el personal médico y de enfermería.

Sus funciones principales incluyen:
Preparación y mantenimiento: Verificación de equipos, accesorios y sistemas de video endoscópicos en óptimas condiciones.
Asistencia intraprocedimiento: Apoyo directo al endoscopista en el manejo de equipos, toma de muestras, succión, irrigación y uso de instrumentos auxiliares.
Bioseguridad: Limpieza, desinfección de alto nivel, resguardo y trazabilidad del instrumental según normas de control de infecciones.
Gestión técnica: Control de inventario de insumos, listas de verificación, mantenimiento preventivo y reporte de fallos o averías.
Atención al usuario: Orientación clara, respetuosa y centrada en el bienestar del paciente.",Manual_Gestion_CNDTCG_V00,37 y 38
266,open_ended,Explique el papel de la Unidad de Investigación en Salud (UIS) para el CNDTCG.,"La Unidad de Investigación en Salud (UIS) lidera el diseño, ejecución y gestión de procesos de investigación científica en el CNDTCG. Su papel principal es generar evidencia útil para fortalecer la toma de decisiones clínicas, administrativas y estratégicas, formulando investigación para los programas de tamizaje poblacional, la detección temprana, la eficiencia de recursos y los desenlaces clínicos del cáncer gastrointestinal.
Sus funciones clave incluyen:

Elaboración y gestión: Diseñar protocolos de investigación y gestionar avales éticos e institucionales.
Coordinación interinstitucional: Articular proyectos con servicios clínicos internos, universidades, centros de investigación y entidades financiadoras.
Desarrollo académico: Fomentar la cultura investigativa, la educación continua y la divulgación de resultados mediante publicaciones científicas.
Mejora continua: Colaborar con las áreas de Planificación y Mejora Continua para transformar datos en innovación y aprendizaje institucional.",Manual_Gestion_CNDTCG_V00,26
267,open_ended,Describa el equipamiento tecnológico con que cuenta el CNDTCG para sus procedimientos.,"Torres de endoscopía de alta definición para tracto digestivo alto y bajo, con visualización y grabación digital.
Equipamiento para Resección Submucosa Endoscópica (ESD): cuchillos endoscópicos, inyectores submucosos, clips hemostáticos y unidades electroquirúrgicas.
Equipo de Ultrasonido Endoscópico (USE) para estadificación loco-regional y evaluación de lesiones subepiteliales.
Equipo para CPRE: accesorios para drenaje biliar, esfinterotomías, extracción de cálculos y prótesis biliares.
Fluoroscopio de alta resolución y tomógrafo (TAC) para guía de CPRE, cirugía percutánea y estadificación oncológica.
Ultrasonido convencional para guía de procedimientos e imagenología.
Monitores multiparámetros, bombas de infusión y soporte para sedación/recuperación anestésica.
Instrumental quirúrgico especializado para laparotomía, laparoscopía y cirugía percutánea.
Equipos de apoyo en recuperación y anestesia.
Sistemas informáticos clínicos articulados con los sistemas institucionales como el EDUS.",Manual_Gestion_CNDTCG_V00,75 y 76
268,open_ended,Explique los indicadores de cobertura de población objetivo en los programas de tamizaje.,"El indicador de cobertura de población objetivo en los programas de tamizaje de cáncer gástrico y colorrectal mide el porcentaje de personas de 50 a 74 años tamizadas con respecto a la población estimada en ese grupo.
Fórmula: (Número de personas tamizadas / Población objetivo entre 50-74 años) × 100.
Periodicidad: Trimestral.
Fuentes de datos: SIAC / SIES / Plataforma de Tamizaje.
Responsables: Coordinación de Programa / Área de Planificación.",Manual_Gestion_CNDTCG_V00,77 y 78
269,open_ended,Describa la función del área de gestión de bases de datos en el CNDTCG.,"El área de Gestión de Bases de Datos en el CNDTCG es responsable del diseño, mantenimiento, consolidación y análisis de los sistemas de información que contienen los datos clínicos, administrativos y operativos del centro.

Sus funciones principales incluyen:
Crear y mantener bases de datos estructuradas para almacenar y procesar información de tamizaje, endoscopía, consulta externa, procedimientos quirúrgicos y seguimiento clínico.
Validar, depurar y actualizar los datos, asegurando el control de calidad.
Generar reportes e informes analíticos para la toma de decisiones estratégicas, evaluación de desempeño y monitoreo de indicadores clave.
Garantizar la seguridad, confidencialidad y resguardo de información sensible mediante controles de acceso y rutinas de respaldo.",Manual_Gestion_CNDTCG_V00,27 y 28
270,open_ended,Explique el análisis FODA del CNDTCG y sus principales hallazgos.,"El análisis FODA del CNDTCG evalúa los factores internos y externos del centro para orientar la planificación estratégica, la gestión de riesgos y la adaptación de su modelo de atención. Sus principales hallazgos incluyen:

Fortalezas: Centro especializado con alcance nacional autorizado por la CCSS, modelo clínico basado en tamizaje poblacional y atención resolutiva, personal altamente calificado, e integración con servicios de apoyo y evaluación.
Debilidades: Dependencia de infraestructura ajena, tiempos no estandarizados en procesos de referencia/contra-referencia y falta de sistematización uniforme de protocolos entre niveles.
Oportunidades: Inclusión en la Política Nacional de Cáncer, alianzas académicas para investigación, implementación de analítica avanzada e interés creciente en tamizaje poblacional.
Amenazas: Desigualdad regional en acceso, saturación de hospitales de referencia, limitaciones presupuestarias institucionales, resistencia al cambio y rotación de personal clave.",Manual_Gestion_CNDTCG_V00,85
271,open_ended,Describa cómo se realiza la captación de pacientes en los programas de tamizaje.,"La captación de pacientes la realiza de forma centralizada el CNDTCG sobre la población objetivo asintomática (de 50 a 74 años), utilizando los datos de adscripción del primer nivel de atención y respetando la normativa de protección de datos personales.
Se ejecuta mediante invitación telefónica personalizada y sistemática para convocar a los usuarios a realizarse las pruebas de tamizaje iniciales: la Serie Gastroduodenal (SGD) para cáncer gástrico o el Test Inmunológico Fecal (FIT) para cáncer colorrectal. Este proceso se repite de manera bienal. Debido a que se requiere contactar al menos al triple de personas proyectadas para alcanzar las metas y realizar múltiples reintentos de llamada, la captación utiliza herramientas informáticas y personal especializado.",Plan de Abordaje Integral para el Tamizaje de Cáncer de Estómago y Colorrectal (2025-2029) Firmado 2 1,101 y 102
272,open_ended,Explique el rol del médico general asistente en los procedimientos del CNDTCG.,"El médico general asistente en el CNDTCG brinda apoyo clínico directo en procedimientos endoscópicos (diagnósticos y terapéuticos) e intervenciones quirúrgicas (percutáneas y mayores).
Sus funciones principales comprenden:

Atención clínica: Evalúa la condición previa del paciente, verifica consentimientos informados, monitorea signos vitales y parámetros clínicos, está capacitado para manejar la sedación profunda por vía aérea y vigila la recuperación postoperatoria inmediata.
Asistencia quirúrgica: Colabora directamente en las etapas del acto operatorio mediante exposición quirúrgica, manejo de instrumental y hemostasia básica.
Gestión administrativa y operativa: Coordina la programación y agendas de TAC (midiendo ausentismo y suspensiones), gestiona el flujo y seguimiento de biopsias, y actúa como gestor y evaluador de referencias clínicas.",Manual_Gestion_CNDTCG_V00,38 y 39
273,open_ended,Describa los sistemas de información institucionales que utiliza el CNDTCG.,"EDUS (Expediente Digital Único en Salud): Registro clínico oficial para la atención de pacientes y la trazabilidad del proceso asistencial.
SIAC (Sistema Integrado de Adscripción, Agendas y Citas): Módulo del EDUS utilizado para verificar la adscripción de la población, gestionar citas/procedimientos y medir el ausentismo.
SIES: Plataforma para la consolidación de información clínica, seguimiento de usuarios y evaluación de indicadores.
ARCA (ARCA-Patología): Sistema para consultar y monitorear masivamente los resultados de biopsias.
SILC (Sistema de Información de Laboratorios Clínicos): Plataforma para integrar y consultar resultados de laboratorio, como las pruebas FIT.
Sistemas de Imagenología y Bases Internas (FileMaker/bases estructuradas): Para el seguimiento de estudios de imagen (SGD/TAC) y análisis analítico especializado.",Manual_Gestion_CNDTCG_V00,81
274,open_ended,Explique las herramientas de aplicabilidad del Manual de Gestión del CNDTCG.,"Protocolos y procedimientos normalizados: Instrucciones técnicas detalladas que estandarizan las tareas clínicas y administrativas.
Documentos técnicos normativos complementarios: Guías y manuales de procedimientos para operacionalizar y replicar el modelo de atención.
Sistemas de información institucionales: Plataformas (SIES, SIAC, ARCA, FileMaker) para registro, monitoreo, trazabilidad y análisis de datos.
Matrices de indicadores e instrumentos de evaluación: Mecanismos para el control de gestión y auditoría clínica continua.
Instancias de coordinación y supervisión: Comités técnicos y reuniones multidisciplinarias para ajuste y retroalimentación de procesos.
Capacitación e inducción interna: Programas de formación continua para el personal asistencial y administrativo.",Manual_Gestion_CNDTCG_V00,80 y 81
275,open_ended,Describa los principales factores de riesgo de estilo de vida para cáncer colorrectal según la norma.,"Según la norma, los factores de riesgo modificables para el cáncer colorrectal corresponden a la categoría de estilo de vida e incluyen:

Consumo de carnes rojas procesadas: Embutidos, salchichas, jamón, tocino o carnes curadas.
Dieta baja en fibra.
Obesidad.
Tabaco.
Alcohol.

Asimismo, la norma establece que el personal de salud debe brindar educación sobre estos factores de riesgo en los diferentes escenarios de atención clínica y asesorar en acciones que permitan minimizarlos.",NORMA AT- CA- COLORRECTAL REV-15-06-2026,10
276,open_ended,Describa los principales factores de riesgo de antecedentes familiares para cáncer colorrectal según la norma.,"Antecedentes de familiares de primer grado (padre, madre, hijos y hermanos) diagnosticados con cáncer colorrectal a la edad de 50 años o menos.

Síndromes hereditarios asociados al cáncer colorrectal, entre los cuales se destacan:
    Síndrome de Lynch
    Poliposis adenomatosa familiar
    Poliposis adenomatosa familiar atenuada
    Poliposis asociada a MUTYH
    Síndrome de Peutz-Jeghers
    Síndrome de poliposis juvenil
    Síndrome de Cowden",NORMA AT- CA- COLORRECTAL REV-15-06-2026,10
277,open_ended,Explique el papel del Director General en el CNDTCG,"El Director General del CNDTCG es responsable de liderar técnica y administrativamente el funcionamiento integral del centro. Le corresponde coordinar, supervisar y orientar la implementación del modelo de atención especializado en detección temprana, diagnóstico, tratamiento y seguimiento del cáncer gástrico y colorrectal, asegurando los objetivos estratégicos.
Sus funciones principales incluyen:

Representar al centro ante instancias superiores de la CCSS, la Gerencia Médica y redes de salud.
Supervisar todas las unidades funcionales clínicas y administrativas, promoviendo el uso eficiente de recursos y la mejora continua.
Impulsar la planificación operativa anual, liderar la gestión de indicadores de desempeño y promover la investigación aplicada.
Garantizar la correcta aplicación de la normativa técnica y administrativa vigente.",Manual_Gestion_CNDTCG_V00,13 y 14
278,open_ended,Menciones las instalaciones con las que cuenta la CCSS en la actualidad,"En la actualidad, la Caja Costarricense de Seguro Social (CCSS) cuenta con la siguiente red de instalaciones y establecimientos de salud distribuidos en sus tres niveles de atención:

    3 hospitales nacionales generales
    6 hospitales nacionales especializados
    8 hospitales regionales
    12 hospitales periféricos
    105 áreas de salud
    7 centros o unidades especializadas

Adicionalmente, la infraestructura del primer nivel se subdivide en sectores de salud que funcionan desde sedes de EBAIS (Equipos Básicos de Atención Integral en Salud) o se desplazan a Puestos de Visita Periódica (PVP) en localidades con problemas de accesibilidad.",Plan de Abordaje Integral para el Tamizaje de Cáncer de Estómago y Colorrectal (2025-2029) Firmado 2 1,60
279,open_ended,Explique qué se debe incluir si se quiere realizar un inventario nacional de los recursos disponibles para la realización de estudios endoscópicos,"Para realizar un inventario nacional detallado de los recursos disponibles para la realización de estudios endoscópicos, se debe incluir:

antidad y distribución de los equipos de endoscopia (equipos y torres de endoscopia alta y baja).
Disponibilidad de personal capacitado.
Capacidad operativa de los centros de salud, considerando la cantidad y distribución geográfica de las salas de endoscopía disponibles a nivel nacional y por centro de salud.

Contar con esta información permite identificar brechas y áreas de necesidad, facilitando la planificación, la evaluación de la infraestructura existente y la asignación estratégica de recursos para asegurar un acceso equitativo.",Plan de Abordaje Integral para el Tamizaje de Cáncer de Estómago y Colorrectal (2025-2029) Firmado 2 1,70
280,open_ended,Explique la situación nacional de disponibilidad de salas de endoscopia.,"A nivel nacional, la CCSS dispone de 52 salas de endoscopia, lo que representa una tasa ajustada de 1,02 salas por cada 100.000 habitantes.
Existe una marcada concentración geográfica de estos recursos en las provincias de San José, Alajuela y Cartago, principalmente en hospitales nacionales y regionales (destacando el Hospital México con 4 salas y el Hospital Rafael Ángel Calderón Guardia con 3 salas).
La disponibilidad actual es insuficiente para cubrir la demanda proyectada de los programas de tamizaje. Las salas de endoscopia del país se encuentran dedicadas casi en su totalidad a la atención de procedimientos diagnósticos rutinarios, y no a tareas de tamizaje poblacional.",Plan de Abordaje Integral para el Tamizaje de Cáncer de Estómago y Colorrectal (2025-2029) Firmado 2 1,71 a 73
281,open_ended,Explique la labor del Área de Enfermería en el CNDTCG,"El Área de Enfermería en el CNDTCG brinda atención transversal a todos los programas clínicos durante las etapas pre, intra y postprocedimiento. También lidera la gestión de insumos médicos, la supervisión de auxiliares de enfermería y asistentes de pacientes, y participa activamente en los procesos de mejora de la atención.",Manual_Gestion_CNDTCG_V00,63
282,open_ended,Mencione a qué se orientan las prevenciones primaria y secundaria para el tamizaje de cáncer colorrectal.,"Según la norma, las prevenciones para el cáncer colorrectal se orientan a los siguientes aspectos:

    Prevención primaria: Se orienta a mejorar los estilos de vida y atender los factores de riesgo identificados en las personas.
    Prevención secundaria: Se orienta a las actividades de tamizaje para la detección temprana del cáncer colorrectal, las cuales se basan en la categorización del riesgo de la población (riesgo promedio y riesgo aumentado).",NORMA AT- CA- COLORRECTAL REV-15-06-2026,10
283,open_ended,Indique qué se necesita como información mínima para la solicitud de una colonoscopia.,"Para la solicitud de una colonoscopia en las referencias de tamizaje de cáncer colorrectal, se debe incluir la siguiente información mínima requerida:
a) Edad.
b) Antecedentes heredofamiliares de cáncer colorrectal de primer grado (madre, padre, hermanos, hijos).
c) Antecedentes patológicos personales.
d) Uso de anticoagulantes.
e) Antecedentes quirúrgicos.
f) En caso de cirugía previa por cáncer colorrectal, indicar las fechas de la cirugía y de la última colonoscopia.
g) Indicar la fecha de la prueba SOHi (sangre oculta en heces por método inmunoquímico) positiva.",NORMA AT- CA- COLORRECTAL REV-15-06-2026,11
284,open_ended,Qué ocurre para los casos con pruebas SOHi positivas.,"Ante un resultado positivo en la prueba SOHi (sangre oculta en heces por método inmunoquímico), se debe realizar una colonoscopia de calidad en un plazo no mayor a seis meses, efectuada por personal entrenado para la detección y tratamiento endoscópico de lesiones.
Durante el procedimiento se toman biopsias o se resecan pólipos si están presentes. El seguimiento posterior depende de los hallazgos:

    Pólipos que requieren vigilancia (como adenomas ≥10 mm, con displasia de alto grado, o ≥5 adenomas): se indica colonoscopia de vigilancia a los 3 años.
    Pólipos que no requieren vigilancia o exploraciones normales: el paciente retorna al programa de tamizaje poblacional con SOHi o a los controles correspondientes según las guías clínicas.",NORMA AT- CA- COLORRECTAL REV-15-06-2026,"11, 14, 15"
285,open_ended,¿Cuáles condiciones determinan riesgo aumentado para cáncer colorrectal?,"Las condiciones que determinan el riesgo aumentado para cáncer colorrectal en las personas se clasifican en:
Historia Personal:
        Adenoma o síndrome de poliposis serrada.
        Cáncer colorrectal (CCR).
        Enfermedad inflamatoria intestinal.
        Fibrosis Quística.
Historia Familiar:
        Historia familiar positiva en parientes de primer grado (padre, madre, hijos, hermanos) a una edad de 50 años o menos.
        Síndromes hereditarios asociados al cáncer colorrectal.",NORMA AT- CA- COLORRECTAL REV-15-06-2026,16
286,open_ended,¿Qué se debe hacer si se confirma el diagnóstico de cáncer colorrectal?,"Una vez confirmado el diagnóstico de cáncer colorrectal (vía endoscópica o por biopsia), se deben llevar a cabo las siguientes acciones:

Referencia prioritaria: Referir con carácter prioritario al especialista médico para continuar con la estadificación y manejo.
Atención e información integral: Brindar al paciente información completa sobre el manejo, pronóstico, tratamiento y efectos secundarios, además de evaluar su estado funcional, nutricional y comorbilidades.
Estadificación: Realizar tomografía tóracotóraco-abdominopélvica con medio de contraste (y ultrasonido endoscópico o resonancia magnética si la lesión es en el recto).
Definición de ruta terapéutica: Establecer el tratamiento según el estadio (resección endoscópica, cirugía, quimioterapia o radioterapia neoadyuvante/adyuvante).",NORMA AT- CA- COLORRECTAL REV-15-06-2026,18 a 20
287,open_ended,Explique cómo se evalúa la norma para cáncer colorrectal,"La evaluación de la norma está a cargo del Ministerio de Salud, el cual ejecuta la vigilancia y valora los resultados del cumplimiento mediante los siguientes indicadores oficiales:
    Tasa de incidencia de cáncer colorrectal.
    Porcentaje de diferentes estadios del cáncer colorrectal en el momento del diagnóstico.
    Tasa de mortalidad por cáncer colorrectal.

El Ministerio de Salud debe garantizar información estadística actualizada y de calidad, con la facultad de utilizar indicadores adicionales según su criterio técnico como ente rector. Los resultados de esta evaluación deben ser publicados cada 5 años.",NORMA AT- CA- COLORRECTAL REV-15-06-2026,22
288,open_ended,¿Por qué se establece la norma para la atención del cáncer colorrectal?,"La Norma Nacional para la Atención del Cáncer Colorrectal se establece debido a que este cáncer representa el tercer tipo de cáncer más común en el mundo y es la segunda causa más común de muerte de cáncer.
Se pretende garantizar el acceso a servicios médicos de buena calidad y estandarizar los métodos de tamizaje, con el fin de reducir los niveles de incidencia y mortalidad de cáncer colorrectal en los próximos años.",NORMA AT- CA- COLORRECTAL REV-15-06-2026,4 y 5 
289,open_ended,"Describa el cambio de paradigma en la atención del cáncer gástrico y colorrectal que propone el Plan de Abordaje Integral, contrastando el modelo actual con el modelo propuesto.","El Plan de Abordaje Integral propone transformar la atención del cáncer gástrico y colorrectal pasando de un abordaje reactivo a uno preventivo y de detección temprana:

Paradigma actual: Se activa cuando el paciente presenta síntomas gastrointestinales y consulta en EBAIS o emergencias. Conlleva la realización de endoscopía (en lista de espera), biopsia, diagnóstico de cáncer, cirugía, estadificación, hospitalización, quimio/radioterapia y control.
Paradigma propuesto: Se orienta a personas sanas identificadas dentro de una población objetivo (según zona geográfica, incidencia y edad). Aplica campañas y pruebas de tamizaje cada dos años, realizando endoscopías únicamente a quienes presentan pruebas alteradas. Esto permite detectar lesiones premalignas o cáncer en etapas tempranas, tratarlas mediante procedimientos mínimamente invasivos y dar seguimiento/control.",PLAN DE ABORDAJE INTEGRAL PARA EL_TAMIZAJE DE CÁNCER DE ESTÓMAGO Y_COLORRECTAL,8
290,open_ended,¿Cuál es el impacto económico del plan de tamizaje propuesto?,"El impacto económico del plan de tamizaje radica en que la detección temprana y el tratamiento de lesiones precancerosas reducen drásticamente los costos de atención para la CCSS en comparación con el manejo del cáncer avanzado:

Cáncer Gástrico: Tratar lesiones precancerosas representa solo el 8.3% del costo de un cáncer avanzado (23.3% en etapa temprana).
Cáncer de Colon: Atender lesiones precancerosas equivale al 3.3% del costo en etapa avanzada (9.0% en temprana).
Cáncer de Recto: Equivale al 3.0% en lesiones precancerosas (8.3% en temprana).",Plan de Abordaje Integral para el Tamizaje de Cáncer de Estómago y Colorrectal (2025-2029) Firmado 2 1,94 y 95
291,open_ended,"Explique la diferencia entre costos tangibles e intangibles en el contexto del impacto económico del cáncer según el Plan de Abordaje Integral, y cómo esta distinción justifica la implementación de programas de tamizaje.","Según el Plan de Abordaje Integral, la diferencia radica en:

    Costos tangibles: Son los gastos directos y visibles para la institución, relacionados con la detección, tratamiento y seguimiento del cáncer (equipamiento, infraestructura, pruebas de laboratorio y personal).
    Costos intangibles: Son los costos indirectos u ocultos, tales como cuidados continuos y especializados proporcionados por el personal de enfermería, los servicios de rehabilitación necesarios para que los pacientes se recuperen de los efectos secundarios de los tratamientos, y múltiples estudios y pruebas adicionales para monitorear el progreso.",Plan de Abordaje Integral para el Tamizaje de Cáncer de Estómago y Colorrectal (2025-2029) Firmado 2 1,91 y 92
292,open_ended,Explique qué es la Clasificación JNET para pólipos colorrectales.,"La Clasificación JNET (Japan NBI Expert Team) es una clasificación para pólipos colorrectales que se divide en cuatro subtipos:
    JNET 1: Pólipo hiperplásico.
    JNET 2A: Pólipo con neoplasia intramucosa de bajo grado.
    JNET 2B: Pólipo con neoplasia intramucosa de alto grado o invasión superficial de la submucosa.
    JNET 3: Lesión con cáncer invasor en la submucosa profunda.",NORMA AT- CA- COLORRECTAL REV-15-06-2026,6
293,open_ended,¿Qué es un programa organizado de tamizaje?,"Un programa organizado de tamizaje es una estrategia de salud pública estructurada, planificada y estandarizada orientada a la detección precoz de enfermedades en una población objetivo asintomática.
Se caracteriza por desarrollarse mediante procesos sistemáticos, continuos y con control de calidad en todas sus etapas, abarcando desde la captación e invitación activa de participantes hasta el diagnóstico, tratamiento y seguimiento continuo de los casos detectados.
Para su funcionamiento requiere de una planificación centralizada, recursos asignados, evaluación del desempeño y mecanismos que garanticen la equidad en el acceso y la adherencia de la población.",Manual_Gestion_CNDTCG_V00,9
294,open_ended,¿Qué son las pruebas FIT y SGD y qué etapa del tamizaje pertenecen?,"FIT (Prueba Inmunoquímica Fecal): Es una prueba analítica realizada en laboratorio clínico para detectar la presencia de sangre oculta en heces, utilizada en el tamizaje de cáncer colorrectal.
SGD (Serie Gastroduodenal): Es un estudio radiológico por fluoroscopia con medio de contraste que permite evaluar la morfología del esófago, estómago y duodeno, utilizado en el tamizaje de cáncer gástrico.

Ambas pertenecen a la etapa de prueba inicial o tamizaje primario dentro del programa organizado de tamizaje. Se aplican a la población objetivo asintomática como filtro previo para identificar hallazgos sospechosos y determinar la necesidad de avanzar a la etapa de confirmación diagnóstica mediante procedimientos endoscópicos (gastroscopía para SGD alterada o colonoscopía para FIT positiva).",Manual_Gestion_CNDTCG_V00,"9, 50, 51, 52"
295,open_ended,"¿Cuál sería el impacto a nivel naciona, con 10 años de evolución, con y sin el programa nacional de tamizaje propuesto?","Sin Programa Nacional (Evolución Natural)
    Mortalidad: Se mantiene una tendencia con un promedio de 234 muertes anuales atribuibles al cáncer colorrectal.
Con el Programa Nacional Propuesto
    Reducción de la mortalidad: Se alcanza una disminución del 35% en la tasa de mortalidad en la población objetivo.
    Vidas salvadas: La reducción en la mortalidad se traduce en 82 muertes menos cada año por cáncer colorrectal.
    Detección oportuna: Se logra la detección de 40% a 50% de los casos en etapas tempranas o precancerosas, permitiendo abordajes terapéuticos menos invasivos y más efectivos.
    Ahorro económico: Se genera un impacto económico positivo con un ahorro anual estimado de ₡3.563.250.779 para la institución, al reducir la necesidad de tratamientos oncológicos complejos y hospitalizaciones prolongadas.",CREACIÓN UNIDAD_PROGRAMÁTICA DEL CENTRO NACIONAL DE DETECCIÓN TEMPRANA_DE CÁNCER,9
296,open_ended,Explique la clasificación KUDO para pólipos colorrectales,"La clasificación KUDO para pólipos colorrectales es un sistema de evaluación que requiere magnificación y cromoendoscopía, empleado para la caracterización de las lesiones y como predictor de invasión submucosa. Se divide en los siguientes patrones:

    Patrones I y II: Corresponden a pólipos hiperplásicos.
    Patrones III-L, III-S y IV: Corresponden a adenomas.
    Patrones V a y V n: Describen neoplasia con invasión profunda.",NORMA AT- CA- COLORRECTAL REV-15-06-2026,6
297,open_ended,Describa la clasificación NICE para pólipos colorrectales,"La clasificación endoscópica colorrectal internacional con imagen de banda estrecha NBI (NICE) se utiliza sin endoscopía de aumento. Es útil para predecir la invasión submucosa profunda y definir si una lesión es irresecable endoscópicamente. Se compone de tres subtipos:
    NICE 1: Pólipo hiperplásico.
    NICE 2: Pólipo adenomatoso.
    NICE 3: Lesión con invasión submucosa profunda o cáncer avanzado.",NORMA AT- CA- COLORRECTAL REV-15-06-2026,6
298,open_ended,Explique qué es la colonoscopia incompleta," La colonoscopia incompleta es la exploración endoscópica del colon en la que no se logra avanzar el colonoscopio hasta alcanzar el ciego, por lo que no se visualiza la totalidad del órgano. Esta situación puede ser causada por diversos factores:
    Preparación intestinal insuficiente.
    Dolor o mala tolerancia del paciente durante la prueba.
    Características anatómicas como un colon demasiado largo, vólvulo intestinal, presencia de tejido cicatricial o diverticulosis.
    Factores individuales como bajo peso corporal o ciertas condiciones en mujeres jóvenes",NORMA AT- CA- COLORRECTAL REV-15-06-2026,7
299,open_ended,¿Qué es un pólipo colorrectal?,"Un pólipo colorrectal es un abultamiento en el revestimiento interno del intestino grueso, cuyo tamaño varía desde algunos milímetros hasta varios centímetros. Generalmente es asintomático y es provocado por una combinación de factores hereditarios y ambientales, como tabaquismo, obesidad,  una dieta alta en grasas y baja en fibra.
Se clasifican principalmente en:
    Hiperplásicos o inflamatorios: Tienen un riesgo bajo o nulo de convertirse en cáncer.
    Adenomatosos (adenomas): A mayor tamaño, presentan mayor riesgo de progresar a cáncer tras un proceso de varios años.
    Serrados: Pueden presentar riesgo de cáncer según su tamaño y localización.",NORMA AT- CA- COLORRECTAL REV-15-06-2026,8
300,open_ended,¿Cuáles son los factores patológicos de riesgo para cáncer colorrectal?,"Los factores patológicos de riesgo para el cáncer colorrectal comprenden antecedentes de salud específicos del paciente:
    Personas con antecedentes de irradiación abdominal.
    Enfermedad inflamatoria intestinal (enfermedad de Crohn y colitis ulcerativa).
    Antecedentes de pólipos intestinales.
    Antecedente de cáncer colorrectal.",NORMA AT- CA- COLORRECTAL REV-15-06-2026,10
301,open_ended,Describa los requisitos mínimos de calidad que debe cumplir una colonoscopia de tamizaje según la norma.," Los requisitos mínimos de calidad que debe cumplir la colonoscopia de tamizaje comprenden:
    Ejecución del estudio:
        Inspección completa de colon y recto, documentando ciego, válvula ileocecal y orificio apendicular (se recomienda fotografía).
        Tiempo de retirada mínimo de 6 minutos.
        Limpieza colónica adecuada (evaluada mediante la Escala de Boston).
    Informe endoscópico: Debe precisar número, tamaño, localización, morfología, caracterización (JNET, NICE, Kudo), método y completitud de extirpación de los pólipos.
    Reporte de anatomía patológica: Debe incluir total de adenomas/pólipos serrados, diagnóstico histopatológico, componente velloso y grado de displasia.",NORMA AT- CA- COLORRECTAL REV-15-06-2026,12 y 13 
302,open_ended,Mencione los principales logros del CNDTCG,"Los principales logros del Centro Nacional de Detección Temprana de Cáncer Gastrointestinal (CNDTCG) comprenden:
    Creación de un modelo único de Programa de Tamizaje Gástrico y Colorrectal.
    Liderazgo regional: Convertirse en el único país de la región y uno de los tres de Latinoamérica con un programa organizado de tamizaje de cáncer colorrectal.
    Efectividad en diagnóstico oportuno: Lograr la detección de más del 50% de cáncer temprano de colon.",CREACIÓN UNIDAD_PROGRAMÁTICA DEL CENTRO NACIONAL DE DETECCIÓN TEMPRANA_DE CÁNCER,13
303,open_ended,¿Cuáles son los contactos para consultas del CNDTCG y en qué caso se debe consultar a cada uno?,"Los contactos oficiales del CNDTCG y los casos para consultar a cada uno son:
    Dirección General Dr. Marvin Yglesias Rosales: Consultas sobre aspectos estratégicos, políticas institucionales, articulación con la red, decisiones clínicas complejas y coordinación interinstitucional.
    Coordinación de Programas de Tamizaje Dra. Rosalyn Vargas Barquero: Consultas sobre rutas clínicas, protocolos de tamizaje, priorización de población objetivo, indicadores y procesos operativos del programa.
    Área de Planificación y Mejora Continua Ing. Balaam Brenes Navarro: Consultas sobre planificación operativa, indicadores de desempeño, evaluación de resultados, mejora continua y análisis de datos.",Manual_Gestion_CNDTCG_V00,83
304,open_ended,Explique en qué consiste la colaboración del ITCR con el CNDTCG,"La colaboración entre el Instituto Tecnológico de Costa Rica (TEC) y el CNDTCG se centra en las siguientes áreas estratégicas:

    Modelos predictivos con IA: Desarrollo e implementación de modelos de inteligencia artificial para priorizar e identificar pacientes y grupos poblacionales con mayor probabilidad de desarrollar cáncer gástrico y colorrectal.
    Análisis de desafíos operativos: Evaluación de los retos para la implementación del CNDTCG a nivel nacional.",Plan de Abordaje Integral para el Tamizaje de Cáncer de Estómago y Colorrectal (2025-2029) Firmado 2 1,114
305,open_ended,Explique el fin del Manual de Gestión,"El Manual de Gestión tiene como propósito principal establecer y formalizar el marco organizativo, técnico y funcional del Centro Nacional de Detección Temprana de Cáncer Gastrointestinal (CNDTCG). Busca orientar de manera sistemática sus procesos asistenciales, técnicos y administrativos, describiendo sus funciones, estructura, oferta de servicios y responsabilidades.
Su finalidad es garantizar la coherencia operativa, la eficiencia en la prestación de servicios y la alineación con los lineamientos estratégicos de la CCSS para la prevención, detección temprana, diagnóstico oportuno, seguimiento clínico y control del cáncer gástrico y colorrectal a nivel nacional.",Manual_Gestion_CNDTCG_V00,12 y 13
306,open_ended,Explique el acuerdo propuesto para plazas del SILC,"El acuerdo propuesto instruye a las Gerencias Médica, Administrativa y Financiera a gestionar, en un plazo no mayor a tres meses, por un período de un año (mientras se aprueban como plazas ordinarias), la creación de 8 plazas necesarias para la implementación y operación del Sistema Integrado de Laboratorios Clínicos (SILC).
Las plazas requeridas están conformadas por:

    1 plaza MQC3 (Especialista en calidad)
    2 plazas MQC2
    5 plazas de Analistas de Sistemas 4 en TIC

El objetivo es asegurar el recurso humano técnico especializado para la dirección, soporte ininterrumpido (24/7) y sostenibilidad de la plataforma informática que procesará las pruebas del programa de tamizaje.",Plan de Abordaje Integral para el Tamizaje de Cáncer de Estómago y Colorrectal (2025-2029) Firmado 2 1,104 y 105
307,open_ended,Explique el acuerdo propuesto para acceso a ARCA-Patología,"El acceso al sistema ARCA-Patología busca permitir que el Centro Nacional de Detección Temprana de Cáncer Gastrointestinal (CNDTCG) consulte de forma masiva los resultados de las biopsias de pacientes sometidos a endoscopias por tamizaje.
Este mecanismo es trascendental para:

    Tomar acciones clínicas adecuadas y oportunas sobre los pacientes.
    Evaluar el desempeño de los programas de tamizaje en la detección de lesiones premalignas y cáncer en etapas tempranas o avanzadas.",Plan de Abordaje Integral para el Tamizaje de Cáncer de Estómago y Colorrectal (2025-2029) Firmado 2 1,105 y 106
308,open_ended,Explique el fin de la investigación cientídica para la mejora continua de los programas," La investigación científica, liderada por la Unidad de Investigación en Salud (UIS), busca mejorar la efectividad y los procedimientos de los programas de tamizaje, generando evidencia útil para la toma de decisiones clínicas, administrativas y estratégicas.
Sus fines principales comprenden:

    Fomentar la investigación en áreas básicas, clínicas, epidemiológicas y de servicios de salud.
    Divulgar hallazgos en revistas científicas nacionales e internacionales para aplicar el conocimiento ampliamente.
    Incorporar nuevas tecnologías y metodologías en los programas de tamizaje.",Plan de Abordaje Integral para el Tamizaje de Cáncer de Estómago y Colorrectal (2025-2029) Firmado 2 1,107 y 108
309,open_ended,Describa los tratamientos quirúrgicos para el cáncer colorrectal según la norma.," Según la norma, los tratamientos quirúrgicos para el cáncer colorrectal dependen de la localización de la lesión y de su extensión local, regional y a distancia. Incluyen procedimientos como:
    Resección anterior baja
    Resección abdominoperineal
    Resección de metástasis (metastasectomía)",NORMA AT- CA- COLORRECTAL REV-15-06-2026,19
310,open_ended,"Explique el manejo posterior a un tratamiento curativo de CCR, incluyendo la vigilancia endoscópica.","El manejo posterior a un tratamiento curativo de cáncer colorrectal comprende vigilancia clínica, junto con vigilancia endoscópica para la detección de CCR metacrónico o recurrente.
    Sin colonoscopia preoperatoria completa: Se debe realizar una colonoscopia en los primeros 6 meses posteriores al tratamiento.
    Con colonoscopia preoperatoria completa (o tras el estudio de los 6 meses):
        Colonoscopia al 1 año de la cirugía o resección.
        Colonoscopia a los 3 años de la previa.
        Colonoscopia a los 5 años de la previa.",NORMA AT- CA- COLORRECTAL REV-15-06-2026,20 y 21
311,open_ended,Describa las obligaciones de los establecimientos del sistema de salud según la norma.,"Según la norma, los servicios de salud públicos, privados y mixtos tienen las siguientes obligaciones:

    Instrumentos técnicos de atención: Contar con un manual de procedimientos, guía o protocolo para la prevención y detección del cáncer colorrectal que incluya información de consejería, boleta de notificación obligatoria al Ministerio de Salud y mecanismos de referencia a servicios especializados.
    Planificación preventiva: Si brindan atención comunitaria, deben incorporar una planificación anual de acciones preventivas y de promoción de la salud acordes al perfil poblacional.
    Capacitación permanente: Disponer de estrategias de sensibilización y capacitación continua en cáncer colorrectal basadas en evidencia científica para el personal responsable de la atención directa, promoviendo competencias técnicas con calidad y calidez.",NORMA AT- CA- COLORRECTAL REV-15-06-2026,21 y 22
312,open_ended,"Explique la importancia de la interoperabilidad de los sistemas de información (SIAC, SIES, ARCA, SILC, Imágenes Médicas y SIFA) para la trazabilidad de los pacientes en los programas de tamizaje, y cómo su falta de integración afecta la operatividad del Plan de Abordaje Integral.","La interoperabilidad de los sistemas de información es crucial para garantizar la trazabilidad continua del paciente a lo largo de todas las etapas del tamizaje: desde la captación e invitación inicial, el registro de pruebas (FIT y SGD), el agendamiento y hallazgos endoscópicos, hasta los resultados histopatológicos de biopsias y tratamientos.
La falta de integración fragmenta la información en sistemas independientes e impide un flujo automatizado de datos.",Plan de Abordaje Integral para el Tamizaje de Cáncer de Estómago y Colorrectal (2025-2029) Firmado 2 1,102 a 106
313,open_ended,¿Cuáles son los costos para equipamiento en el tamizaje de cáncer gástrico?,"Fluoroscopio (para Serie Gastroduodenal - SGD):
    Costo unitario estimado: Entre ₡166,663,350 y ₡198,408,750 por equipo.
    Vida útil: 10 años
Torre de Endoscopía Alta (para Gastroscopía / EGD):
     Costo unitario estimado: ₡102,322,211
    Nota de uso: Es la misma torre básica utilizada para colonoscopías, variando únicamente las sondas.",Plan de Abordaje Integral para el Tamizaje de Cáncer de Estómago y Colorrectal (2025-2029) Firmado 2 1,96
314,open_ended,¿Cuáles son los costos para infraestructura en el tamizaje de cáncer gástrico?,"Salas de Fluoroscopia: se tomará en consideración únicamente la sala de estudio y de comando la cual es de 47.7 m2, por lo que su costo sería de ₡100,950,372
Salas de Endoscopía: se tomará en consideración únicamente el puesto de trabajo y procedimiento la cual es de 25.92 m2, por lo que su costo sería de ₡54,856,051",Plan de Abordaje Integral para el Tamizaje de Cáncer de Estómago y Colorrectal (2025-2029) Firmado 2 1,97
315,open_ended,¿Cuál es la labor del radiólogo en el CNDTCG?,"El radiólogo en el CNDTCG es el responsable de realizar, interpretar y validar estudios de imagen de alta calidad que apoyan el tamizaje, diagnóstico, estadificación y seguimiento clínico de los pacientes. Su rol es clave en el Programa de Tamizaje de Cáncer Gástrico mediante la realización e interpretación de la serie gastroduodenal (SGD) para identificar lesiones premalignas o sospechosas. Además, ejecuta e interpreta tomografías computarizadas (TAC), fluoroscopías, sonografías y radiología convencional; realiza procedimientos mínimamente invasivos guiados por imagen (como drenajes y biopsias dirigidas).",Manual_Gestion_CNDTCG_V00,33 y 34
316,open_ended,Explique el rol de la secretaria en el CNDTCG,"La secretaria en el CNDTCG brinda soporte administrativo y logístico a la Dirección General y al equipo técnico para asegurar el funcionamiento ordenado de los procesos internos y la fluidez en la comunicación. Sus responsabilidades principales incluyen organizar la agenda, coordinar reuniones y eventos, colabora en la elaboración y formato de informes y otras tareas administrativas.",Manual_Gestion_CNDTCG_V00,28
317,open_ended,Resuma los objetivos específicos del manual de gestión,"Los objetivos específicos del Manual de Gestión del CNDTCG son:
    Definir la estructura organizativa y funcional del centro para facilitar la coordinación interna y la articulación con la red institucional.
    Establecer las responsabilidades operativas del personal técnico y administrativo para delimitar funciones y fortalecer la gestión por procesos.
    Describir de manera clara y estandarizada la oferta de servicios (tamizaje, diagnóstico endoscópico, cirugía y seguimiento).
    Alinear el funcionamiento del CNDTCG con las políticas, normativas técnicas y planes estratégicos de la CCSS.
    Servir de base para elaborar documentos normativos que guíen la implementación progresiva y sostenible del tamizaje a nivel nacional.
    Facilitar la planificación, gestión operativa, evaluación de resultados y mejora continua basada en evidencia.",Manual_Gestion_CNDTCG_V00,12 y 13
318,open_ended,Explique los ámbitos de alcance del CNDTCG,"Ámbito Territorial: Es de alcance nacional, ya que opera como una unidad especializada que se articula con la red institucional de la CCSS en sus tres niveles de atención.
Ámbito Funcional: Cubre todos los programas y servicios desarrollados por el centro, desde el tamizaje poblacional hasta la atención diagnóstica, terapéutica, quirúrgica y de seguimiento clínico, además de los procesos de planificación, evaluación, formación e investigación.
Ámbito Temporal: Posee una vigencia indefinida, sujeta a revisiones y actualizaciones periódicas según se presenten cambios sustanciales en su estructura u operación.",Manual_Gestion_CNDTCG_V00,12
319,open_ended,¿Qué son el cáncer gástrico y el cáncer colorrectal?,"El cáncer gástrico es una neoplasia maligna que se origina en el revestimiento o en los tejidos del estómago. Se caracteriza por ser uno de los tipos de cáncer más comunes y representa una causa significativa de mortalidad, especialmente en etapas avanzadas.
El cáncer colorrectal es una neoplasia maligna que se origina en el colon o en el recto. Puede desarrollarse a partir de pólipos en el intestino grueso, por lo que su detección temprana es fundamental para recibir un tratamiento eficaz.",Plan de Abordaje Integral para el Tamizaje de Cáncer de Estómago y Colorrectal (2025-2029) Firmado 2 1,v
320,open_ended,¿Qué es una lesión premaligna?,"Una lesión premaligna es una alteración patológica del tejido (como el del colon o el recto) que presenta un riesgo significativo de progresar a cáncer si no recibe tratamiento. Entre estas lesiones se incluyen principalmente los pólipos adenomatosos, la displasia y los pólipos serrados. Su identificación y eliminación oportuna mediante procedimientos endoscópicos es fundamental para prevenir el desarrollo de una neoplasia maligna.",Plan de Abordaje Integral para el Tamizaje de Cáncer de Estómago y Colorrectal (2025-2029) Firmado 2 1,v