bag_id,model,question_id,expected_answer,response,total_duration_sec,input_tokens,output_tokens,total_tokens,question_type,cpu_avg,cpu_min,cpu_max,memory_avg,memory_min,memory_max,gpu_util_avg,gpu_util_min,gpu_util_max,gpu_mem_avg,gpu_mem_min,gpu_mem_max
0,DeepSeek-R1-Distill-Qwen-14B-Q6_K,10,Sí.,sí,26.651150164194405,830,10,840,yes_no,1939.2073446327643,668.4,2027.3,16642.240179201977,16615.45703125,16651.87109375,0.0,0,0,599.6875,599.6875,599.6875
0,DeepSeek-R1-Distill-Qwen-14B-Q6_K,46,Sí.,sí,39.29916634503752,1305,10,1315,yes_no,1956.7360153256645,269.4,2027.2,16676.706462523947,16652.02734375,16692.28515625,0.0,0,0,599.6875,599.6875,599.6875
0,DeepSeek-R1-Distill-Qwen-14B-Q6_K,88,Sí,sí,35.74239717796445,1176,10,1186,yes_no,1955.7270042194066,987.7,2019.0,16692.28515625,16692.28515625,16692.28515625,0.0,0,0,599.6875,599.6875,599.6875
0,DeepSeek-R1-Distill-Qwen-14B-Q6_K,58,Sí,sí,37.30036798771471,1200,15,1215,yes_no,1941.8773279352213,987.7,2019.3,16705.780854630568,16692.28515625,16723.69140625,0.0,0,0,599.6875,599.6875,599.6875
0,DeepSeek-R1-Distill-Qwen-14B-Q6_K,28,Sí.,sí,40.81017199065536,1356,10,1366,yes_no,1959.803321033212,399.1,2019.3,16723.69140625,16723.69140625,16723.69140625,0.0,0,0,599.6875,599.6875,599.6875
0,DeepSeek-R1-Distill-Qwen-14B-Q6_K,92,Sí,sí,44.431139232590795,1454,10,1464,yes_no,1958.3403389830542,339.2,2019.1,16723.69140625,16723.69140625,16723.69140625,0.0,0,0,599.6875,599.6875,599.6875
0,DeepSeek-R1-Distill-Qwen-14B-Q6_K,2,No. ,no,47.73521487042308,1568,8,1576,yes_no,1971.6411392405114,987.6,2027.3,16758.323081487342,16723.69140625,16824.98046875,0.0,0,0,599.6875,599.6875,599.6875
0,DeepSeek-R1-Distill-Qwen-14B-Q6_K,1,Sí. ,no,23.77766639087349,813,8,821,yes_no,1949.6563291139205,588.7,2019.1,16824.98046875,16824.98046875,16824.98046875,0.0,0,0,599.6875,599.6875,599.6875
0,DeepSeek-R1-Distill-Qwen-14B-Q6_K,63,Sí,no,47.662023392505944,1370,51,1421,yes_no,1844.0655063291101,409.1,2019.2,16825.27319026899,16824.98046875,16825.60546875,0.0,0,0,599.6875,599.6875,599.6875
0,DeepSeek-R1-Distill-Qwen-14B-Q6_K,33,Sí.,sí,38.699449501931674,1261,10,1271,yes_no,1955.6256809338488,379.1,2019.1,16825.60546875,16825.60546875,16825.60546875,0.0,0,0,599.6875,599.6875,599.6875
0,DeepSeek-R1-Distill-Qwen-14B-Q6_K,22,Sí.,no,57.46680781338364,1851,13,1864,yes_no,1961.9333333333407,858.0,2019.0,16797.174335629923,16764.40625,16825.60546875,0.0,0,0,599.6875,599.6875,599.6875
0,DeepSeek-R1-Distill-Qwen-14B-Q6_K,87,Sí,sí,60.871291558258235,2000,5,2005,yes_no,1981.6190594059483,239.4,2019.2,16764.40625,16764.40625,16764.40625,0.0,0,0,599.6875,599.6875,599.6875
0,DeepSeek-R1-Distill-Qwen-14B-Q6_K,84,Sí,sí,46.42222528904677,1547,10,1557,yes_no,1965.2275974026015,718.1,2019.1,16764.40625,16764.40625,16764.40625,0.0,0,0,599.6875,599.6875,599.6875
0,DeepSeek-R1-Distill-Qwen-14B-Q6_K,13,Sí.,sí,58.6532163945958,1921,10,1931,yes_no,1970.1871465295703,658.5,2027.3,16764.5625,16764.5625,16764.5625,0.0,0,0,599.6875,599.6875,599.6875
0,DeepSeek-R1-Distill-Qwen-14B-Q6_K,60,Sí,sí,43.86669259890914,1455,10,1465,yes_no,1963.2240549828198,758.3,2019.3,16770.25884611254,16764.5625,16782.84375,0.0,0,0,599.6875,599.6875,599.6875
0,DeepSeek-R1-Distill-Qwen-14B-Q6_K,39,No.,no,21.69871501531452,726,8,734,yes_no,1943.5069444444412,917.8,2019.2,16789.573350694445,16782.66796875,16796.10546875,0.0,0,0,599.6875,599.6875,599.6875
0,DeepSeek-R1-Distill-Qwen-14B-Q6_K,41,Sí.,no,51.36932681687176,1505,51,1556,yes_no,1854.9694117647032,987.5,2027.3,16813.809512867647,16796.26171875,16829.69921875,0.0,0,0,599.6875,599.6875,599.6875
0,DeepSeek-R1-Distill-Qwen-14B-Q6_K,98,Sí,no,43.94241832848638,1424,13,1437,yes_no,1953.1714776632334,987.6,2027.3,16831.24297948883,16829.69921875,16831.41796875,0.0,0,0,599.6875,599.6875,599.6875
0,DeepSeek-R1-Distill-Qwen-14B-Q6_K,83,Sí,sí,41.34966581314803,1362,10,1372,yes_no,1961.0427007299281,987.5,2019.2,16830.46875,16830.46875,16830.46875,0.0,0,0,599.6875,599.6875,599.6875
0,DeepSeek-R1-Distill-Qwen-14B-Q6_K,34,No.,no,40.02680400479585,1319,8,1327,yes_no,1963.6973684210511,99.8,2027.3,16830.46875,16830.46875,16830.46875,0.0,0,0,599.6875,599.6875,599.6875
0,DeepSeek-R1-Distill-Qwen-14B-Q6_K,97,Sí,no,49.00792074762285,1429,51,1480,yes_no,1845.7766153846137,319.3,2027.3,16830.46875,16830.46875,16830.46875,0.0,0,0,599.6875,599.6875,599.6875
0,DeepSeek-R1-Distill-Qwen-14B-Q6_K,86,Sí,sí,43.91210430394858,1439,10,1449,yes_no,1962.8261168384913,987.7,2027.3,16830.61968427835,16830.453125,16830.625,0.0,0,0,599.6875,599.6875,599.6875
0,DeepSeek-R1-Distill-Qwen-14B-Q6_K,65,Sí,sí,41.59171656705439,1369,10,1379,yes_no,1958.9206521739138,648.5,2019.2,16830.609375,16830.609375,16830.609375,0.0,0,0,599.6875,599.6875,599.6875
0,DeepSeek-R1-Distill-Qwen-14B-Q6_K,88,Sí,sí,34.49840946495533,1176,5,1181,yes_no,1978.1379912663717,748.3,2027.3,16830.609375,16830.609375,16830.609375,0.0,0,0,599.6875,599.6875,599.6875
0,DeepSeek-R1-Distill-Qwen-14B-Q6_K,1,Sí. ,no,24.264968453906476,813,8,821,yes_no,1949.4397515527942,917.9,2019.2,16830.609375,16830.609375,16830.609375,0.0,0,0,599.6875,599.6875,599.6875
0,DeepSeek-R1-Distill-Qwen-14B-Q6_K,44,Sí.,no,43.61104434542358,1265,51,1316,yes_no,1835.315570934259,748.3,2019.3,16830.609375,16830.609375,16830.609375,0.0,0,0,599.6875,599.6875,599.6875
0,DeepSeek-R1-Distill-Qwen-14B-Q6_K,54,Sí.,sí,42.680018816143274,1402,10,1412,yes_no,1961.0473498233207,897.9,2019.1,16832.52734375,16832.52734375,16832.52734375,0.0,0,0,599.6875,599.6875,599.6875
0,DeepSeek-R1-Distill-Qwen-14B-Q6_K,80,Sí,no,24.89079576730728,812,13,825,yes_no,1920.6333333333305,987.7,2019.2,16832.52734375,16832.52734375,16832.52734375,0.0,0,0,599.6875,599.6875,599.6875
0,DeepSeek-R1-Distill-Qwen-14B-Q6_K,72,Sí,sí,49.423292197287076,1485,41,1526,yes_no,1870.9737804878027,39.9,2027.3,16832.52734375,16832.52734375,16832.52734375,0.0,0,0,599.6875,599.6875,599.6875
0,DeepSeek-R1-Distill-Qwen-14B-Q6_K,38,Sí.,no,48.83602858148515,1495,33,1528,yes_no,1895.1740740740759,299.3,2019.2,16832.83984375,16832.83984375,16832.83984375,0.0,0,0,599.6875,599.6875,599.6875
0,DeepSeek-R1-Distill-Qwen-14B-Q6_K,93,No,no,65.30836503952742,1925,51,1976,yes_no,1881.1773672055485,199.5,2019.2,16832.83984375,16832.83984375,16832.83984375,0.0,0,0,599.6875,599.6875,599.6875
0,DeepSeek-R1-Distill-Qwen-14B-Q6_K,75,Sí,no,56.93664354085922,1659,51,1710,yes_no,1867.5652519893943,987.6,2027.3,16832.83984375,16832.83984375,16832.83984375,0.0,0,0,599.6875,599.6875,599.6875
0,DeepSeek-R1-Distill-Qwen-14B-Q6_K,59,Sí,sí,43.066587433218956,1412,10,1422,yes_no,1959.072727272731,289.3,2019.0,16832.83984375,16832.83984375,16832.83984375,0.0,0,0,599.6875,599.6875,599.6875
0,DeepSeek-R1-Distill-Qwen-14B-Q6_K,34,No.,no,39.895089481025934,1319,8,1327,yes_no,1963.6003773584935,299.3,2019.0,16832.83984375,16832.83984375,16832.83984375,0.0,0,0,599.6875,599.6875,599.6875
0,DeepSeek-R1-Distill-Qwen-14B-Q6_K,74,Sí,no,52.38435149099678,1525,51,1576,yes_no,1853.4403458213262,907.8,2019.3,16832.83984375,16832.83984375,16832.83984375,0.0,0,0,599.6875,599.6875,599.6875
0,DeepSeek-R1-Distill-Qwen-14B-Q6_K,6,No.,no,49.784762097522616,1459,51,1510,yes_no,1854.6730303030292,518.8,2026.8,16832.83984375,16832.83984375,16832.83984375,0.0,0,0,599.6875,599.6875,599.6875
0,DeepSeek-R1-Distill-Qwen-14B-Q6_K,41,Sí.,no,52.116773342713714,1505,51,1556,yes_no,1854.8872463768118,987.6,2026.8,16832.83984375,16832.83984375,16832.83984375,0.0,0,0,599.6875,599.6875,599.6875
0,DeepSeek-R1-Distill-Qwen-14B-Q6_K,94,Sí,sí,52.70975648518652,1707,10,1717,yes_no,1964.3491428571501,149.7,2019.3,16832.83984375,16832.83984375,16832.83984375,0.0,0,0,599.6875,599.6875,599.6875
0,DeepSeek-R1-Distill-Qwen-14B-Q6_K,57,Sí,sí,39.33957412932068,1318,5,1323,yes_no,1977.1168582375515,828.1,2027.3,16832.83984375,16832.83984375,16832.83984375,0.0,0,0,599.6875,599.6875,599.6875
0,DeepSeek-R1-Distill-Qwen-14B-Q6_K,75,Sí,no,51.26117388345301,1659,13,1672,yes_no,1956.9700000000064,748.3,2029.3,16832.83984375,16832.83984375,16832.83984375,0.0,0,0,599.6875,599.6875,599.6875
0,DeepSeek-R1-Distill-Qwen-14B-Q6_K,17,Sí.,sí,41.04754165653139,1388,5,1393,yes_no,1981.7731617647069,987.7,2019.1,16833.246553308825,16832.83984375,16834.71484375,0.0,0,0,599.6875,599.6875,599.6875
0,DeepSeek-R1-Distill-Qwen-14B-Q6_K,53,Sí.,no,50.80042213015258,1476,51,1527,yes_no,1851.200593471815,139.7,2027.3,16834.71484375,16834.71484375,16834.71484375,0.0,0,0,599.6875,599.6875,599.6875
0,DeepSeek-R1-Distill-Qwen-14B-Q6_K,43,No.,no,43.678434080444276,1435,8,1443,yes_no,1965.8503448275894,379.1,2027.3,16836.380253232757,16834.71484375,16836.43359375,0.0,0,0,599.6875,599.6875,599.6875
0,DeepSeek-R1-Distill-Qwen-14B-Q6_K,34,No.,no,39.94193320535123,1319,8,1327,yes_no,1966.621886792452,808.1,2019.3,16836.43359375,16836.43359375,16836.43359375,0.0,0,0,599.6875,599.6875,599.6875
0,DeepSeek-R1-Distill-Qwen-14B-Q6_K,75,Sí,no,51.48170204740018,1659,13,1672,yes_no,1961.628739002937,987.7,2019.3,16836.43359375,16836.43359375,16836.43359375,0.0,0,0,599.6875,599.6875,599.6875
0,DeepSeek-R1-Distill-Qwen-14B-Q6_K,55,Sí,no,47.65209402795881,1389,51,1440,yes_no,1846.0911392405035,329.2,2027.3,16836.43359375,16836.43359375,16836.43359375,0.0,0,0,599.6875,599.6875,599.6875
0,DeepSeek-R1-Distill-Qwen-14B-Q6_K,63,Sí,no,48.03562702424824,1370,51,1421,yes_no,1840.8327044025104,987.5,2019.2,16836.43359375,16836.43359375,16836.43359375,0.0,0,0,599.6875,599.6875,599.6875
0,DeepSeek-R1-Distill-Qwen-14B-Q6_K,45,No.,no,40.80883064027876,1346,8,1354,yes_no,1964.545387453873,389.1,2027.3,16836.42771275369,16836.234375,16836.43359375,0.0,0,0,599.6875,599.6875,599.6875
0,DeepSeek-R1-Distill-Qwen-14B-Q6_K,48,Sí.,no,49.54666410200298,1434,51,1485,yes_no,1851.8923780487796,987.6,2019.3,16836.390625,16836.390625,16836.390625,0.0,0,0,599.6875,599.6875,599.6875
0,DeepSeek-R1-Distill-Qwen-14B-Q6_K,4,Sí.,sí,61.58730080816895,1991,10,2001,yes_no,1972.5404411764812,987.6,2019.2,16836.390625,16836.390625,16836.390625,0.0,0,0,599.6875,599.6875,599.6875
0,DeepSeek-R1-Distill-Qwen-14B-Q6_K,99,Sí,sí,43.09833619557321,1433,10,1443,yes_no,1963.6178321678356,618.4,2019.2,16836.390625,16836.390625,16836.390625,0.0,0,0,599.6875,599.6875,599.6875
0,DeepSeek-R1-Distill-Qwen-14B-Q6_K,85,Sí,no,56.23286950215697,1812,13,1825,yes_no,1959.2538873994708,628.6,2027.3,16836.390625,16836.390625,16836.390625,0.0,0,0,599.6875,599.6875,599.6875
0,DeepSeek-R1-Distill-Qwen-14B-Q6_K,95,Sí,no,62.64012210536748,1835,51,1886,yes_no,1874.312048192777,798.2,2027.3,16836.390625,16836.390625,16836.390625,0.0,0,0,599.6875,599.6875,599.6875
0,DeepSeek-R1-Distill-Qwen-14B-Q6_K,9,Sí.,no,57.021912724711,1855,8,1863,yes_no,1974.9314814814888,947.7,2019.0,16836.390625,16836.390625,16836.390625,0.0,0,0,599.6875,599.6875,599.6875
0,DeepSeek-R1-Distill-Qwen-14B-Q6_K,2,No. ,no,53.704114199616015,1568,51,1619,yes_no,1858.3839887640474,419.0,2027.3,16836.390625,16836.390625,16836.390625,0.0,0,0,599.6875,599.6875,599.6875
0,DeepSeek-R1-Distill-Qwen-14B-Q6_K,70,Sí,no,47.27736126538366,1354,51,1405,yes_no,1846.6482428114991,987.7,2019.0,16836.390625,16836.390625,16836.390625,0.0,0,0,599.6875,599.6875,599.6875
0,DeepSeek-R1-Distill-Qwen-14B-Q6_K,45,No.,no,41.10382624808699,1346,8,1354,yes_no,1962.9435897435867,299.3,2019.1,16836.390625,16836.390625,16836.390625,0.0,0,0,599.6875,599.6875,599.6875
0,DeepSeek-R1-Distill-Qwen-14B-Q6_K,5,Sí.,sí,41.05886358115822,1361,10,1371,yes_no,1961.632352941179,987.6,2027.3,16836.390625,16836.390625,16836.390625,0.0,0,0,599.6875,599.6875,599.6875
0,DeepSeek-R1-Distill-Qwen-14B-Q6_K,15,Sí.,no,65.24199280142784,1928,51,1979,yes_no,1883.690046296303,987.6,2019.2,16836.390625,16836.390625,16836.390625,0.0,0,0,599.6875,599.6875,599.6875
0,DeepSeek-R1-Distill-Qwen-14B-Q6_K,39,No.,no,21.399198457598686,726,8,734,yes_no,1948.2028169014047,858.0,2019.0,16836.390625,16836.390625,16836.390625,0.0,0,0,599.6875,599.6875,599.6875
0,DeepSeek-R1-Distill-Qwen-14B-Q6_K,37,Sí.,sí,38.54415022302419,1267,10,1277,yes_no,1956.5648437500008,399.1,2027.3,16836.390625,16836.390625,16836.390625,0.0,0,0,599.6875,599.6875,599.6875
0,DeepSeek-R1-Distill-Qwen-14B-Q6_K,71,Sí,sí,40.518648214638226,1321,15,1336,yes_no,1941.2888475836396,339.2,2027.3,16836.390625,16836.390625,16836.390625,0.0,0,0,599.6875,599.6875,599.6875
0,DeepSeek-R1-Distill-Qwen-14B-Q6_K,35,No.,no,40.3302631014958,1336,8,1344,yes_no,1961.4414179104506,129.7,2019.3,16836.546875,16836.546875,16836.546875,0.0,0,0,599.6875,599.6875,599.6875
0,DeepSeek-R1-Distill-Qwen-14B-Q6_K,40,Sí.,sí,45.86722834967077,1474,15,1489,yes_no,1947.0509868421098,987.6,2027.3,16836.546875,16836.546875,16836.546875,0.0,0,0,599.6875,599.6875,599.6875
0,DeepSeek-R1-Distill-Qwen-14B-Q6_K,31,Sí.,sí,46.03049982711673,1527,10,1537,yes_no,1966.740655737708,987.7,2019.2,16836.546875,16836.546875,16836.546875,0.0,0,0,599.6875,599.6875,599.6875
0,DeepSeek-R1-Distill-Qwen-14B-Q6_K,45,No.,no,40.795623063109815,1346,8,1354,yes_no,1962.5029520295222,309.3,2019.2,16836.546875,16836.546875,16836.546875,0.0,0,0,599.6875,599.6875,599.6875
0,DeepSeek-R1-Distill-Qwen-14B-Q6_K,97,Sí,no,47.85547194536775,1429,38,1467,yes_no,1875.936908517351,987.7,2019.3,16836.546875,16836.546875,16836.546875,0.0,0,0,599.6875,599.6875,599.6875
0,DeepSeek-R1-Distill-Qwen-14B-Q6_K,85,Sí,no,55.6242104684934,1812,8,1820,yes_no,1973.0168021680286,598.6,2019.3,16836.546875,16836.546875,16836.546875,0.0,0,0,599.6875,599.6875,599.6875
0,DeepSeek-R1-Distill-Qwen-14B-Q6_K,11,Sí.,sí,44.54979321733117,1463,10,1473,yes_no,1960.1192567567573,20.0,2019.3,16836.546875,16836.546875,16836.546875,0.0,0,0,599.6875,599.6875,599.6875
0,DeepSeek-R1-Distill-Qwen-14B-Q6_K,80,Sí,no,24.47827441059053,812,13,825,yes_no,1928.207407407402,987.6,2019.2,16836.546875,16836.546875,16836.546875,0.0,0,0,599.6875,599.6875,599.6875
0,DeepSeek-R1-Distill-Qwen-14B-Q6_K,89,Sí,sí,36.55631808005273,1203,10,1213,yes_no,1953.323045267487,49.9,2019.1,16836.546875,16836.546875,16836.546875,0.0,0,0,599.6875,599.6875,599.6875
0,DeepSeek-R1-Distill-Qwen-14B-Q6_K,43,No.,no,42.89338911511004,1435,8,1443,yes_no,1966.563859649126,119.7,2019.1,16836.546875,16836.546875,16836.546875,0.0,0,0,599.6875,599.6875,599.6875
0,DeepSeek-R1-Distill-Qwen-14B-Q6_K,22,Sí.,no,63.15469608083367,1851,51,1902,yes_no,1877.2452153110116,987.6,2027.3,16836.546875,16836.546875,16836.546875,0.0,0,0,599.6875,599.6875,599.6875
0,DeepSeek-R1-Distill-Qwen-14B-Q6_K,42,Sí.,no,48.636391907930374,1402,51,1453,yes_no,1851.5363354037258,987.6,2019.3,16836.546875,16836.546875,16836.546875,0.0,0,0,599.6875,599.6875,599.6875
0,DeepSeek-R1-Distill-Qwen-14B-Q6_K,64,Sí,sí,43.575328666716814,1429,10,1439,yes_no,1962.0726643598632,888.0,2019.1,16836.546875,16836.546875,16836.546875,0.0,0,0,599.6875,599.6875,599.6875
0,DeepSeek-R1-Distill-Qwen-14B-Q6_K,59,Sí,sí,43.099886098876595,1412,10,1422,yes_no,1960.3426573426623,658.5,2019.2,16836.546875,16836.546875,16836.546875,0.0,0,0,599.6875,599.6875,599.6875
0,DeepSeek-R1-Distill-Qwen-14B-Q6_K,94,Sí,sí,52.506023928523064,1707,10,1717,yes_no,1970.024425287363,997.5,2019.2,16836.859375,16836.859375,16836.859375,0.0,0,0,599.6875,599.6875,599.6875
0,DeepSeek-R1-Distill-Qwen-14B-Q6_K,100,Sí,no,43.44695805571973,1438,13,1451,yes_no,1954.8437500000011,987.6,2027.3,16836.859375,16836.859375,16836.859375,0.0,0,0,599.6875,599.6875,599.6875
0,DeepSeek-R1-Distill-Qwen-14B-Q6_K,19,No.,no,44.21095977909863,1467,8,1475,yes_no,1970.6215017064874,997.6,2019.2,16836.859375,16836.859375,16836.859375,0.0,0,0,599.6875,599.6875,599.6875
0,DeepSeek-R1-Distill-Qwen-14B-Q6_K,19,No.,no,1.161856203339994,1467,8,1475,yes_no,980.1750000000002,838.1,1007.6,16836.859375,16836.859375,16836.859375,0.0,0,0,599.6875,599.6875,599.6875
0,DeepSeek-R1-Distill-Qwen-14B-Q6_K,42,Sí.,no,48.82921833451837,1402,51,1453,yes_no,1843.3318885448862,987.7,2019.2,16836.859375,16836.859375,16836.859375,0.0,0,0,599.6875,599.6875,599.6875
0,DeepSeek-R1-Distill-Qwen-14B-Q6_K,74,Sí,no,52.73831863421947,1525,51,1576,yes_no,1854.6017191977066,987.6,2027.3,16837.015625,16837.015625,16837.015625,0.0,0,0,599.6875,599.6875,599.6875
0,DeepSeek-R1-Distill-Qwen-14B-Q6_K,21,Sí.,sí,37.065727359615266,1227,10,1237,yes_no,1957.6195121951182,608.6,2018.8,16837.015625,16837.015625,16837.015625,0.0,0,0,599.6875,599.6875,599.6875
0,DeepSeek-R1-Distill-Qwen-14B-Q6_K,66,Sí,no,40.216532674618065,1307,13,1320,yes_no,1943.2958801498141,389.1,2019.2,16837.015625,16837.015625,16837.015625,0.0,0,0,599.6875,599.6875,599.6875
0,DeepSeek-R1-Distill-Qwen-14B-Q6_K,43,No.,no,43.34940239880234,1435,8,1443,yes_no,1968.3170731707366,987.6,2027.3,16837.015625,16837.015625,16837.015625,0.0,0,0,599.6875,599.6875,599.6875
0,DeepSeek-R1-Distill-Qwen-14B-Q6_K,79,Sí,sí,27.946686249226335,968,5,973,yes_no,1968.680645161292,139.7,2029.3,16837.026545698925,16837.015625,16837.171875,0.0,0,0,599.6875,599.6875,599.6875
0,DeepSeek-R1-Distill-Qwen-14B-Q6_K,36,No.,no,26.9257950745523,910,8,918,yes_no,1950.437988826814,459.0,2018.9,16837.330743715083,16837.171875,16837.484375,0.0,0,0,599.6875,599.6875,599.6875
0,DeepSeek-R1-Distill-Qwen-14B-Q6_K,100,Sí,no,81.21108370739968,1438,13,1451,yes_no,1458.9466417910428,329.0,2019.2,13115.51317630597,5560.609375,16839.359375,0.0,0,0,599.6875,599.6875,599.6875
0,DeepSeek-R1-Distill-Qwen-14B-Q6_K,19,No.,no,44.901602832600474,1467,8,1475,yes_no,1964.5577181208043,538.7,2027.3,16203.131396812081,16202.484375,16203.734375,0.0,0,0,599.6875,599.6875,599.6875
0,DeepSeek-R1-Distill-Qwen-14B-Q6_K,67,Sí,sí,37.407501705922186,1227,13,1240,yes_no,1944.8870967741952,987.5,2019.3,16205.972908266129,16205.296875,16206.546875,0.0,0,0,599.6875,599.6875,599.6875
0,DeepSeek-R1-Distill-Qwen-14B-Q6_K,82,Sí,no,42.2086445633322,1363,13,1376,yes_no,1948.5192857142818,748.2,2027.3,16206.979910714286,16206.859375,16207.328125,0.0,0,0,599.6875,599.6875,599.6875
0,DeepSeek-R1-Distill-Qwen-14B-Q6_K,6,No.,no,44.147636600770056,1459,8,1467,yes_no,1967.2982935153564,608.6,2027.3,16208.626653156996,16208.421875,16208.734375,0.0,0,0,599.6875,599.6875,599.6875
0,DeepSeek-R1-Distill-Qwen-14B-Q6_K,67,Sí,sí,37.51222267001868,1227,10,1237,yes_no,1954.3678714859461,648.6,2019.0,16208.734375,16208.734375,16208.734375,0.0,0,0,599.6875,599.6875,599.6875
0,DeepSeek-R1-Distill-Qwen-14B-Q6_K,75,Sí,no,51.07440161984414,1659,13,1672,yes_no,1956.3516224188834,379.1,2027.3,16210.79008803466,16210.296875,16211.078125,0.0,0,0,599.6875,599.6875,599.6875
0,DeepSeek-R1-Distill-Qwen-14B-Q6_K,69,Sí,sí,44.87854346167296,1475,10,1485,yes_no,1959.1117449664446,359.2,2027.3,16211.961592911073,16211.51171875,16212.44921875,0.0,0,0,599.6875,599.6875,599.6875
0,DeepSeek-R1-Distill-Qwen-14B-Q6_K,50,Sí.,no,48.146478288806975,1382,51,1433,yes_no,1839.9463949843214,698.4,2019.3,16213.367995689656,16213.23046875,16213.54296875,0.0,0,0,599.6875,599.6875,599.6875
0,DeepSeek-R1-Distill-Qwen-14B-Q6_K,69,Sí,sí,45.15431920066476,1475,10,1485,yes_no,1965.9819397993315,987.6,2019.3,16213.3828125,16213.3828125,16213.3828125,0.0,0,0,599.6875,599.6875,599.6875
0,DeepSeek-R1-Distill-Qwen-14B-Q6_K,32,Sí.,no,71.186767982319,2090,51,2141,yes_no,1880.7156779661095,29.9,2019.2,16226.18688757945,16213.6953125,16250.68359375,0.0,0,0,599.6875,599.6875,599.6875
0,DeepSeek-R1-Distill-Qwen-14B-Q6_K,57,Sí,sí,39.71467224508523,1318,5,1323,yes_no,1971.854924242425,29.9,2027.3,16250.935724431818,16250.83984375,16250.99609375,0.0,0,0,599.6875,599.6875,599.6875
0,DeepSeek-R1-Distill-Qwen-14B-Q6_K,81,Sí,no,39.34847214631736,1291,13,1304,yes_no,1949.1938697318028,848.1,2027.4,16251.282252753832,16251.15234375,16251.46484375,0.0,0,0,599.6875,599.6875,599.6875
0,DeepSeek-R1-Distill-Qwen-14B-Q6_K,174,Cáncer colorrectal,"</think>

El código C18 en la clasificación CIE-10 corresponde a tumores malignos del colon, incluyendo el apéndice y diferentes partes del intestino delgado.
</think>

El código C18 en la clasificación CIE-10 corresponde a tumores malignos del colon.",48.67129864450544,1305,70,1375,short_answer,1789.0173913043463,987.6,2019.3,16252.351877911491,16252.24609375,16252.40234375,0.0,0,0,599.6875,599.6875,599.6875
0,DeepSeek-R1-Distill-Qwen-14B-Q6_K,122,5.02 equipos,"</think>

No lo sé.",46.32814797759056,1530,7,1537,short_answer,1974.570684039092,997.6,2019.0,16253.072768220683,16252.87109375,16253.33984375,0.0,0,0,599.6875,599.6875,599.6875
0,DeepSeek-R1-Distill-Qwen-14B-Q6_K,156,Serie Gastroduodenal (SGD),"</think>

La prueba de tamizaje utilizada para el cáncer gástrico es la gastroscopia.",20.44319294579327,618,26,644,short_answer,1817.589705882352,179.6,2027.3,16253.1640625,16253.1640625,16253.1640625,0.0,0,0,599.6875,599.6875,599.6875
0,DeepSeek-R1-Distill-Qwen-14B-Q6_K,171,Mínimamente invasivo guiado por imagen,"</think>

La cirugía percutánea utiliza un abordaje quirúrgico minimamente invasivo, realizado con el apoyo de endoscopia y dispositivos especializados para realizar intervenciones con incisiones menores.
</think>

La cirugía percutánea utiliza un abordaje quirúrgico minimamente invasivo, realizado con el apoyo de endoscopia y dispositivos especializados para realizar intervenciones con incisiones menores.",60.1809550318867,1526,103,1629,short_answer,1746.229899497484,987.6,2027.3,16258.204499057789,16253.3203125,16259.5703125,0.0,0,0,599.6875,599.6875,599.6875
0,DeepSeek-R1-Distill-Qwen-14B-Q6_K,104,5 plazas.,"</think>

Según el contexto, se requieren 5 plazas de Analistas de Sistemas 4 para la implementación del SILC-EDUS.
</think>

5",54.32591503672302,1614,39,1653,short_answer,1885.122777777778,708.3,2027.3,16260.060763888889,16259.8828125,16260.1953125,0.0,0,0,599.6875,599.6875,599.6875
0,DeepSeek-R1-Distill-Qwen-14B-Q6_K,149,Se realizan 6 colonoscopías diarias por sala según las estimaciones del plan.,"</think>

No lo sé.",56.00717888586223,1818,7,1825,short_answer,1977.9781671159108,987.7,2019.1,16261.496230626684,16260.5078125,16261.9140625,0.0,0,0,599.6875,599.6875,599.6875
0,DeepSeek-R1-Distill-Qwen-14B-Q6_K,187,Escala de Preparación Intestinal de Boston,"</think>

No lo sé.",39.26475613191724,1305,7,1312,short_answer,1963.0927203065098,20.0,2019.1,16261.504070881227,16261.3125,16261.625,0.0,0,0,599.6875,599.6875,599.6875
0,DeepSeek-R1-Distill-Qwen-14B-Q6_K,149,Se realizan 6 colonoscopías diarias por sala según las estimaciones del plan.,"</think>

No lo sé.
</think>

No lo sé.",56.665175209753215,1818,13,1831,short_answer,1958.1375000000098,389.1,2019.1,16261.625,16261.625,16261.625,0.0,0,0,599.6875,599.6875,599.6875
0,DeepSeek-R1-Distill-Qwen-14B-Q6_K,124,"67,136 personas.","</think>

Según el contexto, en el año 2025 se llamarían a 67,136 personas para realizarse la prueba de sangre oculta en heces (FIT).
</think>

67,136 personas.",52.95963182207197,1533,55,1588,short_answer,1843.7430199430191,478.9,2027.3,16261.625,16261.625,16261.625,0.0,0,0,599.6875,599.6875,599.6875
0,DeepSeek-R1-Distill-Qwen-14B-Q6_K,134,El rango de edad de la población objetivo para los programas de tamizaje es de 50 a 74 años.,"</think>

El rango de edad de la población objetivo para los programas de tamizaje es de 50 a 74 años.
</think>

El rango de edad de la población objetivo para los programas de tamizaje es de 50 a 74 años.",58.60721903946251,1675,59,1734,short_answer,1852.2786082474254,987.6,2027.3,16261.697889819588,16261.625,16261.78125,0.0,0,0,599.6875,599.6875,599.6875
0,DeepSeek-R1-Distill-Qwen-14B-Q6_K,173,Cáncer de estómago,"</think>

El código C16 en la clasificación CIE-10 corresponde a tumores malignos del estómago.
</think>

El código C16 en la clasificación CIE-10 corresponde a tumores malignos del estómago.",46.463428686372936,1305,57,1362,short_answer,1819.310389610385,179.6,2028.5,16261.78125,16261.78125,16261.78125,0.0,0,0,599.6875,599.6875,599.6875
0,DeepSeek-R1-Distill-Qwen-14B-Q6_K,125,1995,"</think>

No lo sé.
</think>

No lo sé.",41.65240729320794,1341,13,1354,short_answer,1949.586594202899,987.7,2019.3,16261.819746376812,16261.78125,16261.9375,0.0,0,0,599.6875,599.6875,599.6875
0,DeepSeek-R1-Distill-Qwen-14B-Q6_K,150,"El costo estimado de una torre de endoscopia es de ₡102,322,211.","</think>

El costo estimado de una torre de endoscopia es de ₡102,322,211.",73.59063390735537,2250,32,2282,short_answer,1925.409221311486,289.3,2019.2,16263.72497758709,16262.25,16266.38671875,0.0,0,0,599.6875,599.6875,599.6875
0,DeepSeek-R1-Distill-Qwen-14B-Q6_K,134,El rango de edad de la población objetivo para los programas de tamizaje es de 50 a 74 años.,"</think>

El rango de edad de la población objetivo para los programas de tamizaje es de 50 a 74 años.
</think>

El rango de edad de la población objetivo para los programas de tamizaje es de 50 a 74 años.",58.87934668455273,1675,59,1734,short_answer,1848.6041025641064,768.2,2027.3,16266.38671875,16266.38671875,16266.38671875,0.0,0,0,599.6875,599.6875,599.6875
0,DeepSeek-R1-Distill-Qwen-14B-Q6_K,129,16%,"</think>

No lo sé.
</think>

No lo sé.",41.37812065239996,1333,13,1346,short_answer,1950.8576642335754,987.7,2019.3,16266.935304516423,16266.54296875,16267.16796875,0.0,0,0,599.6875,599.6875,599.6875
0,DeepSeek-R1-Distill-Qwen-14B-Q6_K,104,5 plazas.,"</think>

El documento menciona que se requieren 5 plazas de Analistas de Sistemas 4 para la implementación del SILC-EDUS. Por lo tanto, la respuesta es 5.

**Respuesta:** 5 plazas de Analistas en Sistemas 4 se requieren para la implementación del SILC-EDUS.",59.32986547425389,1614,78,1692,short_answer,1806.379898218833,518.8,2027.3,16267.16796875,16267.16796875,16267.16796875,0.0,0,0,599.6875,599.6875,599.6875
0,DeepSeek-R1-Distill-Qwen-14B-Q6_K,114,5.7 millones.,"</think>

La población proyectada para Costa Rica en el año 2034 es de aproximadamente 5.7 millones de personas.
</think>

La población proyectada para Costa Rica en el año 2034 es de aproximadamente 5.7 millones de personas.",53.03210832178593,1493,61,1554,short_answer,1833.6971509971493,987.6,2019.2,16267.388766470798,16267.32421875,16267.48046875,0.0,0,0,599.6875,599.6875,599.6875
0,DeepSeek-R1-Distill-Qwen-14B-Q6_K,115,"1,203,483 personas.","</think>

La población objetivo total proyectada para el año 2025 es de aproximadamente 1.2 millones de personas.
</think>

La población objetivo total proyectada para el año 2025 es de aproximadamente 1.2 millones de personas.",49.96459542121738,1418,59,1477,short_answer,1829.6274924471277,748.3,2019.3,16267.648048055136,16267.48046875,16267.79296875,0.0,0,0,599.6875,599.6875,599.6875
0,DeepSeek-R1-Distill-Qwen-14B-Q6_K,125,1995,"</think>

No lo sé.
</think>

No lo sé.",41.08672020956874,1341,13,1354,short_answer,1946.1549450549423,79.8,2029.1,16267.79296875,16267.79296875,16267.79296875,0.0,0,0,599.6875,599.6875,599.6875
0,DeepSeek-R1-Distill-Qwen-14B-Q6_K,200,5 años,"</think>

No lo sé.
</think>

No lo sé.",37.518584898673,1217,13,1230,short_answer,1945.4220883534113,688.5,2027.3,16267.94921875,16267.94921875,16267.94921875,0.0,0,0,599.6875,599.6875,599.6875
0,DeepSeek-R1-Distill-Qwen-14B-Q6_K,195,Resección Submucosa Endoscópica (ESD),"</think>

Resección submucosa endoscópica (ESD) permite resecar lesiones gastrointestinales en bloque, evitando cirugías mayores.",45.42110437247902,1330,41,1371,short_answer,1859.5953488372093,788.2,2019.0,16268.053039348006,16267.94921875,16268.10546875,0.0,0,0,599.6875,599.6875,599.6875
0,DeepSeek-R1-Distill-Qwen-14B-Q6_K,148,Se realizan 12 gastroscopías diarias por sala según las estimaciones del plan.,"</think>

Según el contexto, se realizan 12 gastroscopías diarias por sala.",66.07521149981767,2056,23,2079,short_answer,1939.8025114155353,748.3,2027.3,16268.41796875,16268.41796875,16268.41796875,0.0,0,0,599.6875,599.6875,599.6875
0,DeepSeek-R1-Distill-Qwen-14B-Q6_K,191,Ultrasonido endoscópico o Resonancia Magnética Nuclear,"</think>

Además de la tomografía, se requiere ultrasonido endoscópico o Resonancia Magnética Nuclear para el estadiaje del cáncer de recto.",22.846372675150636,617,41,658,short_answer,1745.6059602649002,987.6,2019.3,16268.73046875,16268.73046875,16268.73046875,0.0,0,0,599.6875,599.6875,599.6875
0,DeepSeek-R1-Distill-Qwen-14B-Q6_K,157,Prueba FIT (Test Inmunológico Fecal),"</think>

La prueba de tamizaje utilizada para el cáncer colorrectal es la prueba específica de SOHi, recomendada en programas organizados.",32.81286648567766,971,34,1005,short_answer,1846.1585253456176,987.5,2019.3,16269.126494095623,16269.04296875,16269.19921875,0.0,0,0,599.6875,599.6875,599.6875
0,DeepSeek-R1-Distill-Qwen-14B-Q6_K,138,La CCSS cuenta con 19 salas de fluoroscopia disponibles a nivel nacional.,"</think>

La CCSS cuenta con 19 salas de fluoroscopia a nivel nacional.",47.74629457294941,1525,21,1546,short_answer,1927.8340694006317,159.6,2027.3,16269.305685626972,16269.19921875,16269.35546875,0.0,0,0,599.6875,599.6875,599.6875
0,DeepSeek-R1-Distill-Qwen-14B-Q6_K,198,Cada dos años (bienal),"</think>

El tamizaje por cáncer colorrectal en población de riesgo promedio debe realizarse cada dos años en hombres y mujeres entre los 50-74 años.
</think>

El tamizaje por cáncer colorrectal en población de riesgo promedio debe realizarse cada dos años en hombres y mujeres entre los 50-74 años.",45.823950367979705,1176,81,1257,short_answer,1740.0663366336587,987.6,2019.3,16269.51171875,16269.51171875,16269.51171875,0.0,0,0,599.6875,599.6875,599.6875
0,DeepSeek-R1-Distill-Qwen-14B-Q6_K,108,11.66 casos.,"</think>

No lo sé.
</think>

No lo sé.",59.52715402189642,1914,13,1927,short_answer,1962.0169620253264,349.2,2027.3,16269.741940268987,16269.66796875,16269.82421875,0.0,0,0,599.6875,599.6875,599.6875
0,DeepSeek-R1-Distill-Qwen-14B-Q6_K,180,Prueba cuantitativa y automatizada (SOHi cuantitativa),"</think>

En el contexto proporcionado, no se menciona específicamente qué tipo de prueba se recomienda para el tamizaje del cáncer colorrectal. Por lo tanto, la respuesta es:

No lo sé.
</think>

No lo sé.",37.754535301588476,1031,53,1084,short_answer,1789.7875999999992,927.9,2027.3,16269.91546875,16269.82421875,16269.98046875,0.0,0,0,599.6875,599.6875,599.6875
0,DeepSeek-R1-Distill-Qwen-14B-Q6_K,144,"La CCSS tiene 7 regiones DRIPSS: Central Norte, Central Sur, Chorotega, Huetar Atlántica, Huetar Norte, Brunca y Pacífico Central.","</think>

La CCSS tiene 7 regiones DRIPSS.
</think>

La CCSS tiene 7 regiones DRIPSS.",52.29730500280857,1609,29,1638,short_answer,1911.0095100864594,229.5,2027.3,16270.512709384006,16270.44921875,16270.60546875,0.0,0,0,599.6875,599.6875,599.6875
0,DeepSeek-R1-Distill-Qwen-14B-Q6_K,163,FIT (Prueba Inmunológica Fecal),"</think>

La prueba realizada en el laboratorio clínico para el tamizaje de cáncer colorrectal es la prueba FIT.
</think>

La prueba realizada en el laboratorio clínico para el tamizaje de cáncer colorrectal es la prueba FIT.",41.64824192132801,1148,61,1209,short_answer,1790.5550724637696,488.9,2019.2,16270.60546875,16270.60546875,16270.60546875,0.0,0,0,599.6875,599.6875,599.6875
0,DeepSeek-R1-Distill-Qwen-14B-Q6_K,163,FIT (Prueba Inmunológica Fecal),"</think>

La prueba realizada en el laboratorio clínico para el tamizaje de cáncer colorrectal es la prueba FIT.
</think>

La prueba realizada en el laboratorio clínico para el tamizaje de cáncer colorrectal es la prueba FIT.",8.69238405302167,1148,61,1209,short_answer,984.4344827586199,69.8,1017.6,16270.60546875,16270.60546875,16270.60546875,0.0,0,0,599.6875,599.6875,599.6875
0,DeepSeek-R1-Distill-Qwen-14B-Q6_K,111,56.82 casos.,"</think>

La mortalidad total combinada por cáncer de estómago, colon y recto en la población objetivo es de 56.82 muertes por cada 100,000 habitantes.
</think>

La mortalidad total combinada por cáncer de estómago, colon y recto en la población objetivo es de 56.82 muertes por cada 100,000 habitantes.",67.13619611691684,1745,99,1844,short_answer,1781.2432432432427,987.6,2019.3,16270.653637035473,16270.59375,16270.76171875,0.0,0,0,599.6875,599.6875,599.6875
0,DeepSeek-R1-Distill-Qwen-14B-Q6_K,190,Tomografía tóracoabdominopélvica con medio de contraste,"</think>

No lo sé.",12.033198370598257,426,7,433,short_answer,1923.0575000000003,878.0,2019.2,16270.59375,16270.59375,16270.59375,0.0,0,0,599.6875,599.6875,599.6875
0,DeepSeek-R1-Distill-Qwen-14B-Q6_K,147,El porcentaje de invitación para los programas de tamizaje es del 40%.,"</think>

El porcentaje de invitación para los programas de tamizaje es del 40%.
</think>

El porcentaje de invitación para los programas de tamizaje es del 40%.",50.365377232432365,1492,44,1536,short_answer,1869.348802395208,359.2,2019.1,16270.80941242515,16270.75,16270.90625,0.0,0,0,599.6875,599.6875,599.6875
0,DeepSeek-R1-Distill-Qwen-14B-Q6_K,179,Apoyo clínico directo y monitorización de signos vitales,"</think>

El médico general asistente participa en tareas clínicas, acompaña durante la sedación, toma signos vitales, prepara materiales y cuida al paciente post procedimiento.",39.48533044196665,1148,44,1192,short_answer,1836.8045801526696,259.4,2019.2,16271.314169847328,16271.21875,16271.375,0.0,0,0,599.6875,599.6875,599.6875
0,DeepSeek-R1-Distill-Qwen-14B-Q6_K,107,"Análisis demográfico, herramientas GIS y MS-Excel.","</think>

Para analizar la población adscrita por provincia, cantón, sexo y edad, se utilizan herramientas de GIS y MS-Excel.
</think>

Para analizar la población adscrita por provincia, cantón, sexo y edad, se utilizan herramientas de GIS y MS-Excel.",43.13614254631102,1142,65,1207,short_answer,1769.2758741258713,199.5,2019.3,16271.375,16271.375,16271.375,0.0,0,0,599.6875,599.6875,599.6875
0,DeepSeek-R1-Distill-Qwen-14B-Q6_K,171,Mínimamente invasivo guiado por imagen,"</think>

La cirugía percutánea utiliza un abordaje quirúrgico minimamente invasivo, realizado con el apoyo de endoscopia y tecnología avanzada, garantizando un procedimiento seguro y eficiente.",52.680187087506056,1526,50,1576,short_answer,1856.0140401146152,758.4,2029.3,16271.507073782235,16271.35546875,16271.53125,0.0,0,0,599.6875,599.6875,599.6875
0,DeepSeek-R1-Distill-Qwen-14B-Q6_K,108,11.66 casos.,"</think>

No lo sé.
</think>

No lo sé.",59.730345947667956,1914,13,1927,short_answer,1963.369949494957,868.0,2019.3,16271.35546875,16271.35546875,16271.35546875,0.0,0,0,599.6875,599.6875,599.6875
0,DeepSeek-R1-Distill-Qwen-14B-Q6_K,131,"El CNDTCG dispone de salas de endoscopía alta y baja, pero el inventario nacional de la CCSS es de 52 salas de endoscopia en total.","</think>

No lo sé.
</think>

No lo sé.",45.98850062768906,1497,13,1510,short_answer,1950.1206557377054,399.1,2019.0,16271.765151127049,16271.65234375,16271.82421875,0.0,0,0,599.6875,599.6875,599.6875
0,DeepSeek-R1-Distill-Qwen-14B-Q6_K,106," Los 81 cantones originales previos a 2019, por distorsión por nuevos cantones.","</think>

El plan utiliza la estructura de los 81 cantones originales previos al 2019 para sus proyecciones, debido a que la creación de nuevos cantones genera distorsión en los datos.",31.97885106690228,878,51,929,short_answer,1768.5999999999967,608.6,2027.3,16272.12109375,16272.12109375,16272.12109375,0.0,0,0,599.6875,599.6875,599.6875
0,DeepSeek-R1-Distill-Qwen-14B-Q6_K,165,Dirección General,"</think>

La Coordinación de Programas y Área Quirúrgica es responsable de la conducción estratégica del centro.",44.622567500919104,1325,28,1353,short_answer,1904.353378378375,508.8,2019.0,14164.553631756757,5346.1484375,16272.43359375,0.0,0,0,599.6875,599.6875,599.6875
0,DeepSeek-R1-Distill-Qwen-14B-Q6_K,136,12 hospitales periféricos,"</think>

La CCSS cuenta con 12 hospitales periféricos.
</think>

La CCSS cuenta con 12 hospitales periféricos.",38.27851594425738,1126,37,1163,short_answer,1848.352362204722,109.7,2019.3,16248.27565206693,16247.7109375,16248.6484375,0.0,0,0,599.6875,599.6875,599.6875
0,DeepSeek-R1-Distill-Qwen-14B-Q6_K,137,El 88% de los gastroenterólogos (56 de 63.5) están capacitados en detección temprana de lesiones premalignas y malignas.,"</think>

No lo sé.
</think>

No lo sé.",44.41638747416437,1432,13,1445,short_answer,1948.1508474576278,219.5,2027.2,16250.817929025423,16250.0546875,16251.3046875,0.0,0,0,599.6875,599.6875,599.6875
0,DeepSeek-R1-Distill-Qwen-14B-Q6_K,122,5.02 equipos,"</think>

No lo sé.",45.73339307680726,1530,7,1537,short_answer,1976.298679867989,987.7,2019.2,16253.073458127063,16252.2421875,16253.6484375,0.0,0,0,599.6875,599.6875,599.6875
0,DeepSeek-R1-Distill-Qwen-14B-Q6_K,144,"La CCSS tiene 7 regiones DRIPSS: Central Norte, Central Sur, Chorotega, Huetar Atlántica, Huetar Norte, Brunca y Pacífico Central.","</think>

La CCSS tiene siete regiones DRIPSS: Central Norte, Central Sur, Chorotega, Huetar Atlántica, Huetar Norte, Brunca y Pacífico Central.
</think>

La CCSS tiene siete regiones DRIPSS.
</think>

La CCSS tiene siete regiones DRIPSS.
</think>

La CCSS tiene siete regiones DRIPSS.
</think>

La CCSS tiene siete regiones DRIPSS.
</think>

La CCSS tiene siete regiones DRIPSS.
</think>

La CCSS tiene siete regiones DRIPSS.
</think>

La CCSS tiene siete regiones DRIPSS.
</think>

La CCSS tiene siete regiones DRIPSS.
</response>

**Respuesta Final**
La CCSS tiene siete regiones DRIPSS.
</think>

La CCSS tiene siete regiones DRIPSS.
</response>

**Respuesta Final**
La",77.43132257461548,1609,201,1810,short_answer,1615.538281249994,149.7,2019.2,16254.210571289062,16254.1171875,16254.2734375,0.0,0,0,599.6875,599.6875,599.6875
0,DeepSeek-R1-Distill-Qwen-14B-Q6_K,114,5.7 millones.,"</think>

La población proyectada para Costa Rica en el año 2034 es de aproximadamente 5.7 millones de personas.
</think>

La población proyectada para Costa Rica en el año 2034 es de aproximadamente 5.7 millones de personas.",52.70259615872055,1493,61,1554,short_answer,1829.3521489971317,868.1,2027.3,16255.625962571634,16255.0546875,16255.9921875,0.0,0,0,599.6875,599.6875,599.6875
0,DeepSeek-R1-Distill-Qwen-14B-Q6_K,169,DELPHI modificada,"</think>

El método de validación técnica utilizado fue el método DELPHI modificada.
</think>

El método de validación técnica utilizado fue el método DELPHI modificada.",46.66064984072,1409,37,1446,short_answer,1885.807119741097,987.6,2027.3,16257.307923745955,16256.9296875,16257.7109375,0.0,0,0,599.6875,599.6875,599.6875
0,DeepSeek-R1-Distill-Qwen-14B-Q6_K,186,Clasificación KUDO,"</think>

La clasificación KUDO requiere magnificación y cromoendoscopía para la caracterización de pólipos.
</think>

La clasificación KUDO requiere magnificación y cromoendoscopía para la caracterización de pólipos.",46.17661967128516,1292,55,1347,short_answer,1816.9245098039182,588.6,2019.1,16258.385978349674,16258.1796875,16258.4921875,0.0,0,0,599.6875,599.6875,599.6875
0,DeepSeek-R1-Distill-Qwen-14B-Q6_K,160,Endoscopista,"</think>

El profesional que realiza la gastroscopia es el endoscopista.
</think>

El profesional que realiza la gastroscopia es el endoscopista.",42.06527145858854,1249,35,1284,short_answer,1870.1419354838688,419.0,2027.3,16259.159190188173,16258.9609375,16259.2734375,0.0,0,0,599.6875,599.6875,599.6875
0,DeepSeek-R1-Distill-Qwen-14B-Q6_K,132,Cada 5 años,"</think>

La periodicidad recomendada para la revisión y actualización de la norma es cada 5 años.
</think>

La periodicidad recomendada para la revisión y actualización de la norma es cada 5 años.",56.37182754650712,1633,49,1682,short_answer,1865.7230563002686,987.5,2018.9,16260.736658009384,16260.3671875,16260.9921875,0.0,0,0,599.6875,599.6875,599.6875
0,DeepSeek-R1-Distill-Qwen-14B-Q6_K,118,110 laboratorios.,"</think>

No lo sé.
</think>

No lo sé.",38.953843736089766,1275,13,1288,short_answer,1950.2209302325573,987.7,2019.0,16261.242914244185,16261.1484375,16261.3046875,0.0,0,0,599.6875,599.6875,599.6875
0,DeepSeek-R1-Distill-Qwen-14B-Q6_K,196,8.30%,"</think>

El costo de atención temprana de recto es del 8.3% respecto al cáncer avanzado.",30.040403231047094,917,28,945,short_answer,1867.1457286432108,987.6,2027.3,16261.536314384422,16261.4609375,16261.6171875,0.0,0,0,599.6875,599.6875,599.6875
0,DeepSeek-R1-Distill-Qwen-14B-Q6_K,153,Se proyectan aproximadamente 3 equipos de endoscopia para gastroscopias en el primer año.,"</think>

No lo sé.
</think>

No lo sé.",51.044960842467844,1649,13,1662,short_answer,1958.9005917159811,987.6,2028.9,16261.944942677515,16261.7734375,16262.0859375,0.0,0,0,599.6875,599.6875,599.6875
0,DeepSeek-R1-Distill-Qwen-14B-Q6_K,140,1 año,"</think>

No lo sé.
</think>

No lo sé.",42.83856274280697,1407,13,1420,short_answer,1953.5475352112721,987.7,2019.2,16262.8671875,16262.8671875,16262.8671875,0.0,0,0,599.6875,599.6875,599.6875
0,DeepSeek-R1-Distill-Qwen-14B-Q6_K,185,35%,"</think>

La ADR recomendada en mujeres para tamizaje de dos fases es el Test Inmunológico Fecal (FIT) y la Serie Gastroduodenal (SGD).",45.83989237807691,1361,40,1401,short_answer,1867.6421052631563,439.0,2019.2,16263.069695723685,16262.8671875,16263.3359375,0.0,0,0,599.6875,599.6875,599.6875
0,DeepSeek-R1-Distill-Qwen-14B-Q6_K,101,Cáncer gástrico y cáncer colorrectal.,"</think>

Las dos principales causas son el cáncer de estómago y el cáncer colorrectal, ambos con alta mortalidad.",33.17353364545852,991,32,1023,short_answer,1855.6859090909054,698.4,2019.2,16263.899857954546,16263.6484375,16264.1171875,0.0,0,0,599.6875,599.6875,599.6875
0,DeepSeek-R1-Distill-Qwen-14B-Q6_K,156,Serie Gastroduodenal (SGD),"</think>

La prueba de tamizaje utilizada para el cáncer gástrico es la gastroscopia.",20.60645751282573,618,26,644,short_answer,1812.1182481751816,299.3,2018.6,16264.2734375,16264.2734375,16264.2734375,0.0,0,0,599.6875,599.6875,599.6875
0,DeepSeek-R1-Distill-Qwen-14B-Q6_K,126,2027,"</think>

2025",33.912253458052874,1126,7,1133,short_answer,1966.459999999997,858.0,2019.3,16264.2734375,16264.2734375,16264.2734375,0.0,0,0,599.6875,599.6875,599.6875
0,DeepSeek-R1-Distill-Qwen-14B-Q6_K,156,Serie Gastroduodenal (SGD),"</think>

La prueba de tamizaje utilizada para el cáncer gástrico es la gastroscopia.",20.565032393671572,618,26,644,short_answer,1822.6529411764698,987.5,2019.0,16264.2734375,16264.2734375,16264.2734375,0.0,0,0,599.6875,599.6875,599.6875
0,DeepSeek-R1-Distill-Qwen-14B-Q6_K,150,"El costo estimado de una torre de endoscopia es de ₡102,322,211.","</think>

El costo estimado de una torre de endoscopia es de ₡102,322,211.",73.57968018110842,2250,32,2282,short_answer,1925.7176229508302,169.6,2019.3,16264.79821977459,16264.7421875,16264.8984375,0.0,0,0,599.6875,599.6875,599.6875
0,DeepSeek-R1-Distill-Qwen-14B-Q6_K,104,5 plazas.,"</think>

Según el contexto, se requieren 5 plazas de Analistas de Sistemas 4 para la implementación del SILC-EDUS.
</think>

5",53.6950051151216,1614,39,1653,short_answer,1887.6269662921343,488.9,2019.2,16265.856566011236,16265.6796875,16265.9921875,0.0,0,0,599.6875,599.6875,599.6875
0,DeepSeek-R1-Distill-Qwen-14B-Q6_K,199,SIRNAT (Sistema de Información Registro Nacional de Tumores),"</think>

El Sistema de Información Registro Nacional de Tumores (SIRNAT) del Ministerio de Salud recopila y publica las estadísticas sobre la incidencia por cáncer en Costa Rica.
</think>

El Sistema de Información Registro Nacional de Tumores (SIRNAT) del Ministerio de Salud recopila y publica las estadísticas sobre la incidencia por cáncer en Costa Rica.",59.040967523120344,1511,93,1604,short_answer,1755.6086956521726,319.3,2027.1,16266.721487372122,16266.4609375,16266.9296875,0.0,0,0,599.6875,599.6875,599.6875
0,DeepSeek-R1-Distill-Qwen-14B-Q6_K,194,3.30%,"</think>

El costo de atención de lesiones premalignas de colon es del 3.3% respecto al de un cáncer avanzado.",36.08917608205229,1086,32,1118,short_answer,1874.0355648535535,987.6,2019.3,16267.019253399581,16266.9296875,16267.0859375,0.0,0,0,599.6875,599.6875,599.6875
0,DeepSeek-R1-Distill-Qwen-14B-Q6_K,193,82 muertes,"</think>

No lo sé.
</think>

No lo sé.",52.53647455945611,1691,13,1704,short_answer,1959.1198275862132,987.7,2029.0,16267.371497844828,16267.2421875,16267.5546875,0.0,0,0,599.6875,599.6875,599.6875
0,DeepSeek-R1-Distill-Qwen-14B-Q6_K,124,"67,136 personas.","</think>

En el año 2025, se llamarían a 67,136 personas para realizarse la prueba de sangre oculta en heces (FIT).
</think>

67,136 personas.",52.230941387824714,1533,51,1584,short_answer,1856.5916184971118,858.0,2027.3,16267.8671875,16267.8671875,16267.8671875,0.0,0,0,599.6875,599.6875,599.6875
0,DeepSeek-R1-Distill-Qwen-14B-Q6_K,166,Coordinaciones de Programa,"</think>

Área Clínica Asistencial.
</think>

Área Clínica Asistencial.",41.54712697863579,1308,23,1331,short_answer,1913.8275362318811,39.9,2019.0,16268.48729053442,16268.1796875,16268.8046875,0.0,0,0,599.6875,599.6875,599.6875
0,DeepSeek-R1-Distill-Qwen-14B-Q6_K,138,La CCSS cuenta con 19 salas de fluoroscopia disponibles a nivel nacional.,"</think>

La CCSS cuenta con 19 salas de fluoroscopia a nivel nacional.
</think>

La CCSS cuenta con 19 salas de fluoroscopia a nivel nacional.",50.78567590098828,1525,41,1566,short_answer,1875.9314540059347,69.8,2019.0,16268.48046875,16268.48046875,16268.48046875,0.0,0,0,599.6875,599.6875,599.6875
0,DeepSeek-R1-Distill-Qwen-14B-Q6_K,135,8 hospitales regionales,"</think>

La CCSS tiene 8 hospitales regionales según el Manual de Gestión.",35.23103026300668,1105,21,1126,short_answer,1908.897435897432,289.3,2029.3,16268.48046875,16268.48046875,16268.48046875,0.0,0,0,599.6875,599.6875,599.6875
0,DeepSeek-R1-Distill-Qwen-14B-Q6_K,126,2027,"</think>

2025",33.38819544110447,1126,7,1133,short_answer,1963.2013513513484,109.8,2019.2,16268.48046875,16268.48046875,16268.48046875,0.0,0,0,599.6875,599.6875,599.6875
0,DeepSeek-R1-Distill-Qwen-14B-Q6_K,165,Dirección General,"</think>

La Coordinación General es la responsable de la conducción estratégica del centro.",41.82777339499444,1325,20,1345,short_answer,1927.7566787003625,987.7,2019.1,16268.63671875,16268.63671875,16268.63671875,0.0,0,0,599.6875,599.6875,599.6875
0,DeepSeek-R1-Distill-Qwen-14B-Q6_K,102,CNDTCG y DICE.,"</think>

Las siglas utilizadas son CNDTCG para el Centro Nacional de Detección Temprana de Cáncer Gastrointestinal y DICE para la Dirección de Centros Especializados.",32.86086713615805,942,45,987,short_answer,1804.9990825688042,409.0,2028.4,16268.720577694954,16268.63671875,16268.79296875,0.0,0,0,599.6875,599.6875,599.6875
0,DeepSeek-R1-Distill-Qwen-14B-Q6_K,104,5 plazas.,"</think>

Según el contexto, se requieren 5 plazas de Analistas de Sistemas 4 para la implementación del SILC-EDUS.
</think>

5",54.39561431109905,1614,39,1653,short_answer,1885.6991666666672,987.6,2019.2,16268.79296875,16268.79296875,16268.79296875,0.0,0,0,599.6875,599.6875,599.6875
0,DeepSeek-R1-Distill-Qwen-14B-Q6_K,167,Área de Planificación y Mejora Continua,"</think>

Área de Planificación y Mejora Continua.
</think>

Área de Planificación y Mejora Continua.",35.18606156762689,1077,27,1104,short_answer,1885.5060085836894,987.6,2019.3,16268.87947626073,16268.79296875,16268.94921875,0.0,0,0,599.6875,599.6875,599.6875
0,DeepSeek-R1-Distill-Qwen-14B-Q6_K,126,2027,"</think>

2025",33.98265714198351,1126,7,1133,short_answer,1966.6644444444446,997.7,2027.3,16268.94921875,16268.94921875,16268.94921875,0.0,0,0,599.6875,599.6875,599.6875
0,DeepSeek-R1-Distill-Qwen-14B-Q6_K,155,35%,"</think>

No lo sé.",41.07281431928277,1375,7,1382,short_answer,1974.0367647058806,987.7,2027.3,16268.94921875,16268.94921875,16268.94921875,0.0,0,0,599.6875,599.6875,599.6875
0,DeepSeek-R1-Distill-Qwen-14B-Q6_K,168,Área Administrativa,"</think>

Área Administrativa gestiona recursos físicos, materiales, financieros y de talento humano.
</think>

Área Administrativa",38.23768981266767,1161,30,1191,short_answer,1880.2059055118089,39.9,2019.2,16269.293706938977,16269.10546875,16269.41796875,0.0,0,0,599.6875,599.6875,599.6875
0,DeepSeek-R1-Distill-Qwen-14B-Q6_K,153,Se proyectan aproximadamente 3 equipos de endoscopia para gastroscopias en el primer año.,"</think>

No lo sé.",50.22035636473447,1649,7,1656,short_answer,1975.3846846846889,917.9,2027.3,16269.41796875,16269.41796875,16269.41796875,0.0,0,0,599.6875,599.6875,599.6875
0,DeepSeek-R1-Distill-Qwen-14B-Q6_K,159,Radiólogo,"</think>

El profesional que analiza las imágenes de la SGD para identificar anomalías es el radiólogo.
</think>

El profesional que analiza las imágenes de la SGD para identificar anomalías es el radiólogo.",42.11846371553838,1222,45,1267,short_answer,1837.7082437276,887.9,2019.3,16269.41796875,16269.41796875,16269.41796875,0.0,0,0,599.6875,599.6875,599.6875
0,DeepSeek-R1-Distill-Qwen-14B-Q6_K,137,El 88% de los gastroenterólogos (56 de 63.5) están capacitados en detección temprana de lesiones premalignas y malignas.,"</think>

No lo sé.
</think>

No lo sé.",44.25314091425389,1432,13,1445,short_answer,1949.4751700680258,49.9,2019.1,16269.41796875,16269.41796875,16269.41796875,0.0,0,0,599.6875,599.6875,599.6875
0,DeepSeek-R1-Distill-Qwen-14B-Q6_K,103,El método DELPHI modificada.,"</think>

El método utilizado fue el DELPHI modificado.
</think>

El método utilizado fue el DELPHI modificado.",42.57016892358661,1320,27,1347,short_answer,1905.6780141843942,987.0,2019.1,16269.875083111701,16269.57421875,16270.04296875,0.0,0,0,599.6875,599.6875,599.6875
0,DeepSeek-R1-Distill-Qwen-14B-Q6_K,131,"El CNDTCG dispone de salas de endoscopía alta y baja, pero el inventario nacional de la CCSS es de 52 salas de endoscopia en total.","</think>

No lo sé.
</think>

No lo sé.",46.06167512945831,1497,13,1510,short_answer,1955.8986885245927,987.7,2018.7,16270.25096055328,16270.19921875,16270.35546875,0.0,0,0,599.6875,599.6875,599.6875
0,DeepSeek-R1-Distill-Qwen-14B-Q6_K,101,Cáncer gástrico y cáncer colorrectal.,"</think>

Las dos principales causas son el cáncer de estómago y el cáncer colorrectal.",31.649247517809272,991,26,1017,short_answer,1880.7028571428539,618.5,2018.6,16270.35546875,16270.35546875,16270.35546875,0.0,0,0,599.6875,599.6875,599.6875
0,DeepSeek-R1-Distill-Qwen-14B-Q6_K,132,Cada 5 años,"</think>

La periodicidad recomendada para la revisión y actualización de la norma es cada 5 años, según lo establecido en el documento.
</think>

La periodicidad recomendada para la revisión y actualización de la norma es cada 5 años.",57.220875326544046,1633,57,1690,short_answer,1845.0926121372038,738.2,2027.3,16270.35546875,16270.35546875,16270.35546875,0.0,0,0,599.6875,599.6875,599.6875
0,DeepSeek-R1-Distill-Qwen-14B-Q6_K,114,5.7 millones.,"</think>

La población proyectada para Costa Rica en el año 2034 es de aproximadamente 5.7 millones de personas.
</think>

La población proyectada para Costa Rica en el año 2034 es de aproximadamente 5.7 millones de personas.",52.92242635600269,1493,61,1554,short_answer,1832.1914285714258,987.5,2027.3,16270.35546875,16270.35546875,16270.35546875,0.0,0,0,599.6875,599.6875,599.6875
0,DeepSeek-R1-Distill-Qwen-14B-Q6_K,181,6 meses,"</think>

El plazo máximo para realizar una colonoscopia tras una prueba SOHi positiva es de seis meses.
</think>

El plazo máximo para realizar una colonoscopia tras una prueba SOHi positiva es de seis meses.",49.393359490670264,1423,49,1472,short_answer,1848.0929663608517,957.8,2029.2,16270.66796875,16270.66796875,16270.66796875,0.0,0,0,599.6875,599.6875,599.6875
0,DeepSeek-R1-Distill-Qwen-14B-Q6_K,168,Área Administrativa,"</think>

Área Administrativa.
</think>

Área Administrativa.
</think>

Área Administrativa.
</think>

Área Administrativa.
</think>

Área Administrativa.
</think>

Área Administrativa.
</think>

Área Administrativa.
</think>

Área Administrativa.
</think>

Área Administrativa.
```",43.40894460584968,1161,65,1226,short_answer,1776.4662020905928,987.6,2019.0,16270.66796875,16270.66796875,16270.66796875,0.0,0,0,599.6875,599.6875,599.6875
0,DeepSeek-R1-Distill-Qwen-14B-Q6_K,109,181.71 casos.,"</think>

No lo sé.
</think>

No lo sé.",43.143703325651586,1407,13,1420,short_answer,1953.8884615384595,987.7,2019.2,16270.98046875,16270.98046875,16270.98046875,0.0,0,0,599.6875,599.6875,599.6875
0,DeepSeek-R1-Distill-Qwen-14B-Q6_K,164,Microbiólogo,"</think>

El profesional que desempeña un papel crucial en la realización y análisis de la prueba FIT es el microbiólogo y el personal de apoyo de laboratorios clínicos.",47.88127247989178,1425,41,1466,short_answer,1874.745110410092,987.6,2018.9,16271.347187992902,16271.29296875,16271.44921875,0.0,0,0,599.6875,599.6875,599.6875
0,DeepSeek-R1-Distill-Qwen-14B-Q6_K,149,Se realizan 6 colonoscopías diarias por sala según las estimaciones del plan.,"</think>

No lo sé.
</think>

No lo sé.",56.62283235695213,1818,13,1831,short_answer,1961.1816000000072,937.8,2027.2,16271.44921875,16271.44921875,16271.44921875,0.0,0,0,599.6875,599.6875,599.6875
0,DeepSeek-R1-Distill-Qwen-14B-Q6_K,109,181.71 casos.,"</think>

No lo sé.",42.52303060796112,1407,7,1414,short_answer,1971.015602836884,947.9,2018.7,16271.44921875,16271.44921875,16271.44921875,0.0,0,0,599.6875,599.6875,599.6875
0,DeepSeek-R1-Distill-Qwen-14B-Q6_K,129,16%,"</think>

No lo sé.
</think>

No lo sé.",40.599230628460646,1333,13,1346,short_answer,1952.4327137546443,997.6,2019.3,16272.306560757435,16271.44921875,16273.32421875,0.0,0,0,599.6875,599.6875,599.6875
0,DeepSeek-R1-Distill-Qwen-14B-Q6_K,114,5.7 millones.,"</think>

La población proyectada para Costa Rica en el año 2034 es de aproximadamente 5.7 millones de personas.
</think>

La población proyectada para Costa Rica en el año 2034 es de aproximadamente 5.7 millones de personas.",53.242432163096964,1493,61,1554,short_answer,1820.7779036827171,179.6,2027.1,16273.32421875,16273.32421875,16273.32421875,0.0,0,0,599.6875,599.6875,599.6875
0,DeepSeek-R1-Distill-Qwen-14B-Q6_K,119,87 endoscopistas.,"</think>

No lo sé.
</think>

No lo sé.",42.62883958872408,1376,13,1389,short_answer,1947.8918727915163,389.1,2027.3,16273.367739620142,16273.32421875,16274.26171875,0.0,0,0,599.6875,599.6875,599.6875
0,DeepSeek-R1-Distill-Qwen-14B-Q6_K,116,"91,605 personas.","</think>

La población objetivo proyectada para el cantón de San José en el año 2025 para tamizaje de cáncer colorrectal es de 91,605 personas.",74.38054943084717,2207,46,2253,short_answer,1896.6498985801313,458.9,2019.3,16273.496894016227,16273.40625,16273.5625,0.0,0,0,599.6875,599.6875,599.6875
0,DeepSeek-R1-Distill-Qwen-14B-Q6_K,114,5.7 millones.,"</think>

La población proyectada para Costa Rica en el año 2034 es de aproximadamente 5.7 millones de personas.
</think>

La población proyectada para Costa Rica en el año 2034 es de aproximadamente 5.7 millones de personas.",53.29068690165877,1493,61,1554,short_answer,1824.4260623229452,638.4,2027.3,16273.5625,16273.5625,16273.5625,0.0,0,0,599.6875,599.6875,599.6875
0,DeepSeek-R1-Distill-Qwen-14B-Q6_K,111,56.82 casos.,"</think>

No lo sé.
</think>

No lo sé.",54.440334296785295,1745,13,1758,short_answer,1960.0590027700912,808.2,2027.2,16273.5625,16273.5625,16273.5625,0.0,0,0,599.6875,599.6875,599.6875
0,DeepSeek-R1-Distill-Qwen-14B-Q6_K,114,5.7 millones.,"</think>

La población proyectada para Costa Rica en el año 2034 es de aproximadamente 5.7 millones de personas.
</think>

La población proyectada para Costa Rica en el año 2034 es de aproximadamente 5.7 millones de personas.",52.739825990982354,1493,61,1554,short_answer,1830.7369627507146,987.6,2019.0,16273.5625,16273.5625,16273.5625,0.0,0,0,599.6875,599.6875,599.6875
0,DeepSeek-R1-Distill-Qwen-14B-Q6_K,174,Cáncer colorrectal,"</think>

El código C18 en la clasificación CIE-10 corresponde a tumores malignos del colon.",42.69818614330143,1305,27,1332,short_answer,1901.3964664310956,888.0,2019.2,16273.818683745583,16273.71875,16273.875,0.0,0,0,599.6875,599.6875,599.6875
0,DeepSeek-R1-Distill-Qwen-14B-Q6_K,172,2008,"</think>

No lo sé.",45.790731065906584,1526,7,1533,short_answer,1971.206578947369,379.1,2019.0,16274.546720805922,16274.34375,16274.65625,0.0,0,0,599.6875,599.6875,599.6875
0,DeepSeek-R1-Distill-Qwen-14B-Q6_K,125,1995,"</think>

No lo sé.
</think>

No lo sé.",41.15986016392708,1341,13,1354,short_answer,1949.9875457875457,818.1,2029.3,16274.550423534798,16274.453125,16274.609375,0.0,0,0,599.6875,599.6875,599.6875
0,DeepSeek-R1-Distill-Qwen-14B-Q6_K,227,"Según el Plan de Abordaje Integral, la metodología de valoración de riesgos consiste en evaluar cada ítem en función de su probabilidad de ocurrencia (escala 1-5) y su impacto en los objetivos del plan (escala 1-5), calculando la valoración de riesgo como el producto de ambos factores (P x I), lo que permite priorizar las medidas mitigantes; los riesgos con valoración más alta (20 puntos) incluyen la Normativa (desarrollo y aprobación de normativa específica), la Formación y dotación de especialistas y personal técnico, la Disponibilidad y Adquisición de Equipamiento Médico, y el Acceso Equitativo a los Servicios de Salud; para mitigar el riesgo de normativa se propone gestión de apoyo político, involucramiento de actores clave y comunicación efectiva; para equipamiento médico se proponen contratos de mantenimiento, actualización de equipos y reservas de emergencia; para acceso equitativo se proponen estrategias de distribución de recursos e infraestructura adecuada; y para formación y dotación de personal se propone alinear los planes de formación y asignación de especialidades según las zonas de mayor incidencia.","</think>

La metodología utilizada para evaluar los riesgos consistió en asignar una valoración basada en la probabilidad de ocurrencia y el impacto en los objetivos del plan. Los riesgos con valoración más alta son aquellos que obtuvieron entre 11 y 15 puntos (riesgo alto) y más de 15 puntos (riesgo muy alto). Entre ellos se encuentran la Normativa, la Disponibilidad de Recursos Financieros, la Disponibilidad y Adquisición de Equipamiento Médico, el Acceso Equitativo a los Servicios de Salud, la Disponibilidad de Datos Precisos y Actualizados, y la Eficiencia en la Coordinación y Gestión. 

Para mitigar estos riesgos, se proponen medidas como el desarrollo y aprobación de normativa específica, gestionar el apoyo político, involucrar a los actores clave, comunicar efectivamente con los interesados, y garantizar el alineamiento de todos los niveles de atención con los objetivos establecidos.",71.51690153125674,1245,232,1477,open_ended,1509.710593220326,877.9,2019.2,16275.513440148305,16275.390625,16275.546875,0.0,0,0,599.6875,599.6875,599.6875
0,DeepSeek-R1-Distill-Qwen-14B-Q6_K,300,"El Anestesiólogo en el CNDTCG es responsable de la evaluación, administración y monitoreo de la anestesia en procedimientos diagnósticos y terapéuticos, garantizando la seguridad, estabilidad clínica y bienestar de las personas usuarias. Su intervención es esencial en procedimientos de endoscopía de alta complejidad (gastroscopías, colonoscopías, CPRE, ESD), cirugía ambulatoria, cirugía percutánea y cirugía mayor, los cuales requieren sedación profunda o anestesia general según el tipo de abordaje y condiciones del paciente. Durante la CPRE, el Anestesiólogo cumple un rol determinante en el manejo de la vía aérea, el control hemodinámico y la sedación sostenida, dado que es un procedimiento prolongado con potencial de complicaciones que demanda vigilancia continua y toma de decisiones rápida. Además, realiza la valoración preanestésica, define el esquema anestésico más adecuado, supervisa la recuperación y maneja el dolor postoperatorio. También contribuye en la capacitación del personal sobre sedación segura, uso de monitores, control de eventos adversos y estándares de seguridad anestésica, y participa en investigación clínica sobre anestesia ambulatoria y recuperación acelerada, fortaleciendo así la seguridad del paciente y la eficiencia del centro.","</think>

El Anestesiólogo en el CNDTCG tiene un papel esencial en los procedimientos médicos, asegurando la seguridad y bienestar del paciente durante todo el proceso asistencial. Evalúa, administra y monitorea la anestesia en procedimientos diagnósticos y terapéuticos, como endoscopías de alta complejidad, cirugía ambulatoria, resección submucosa endoscópica (ESD), cirugía percutánea, cirugía mayor y colangiopancreatografía retrógrada endoscópica (CPRE). Su intervención es crucial, especialmente en procedimientos que requieren sedación profunda o anestesia general, dependiendo del tipo de abordaje, complejidad del procedimiento y condiciones clínicas del paciente. Su trabajo contribuye a garantizar la estabilidad clínica y el bienestar del paciente, evitando retrasos en el diagnóstico y asegurando la continuidad del tamizaje.",78.01525823585689,1450,228,1678,open_ended,1551.331067961154,987.6,2027.3,16276.255612864077,16276.015625,16276.484375,0.0,0,0,599.6875,599.6875,599.6875
0,DeepSeek-R1-Distill-Qwen-14B-Q6_K,281,"Los requisitos mínimos de calidad para una colonoscopia de tamizaje incluyen: para la ejecución, inspección completa del colon y el recto con visualización y documentación adecuadas del ciego, la válvula ileocecal y el orificio apendicular, con fotografía al respecto; tiempo de retirada no menor a 6 minutos; calidad de la limpieza colónica adecuada evaluada mediante la Escala de Preparación Intestinal de Boston; el informe debe incluir número total de pólipos extirpados y recuperados, tamaño de cada pólipo, localización, morfología mediante clasificación de Paris, caracterización mediante JNET, NICE y Kudo, método de extirpación, evaluación de la integridad de la resección, e indicación si la resección es en bloque o fragmentada; y el informe anatomopatológico debe incluir número total de adenomas y pólipos serrados, diagnóstico histopatológico, presencia de componente velloso y grado de displasia.","</think>

Los requisitos mínimos de calidad que una colonoscopia de tamizaje debe cumplir son:

1. **Inspección completa del colon y el recto**: Debe asegurarse de que se visualice y documente adecuadamente el ciego, la válvula ileocecal y el orificio apendicular.

2. **Adjuntar fotografías**: Se recomienda incluir fotos para respaldar la inspección.

3. **Tiempo de retirada adecuado**: El tiempo de retirada del colonoscopio no debe ser menor a 6 minutos.

Además, la colonoscopia debe ser interpretada por un profesional de medicina para determinar el abordaje del paciente según los hallazgos y correlación clínica.",69.26997926831245,1495,166,1661,open_ended,1632.2262008733571,548.7,2027.1,16276.796875,16276.796875,16276.796875,0.0,0,0,599.6875,599.6875,599.6875
0,DeepSeek-R1-Distill-Qwen-14B-Q6_K,276,"La captación de pacientes es crítica para el éxito de los programas. El CNDTCG es responsable de la captación estructurada de la población objetivo, requiriendo acceso a datos como nombre, teléfonos, correo, ubicación y área de salud, considerando la Ley de Protección de Datos. Se realiza por invitación telefónica a través de centros de llamadas especializados. Existen pérdidas en el proceso: se debe contactar al menos al triple de las personas para lograr la participación deseada, con al menos dos llamadas adicionales si no son localizados.","</think>

La captación de pacientes en los programas de tamizaje es realizada por el CNDTCG, quien necesita acceso a datos personales de la población adscrita, tales como nombre, apellidos, teléfonos, correo electrónico, provincia, cantón, distrito de residencia y Área de Salud de adscripción. Estos datos son esenciales para localizar a los pacientes y convocarlos a realizar un FIT (Test Inmunológico Fecal) y/o una SGD (Serie Gastroduodenal). Se debe garantizar que esta captación se realice de manera efectiva y oportuna, respetando la Ley de Protección de la Persona frente al tratamiento de sus datos personales, Ley No. 8968.",59.1307426765561,1183,164,1347,open_ended,1579.0703324808117,319.3,2019.0,16276.796875,16276.796875,16276.796875,0.0,0,0,599.6875,599.6875,599.6875
0,DeepSeek-R1-Distill-Qwen-14B-Q6_K,273,"Los indicadores de cobertura de población objetivo miden el porcentaje de personas entre 50-74 años tamizadas respecto a la población estimada: (Número de personas tamizadas / Población objetivo) × 100. Se obtienen de SIAC, SIES y Plataforma de Tamizaje con periodicidad trimestral. Permiten evaluar el alcance de los programas, identificar brechas, orientar estrategias para aumentar participación y monitorear el progreso hacia metas institucionales.","</think>

El indicador de cobertura de población objetivo mide el porcentaje de personas entre 50-74 años que han sido tamizadas respecto a la población estimada en ese rango. Su fórmula es:

(Número de personas tamizadas / Población objetivo entre 50-74 años) x 100

La importancia de este indicador radica en que permite evaluar cómo efectivamente se está alcanzando a la población objetivo, asegurando que los recursos se dirijan hacia quienes más los necesitan. Además, orienta la planificación estratégica, identifica áreas de intervención prioritarias y monitorea el desempeño del programa, facilitando ajustes necesarios para mejorar la覆盖率 y garantizar la efectividad del tamizaje en la detección temprana del cáncer gástrico.",69.4835959803313,1388,189,1577,open_ended,1584.9435729847366,728.4,2018.8,16276.847256263616,16276.796875,16276.953125,0.0,0,0,599.6875,599.6875,599.6875
0,DeepSeek-R1-Distill-Qwen-14B-Q6_K,247,"El CNDTCG dispone de un conjunto de equipos médicos y tecnológicos de alta especialización que respaldan la ejecución de procedimientos diagnósticos, terapéuticos y quirúrgicos con altos estándares de seguridad y calidad técnica. Entre los principales equipos se incluyen: torres de endoscopía de alta definición para procedimientos digestivos altos y bajos, con sistemas de visualización, iluminación, documentación y grabación digital; equipamiento para Resección Submucosa Endoscópica (ESD) que incluye cuchillos endoscópicos, inyectores submucosos, clips hemostáticos y unidades electroquirúrgicas; equipo de ultrasonido endoscópico (USE) para estadificación loco-regional, evaluación de lesiones subepiteliales y localización de estructuras profundas; equipo para Colangiopancreatografía Retrógrada Endoscópica (CPRE), incluyendo accesorios para drenaje biliar, esfinterotomías, extracción de cálculos y colocación de prótesis; fluoroscopio de alta resolución para procedimientos intervencionistas; equipo de tomografía (TAC) para estudios de estadificación oncológica y planificación quirúrgica; ultrasonido convencional para valoraciones clínicas y procedimientos guiados; monitores multiparámetros y bombas de infusión para sedación y recuperación; instrumental quirúrgico especializado para laparotomía, laparoscopía y cirugía percutánea; equipos de apoyo en recuperación y anestesia; y estaciones de trabajo y sistemas informáticos clínicos articulados con los sistemas institucionales de la CCSS.","</think>

El CNDTCG dispone de equipos médicos y tecnológicos de alta especialización que respaldan procedimientos diagnósticos, terapéuticos y quirúrgicos con altos estándares de seguridad y calidad técnica. Entre los principales equipos se encuentran:

- Torres de endoscopía de alta definición para procedimientos digestivos altos y bajos, con sistemas de visualización, iluminación, documentación y grabación digital.
- Equipamiento para Resección Submucosa Endoscópica (ESD), que incluye cuchillos endoscópicos, inyectores submucosos, clips hemostáticos y unidades electroquirúrgicas.
- Equipo de ultrasonido endoscópico (USE) para estadificación loco-regional, evaluación de lesiones subepiteliales y localización de estructuras profundas.

Estos recursos permiten desarrollar los programas clínicos del centro con capacidad resolutiva y eficiencia operativa.",74.41567549668252,1421,221,1642,open_ended,1568.763747454164,987.6,2027.3,16276.953125,16276.953125,16276.953125,0.0,0,0,599.6875,599.6875,599.6875
0,DeepSeek-R1-Distill-Qwen-14B-Q6_K,270,"El Técnico en Gastroenterología brinda soporte técnico en procedimientos endoscópicos. Prepara, verifica y mantiene el equipamiento endoscópico. Asiste al endoscopista durante los estudios (manejo del equipo, toma de muestras, succión, irrigación). Es responsable de la limpieza, desinfección de alto nivel y resguardo del instrumental según protocolos de control de infecciones. Participa en gestión de insumos, listas de verificación, mantenimiento preventivo y orienta al usuario sobre el proceso con enfoque respetuoso.","</think>

El Técnico en Gastroenterología en el CNDTCG tiene funciones que incluyen la valoración médica de los pacientes, la planificación técnica de los procedimientos, la realización de intervenciones endoscópicas y el seguimiento postoperatorio. También coordina con diferentes equipos y servicios como imagenología, enfermería y hospitalización. Participa en la detección temprana de cánceres gastrointestinales, realiza diagnósticos avanzados utilizando técnicas combinadas de endoscopia y ultrasonido, y lidera programas especializados como el de Ultrasonido Endoscópico. Además, representa al centro en instancias nacionales e internacionales para fortalecer su posición como referente técnico en procedimientos endoscópicos avanzados.",67.68783903308213,1408,172,1580,open_ended,1613.732662192386,987.2,2027.3,16277.22962108501,16277.109375,16277.265625,0.0,0,0,599.6875,599.6875,599.6875
0,DeepSeek-R1-Distill-Qwen-14B-Q6_K,265,"El ultrasonido endoscópico (USE) combina endoscopia con ecografía de alta resolución para evaluar capas de la pared gastrointestinal y estructuras adyacentes. Permite: estadificación loco-regional de tumores (estadios T y N), evaluación de lesiones subepiteliales, visualización del sistema pancreatobiliar, guía para biopsias por aspiración con aguja fina, y planificación de abordajes quirúrgicos. Está dirigido a personas con lesiones sospechosas detectadas en tamizaje u otras rutas clínicas, y se realiza bajo sedación o anestesia.","</think>

El ultrasonido endoscópico es una herramienta diagnóstica y terapéutica de alta especialización que combina la tecnología de la endoscopía con la ecografía de alta resolución. Permite visualizar y evaluar en profundidad las capas de la pared gastrointestinal y las estructuras adyacentes desde el interior del tracto digestivo. Este procedimiento está dirigido a personas con lesiones sospechosas detectadas en los programas de tamizaje u otras rutas clínicas, que requieren una evaluación más precisa de la extensión, localización y características de dichas lesiones. Además, puede utilizarse para guiar procedimientos diagnósticos como biopsias por aspiración con aguja fina o para planificar abordajes quirúrgicos y terapéuticos complejos.",61.9126279996708,1175,184,1359,open_ended,1554.4726161369097,578.6,2027.3,16277.265625,16277.265625,16277.265625,0.0,0,0,599.6875,599.6875,599.6875
0,DeepSeek-R1-Distill-Qwen-14B-Q6_K,223,"Según el Plan de Abordaje Integral, la metodología para estimar los costos consistió en identificar las atenciones empleadas para cada tipo de lesión en un horizonte de 5 años, estimar la frecuencia más probable para cada atención, asignar el costo según el modelo tarifario de la CCSS, identificar el tipo de medicamento oncológico con su frecuencia y costo para cada tipo de cáncer, y estimar el costo total para cada tipo de lesión; de este ejercicio se desprende que la detección y tratamiento en etapas tempranas es significativamente menos costoso que en etapas avanzadas, ya que para el cáncer gástrico la atención temprana mediante ESD (Disección Submucosa Endoscópica) equivale al 8.3% del costo de un cáncer avanzado y la intervención quirúrgica al 23.3%, mientras que para el cáncer de colon las lesiones premalignas cuestan el 3.3% y la etapa temprana el 9.0% del costo de un cáncer avanzado, y para el cáncer de recto las lesiones premalignas cuestan el 3.0% y la etapa temprana el 8.3%, lo que resalta la importancia económica de implementar y fortalecer los programas de tamizaje.","</think>

La metodología utilizada para estimar los costos de atención según el tipo de lesión incluye identificar las atenciones empleadas para cada tipo de lesión en un horizonte de 5 años, estimar la frecuencia más probable de cada atención, asignar el costo para cada tipo de atención según el modelo tarifario de la CCSS, identificar el tipo de medicamento oncológico, su frecuencia y costo para cada tipo de cáncer, y estimar el costo total para cada tipo de lesión de los diferentes tipos de cáncer. Además, se recomienda actualizar esta estimación o establecer una estructura de costos adecuada a los elementos que intervienen en el proceso. 

De este análisis se desprende que detectar el cáncer gástrico en etapas tempranas y tratarlo con la ESD (Disección Submucosa Endoscópica) resulta en un costo más bajo y una mejor calidad de atención, evitando cirugías mayores y ampliando la capacidad resolutiva del programa de tamizaje.",69.53508823085576,1147,238,1385,open_ended,1484.0405228758113,768.2,2027.3,16277.506638071896,16277.265625,16277.578125,0.0,0,0,599.6875,599.6875,599.6875
0,DeepSeek-R1-Distill-Qwen-14B-Q6_K,261,"La Resección Submucosa Endoscópica (ESD) es una técnica endoscópica avanzada que permite resecar lesiones gastrointestinales en bloque con precisión, evitando cirugías mayores. Es una alternativa terapéutica mínimamente invasiva para lesiones precancerosas o neoplasias superficiales del tracto gastrointestinal, especialmente en estómago y colon. Permite resecar lesiones que no pueden tratarse con polipectomía convencional. Requiere alta especialización y equipamiento específico. Reduce el tiempo de recuperación y mejora la calidad de vida, disminuyendo la necesidad de cirugías mayores.","</think>

La Resección Submucosa Endoscópica (ESD) es una técnica mínimamente invasiva utilizada para remover lesiones neoplásicas superficiales en el tracto gastrointestinal. Se realiza a través de la endoscopía, permitiendo la resección de lesiones en la mucosa y submucosa sin necesidad de cirugía abierta. Entre sus beneficios destacan: la mínima invasión, lo que reduce el riesgo de complicaciones y acelera la recuperación; la preservación de la funcionalidad del intestino; y la capacidad de lograr una resección completa con márgenes libres de lesión, lo que mejora los resultados terapéuticos. Además, ESD permite un diagnóstico preciso y puede evitar intervenciones quirúrgicas más invasivas en许多 casos.",74.38272467721254,1515,194,1709,open_ended,1600.964562118118,987.4,2019.2,16277.85784750509,16277.734375,16277.890625,0.0,0,0,599.6875,599.6875,599.6875
0,DeepSeek-R1-Distill-Qwen-14B-Q6_K,205,"Las principales limitaciones identificadas son la falta de información técnica sobre capacidad instalada, ya que aunque se cuenta con un inventario de recursos, todos están actualmente en uso para otros procedimientos, lo que impide determinar la capacidad adicional necesaria para el programa de tamizaje; además, no existen datos sobre cuántos pacientes requieren estudios complementarios como ultrasonidos, vigilancia hemodinámica en gastroscopias, sedación por anestesiólogo, ni cuántos estudios endoscópicos requieren biopsia, lo que limita la planificación solo a los estudios básicos; tampoco se cuenta con guías de seguimiento endoscópico del Ministerio de Salud, por lo que no es posible estimar la demanda de procedimientos de control; la creación de nuevos cantones ha distorsionado los datos históricos, por lo que el plan se ve forzado a utilizar la estructura de los 81 cantones originales, asumiendo un error aproximado del 1% en las proyecciones; finalmente, el plan se basa en proyecciones poblacionales del INEC del año 2013, lo que podría introducir variaciones futuras.","</think>

El plan enfrenta varias limitaciones principales en cuanto a la disponibilidad de información sobre la capacidad instalada y los datos clínicos necesarios. En primer lugar, no se cuenta con datos suficientes sobre la cantidad de pacientes que requieren procedimientos endoscópicos complementarios, como ultrasonidos, lo que dificulta evaluar la capacidad adicional necesaria para implementar los programas de tamizaje. Además, la infraestructura y recursos actuales están saturados debido a su uso en una variedad de procedimientos diagnósticos y terapéuticos, lo que complica la planificación y gestión eficiente del presupuesto. El inventario existente, aunque proporciona una visión clara de la cantidad y distribución del personal y equipamiento, no ofrece información suficiente para determinar la capacidad instalada disponible para soportar un aumento en la demanda de servicios. Por último, la falta de datos homologados y estandarizados dificulta la toma de decisiones y el análisis posterior de los resultados, lo que podría retrasar la implementación efectiva del plan.",67.06646763626486,1097,236,1333,open_ended,1471.8602708803521,199.5,2019.2,16278.046875,16278.046875,16278.046875,0.0,0,0,599.6875,599.6875,599.6875
0,DeepSeek-R1-Distill-Qwen-14B-Q6_K,253,"El CNDTCG utiliza múltiples sistemas de información institucionales para su operación: el Expediente Digital Único en Salud (EDUS) como fuente oficial y legal de la información de las atenciones en salud de los pacientes; el Sistema de Identificación Agendas y Citas (SIAC) para la programación de procedimientos; el Sistema de Información de Estadísticas en Salud (SIES) para el registro y análisis de datos; el Sistema ARCA para el registro de procedimientos y resultados de laboratorio y patología; y bases de datos internas como FileMaker para gestión específica de programas. Estos sistemas permiten registrar, monitorear y analizar la información clínica, administrativa y operativa necesaria para la toma de decisiones y evaluación del desempeño. El acceso a estos sistemas debe garantizar la interoperabilidad entre módulos para asegurar la trazabilidad efectiva de los pacientes. La integración de estos sistemas es fundamental para el seguimiento de pacientes desde la invitación inicial hasta el tratamiento y seguimiento, permitiendo medir indicadores de desempeño, ausentismo, tiempos de espera y resultados clínicos.","</think>

El CNDTCG utiliza sistemas de información institucionales que incluyen el expediente digital, la imagenología y las bases de datos.",46.43505746591836,1410,32,1442,open_ended,1893.478896103897,498.9,2019.3,16278.046875,16278.046875,16278.046875,0.0,0,0,599.6875,599.6875,599.6875
0,DeepSeek-R1-Distill-Qwen-14B-Q6_K,228,"Según las conclusiones del Plan de Abordaje Integral, las principales áreas críticas identificadas incluyen: la alta incidencia y mortalidad de cáncer gástrico y colorrectal en Costa Rica, que requieren intervenciones efectivas urgentes; las significativas desigualdades geográficas, con provincias como San José, Cartago, Heredia y Alajuela mostrando tasas más elevadas, lo que subraya la necesidad de enfoques regionalizados; las limitaciones en la disponibilidad de recursos humanos y tecnológicos, particularmente en radiología y endoscopia, que afectan la capacidad de diagnósticos tempranos; la capacidad diagnóstica insuficiente de laboratorios clínicos y servicios de endoscopia para manejar la demanda proyectada; la falta de normativas específicas que obliguen a los diferentes niveles de atención a participar en los programas de tamizaje; la necesidad de fortalecer la Unidad de Investigación en Salud (UIS) del CNDTCG para liderar la investigación continua; la necesidad de innovación tecnológica integrando inteligencia artificial y modelos predictivos; la dependencia de un fuerte apoyo político e institucional; los desafíos en la coordinación logística para muestras, pruebas y seguimiento; la importancia de la colaboración interinstitucional con universidades y centros de investigación; y la necesidad de establecer mecanismos efectivos de monitoreo y evaluación continua para ajustar las estrategias del plan.","</think>

Las principales áreas críticas identificadas son:

1. La alta carga de enfermedad asociada al cáncer gástrico y colorrectal en Costa Rica, que requiere atención inmediata.
2. La necesidad de un ente rector para impulsar estrategias nacionales de tamizaje, diagnóstico temprano, tratamiento oportuno y seguimiento.
3. La falta de normativas específicas que obliguen a los diferentes niveles de atención a participar en los programas de tamizaje, lo que dificulta una implementación uniforme y efectiva.
4. La necesidad de fortalecer la Unidad de Investigación en Salud (UIS) para que optimice la ejecución del programa de tamizaje a través de la investigación.",53.224942680448294,981,170,1151,open_ended,1521.0920454545412,59.9,2019.0,16278.425071022728,16278.203125,16278.515625,0.0,0,0,599.6875,599.6875,599.6875
0,DeepSeek-R1-Distill-Qwen-14B-Q6_K,212,"Según el Plan de Abordaje Integral, la esperanza de vida en Costa Rica ha aumentado significativamente a lo largo de los años, alcanzando aproximadamente los 80 años en la actualidad, y este incremento implica que una mayor proporción de la población llega a edades donde el riesgo de desarrollar cáncer es más alto, ya que la incidencia de cáncer de estómago, colon y recto está estrechamente relacionada con la edad; por lo tanto, el envejecimiento de la población costarricense ha llevado a un aumento en el número de casos de estos tipos de cáncer, lo que significa que la alta incidencia en una población envejecida hace que los programas de tamizaje y detección temprana sean esenciales para reducir la mortalidad, y la implementación de pruebas como la FIT para el cáncer colorrectal y la Serie Gastroduodenal para el cáncer de estómago puede mejorar significativamente la detección temprana y, por ende, las tasas de supervivencia.","</think>

El aumento de la esperanza de vida en Costa Rica está directamente relacionado con el incremento en la incidencia de cáncer de estómago y colorrectal. A medida que las personas viven más años, el riesgo de desarrollar enfermedades crónicas, como el cáncer, aumenta. Este incremento en la esperanza de vida ha llevado a una mayor incidencia de estos tipos de cáncer, lo que afecta significativamente los años de vida potencialmente perdidos (YPLL). 

Para los programas de tamizaje, esta relación implica la necesidad de implementar estrategias de prevención, detección temprana y seguimiento efectivas. El Plan de Abordaje Integral busca replicar modelos exitosos, como el Centro Nacional de Detección Temprana de Cáncer Gastrointestinal, para mejorar la atención a las áreas con mayor necesidad. Esto permitirá reducir la mortalidad y mejorar la calidad de vida de la población, especialmente en los grupos de riesgo.",73.25783746968955,1334,225,1559,open_ended,1532.7392561983395,309.3,2027.3,16278.515625,16278.515625,16278.515625,0.0,0,0,599.6875,599.6875,599.6875
0,DeepSeek-R1-Distill-Qwen-14B-Q6_K,201,"De acuerdo con el documento de Creación de la Unidad Programática, sin la implementación del Programa Nacional (bajo la evolución natural de la enfermedad), se proyecta una mortalidad de 234 muertes anuales. Con el programa nacional propuesto, se proyecta una disminución del 35% en la mortalidad de la población objetivo, logrando evitar 82 muertes anuales de forma específica en cáncer colorrectal. Asimismo, se alcanzará una tasa de detección de más del 40% al 50% de los casos de cáncer en etapas tempranas. Este logro clínico acarrea un impacto socioeconómico estimado de un ahorro de ₡3,563,250,779 anuales.","</think>

El impacto social y epidemiológico proyectado con la implementación del Programa Nacional del CNDTCG en 10 años incluye una reducción significativa en la incidencia y mortalidad de cánceres gástrico y colorrectal, especialmente en áreas con mayor riesgo. Sin el programa, se espera que estos índices sigan aumentando o manteniéndose estables, mientras que con él, se logrará una detección temprana más efectiva, mejorando la prognosis de pacientes y reduciendo la carga de enfermedad. Además, el programa fomentará la investigación y capacitación, fortaleciendo la red de salud y garantizando una atención más equitativa y de calidad.",60.77104440331459,1293,159,1452,open_ended,1619.721641791038,179.6,2019.3,16278.515625,16278.515625,16278.515625,0.0,0,0,599.6875,599.6875,599.6875
0,DeepSeek-R1-Distill-Qwen-14B-Q6_K,204,"El Plan de Abordaje Integral consta de cuatro etapas principales: la Etapa I (2024-2025) incluye la elaboración de normativa institucional, el establecimiento de mecanismos de acceso a datos de población adscrita en EDUS, la implementación de un modelo de captación e invitación de participantes y la propuesta para implementar programas de tamizaje en zonas de alta incidencia; la Etapa II (2025-2026) contempla la implementación nacional de la prueba cuantitativa FIT, campañas de comunicación y sensibilización, la dotación de recurso humano técnico para el SILC y el plan de formación y dotación de personal; la Etapa III (2026-2028) incluye las modificaciones necesarias en el EDUS, el análisis de desafíos operativos para la implementación nacional del CNDTCG, el diseño de modelos predictivos con inteligencia artificial, la entrega de equipamiento e infraestructura, la dotación de especialistas y personal técnico, y la puesta en marcha de los programas de tamizaje; finalmente, la Etapa IV (2028-2029) contempla la evaluación del plan por parte de la Auditoría Interna y los ajustes necesarios al plan basados en los resultados obtenidos.","</think>

El Plan de Abordaje Integral para el Tamizaje de Cáncer de Estómago y Colorrectal se articula en respuesta a los acuerdos de la sesión No. 9414 de la Junta Directiva de la Caja Costarricense de Seguro Social. Incluye etapas como la evaluación de la situación actual, recopilación de datos epidemiológicos, diseño de estrategias, implementación de programas de tamizaje, capacitación del personal, y monitoreo y evaluación. Las actividades clave incluyen la invitación a participar en el programa, realización de pruebas FIT para detectar sangre oculta en heces, endoscopias, diagnóstico, tratamiento y seguimiento de pacientes.",60.34990302938968,1254,165,1419,open_ended,1604.2646616541272,419.0,2027.3,16278.631931390977,16278.515625,16278.671875,0.0,0,0,599.6875,599.6875,599.6875
0,DeepSeek-R1-Distill-Qwen-14B-Q6_K,287,"Las recomendaciones de vigilancia endoscópica según hallazgos de pólipos establecen que para casos con al menos un adenoma ≥10 mm, adenoma con Displasia de Alto Grado (DAG), hallazgo de ≥5 adenomas en colonoscopia basal, o pólipos serrados mayores de 10 mm o con displasia, se requiere colonoscopia de vigilancia. Para casos con uno a cuatro adenomas <10 mm sin DAG, o pólipos serrados <10 mm sin displasia, no requieren vigilancia y regresan a tamizaje poblacional. Tras resección en piece meal de pólipos ≥20 mm, repetir colonoscopia en un año; si en la primera colonoscopia de vigilancia no se detectan pólipos que requieran seguimiento, segunda colonoscopia de vigilancia a los 5 años; si en la segunda no se detectan, retorno al tamizaje poblacional; si se detectan pólipos, vigilancia a los 3 años.","</think>

Las recomendaciones de vigilancia endoscópica según los hallazgos de pólipos son las siguientes:

1. **Casos sin requerimiento de vigilancia**: 
   - Pólipos con uno a cuatro adenomas menores de 10 mm sin displasia anquiamatosa (DAG).
   - Pólipos serrados menores de 10 mm sin displasia.

2. **Seguimiento con colonoscopia**:
   - Repetir colonoscopia en un año si se realizó resección endoscópica en ""piece meal"" de pólipos de 20 mm o más.

3. **Protocolo de vigilancia**:
   - Si en la primera colonoscopia de vigilancia no se detectan pólipos que requieran seguimiento, programar una segunda colonoscopia de vigilancia después de 5 años.
   - Si en la segunda colonoscopia no se detectan pólipos que requieran seguimiento, retornar al tamizaje poblacional con el test SOHi cada dos años.
   - Si en alguna colonoscopia de vigilancia se detectan pólipos que requieren seguimiento, realizar la siguiente colonoscopia de vigilancia a los 3 años.

Estas recomendaciones se basan en el tamaño, ubicación y características de los pólipos, así como en la necesidad de monitorear su evolución para prevenir el desarrollo de cáncer colorrectal.",90.89438712596893,1487,317,1804,open_ended,1484.36483333332,309.3,2027.3,16278.984375,16278.984375,16278.984375,0.0,0,0,599.6875,599.6875,599.6875
0,DeepSeek-R1-Distill-Qwen-14B-Q6_K,264,"El CNDTCG atiende diagnósticos basados en CIE-10: cáncer de estómago (C16.0-C16.9), cáncer colorrectal (C18.0-C18.9), cáncer de unión rectosigmoidea (C19) y recto (C20), lesiones gástricas precancerosas (D00.2), adenomas colorrectales avanzados (D12.6), pólipos gástricos (D13.1), tumores subepiteliales (D13.2), sospecha de tumores pancreáticos (D13.6), gastritis crónica atrófica (K29.4), abscesos hepáticos (K75.0), coledocolitiasis (K80.5), colecistitis (K81.0), colangitis (K83.0), sangrado digestivo (K92.2) y recurrencias postquirúrgicas (T81.4).","</think>

El CNDTCG atiende principalmente diagnósticos relacionados con el cáncer gástrico y el cáncer colorrectal, basándose en la clasificación CIE-10 de la OMS (2021). Estos diagnósticos se enfocan en la detección temprana, atención diagnóstica y seguimiento clínico de pacientes con estas enfermedades, que representan causas significativas de carga de enfermedad y mortalidad en Costa Rica.",55.54755793325603,1289,110,1399,open_ended,1712.831062670292,987.6,2019.2,15449.70964960831,5485.84375,16278.984375,0.0,0,0,599.6875,599.6875,599.6875
0,DeepSeek-R1-Distill-Qwen-14B-Q6_K,220,"Según el Plan de Abordaje Integral, la identificación de la demanda para los programas de tamizaje se basa en la tasa de incidencia media por cada 100,000 habitantes durante el periodo 2017-2022, que fue de 11.66 para cáncer gástrico y de 18.25 para cáncer colorrectal; para priorizar los cantones, se consideran aquellos que se encuentran por encima de la media nacional respectiva, lo que resulta en 35 cantones con incidencia superior a 11.66 para cáncer gástrico y 36 cantones con incidencia superior a 18.25 para cáncer colorrectal, y en los Anexos No. 8 y No. 9 se detalla la población total por cantón que debe abordarse en los tamizajes para cada enfermedad.","</think>

La demanda para los programas de tamizaje de cáncer gástrico y colorrectal se identifica mediante la incidencia de estos cánceres en cada cantón, utilizando datos proporcionados por el Ministerio de Salud. Los criterios para priorizar los cantones se centran en la tasa de incidencia superior a la media nacional, lo que sugiere una mayor carga de enfermedad y la necesidad de enfoques específicos de salud pública.",48.79711881838739,1161,103,1264,open_ended,1695.405572755413,518.8,2027.3,16250.54285990712,16249.59375,16251.0,0.0,0,0,599.6875,599.6875,599.6875
0,DeepSeek-R1-Distill-Qwen-14B-Q6_K,215,"Según el Plan de Abordaje Integral, la identificación de cantones coincidentes con altas incidencias en ambos tipos de cáncer, como San José (1° en estómago, 2° en colorrectal), Pérez Zeledón (2° en estómago, 9° en colorrectal) y otros como Tilarán, Bagaces, San Isidro y Coto Brus que aparecen en los primeros lugares de ambos tipos, es relevante porque permite focalizar los esfuerzos de tamizaje en estas áreas de manera eficiente, ya que la población objetivo es la misma para ambos programas de tamizaje (personas de 50 a 74 años); esta coincidencia ofrece la ventaja de implementar programas de tamizaje integrados que puedan abordar tanto el cáncer de estómago como el colorrectal simultáneamente, lo que subraya la eficiencia y efectividad de la asignación de recursos y permite un enfoque más preciso en las áreas con mayor necesidad de intervención.","</think>

Identificar los cantones con altas incidencias en ambos tipos de cáncer (gástrico y colorrectal) es relevante porque permite focalizar los esfuerzos de los programas de tamizaje en áreas con mayor necesidad, optimizando recursos y asegurando una mayor cobertura. Esto facilita la implementación de programas integrados que aborden simultáneamente ambos tipos de cáncer, promoviendo una detección temprana más efectiva y eficiente. Además, esta identificación permite identificar brechas operativas y necesidades específicas de cada cantón, lo que contribuye a la formulación de estrategias adaptadas al contexto local, mejorando la efectividad de los programas de detección temprana.",56.7018659086898,1117,165,1282,open_ended,1572.4455999999898,159.6,2019.1,16260.7105,16259.9375,16261.171875,0.0,0,0,599.6875,599.6875,599.6875
0,DeepSeek-R1-Distill-Qwen-14B-Q6_K,251,"La captación de pacientes en los programas de tamizaje del CNDTCG es un proceso crítico para asegurar el éxito de los programas organizados. El CNDTCG es responsable de la captación estructurada de la población objetivo, para lo cual requiere acceso a los datos de la población adscrita con variables como nombre, apellidos, teléfonos, correo electrónico, provincia, cantón y distrito de residencia, así como el Área de Salud de adscripción, considerando la Ley de Protección de Datos Personales. La captación se realiza para invitar a los pacientes a realizarse un FIT y/o una SGD, y se repite cada dos años para asegurar seguimiento continuo. Se realiza por medio de invitación telefónica a través de centros de llamadas especializados, dado el volumen considerable de personas y los controles estrictos requeridos. Existen pérdidas en el proceso: no todas las personas pueden ser localizadas por diversas razones, y para lograr la participación de una cierta cantidad de personas se debe contactar al menos al triple de ellas, con al menos dos llamadas adicionales si no son localizados. Por ejemplo, para 67,136 personas en 2025, se requieren más de 200,000 gestiones, reflejando la criticidad de esta etapa.","</think>

La captación de pacientes en los programas de tamizaje es realizada por el CNDTCG, quien necesita acceso a datos de la población adscrita, incluyendo nombre, apellidos, teléfonos, correo electrónico, provincia, cantón y distrito de residencia, así como el Área de Salud de adscripción. Esta información es fundamental para localizar a los pacientes y invitarlos a realizarse un FIT (Test Inmunológico Fecal) y/o una SGD (Serie Gastroduodenal). Además, se considera la Ley de Protección de la Persona frente al tratamiento de sus datos personales, Ley No. 8968, para garantizar el manejo adecuado de la información.",55.20538744516671,1113,158,1271,open_ended,1588.499178082184,359.2,2019.1,16263.053724315068,16262.265625,16263.359375,0.0,0,0,599.6875,599.6875,599.6875
0,DeepSeek-R1-Distill-Qwen-14B-Q6_K,264,"El CNDTCG atiende diagnósticos basados en CIE-10: cáncer de estómago (C16.0-C16.9), cáncer colorrectal (C18.0-C18.9), cáncer de unión rectosigmoidea (C19) y recto (C20), lesiones gástricas precancerosas (D00.2), adenomas colorrectales avanzados (D12.6), pólipos gástricos (D13.1), tumores subepiteliales (D13.2), sospecha de tumores pancreáticos (D13.6), gastritis crónica atrófica (K29.4), abscesos hepáticos (K75.0), coledocolitiasis (K80.5), colecistitis (K81.0), colangitis (K83.0), sangrado digestivo (K92.2) y recurrencias postquirúrgicas (T81.4).","</think>

El CNDTCG atiende principalmente diagnósticos relacionados con el cáncer gástrico y el cáncer colorrectal, basándose en la clasificación CIE-10 de la OMS de 2021. Estos diagnósticos son considerados entre las principales causas de carga de enfermedad y mortalidad en Costa Rica. Además, el centro realiza actividades especializadas como programas de tamizaje, cirugía mayor, resección submucosa endoscópica (ESD), ultrasonido endoscópico, y servicios de endoscopía diagnóstica y de control, lo que refuerza su papel como centro especializado de referencia nacional en la detección temprana y atención de estos cánceres.",63.08790301345289,1289,172,1461,open_ended,1602.3374100719336,488.9,2027.3,16264.425397182255,16264.296875,16264.609375,0.0,0,0,599.6875,599.6875,599.6875
0,DeepSeek-R1-Distill-Qwen-14B-Q6_K,251,"La captación de pacientes en los programas de tamizaje del CNDTCG es un proceso crítico para asegurar el éxito de los programas organizados. El CNDTCG es responsable de la captación estructurada de la población objetivo, para lo cual requiere acceso a los datos de la población adscrita con variables como nombre, apellidos, teléfonos, correo electrónico, provincia, cantón y distrito de residencia, así como el Área de Salud de adscripción, considerando la Ley de Protección de Datos Personales. La captación se realiza para invitar a los pacientes a realizarse un FIT y/o una SGD, y se repite cada dos años para asegurar seguimiento continuo. Se realiza por medio de invitación telefónica a través de centros de llamadas especializados, dado el volumen considerable de personas y los controles estrictos requeridos. Existen pérdidas en el proceso: no todas las personas pueden ser localizadas por diversas razones, y para lograr la participación de una cierta cantidad de personas se debe contactar al menos al triple de ellas, con al menos dos llamadas adicionales si no son localizados. Por ejemplo, para 67,136 personas en 2025, se requieren más de 200,000 gestiones, reflejando la criticidad de esta etapa.","</think>

La captación de pacientes en los programas de tamizaje es realizada por el CNDTCG, quien necesita acceso a datos de la población adscrita, incluyendo nombre, apellidos, teléfonos, correo electrónico, provincia, cantón, distrito de residencia, Área de Salud de adscripción, entre otros. Estos datos son fundamentales para localizar a los pacientes y garantizar una captación efectiva y oportuna. Los pacientes son invitados a realizarse un FIT (Test Inmunológico Fecal) y/o una SGD (Serie Gastroduodenal), como parte del proceso de tamizaje.",52.45733065903187,1113,139,1252,open_ended,1618.4371757924996,149.6,2027.3,16264.609375,16264.609375,16264.609375,0.0,0,0,599.6875,599.6875,599.6875
0,DeepSeek-R1-Distill-Qwen-14B-Q6_K,226,"Según el Plan de Abordaje Integral, la colaboración con la academia es crucial para mejorar los programas de tamizaje: con la UCR y el CICICA se busca utilizar sus instalaciones (dos salas de endoscopia equipadas) y desarrollar inteligencia artificial para priorizar la interpretación de SGD's, permitiendo que el radiólogo interprete primero las imágenes que el algoritmo identifica con alteraciones; con el TEC se busca desarrollar modelos predictivos para identificar pacientes y grupos poblacionales con mayor probabilidad de desarrollar cáncer, además de colaborar en la identificación de requerimientos para el EDUS que mejoren el flujo de información y faciliten la gobernanza del CNDTCG sobre las DRIPSS; en cuanto a la desvinculación administrativa, el CNDTCG ha estado ubicado en el Hospital Max Peralta por 29 años, generando una codependencia en recursos financieros, humanos, equipamiento, infraestructura y procesos, por lo que debe realizarse un proceso ordenado de desvinculación que considere el traslado de recursos y el establecimiento de un nuevo modelo de coexistencia, ya que el CNDTCG no cuenta aún con estructura administrativa completa para absorber procesos como mantenimiento, vigilancia, aseo y tecnologías de información.","</think>

La colaboración con la academia, como la UCR/CICICA y el TEC, es fundamental para los programas de tamizaje ya que aporta conocimientos y avances tecnológicos que mejoran la calidad y eficiencia de los servicios. Además, fomenta la capacitación de profesionales, asegurando que el CNDTCG cuente con el talento humano necesario para abordar las patologías de manera especializada y actualizada.

La desvinculación administrativa del CNDTCG del Hospital Max Peralta implica una mayor autonomía en su gestión, lo que puede optimizar recursos y decisiones. Sin embargo, también podría afectar la coordinación y continuidad en la atención, especialmente en la integración de los servicios y en la comunicación formal con el establecimiento de origen.",67.46913835220039,1366,178,1544,open_ended,1597.2208520179277,389.1,2019.2,16265.956418161435,16265.703125,16266.171875,0.0,0,0,599.6875,599.6875,599.6875
0,DeepSeek-R1-Distill-Qwen-14B-Q6_K,272,"Es una clasificación endoscópica que divide los pólipos en cuatro subtipos según el riesgo de malignidad: JNET 1 (hiperplásico), JNET 2A (neoplasia de bajo grado), JNET 2B (neoplasia de alto grado o invasión superficial), JNET 3 (cáncer invasor profundo).","</think>

La Clasificación JNET para pólipos colorrectales es una sistema de categorización que divide los pólipos en cuatro subtipos basados en su características endoscópicas y grado de neoplasia. 

1. **JNET 1**: Pólipo hiperplásico.  
2. **JNET 2A**: Pólipo con neoplasia intramucosa de bajo grado.  
3. **JNET 2B**: Pólipo con neoplasia intramucosa de alto grado o invasión superficial de la submucosa.  
4. **JNET 3**: Lesión con cáncer invasor en la submucosa profunda.  

Esta clasificación ayuda a evaluar el riesgo de progreso maligno y a determinar el enfoque terapéutico adecuado.",72.54919879883528,1498,192,1690,open_ended,1614.2747390396603,987.5,2019.3,16267.36478992693,16267.109375,16267.578125,0.0,0,0,599.6875,599.6875,599.6875
0,DeepSeek-R1-Distill-Qwen-14B-Q6_K,210,"Según el Plan de Abordaje Integral, los cánceres de colon y recto se combinan en el análisis de incidencia porque el modelo de tamizaje para ambos tipos de cáncer es el mismo, utilizando la prueba FIT (Test Inmunológico Fecal), y además los programas de tamizaje y las estrategias de intervención serán idénticos para ambos tipos de cáncer, lo que hace que esta unificación sea práctica y relevante; en contraste, el cáncer de estómago se tamiza mediante la Serie Gastroduodenal (SGD), requiriendo un enfoque diferente en términos de metodología de tamizaje.","</think>

Se combinan los cánceres de colon y recto en el análisis de incidencia para el tamizaje porque el modelo de tamizaje para ambos tipos de cáncer es el mismo. Utilizan la prueba FIT (Test Inmunológico Fecal), lo que hace que los programas de tamizaje y las estrategias de intervención sean idénticos para ambos. En contraste, el cáncer de estómago se tamiza mediante la Serie Gastroduodenal (SGD), requiriendo un enfoque diferente en términos de metodología de tamizaje.",45.51830039359629,907,130,1037,open_ended,1576.9255813953414,468.9,2027.2,16268.469424833887,16268.359375,16268.671875,0.0,0,0,599.6875,599.6875,599.6875
0,DeepSeek-R1-Distill-Qwen-14B-Q6_K,270,"El Técnico en Gastroenterología brinda soporte técnico en procedimientos endoscópicos. Prepara, verifica y mantiene el equipamiento endoscópico. Asiste al endoscopista durante los estudios (manejo del equipo, toma de muestras, succión, irrigación). Es responsable de la limpieza, desinfección de alto nivel y resguardo del instrumental según protocolos de control de infecciones. Participa en gestión de insumos, listas de verificación, mantenimiento preventivo y orienta al usuario sobre el proceso con enfoque respetuoso.","</think>

El Técnico en Gastroenterología en el CNDTCG tiene funciones que incluyen la valoración médica de pacientes, la planificación técnica de procedimientos, la realización de intervenciones endoscópicas y el seguimiento postoperatorio. También coordina con diferentes equipos y servicios como imagenología, enfermería y hospitalización. Además, participa en la representación del centro en instancias nacionales e internacionales, contribuyendo a su posicionamiento como referente técnico en procedimientos endoscópicos avanzados.",58.9414391182363,1408,119,1527,open_ended,1704.4776923076874,568.7,2027.3,16269.28766025641,16268.984375,16269.453125,0.0,0,0,599.6875,599.6875,599.6875
0,DeepSeek-R1-Distill-Qwen-14B-Q6_K,263,El fundamento legal del CNDTCG se basa en el Acuerdo de Junta Directiva Nº 9414 del 5 de marzo de 2024. Evolución histórica: 1995 creación como proyecto piloto CCSS-UCR-JICA; 2008 adscripción al Hospital Dr. Maximiliano Peralta Jiménez; 2017 aval del Tamizaje de Cáncer Colorrectal; 2019-2021 mejoras organizativas; 2021 inicio de traslado a Dirección de Centros Especializados; marzo 2024 creación oficial como centro nacional con unidad programática propia y estructura funcional avalada.,"</think>

No lo sé.",34.90746313892305,1151,7,1158,open_ended,1962.21422413793,229.5,2019.0,16269.921875,16269.921875,16269.921875,0.0,0,0,599.6875,599.6875,599.6875
0,DeepSeek-R1-Distill-Qwen-14B-Q6_K,220,"Según el Plan de Abordaje Integral, la identificación de la demanda para los programas de tamizaje se basa en la tasa de incidencia media por cada 100,000 habitantes durante el periodo 2017-2022, que fue de 11.66 para cáncer gástrico y de 18.25 para cáncer colorrectal; para priorizar los cantones, se consideran aquellos que se encuentran por encima de la media nacional respectiva, lo que resulta en 35 cantones con incidencia superior a 11.66 para cáncer gástrico y 36 cantones con incidencia superior a 18.25 para cáncer colorrectal, y en los Anexos No. 8 y No. 9 se detalla la población total por cantón que debe abordarse en los tamizajes para cada enfermedad.","</think>

La demanda para los programas de tamizaje de cáncer gástrico y colorrectal se identifica mediante la incidencia de estos cánceres en cada cantón. Los datos de incidencia, ajustados por cada 100.000 habitantes, son utilizados para priorizar los cantones con mayores tasas, lo que sugiere una mayor carga de enfermedad y la necesidad de enfoques específicos de salud pública. Los criterios para priorizar incluyen la comparación de las tasas de incidencia con la media nacional, lo que permite identificar áreas con mayores riesgos y asignar recursos de manera más efectiva.",54.83848015125841,1161,144,1305,open_ended,1611.0814917127004,987.6,2019.3,16269.921875,16269.921875,16269.921875,0.0,0,0,599.6875,599.6875,599.6875
0,DeepSeek-R1-Distill-Qwen-14B-Q6_K,208,"Durante el periodo 2017-2022, la incidencia del cáncer de estómago mostró una ligera disminución hacia el final del periodo, pasando de alrededor de 12-13 casos por cada 100,000 habitantes a aproximadamente 10 casos en 2022, mientras que la incidencia del cáncer de colon se mantuvo relativamente estable entre 11 y 12 casos por cada 100,000 habitantes, y la del cáncer de recto se mantuvo constante entre 6 y 7 casos; la incidencia total combinada de los tres tipos de cáncer mostró una leve disminución desde 30.60 casos en 2017 hasta 27.91 casos en 2022, y en cuanto a la diferencia por sexo, la incidencia en hombres fue consistentemente mayor que en mujeres a lo largo del periodo, con un subtotal que osciló entre 32.78 y 30.19 casos por cada 100,000 habitantes en hombres, frente a 28.68 y 27.15 casos en mujeres, lo que subraya la necesidad de estrategias de prevención y tratamiento adaptadas a cada grupo.","</think>

No lo sé.",45.62428427580744,1503,7,1510,open_ended,1969.0363036303665,279.3,2027.3,16271.265728135313,16270.859375,16271.484375,0.0,0,0,599.6875,599.6875,599.6875
0,DeepSeek-R1-Distill-Qwen-14B-Q6_K,253,"El CNDTCG utiliza múltiples sistemas de información institucionales para su operación: el Expediente Digital Único en Salud (EDUS) como fuente oficial y legal de la información de las atenciones en salud de los pacientes; el Sistema de Identificación Agendas y Citas (SIAC) para la programación de procedimientos; el Sistema de Información de Estadísticas en Salud (SIES) para el registro y análisis de datos; el Sistema ARCA para el registro de procedimientos y resultados de laboratorio y patología; y bases de datos internas como FileMaker para gestión específica de programas. Estos sistemas permiten registrar, monitorear y analizar la información clínica, administrativa y operativa necesaria para la toma de decisiones y evaluación del desempeño. El acceso a estos sistemas debe garantizar la interoperabilidad entre módulos para asegurar la trazabilidad efectiva de los pacientes. La integración de estos sistemas es fundamental para el seguimiento de pacientes desde la invitación inicial hasta el tratamiento y seguimiento, permitiendo medir indicadores de desempeño, ausentismo, tiempos de espera y resultados clínicos.","</think>

El CNDTCG utiliza sistemas de información institucionales que incluyen el expediente digital, la imagenología y las bases de datos.",46.18060596846044,1410,32,1442,open_ended,1894.7464052287578,907.9,2019.2,16271.484375,16271.484375,16271.484375,0.0,0,0,599.6875,599.6875,599.6875
0,DeepSeek-R1-Distill-Qwen-14B-Q6_K,268,"La oferta de servicios del CNDTCG incluye: Programa de Patología Biliar (CPRE, drenajes); Programa de ESD (resección en bloque); Programa de Cirugía Mayor (quirúrgico especializado); Programa de Cirugía Percutánea (mínimamente invasivo guiado por imagen); Programa de Ultrasonido Endoscópico (evaluación avanzada y estadificación); Programa de Endoscopia Diagnóstica y de Control (confirmación y seguimiento); además de docencia, formación continua, investigación científica y apoyo técnico a la red institucional.","</think>

El CNDTCG ofrece servicios complementarios más allá de los programas de tamizaje, incluyendo patología biliar, resección submucosa endoscópica (ESD), cirugía mayor, cirugía percutánea, ultrasonido endoscópico, y endoscopía diagnóstica y de control. Estos servicios amplían su capacidad resolutiva y consolidan su papel como centro especializado de referencia nacional. Además, articula la red de servicios de salud para garantizar la implementación estandarizada de estrategias de captación, diagnóstico, tratamiento y seguimiento en todo el país.",64.46945726592094,1470,145,1615,open_ended,1671.6319248826228,987.6,2027.2,16271.579225352112,16271.484375,16271.796875,0.0,0,0,599.6875,599.6875,599.6875
0,DeepSeek-R1-Distill-Qwen-14B-Q6_K,218,"Según el Plan de Abordaje Integral, la Institución cuenta con 110 laboratorios clínicos distribuidos en hospitales nacionales, regionales, periféricos y áreas de salud, con una alta concentración en provincias como San José (8 en el cantón central), Alajuela (17 totales con 6 en San Carlos), Puntarenas (19 totales con 8 en el cantón central) y Heredia (9 totales con 3 en la cabecera); esta amplia red representa una fortaleza significativa para el tamizaje de cáncer colorrectal, ya que proporciona una infraestructura robusta para la realización de pruebas FIT, aunque la capacidad depende de la complejidad de la prueba: la prueba cualitativa está disponible en todos los laboratorios bajo compra centralizada y tiene resultados homologados bajo un mismo código de digitalización, mientras que la prueba cuantitativa solo está disponible en dos laboratorios y requiere equipos automatizados, por lo que su implementación masiva necesitaría establecer una red de laboratorios que centralicen el análisis y realizar una compra nacional que incluya el equipamiento necesario.","</think>

La red de laboratorios clínicos de la CCSS representa una fortaleza para el programa de tamizaje de cáncer colorrectal debido a su capacidad para manejar grandes volúmenes de pruebas, garantizando la calidad y confiabilidad de los resultados. Además, estos laboratorios están distribuidos en hospitales nacionales generales, regionales y periféricos, lo que facilita el acceso a la prueba FIT (sangre oculta en heces) en diferentes partes del país.

La prueba de sangre oculta en heces cualitativa se realiza en todos los laboratorios clínicos del país, mientras que la cuantitativa solo se realiza en los laboratorios del Hospital México y el Hospital Max Peralta. La principal diferencia entre ambas pruebas radica en su sensibilidad y especificidad para detectar sangre en las heces, lo que puede influir en el número de colonoscopias requeridas para los programas de tamizaje.",72.97608661279082,1352,218,1570,open_ended,1545.4865145228096,468.9,2019.0,16272.099455394191,16271.75,16272.375,0.0,0,0,599.6875,599.6875,599.6875
0,DeepSeek-R1-Distill-Qwen-14B-Q6_K,201,"De acuerdo con el documento de Creación de la Unidad Programática, sin la implementación del Programa Nacional (bajo la evolución natural de la enfermedad), se proyecta una mortalidad de 234 muertes anuales. Con el programa nacional propuesto, se proyecta una disminución del 35% en la mortalidad de la población objetivo, logrando evitar 82 muertes anuales de forma específica en cáncer colorrectal. Asimismo, se alcanzará una tasa de detección de más del 40% al 50% de los casos de cáncer en etapas tempranas. Este logro clínico acarrea un impacto socioeconómico estimado de un ahorro de ₡3,563,250,779 anuales.","</think>

El impacto social y epidemiológico proyectado con la implementación del Programa Nacional del CNDTCG en 10 años incluye una reducción significativa en la incidencia y mortalidad de cánceres gástrico y colorrectal, especialmente en áreas con mayor riesgo. Sin el programa, se espera que estos índices sigan aumentando o manteniéndose estables, mientras que con él, se logrará una detección temprana más efectiva, mejorando la calidad de vida y prolongando la esperanza de vida de los pacientes. Además, el programa fortalecerá la red de servicios de salud, garantizando una atención más articulada y estandarizada a nivel nacional.",61.24507381208241,1293,159,1452,open_ended,1621.119259259253,429.0,2019.2,16272.878858024691,16272.6875,16273.0,0.0,0,0,599.6875,599.6875,599.6875
0,DeepSeek-R1-Distill-Qwen-14B-Q6_K,213,"Según el Plan de Abordaje Integral, el análisis de los años de vida potencialmente perdidos (YPLL) revela que, aunque mueren más hombres por cáncer de estómago, colon y recto (40,104 años perdidos en hombres frente a 31,933 en mujeres, con un 47% más de hombres fallecidos), las mujeres pierden en promedio más años de vida que los hombres, ya que la media de YPLL para las mujeres es de 16.49 años, significativamente mayor que la de los hombres que es de 14.10 años, y además los intervalos de confianza muestran que las mujeres tienen un límite superior de 17.00 años frente a 14.47 en hombres; esto significa que las mujeres que fallecen por estos tipos de cáncer lo hacen a edades más tempranas que los hombres, lo que representa una mayor pérdida de productividad y bienestar social, y resalta la importancia de implementar intervenciones efectivas de salud pública, incluyendo programas de tamizaje y detección temprana, que permitan reducir tanto la incidencia como la mortalidad, minimizando así los YPLL.","</think>

En el contexto proporcionado, se menciona que la mortalidad por cáncer de estómago, colon y recto es mayor en hombres que en mujeres. Sin embargo, se observa que las mujeres mueren de forma más prematura, lo que sugiere que, aunque las tasas de mortalidad son más altas en hombres, las mujeres tienden a fallecer a edades más jóvenes en comparación con los hombres. Esto se refleja en las tasas de mortalidad específicas por cada tipo de cáncer, donde las mujeres presentan tasas más bajas pero con un perfil de mortalidad prematura.",70.5905954381451,1654,137,1791,open_ended,1698.0999999999976,329.3,2019.1,16273.46875,16273.46875,16273.46875,0.0,0,0,599.6875,599.6875,599.6875
0,DeepSeek-R1-Distill-Qwen-14B-Q6_K,208,"Durante el periodo 2017-2022, la incidencia del cáncer de estómago mostró una ligera disminución hacia el final del periodo, pasando de alrededor de 12-13 casos por cada 100,000 habitantes a aproximadamente 10 casos en 2022, mientras que la incidencia del cáncer de colon se mantuvo relativamente estable entre 11 y 12 casos por cada 100,000 habitantes, y la del cáncer de recto se mantuvo constante entre 6 y 7 casos; la incidencia total combinada de los tres tipos de cáncer mostró una leve disminución desde 30.60 casos en 2017 hasta 27.91 casos en 2022, y en cuanto a la diferencia por sexo, la incidencia en hombres fue consistentemente mayor que en mujeres a lo largo del periodo, con un subtotal que osciló entre 32.78 y 30.19 casos por cada 100,000 habitantes en hombres, frente a 28.68 y 27.15 casos en mujeres, lo que subraya la necesidad de estrategias de prevención y tratamiento adaptadas a cada grupo.","</think>

No lo sé.",45.31444926653057,1503,7,1510,open_ended,1970.8023255813985,219.5,2027.3,16273.46429869186,16273.27734375,16273.46875,0.0,0,0,599.6875,599.6875,599.6875
0,DeepSeek-R1-Distill-Qwen-14B-Q6_K,243,"La oferta de servicios del CNDTCG más allá de los programas de tamizaje incluye una gama de servicios clínicos, diagnósticos, quirúrgicos, técnicos, de formación y apoyo, enfocados en la detección temprana, tratamiento oportuno y seguimiento de patologías del tracto gastrointestinal. Estos servicios incluyen: el Programa de Patología Biliar, que brinda abordaje integral a enfermedades complejas del árbol biliar mediante CPRE, drenajes biliares y extracción de cálculos; el Programa de Resección Submucosa Endoscópica (ESD), que permite la resección en bloque de lesiones precancerosas o neoplasias superficiales; el Programa de Cirugía Mayor, que ofrece tratamiento quirúrgico especializado a personas con lesiones que requieren intervención quirúrgica mayor; el Programa de Cirugía Percutánea, que ofrece alternativa terapéutica mínimamente invasiva mediante técnicas guiadas por imagen; el Programa de Ultrasonido Endoscópico, para evaluación avanzada de lesiones y estadificación; y el Programa de Endoscopía Diagnóstica y de Control, para confirmación diagnóstica y seguimiento de lesiones. Además, el CNDTCG ofrece servicios de docencia y formación continua, investigación científica y apoyo técnico a la red institucional.","</think>

El CNDTCG ofrece servicios complementarios además de los programas de tamizaje, incluyendo patología biliar, resección submucosa endoscópica (ESD), cirugía mayor, cirugía percutánea, ultrasonido endoscópico, y endoscopía diagnóstica y de control. Estos servicios amplían su capacidad resolutiva y consolidan su papel como centro especializado de referencia nacional.",60.44532156735658,1513,102,1615,open_ended,1738.5584999999974,668.5,2027.3,16273.623046875,16273.27734375,16273.74609375,0.0,0,0,599.6875,599.6875,599.6875
0,DeepSeek-R1-Distill-Qwen-14B-Q6_K,254,"Las herramientas de aplicabilidad del Manual de Gestión del CNDTCG son instrumentos que facilitan la implementación práctica de las funciones, responsabilidades y procesos descritos. Estas incluyen: protocolos y procedimientos normalizados que definen el ""cómo hacer"" en cada programa, brindando instrucciones claras para la ejecución estandarizada de tareas críticas; documentos técnicos normativos complementarios como protocolos, criterios técnicos y manuales de procedimientos que operacionalizan la gestión; sistemas de información institucionales como SIES, SIAC, ARCA y FileMaker que permiten registrar, monitorear y analizar información; matrices de indicadores e instrumentos de evaluación que actúan como herramientas operativas de control y seguimiento; instancias de coordinación y supervisión como equipos de coordinación de programas y reuniones clínicas multidisciplinarias; y capacitación y formación interna que utiliza el manual como insumo base para actividades de inducción y actualización. Estas herramientas serán desarrolladas progresivamente conforme se consoliden procesos y se valide la experiencia operativa, fortaleciendo la estandarización, trazabilidad, eficiencia y calidad de las actividades del CNDTCG.","</think>

El Manual de Gestión del CNDTCG incluye herramientas de aplicabilidad como indicadores clave para evaluar el desempeño del centro. Estos indicadores permiten medir aspectos operativos y clínicos, como el número de cirugías mayores realizadas y la tasa de complicaciones quirúrgicas. Además, el manual utiliza modelos de coordinación interinstitucional y mapas de procesos institucionales para alinear las actividades del CNDTCG con los macroprocesos estratégicos de la CCSS. También se implementan procedimientos avanzados y programas de tamizaje poblacional para garantizar la calidad y eficiencia en la atención. Por último, el manual fomenta la estandarización, trazabilidad y mejora continua a través de la revisión documental y la asistencia técnica a otros establecimientos.",70.1775697125122,1396,189,1585,open_ended,1589.324999999992,69.8,2019.1,16273.759900323275,16273.74609375,16273.90234375,0.0,0,0,599.6875,599.6875,599.6875
0,DeepSeek-R1-Distill-Qwen-14B-Q6_K,215,"Según el Plan de Abordaje Integral, la identificación de cantones coincidentes con altas incidencias en ambos tipos de cáncer, como San José (1° en estómago, 2° en colorrectal), Pérez Zeledón (2° en estómago, 9° en colorrectal) y otros como Tilarán, Bagaces, San Isidro y Coto Brus que aparecen en los primeros lugares de ambos tipos, es relevante porque permite focalizar los esfuerzos de tamizaje en estas áreas de manera eficiente, ya que la población objetivo es la misma para ambos programas de tamizaje (personas de 50 a 74 años); esta coincidencia ofrece la ventaja de implementar programas de tamizaje integrados que puedan abordar tanto el cáncer de estómago como el colorrectal simultáneamente, lo que subraya la eficiencia y efectividad de la asignación de recursos y permite un enfoque más preciso en las áreas con mayor necesidad de intervención.","</think>

Identificar los cantones con altas incidencias de cáncer gástrico y colorrectal es relevante porque permite focalizar los esfuerzos de los programas de tamizaje en áreas con mayor necesidad, optimizando recursos y asegurando una mayor cobertura. Esto facilita la implementación de estrategias integradas que aborden ambos tipos de cáncer simultáneamente, promoviendo una detección temprana más efectiva y una atención más rápida para las personas afectadas. Además, esta identificación contribuye a reducir las brechas operativas y a mejorar la eficiencia en la distribución de servicios médicos, como las endoscopias, necesarias para el diagnóstico y manejo de estas enfermedades.",56.32724289316684,1117,166,1283,open_ended,1576.4604838709586,907.9,2018.5,16276.03125,16276.03125,16276.03125,0.0,0,0,599.6875,599.6875,599.6875
0,DeepSeek-R1-Distill-Qwen-14B-Q6_K,221,"Según el Plan de Abordaje Integral, los criterios para la cobertura establecen que para ambos tipos de cáncer el porcentaje de invitación es del 40% (se espera contactar a esa proporción de la población objetivo), el porcentaje de tamizaje es del 65% (se espera que los invitados participen efectivamente en el programa), y la periodicidad del tamizaje es bienal (cada dos años); en cuanto al porcentaje de endoscopias, basado en la evidencia empírica del CNDTCG, para el cáncer gástrico el 15% de los tamizados requieren una gastroscopia derivado de las series gastroduodenales alteradas, mientras que para el cáncer colorrectal el 12% de los tamizados necesitan una colonoscopia basado en las pruebas de sangre oculta en heces positivas, lo que además permite la detección de lesiones premalignas crucial para la prevención o tratamiento temprano.","</think>

Con base en los criterios para la cobertura establecidos en el Plan de Abordaje Integral, los programas de tamizaje de cáncer gástrico y colorrectal tienen metas específicas. Para ambos tipos de cáncer, el porcentaje de invitación a la población objetivo es del 40%, lo que significa que se espera contactar a esta proporción para participar en el programa. Además, el porcentaje de la población que efectivamente participa en el tamizaje es del 65%. No se menciona un porcentaje específico de endoscopias para cada tipo de cáncer en el contexto proporcionado.",41.04596871510148,1001,143,1144,open_ended,1505.4952029520223,927.9,2027.3,16276.1875,16276.1875,16276.1875,0.0,0,0,599.6875,599.6875,599.6875
0,DeepSeek-R1-Distill-Qwen-14B-Q6_K,225,"Según el Plan de Abordaje Integral, para garantizar el seguimiento efectivo de los pacientes se requieren varias condiciones especiales: acceso a procedimientos programados a través del módulo SIAC del EDUS para conocer si un paciente con examen alterado recibió una endoscopía, cuándo y dónde, y si se presentó; acceso masivo a resultados de biopsias mediante ARCA-Patología para tomar acciones oportunas y medir el desempeño de los programas en detección de lesiones premalignas; y acceso a resultados de FIT a través del SILC, cuya implementación requiere un equipo especializado de 1 MQC3, 2 MQC2 y 5 Analistas de Sistemas 4, ubicado en el Área de Regulación y Sistematización de la DDSS, ya que actualmente el EDUS no fue diseñado para programas de tamizaje y la falta de interoperabilidad entre módulos impide la trazabilidad; además, la CCSS no cuenta con una normativa específica que obligue a los diferentes niveles de atención a participar en los programas de tamizaje, por lo que es necesario establecer políticas claras que definan las responsabilidades de laboratorios clínicos, servicios de radiología y gastroenterología para garantizar una cobertura uniforme y efectiva.","</think>

Las condiciones especiales necesarias para garantizar el seguimiento de los pacientes en los programas de tamizaje incluyen el acceso a datos personales de los pacientes, como nombre, apellidos, teléfono, correo electrónico, dirección y área de salud, respetando la Ley de Protección de Datos Personales (Ley No. 8968). Además, es fundamental la coordinación con diferentes equipos clínicos y servicios, como anestesia, endoscopía, imagenología y enfermería, para asegurar la disponibilidad de recursos y atención oportuna. La normativa institucional define los protocolos y técnicas adecuadas para realizar pruebas diagnósticas, valorar médicamente a los pacientes y activar las rutas clínicas necesarias. También establece los lineamientos para el seguimiento postprocedimiento, la gestión de complicaciones y la articulación con otros niveles de atención, garantizando la calidad y continuidad del cuidado.",70.07207462191582,1335,212,1547,open_ended,1559.6451403887586,309.3,2018.8,16276.719289956804,16276.5,16276.8125,0.0,0,0,599.6875,599.6875,599.6875
0,DeepSeek-R1-Distill-Qwen-14B-Q6_K,205,"Las principales limitaciones identificadas son la falta de información técnica sobre capacidad instalada, ya que aunque se cuenta con un inventario de recursos, todos están actualmente en uso para otros procedimientos, lo que impide determinar la capacidad adicional necesaria para el programa de tamizaje; además, no existen datos sobre cuántos pacientes requieren estudios complementarios como ultrasonidos, vigilancia hemodinámica en gastroscopias, sedación por anestesiólogo, ni cuántos estudios endoscópicos requieren biopsia, lo que limita la planificación solo a los estudios básicos; tampoco se cuenta con guías de seguimiento endoscópico del Ministerio de Salud, por lo que no es posible estimar la demanda de procedimientos de control; la creación de nuevos cantones ha distorsionado los datos históricos, por lo que el plan se ve forzado a utilizar la estructura de los 81 cantones originales, asumiendo un error aproximado del 1% en las proyecciones; finalmente, el plan se basa en proyecciones poblacionales del INEC del año 2013, lo que podría introducir variaciones futuras.","</think>

El plan enfrenta varias limitaciones importantes relacionadas con la disponibilidad de información sobre la capacidad instalada y los datos clínicos necesarios. En primer lugar, falta información técnica detallada sobre la capacidad instalada actual, lo que dificulta evaluar cuántos recursos adicionales se necesitarán para implementar los programas de tamizaje y tratamiento. Además, no se dispone de datos sobre la cantidad de pacientes que requieren estudios complementarios como ultrasonidos, lo que complica la planificación de los servicios. La infraestructura y el personal ya están ocupados en otros procedimientos, lo que también afecta la capacidad para expandir los servicios. Por otro lado, el inventario existente no proporciona suficiente información para determinar la capacidad disponible para manejar un aumento en la demanda. Asimismo, la disponibilidad y adquisición de equipamiento médico adecuado son esenciales, pero su falta podría retrasar el diagnóstico y tratamiento. Finalmente, aunque se menciona la distribución de pruebas institucionalmente, se necesita conocer la población meta para gestionar la cantidad de pruebas y ajustar el presupuesto correspondiente.",69.84938904829323,1097,252,1349,open_ended,1457.7791757049804,558.7,2027.3,16277.155470444686,16276.953125,16277.265625,0.0,0,0,599.6875,599.6875,599.6875
0,DeepSeek-R1-Distill-Qwen-14B-Q6_K,204,"El Plan de Abordaje Integral consta de cuatro etapas principales: la Etapa I (2024-2025) incluye la elaboración de normativa institucional, el establecimiento de mecanismos de acceso a datos de población adscrita en EDUS, la implementación de un modelo de captación e invitación de participantes y la propuesta para implementar programas de tamizaje en zonas de alta incidencia; la Etapa II (2025-2026) contempla la implementación nacional de la prueba cuantitativa FIT, campañas de comunicación y sensibilización, la dotación de recurso humano técnico para el SILC y el plan de formación y dotación de personal; la Etapa III (2026-2028) incluye las modificaciones necesarias en el EDUS, el análisis de desafíos operativos para la implementación nacional del CNDTCG, el diseño de modelos predictivos con inteligencia artificial, la entrega de equipamiento e infraestructura, la dotación de especialistas y personal técnico, y la puesta en marcha de los programas de tamizaje; finalmente, la Etapa IV (2028-2029) contempla la evaluación del plan por parte de la Auditoría Interna y los ajustes necesarios al plan basados en los resultados obtenidos.","</think>

El Plan de Abordaje Integral para el Tamizaje de Cáncer de Estómago y Colorrectal se articula en respuesta a los acuerdos de la sesión No. 9414 de la Junta Directiva de la Caja Costarricense de Seguro Social. Incluye etapas como la evaluación de la situación actual, recopilación de datos epidemiológicos, diseño de estrategias, implementación de programas de tamizaje, capacitación del personal, y monitoreo y evaluación. Las actividades clave comprenden la invitación a la población objetivo, aplicación de pruebas de tamizaje, realización de endoscopias, diagnóstico, tratamiento y seguimiento.",59.52832518238574,1254,156,1410,open_ended,1621.6743002544436,987.5,2027.1,16277.848878816794,16277.734375,16277.890625,0.0,0,0,599.6875,599.6875,599.6875
0,DeepSeek-R1-Distill-Qwen-14B-Q6_K,247,"El CNDTCG dispone de un conjunto de equipos médicos y tecnológicos de alta especialización que respaldan la ejecución de procedimientos diagnósticos, terapéuticos y quirúrgicos con altos estándares de seguridad y calidad técnica. Entre los principales equipos se incluyen: torres de endoscopía de alta definición para procedimientos digestivos altos y bajos, con sistemas de visualización, iluminación, documentación y grabación digital; equipamiento para Resección Submucosa Endoscópica (ESD) que incluye cuchillos endoscópicos, inyectores submucosos, clips hemostáticos y unidades electroquirúrgicas; equipo de ultrasonido endoscópico (USE) para estadificación loco-regional, evaluación de lesiones subepiteliales y localización de estructuras profundas; equipo para Colangiopancreatografía Retrógrada Endoscópica (CPRE), incluyendo accesorios para drenaje biliar, esfinterotomías, extracción de cálculos y colocación de prótesis; fluoroscopio de alta resolución para procedimientos intervencionistas; equipo de tomografía (TAC) para estudios de estadificación oncológica y planificación quirúrgica; ultrasonido convencional para valoraciones clínicas y procedimientos guiados; monitores multiparámetros y bombas de infusión para sedación y recuperación; instrumental quirúrgico especializado para laparotomía, laparoscopía y cirugía percutánea; equipos de apoyo en recuperación y anestesia; y estaciones de trabajo y sistemas informáticos clínicos articulados con los sistemas institucionales de la CCSS.","</think>

El CNDTCG dispone de equipos médicos y tecnológicos de alta especialización, entre los cuales se encuentran:

1. Torres de endoscopía de alta definición para procedimientos digestivos altos y bajos, equipados con sistemas de visualización, iluminación, documentación y grabación digital.
2. Equipamiento para Resección Submucosa Endoscópica (ESD), que incluye cuchillos endoscópicos, inyectores submucosos, clips hemostáticos y unidades electroquirúrgicas.
3. Equipo de ultrasonido endoscópico (USE) para estadificación loco-regional, evaluación de lesiones subepiteliales y localización de estructuras profundas.

Estos equipos permiten desarrollar programas clínicos con capacidad resolutiva y eficiencia operativa, respaldando procedimientos diagnósticos, terapéuticos y quirúrgicos con altos estándares de seguridad y calidad técnica.",76.01788115967065,1421,222,1643,open_ended,1551.5324701195098,648.5,2027.3,16277.890625,16277.890625,16277.890625,0.0,0,0,599.6875,599.6875,599.6875
0,DeepSeek-R1-Distill-Qwen-14B-Q6_K,294,"El CNDTCG se alinea con el Macroproceso Sustantivo de Atención de la Salud en promoción, prevención, recuperación y rehabilitación, y depende de Macroprocesos de Apoyo como gestión de talento humano, abastecimiento, mantenimiento y soporte tecnológico.","</think>

El CNDTCG se alinea con el Mapa de Procesos Institucionales de la CCSS, contribuyendo específicamente al Macroproceso Sustantivo de Atención de la Salud, dentro de las áreas de promoción de la salud, prevención secundaria, recuperación y rehabilitación. Esto se logra mediante la implementación de programas de tamizaje, diagnóstico temprano, tratamiento quirúrgico y seguimiento clínico de personas con patologías gastrointestinales. Esta alineación asegura que el centro cumpla con los principios de calidad, oportunidad, equidad, continuidad e integralidad de los servicios de salud de la CCSS.",65.2887696120888,1412,157,1569,open_ended,1631.0872685185095,59.9,2027.3,16277.827763310184,16277.71875,16277.890625,0.0,0,0,599.6875,599.6875,599.6875
0,DeepSeek-R1-Distill-Qwen-14B-Q6_K,251,"La captación de pacientes en los programas de tamizaje del CNDTCG es un proceso crítico para asegurar el éxito de los programas organizados. El CNDTCG es responsable de la captación estructurada de la población objetivo, para lo cual requiere acceso a los datos de la población adscrita con variables como nombre, apellidos, teléfonos, correo electrónico, provincia, cantón y distrito de residencia, así como el Área de Salud de adscripción, considerando la Ley de Protección de Datos Personales. La captación se realiza para invitar a los pacientes a realizarse un FIT y/o una SGD, y se repite cada dos años para asegurar seguimiento continuo. Se realiza por medio de invitación telefónica a través de centros de llamadas especializados, dado el volumen considerable de personas y los controles estrictos requeridos. Existen pérdidas en el proceso: no todas las personas pueden ser localizadas por diversas razones, y para lograr la participación de una cierta cantidad de personas se debe contactar al menos al triple de ellas, con al menos dos llamadas adicionales si no son localizados. Por ejemplo, para 67,136 personas en 2025, se requieren más de 200,000 gestiones, reflejando la criticidad de esta etapa.","</think>

La captación de pacientes en los programas de tamizaje es realizada por el CNDTCG, quien necesita acceso a datos de la población adscrita, incluyendo nombre, apellidos, teléfonos, correo electrónico, provincia, cantón, distrito de residencia, Área de Salud de adscripción, entre otros, respetando la Ley de Protección de Datos Personales. Este proceso es fundamental para invitar a los pacientes a realizarse un FIT (Test Inmunológico Fecal) y/o una SGD (Serie Gastroduodenal), asegurando una captación efectiva y oportuna.",52.49957996793091,1113,136,1249,open_ended,1611.8106628241999,718.3,2019.1,16277.71875,16277.71875,16277.71875,0.0,0,0,599.6875,599.6875,599.6875
0,DeepSeek-R1-Distill-Qwen-14B-Q6_K,233,"La metodología utilizada para la elaboración del Manual de Gestión del CNDTCG se realizó conforme a las indicaciones establecidas en el ""Manual Metodológico para la Construcción de un Manual de Gestión en la Dirección de Desarrollo de Servicios de Salud"", versión vigente, para asegurar la estandarización, coherencia técnica y alineación con la normativa institucional de la CCSS. El proceso se desarrolló bajo un enfoque participativo y técnico que incluyó: revisión documental de antecedentes institucionales del CNDTCG, incluyendo normativa vigente, manuales organizacionales, planes estratégicos, modelos de atención y documentos de planificación institucional; análisis de estructura organizativa propuesta para el centro, incluyendo sus áreas funcionales, programas clínicos y servicios de soporte; consulta con actores clave mediante sesiones técnicas de trabajo con personal del CNDTCG y otras áreas involucradas; síntesis y sistematización técnica para organizar la información bajo los apartados requeridos; validación técnica preliminar con revisión por parte de las instancias responsables; y como etapa final, el manual fue sometido a una validación técnica utilizando el método DELPHI modificada, un método estructurado de consenso entre expertos institucionales para garantizar la pertinencia, aplicabilidad y solidez técnica del documento.","</think>

La elaboración del Manual de Gestión del CNDTCG se realizó conforme a las indicaciones establecidas en el ""Manual Metodológico para la Construcción de un Manual de Gestión en la Dirección de Desarrollo de Servicios de Salud"", versión vigente. Este proceso se desarrolló bajo un enfoque participativo y técnico, que incluyó una revisión documental de antecedentes institucionales del CNDTCG, incluyendo información, modelos de coordinación interinstitucional y otros documentos relevantes. Además, se consideraron los principios y lineamientos estratégicos de la Caja Costarricense de Seguro Social (CCSS), asegurando la estandarización, coherencia técnica y alineación con la normativa institucional. La metodología buscó fortalecer la estandarización, trazabilidad, eficiencia y calidad de las actividades desarrolladas en el centro, promoviendo su aplicabilidad en el entorno operativo real del centro, de manera progresiva conforme se consolidaran los procesos, se validara la experiencia operativa y se identificaran necesidades específicas de mejora o soporte técnico.",82.27429452165961,1456,258,1714,open_ended,1520.3541436463977,867.9,2019.0,16277.875,16277.875,16277.875,0.0,0,0,599.6875,599.6875,599.6875
0,DeepSeek-R1-Distill-Qwen-14B-Q6_K,235,"El área de Planificación y Mejora Continua en el CNDTCG tiene como función principal liderar los procesos de planificación operativa, seguimiento de resultados, evaluación del desempeño de los programas y promoción de la calidad. Entre sus funciones específicas se encuentran: la elaboración, revisión y actualización del Plan Anual Operativo, así como el acompañamiento técnico a las distintas unidades funcionales y programas para garantizar la formulación de metas claras, medibles y pertinentes; el seguimiento sistemático de los indicadores clínicos, administrativos e institucionales; la elaboración de informes técnicos que respaldan la toma de decisiones; el liderazgo de procesos de mejora continua mediante metodologías de gestión de la calidad, análisis de brechas, auditorías técnicas y formulación de acciones correctivas; la implementación de herramientas de análisis avanzado de datos incluyendo Big Data, Minería de Datos e Inteligencia de Negocios (BI) para detectar patrones, predecir comportamientos y fortalecer la toma de decisiones estratégicas; la coordinación de procesos de costeo de servicios para sustentar decisiones presupuestarias; el monitoreo continuo de la demanda de servicios para identificar necesidades emergentes y cuellos de botella; y la formulación de requerimientos técnicos para la gestión oportuna de recursos humanos, materiales, tecnológicos y de infraestructura.","</think>

El área de Planificación y Mejora Continua en el CNDTCG tiene funciones que incluyen la elaboración, revisión y actualización del Plan Anual Operativo, asegurando que las metas sean claras, medibles y pertinentes. Además, acompaña técnicamente a las unidades funcionales y programas del centro. También realiza el seguimiento sistemático de indicadores clínicos, administrativos e institucionales, y elabora informes técnicos que respaldan la toma de decisiones de la Dirección. Por otro lado, lidera los procesos de mejora continua mediante la aplicación de metodologías de gestión de la calidad, análisis de brechas, auditorías técnicas, evaluaciones internas y formulación de planes correctivos.",67.52019220497459,1464,164,1628,open_ended,1643.196860986541,987.5,2019.1,16277.875,16277.875,16277.875,0.0,0,0,599.6875,599.6875,599.6875
0,DeepSeek-R1-Distill-Qwen-14B-Q6_K,300,"El Anestesiólogo en el CNDTCG es responsable de la evaluación, administración y monitoreo de la anestesia en procedimientos diagnósticos y terapéuticos, garantizando la seguridad, estabilidad clínica y bienestar de las personas usuarias. Su intervención es esencial en procedimientos de endoscopía de alta complejidad (gastroscopías, colonoscopías, CPRE, ESD), cirugía ambulatoria, cirugía percutánea y cirugía mayor, los cuales requieren sedación profunda o anestesia general según el tipo de abordaje y condiciones del paciente. Durante la CPRE, el Anestesiólogo cumple un rol determinante en el manejo de la vía aérea, el control hemodinámico y la sedación sostenida, dado que es un procedimiento prolongado con potencial de complicaciones que demanda vigilancia continua y toma de decisiones rápida. Además, realiza la valoración preanestésica, define el esquema anestésico más adecuado, supervisa la recuperación y maneja el dolor postoperatorio. También contribuye en la capacitación del personal sobre sedación segura, uso de monitores, control de eventos adversos y estándares de seguridad anestésica, y participa en investigación clínica sobre anestesia ambulatoria y recuperación acelerada, fortaleciendo así la seguridad del paciente y la eficiencia del centro.","</think>

El Anestesiólogo en el CNDTCG tiene un papel crucial en los procedimientos médicos, asegurando la seguridad y bienestar del paciente durante todo el proceso asistencial. Evalúa, administra y monitorea la anestesia en procedimientos diagnósticos y terapéuticos, lo que incluye endoscopías de alta complejidad, cirugía ambulatoria, resección submucosa endoscópica (ESD), cirugía percutánea, cirugía mayor y colangiopancreatografía retrógrada endoscópica (CPRE). Su intervención es esencial, especialmente en procedimientos que requieren sedación profunda o anestesia general, dependiendo del tipo de abordaje, la complejidad del procedimiento y las condiciones clínicas del paciente. Su trabajo contribuye a garantizar la estabilidad clínica y el bienestar del paciente, evitando retrasos en el diagnóstico y asegurando la continuidad del tamizaje. Además, coordina con otros equipos médicos para garantizar un abordaje seguro y eficiente, alineado con los estándares de calidad institucionales.",83.82393615692854,1450,268,1718,open_ended,1512.6354430379645,987.4,2027.3,16278.286109855335,16278.03125,16278.34375,0.0,0,0,599.6875,599.6875,599.6875
0,DeepSeek-R1-Distill-Qwen-14B-Q6_K,236,"La Resección Submucosa Endoscópica (ESD) es una técnica endoscópica avanzada que permite resecar lesiones gastrointestinales en bloque con precisión, evitando cirugías mayores y constituyendo una alternativa terapéutica mínimamente invasiva para el tratamiento de lesiones precancerosas o neoplasias superficiales del tracto gastrointestinal, especialmente aquellas localizadas en el estómago o el colon. Este procedimiento permite la resección en bloque de lesiones que por su localización, tamaño o características histológicas no pueden ser tratadas mediante técnicas convencionales de polipectomía. Su ejecución requiere alta especialización, equipamiento específico y una articulación estrecha entre el equipo de endoscopía, anestesiología, enfermería y recuperación. La ESD representa una herramienta clave dentro del modelo de atención del CNDTCG al permitir tratar lesiones tempranas de manera menos invasiva, con menor tiempo de recuperación y alto impacto en la calidad de vida de las personas usuarias, al tiempo que reduce la necesidad de intervenciones quirúrgicas mayores. La población atendida corresponde a personas evaluadas previamente en los programas de tamizaje que presentan lesiones seleccionadas como candidatas a tratamiento mediante esta técnica avanzada.","</think>

La Resección Submucosa Endoscópica (ESD) es un procedimiento mínimamente invasivo utilizado para resecar lesiones neoplásicas superficiales del tracto gastrointestinal. Su importancia radica en que permite tratar lesiones premalignas, como metaplasia, displasia de bajo grado y displasia de alto grado (Cáncer in Situ), evitando intervenciones quirúrgicas más complejas y costosas. Este método reduce significativamente el costo de atención en comparación con tratamientos en etapas avanzadas del cáncer, lo que la convierte en una opción tanto económica como eficiente para el manejo de estas lesiones.",64.34691626112908,1392,156,1548,open_ended,1635.6367058823494,987.6,2027.2,16278.7375,16278.5,16278.8125,0.0,0,0,599.6875,599.6875,599.6875
0,DeepSeek-R1-Distill-Qwen-14B-Q6_K,270,"El Técnico en Gastroenterología brinda soporte técnico en procedimientos endoscópicos. Prepara, verifica y mantiene el equipamiento endoscópico. Asiste al endoscopista durante los estudios (manejo del equipo, toma de muestras, succión, irrigación). Es responsable de la limpieza, desinfección de alto nivel y resguardo del instrumental según protocolos de control de infecciones. Participa en gestión de insumos, listas de verificación, mantenimiento preventivo y orienta al usuario sobre el proceso con enfoque respetuoso.","</think>

El Técnico en Gastroenterología en el CNDTCG tiene funciones que incluyen la valoración médica de pacientes, la planificación técnica de procedimientos, la realización de intervenciones guiadas por imagen y el seguimiento postoperatorio. También coordina con equipos multidisciplinarios y asegura la interrelación armonizada de procesos institucionales para integrar al centro en la Red de Servicios de Salud. Además, participa en representación del programa en instancias nacionales e internacionales, contribuyendo a su posicionamiento como referente técnico en procedimientos endoscópicos avanzados.",61.308813131414354,1408,139,1547,open_ended,1673.75629629629,987.5,2019.2,16278.8125,16278.8125,16278.8125,0.0,0,0,599.6875,599.6875,599.6875
0,DeepSeek-R1-Distill-Qwen-14B-Q6_K,222,"Según el Plan de Abordaje Integral, para calcular el número de salas de fluoroscopia necesarias se utiliza la ecuación E1 = (PO × PI × PP) / (PS × DH), donde PO es la población objetivo, PI el porcentaje de invitación (40%), PP el porcentaje de participación (65%), PS el número de pacientes diarios por sala (20) y DH los días hábiles al año (255); como ejemplo, para la Región Central Sur en 2025 con una población objetivo de 197,089 personas, se calcula (197,089 × 0.20 × 0.65) / (20 × 255) = 5.02 salas, lo que extrapolado a las siete regiones da aproximadamente 12 salas de fluoroscopia para 2025, pero esto no es factible porque representa más del 60% de la disponibilidad actual de 19 salas, las cuales ya están dedicadas a diagnóstico con listas de espera importantes, por lo que el plan debe replantear sus metas en el horizonte temporal basado en la dotación futura de infraestructura, equipamiento y personal capacitado.","</think>

Para calcular el número de salas de fluoroscopia necesarias para la cobertura del programa de tamizaje de cáncer gástrico, se utiliza la ecuación E1:

EF = (PO * PI * PP) / (PS * DH)

Donde:
- EF: Número de equipos de salas de fluoroscopia
- PO: Población objetivo en un periodo
- PI: Porcentaje de invitación en un periodo
- PP: Porcentaje de participación en un periodo
- PS: Número de pacientes diarios por sala
- DH: Número de días hábiles de funcionamiento en un periodo

El resultado obtenido indica el número de salas de fluoroscopia y, por consiguiente, el número de profesionales de imagenología requeridos para atender a la población objetivo del programa. Este cálculo asegura que la capacidad instalada sea suficiente para cubrir la demanda de estudios necesarios, garantizando la eficiencia y efectividad del tamizaje.",75.92144664563239,1485,220,1705,open_ended,1575.446107784423,987.5,2019.2,16279.405688622754,16279.28125,16279.4375,0.0,0,0,599.6875,599.6875,599.6875
0,DeepSeek-R1-Distill-Qwen-14B-Q6_K,278,"El CNDTCG utiliza: EDUS (expediente digital), SIAC (programación de procedimientos), SIES (registro y análisis de datos), ARCA (registro de procedimientos y resultados), y bases internas como FileMaker. Estos sistemas permiten registrar, monitorear y analizar información clínica, administrativa y operativa. La interoperabilidad entre módulos es fundamental para asegurar la trazabilidad efectiva de los pacientes desde la invitación inicial hasta el tratamiento y seguimiento.","</think>

El CNDTCG utiliza sistemas de información institucionales que incluyen el expediente digital, la imagenología, las bases de datos y el soporte tecnológico e informático. Estos sistemas aseguran la integración del centro en la Red Nacional de Servicios de Salud, facilitando la continuidad del cuidado de las personas usuarias y la optimización de recursos.",53.65749343112111,1409,83,1492,open_ended,1775.2270422535153,987.7,2019.2,16279.398877640846,16279.26171875,16279.4375,0.0,0,0,599.6875,599.6875,599.6875
0,DeepSeek-R1-Distill-Qwen-14B-Q6_K,259,"El CNDTCG tiene sus raíces en 1995, cuando fue creado como un proyecto piloto mediante un convenio de cooperación entre la CCSS, la Universidad de Costa Rica (UCR) y la Agencia Japonesa de Cooperación Internacional (JICA), bajo el nombre de CDTC (Centro de Detección Temprana de Cáncer). En 2005, por acuerdo de Junta Directiva, el CDTC pasó a ser un servicio del Hospital Dr. Maximiliano Peralta Jiménez. En 2017 se dio la aprobación oficial del proyecto de Tamizaje de Cáncer Colorrectal, marcando un hito en la expansión de los programas. Entre 2019 y 2021 se implementaron mejoras organizativas que reforzaron la detección temprana y ampliaron el acceso diagnóstico. A partir de 2021 se inició el proceso de traslado institucional hacia la Dirección de Centros Especializados. Finalmente, en marzo de 2024, la Junta Directiva de la CCSS aprobó oficialmente la conformación del CNDTCG como centro nacional, dotándolo de la Unidad Programática 2806 y avalando su estructura funcional y operativa, consolidando así un modelo de atención integral para el cáncer gastrointestinal en Costa Rica.","</think>

No lo sé.",45.29604881443083,1497,7,1504,open_ended,1974.6286666666676,997.6,2019.3,16279.41796875,16279.41796875,16279.41796875,0.0,0,0,599.6875,599.6875,599.6875
0,DeepSeek-R1-Distill-Qwen-14B-Q6_K,201,"De acuerdo con el documento de Creación de la Unidad Programática, sin la implementación del Programa Nacional (bajo la evolución natural de la enfermedad), se proyecta una mortalidad de 234 muertes anuales. Con el programa nacional propuesto, se proyecta una disminución del 35% en la mortalidad de la población objetivo, logrando evitar 82 muertes anuales de forma específica en cáncer colorrectal. Asimismo, se alcanzará una tasa de detección de más del 40% al 50% de los casos de cáncer en etapas tempranas. Este logro clínico acarrea un impacto socioeconómico estimado de un ahorro de ₡3,563,250,779 anuales.","</think>

El impacto social y epidemiológico proyectado con la implementación del Programa Nacional del CNDTCG en 10 años incluye una reducción significativa en la incidencia y mortalidad de cánceres gástrico y colorrectal, especialmente en áreas con mayor riesgo. Sin el programa, se espera que estos índices sigan aumentando o manteniéndose estables, mientras que con él, se logrará una detección temprana más efectiva, mejorando la salud de la población y reduciendo la carga de enfermedad. Además, el programa fomentará la investigación y la capacitación, fortaleciendo la red de servicios de salud y asegurando una atención más cualificada y oportuna.",61.367630635388196,1293,165,1458,open_ended,1609.2273399014705,69.8,2027.3,16279.41796875,16279.41796875,16279.41796875,0.0,0,0,599.6875,599.6875,599.6875
0,DeepSeek-R1-Distill-Qwen-14B-Q6_K,284,"La Clasificación JNET (Japan NBI Expert Team) divide los pólipos en cuatro subtipos: JNET 1 (pólipo hiperplásico), JNET 2A (neoplasia intramucosa de bajo grado), JNET 2B (neoplasia intramucosa de alto grado o invasión superficial de submucosa) y JNET 3 (cáncer invasor en submucosa profunda). La Clasificación NICE (Narrow Band Imaging International Colorectal Endoscopic) tiene tres subtipos: NICE 1 (pólipo hiperplásico), NICE 2 (pólipo adenomatoso) y NICE 3 (lesión con invasión submucosa profunda o cáncer avanzado). La Clasificación KUDO requiere magnificación y cromoendoscopia: los patrones I y II son hiperplásicos, los patrones III-L, III-S y IV corresponden a adenomas, y los patrones V-a y V-n describen neoplasia con invasión profunda.","</think>

Las clasificaciones endoscópicas JNET, NICE y Kudo para pólipos colorrectales son sistemas utilizados para caracterizar y categorizar estos lesiones basándose en características endoscópicas y su riesgo de invasión submucosa. 

- **Clasificación JNET**: Dividida en cuatro subtipos:
  1. JNET 1: Pólipo hiperplásico.
  2. JNET 2A: Pólipo con neoplasia intramucosa de bajo grado.
  3. JNET 2B: Pólipo con neoplasia intramucosa de alto grado o invasión superficial de submucosa.
  4. JNET 3: Lesión con cáncer invasor en submucosa profunda.

- **Clasificación NICE**: Tiene tres subtipos:
  1. NICE 1: Pólipo hiperplásico.
  2. NICE 2: Pólipo adenomatoso.
  3. NICE 3: Lesión con invasión submucosa profunda o cáncer avanzado.

- **Clasificación Kudo**: Utiliza patrones específicos:
  - KUDO I y II: Hiperplásicos.
  - KUDO III-L, III-S y IV: Adenomas.
  - KUDO V y Vn: Neoplasia con invasión profunda.

Estas clasificaciones ayudan a determinar el riesgo de invasión y guiar el tratamiento apropiado.",88.31368280388415,1280,353,1633,open_ended,1423.2917525773078,987.5,2027.3,16279.50361093213,16279.41796875,16281.13671875,0.0,0,0,599.6875,599.6875,599.6875
0,DeepSeek-R1-Distill-Qwen-14B-Q6_K,246,"La Unidad de Investigación en Salud (UIS) del CNDTCG es responsable de liderar el diseño, ejecución y gestión de los procesos de investigación científica desarrollados en el centro, con el fin de generar evidencia útil para fortalecer la toma de decisiones clínicas, administrativas y estratégicas. La importancia de la UIS radica en que formula líneas de investigación orientadas a los principales ejes de acción del centro como el tamizaje poblacional, el diagnóstico temprano, la calidad del proceso asistencial, la eficiencia en el uso de recursos y los desenlaces clínicos de las intervenciones. La UIS elabora protocolos, obtiene avales institucionales y éticos, gestiona bases de datos y asegura la calidad de la información recolectada. Coordina con servicios clínicos y administrativos para facilitar el desarrollo de estudios, así como con instancias externas como universidades, centros de investigación y redes internacionales. También es responsable de fomentar la cultura investigativa mediante actividades de capacitación, asesoría metodológica, generación de publicaciones científicas y divulgación de resultados. Actúa en estrecha colaboración con las áreas de Planificación y Mejora Continua, Dirección General y Programas Técnicos, promoviendo que la investigación sea una herramienta clave para el aprendizaje institucional y la innovación en salud.","</think>

La Unidad de Investigación en Salud (UIS) del CNDTCG es fundamental porque lidera esfuerzos en la generación de evidencia y el desarrollo de estrategias para combatir el cáncer gástrico y colorrectal. Su papel central asegura que el centro cuente con información sólida para mejorar la atención y los programas de tamizaje. Además, la UIS contribuye al fortalecimiento institucional y al desarrollo de capacidades, lo que permite una mejor coordinación y ejecución de las estrategias de detección temprana a nivel nacional.",54.13997115008533,1201,132,1333,open_ended,1648.0061452513885,638.5,2027.3,16284.010322101954,16281.13671875,16286.91796875,0.0,0,0,599.6875,599.6875,599.6875
0,DeepSeek-R1-Distill-Qwen-14B-Q6_K,265,"El ultrasonido endoscópico (USE) combina endoscopia con ecografía de alta resolución para evaluar capas de la pared gastrointestinal y estructuras adyacentes. Permite: estadificación loco-regional de tumores (estadios T y N), evaluación de lesiones subepiteliales, visualización del sistema pancreatobiliar, guía para biopsias por aspiración con aguja fina, y planificación de abordajes quirúrgicos. Está dirigido a personas con lesiones sospechosas detectadas en tamizaje u otras rutas clínicas, y se realiza bajo sedación o anestesia.","</think>

El ultrasonido endoscópico es una herramienta diagnóstica y terapéutica de alta especialización que combina la tecnología de la endoscopía con la ecografía de alta resolución. Permite visualizar y evaluar en profundidad las capas de la pared gastrointestinal y las estructuras adyacentes desde el interior del tracto digestivo. Este procedimiento está dirigido a personas con lesiones sospechosas detectadas en los programas de tamizaje u otras rutas clínicas, que requieren una evaluación más precisa de la extensión, localización y características de dichas lesiones. Además, puede utilizarse para guiar procedimientos diagnósticos como biopsias por aspiración con aguja fina o para planificar abordajes quirúrgicos y terapéuticos complejos.",60.855699395760894,1175,184,1359,open_ended,1565.1345771144195,668.5,2019.2,16288.823285914179,16286.91796875,16289.73046875,0.0,0,0,599.6875,599.6875,599.6875
0,DeepSeek-R1-Distill-Qwen-14B-Q6_K,210,"Según el Plan de Abordaje Integral, los cánceres de colon y recto se combinan en el análisis de incidencia porque el modelo de tamizaje para ambos tipos de cáncer es el mismo, utilizando la prueba FIT (Test Inmunológico Fecal), y además los programas de tamizaje y las estrategias de intervención serán idénticos para ambos tipos de cáncer, lo que hace que esta unificación sea práctica y relevante; en contraste, el cáncer de estómago se tamiza mediante la Serie Gastroduodenal (SGD), requiriendo un enfoque diferente en términos de metodología de tamizaje.","</think>

Se combinan los cánceres de colon y recto en el análisis de incidencia para el tamizaje porque el modelo de tamizaje para ambos tipos de cáncer es el mismo, utilizando la prueba FIT (Test Inmunológico Fecal). Además, los programas de tamizaje y las estrategias de intervención son idénticos para el cáncer de colon y recto, lo que justifica su unificación en los análisis subsecuentes.",40.74448353610933,907,102,1009,open_ended,1633.0847583643117,987.5,2019.1,16289.398887662639,16288.8203125,16289.73046875,0.0,0,0,599.6875,599.6875,599.6875
0,DeepSeek-R1-Distill-Qwen-14B-Q6_K,232,"La organización funcional del CNDTCG está estructurada bajo un modelo integrado y programático, compuesto por varias áreas funcionales: la Dirección General es responsable de la conducción estratégica, técnica y operativa del centro, coordinando y supervisando todas las unidades; las Coordinaciones de Programa lideran la planificación técnica y el seguimiento operativo de los procesos asistenciales para Tamizaje de Cáncer Gástrico y Colorrectal, Patología Biliar, Cirugía Percutánea, Disección Submucosa Endoscópica, Ultrasonido Endoscópico, Cirugía Mayor y Endoscopía Diagnóstica y Terapéutica; el Área Clínica Asistencial integra la ejecución de procedimientos de tamizaje, diagnóstico, tratamiento endoscópico, quirúrgico y percutáneo, así como el seguimiento clínico; el Área de Enfermería brinda atención pre, intra y postprocedimiento y lidera la gestión de insumos médicos; el Área de Planificación y Mejora Continua se encarga de la planificación operativa, monitoreo de indicadores, costeo de servicios y análisis de datos; el Área Administrativa gestiona los recursos físicos, materiales, financieros y de talento humano; y la Unidad de Investigación en Salud desarrolla investigación aplicada en salud gastrointestinal para generar evidencia técnica que oriente la toma de decisiones clínicas y de gestión.","</think>

La organización funcional del CNDTCG se estructura para alinear sus actividades con el Mapa de Procesos Institucional de la CCSS, contribuyendo a los macroprocesos estratégicos, sustantivos y de apoyo. Su operación principal se inserta en el Macroproceso Sustantivo de Atención de la Salud, enfocándose en áreas como promoción de salud, prevención secundaria, recuperación y rehabilitación, a través de programas de tamizaje, diagnóstico temprano, tratamiento quirúrgico y seguimiento clínico.

El centro cuenta con una estructura organizativa detallada, representada gráficamente en la Figura No. 1, que incluye puestos clave con responsabilidades específicas en implementación, ejecución, supervisión y seguimiento del modelo de gestión. Esta organización permite una atención especializada, integral y eficiente, alineada con los principios de atención centrada en las personas y los lineamientos estratégicos de la CCSS.

Las principales áreas del CNDTCG incluyen programas de tamizaje, diagnóstico endoscópico, cirugía y seguimiento, asegurando la correcta aplicación de lineamientos clínicos y normativos. La estructura funcional fortalece la coordinación interna, articulación operativa con la red institucional y la mejora continua, guiada por un manual de gestión que asegura estandarización y alineación con la normativa institucional.",88.45361051615328,1299,332,1631,open_ended,1430.5699828473275,986.9,2019.3,16289.207051350772,16288.8203125,16289.2890625,0.0,0,0,599.6875,599.6875,599.6875
0,DeepSeek-R1-Distill-Qwen-14B-Q6_K,245,"El Técnico en Gastroenterología del CNDTCG es el encargado de brindar soporte técnico especializado en la realización de procedimientos endoscópicos diagnósticos y terapéuticos, en coordinación con el personal médico y de enfermería. Su rol es esencial para el funcionamiento fluido de las unidades de endoscopía alta, baja y avanzada, donde se llevan a cabo procedimientos clave como gastroscopías, colonoscopías, polipectomías, ESD, colocación de prótesis, dilataciones, extracción de cuerpos extraños y CPRE. Entre sus funciones se encuentra la preparación, verificación y mantenimiento del equipamiento endoscópico, asegurando que los equipos, accesorios y sistemas de video estén en óptimas condiciones para cada procedimiento. Asiste directamente al endoscopista durante la realización de los estudios, colaborando en el manejo del equipo, la toma de muestras, la succión, irrigación, aplicación de instrumentos auxiliares y el monitoreo básico del paciente. Es responsable también de la limpieza, desinfección de alto nivel y resguardo del instrumental según protocolos de control de infecciones. Participa en la gestión de insumos técnicos, elaboración de listas de verificación y mantenimiento preventivo de los equipos, y orienta al usuario sobre el proceso al que será sometido con un enfoque respetuoso y centrado en el bienestar del paciente.","</think>

El Técnico en Endoscopía del CNDTCG tiene funciones clave en el diagnóstico y manejo de pacientes. Coordina el Programa de Ultrasonido Endoscópico, liderando la evaluación avanzada de lesiones del tracto gastrointestinal y estructuras adyacentes mediante técnicas endoscópicas y ecográficas de alta resolución. Participa en la valoración clínica de pacientes, realiza procedimientos endoscópicos terapéuticos como resección de lesiones y toma de biopsias, y coordina el seguimiento de estos casos. Además, gestiona la interpretación de imágenes en ausencia de radiólogo, asegurando la continuidad del diagnóstico. También contribuye a la articulación operativa con la red institucional y describe la oferta de servicios del centro, alineando sus funciones con las políticas institucionales y planes estratégicos vigentes.",65.7574491193518,1180,207,1387,open_ended,1526.298156682017,967.7,2019.3,16289.2890625,16289.2890625,16289.2890625,0.0,0,0,599.6875,599.6875,599.6875
0,DeepSeek-R1-Distill-Qwen-14B-Q6_K,242,"La operación del CNDTCG se encuentra alineada con el Mapa de Procesos Institucional de la CCSS, contribuyendo al cumplimiento de sus macroprocesos estratégicos, sustantivos y de apoyo. En su quehacer principal, el CNDTCG se inserta dentro del Macroproceso Sustantivo de Atención de la Salud, particularmente en las áreas de promoción de la salud, prevención secundaria, recuperación y rehabilitación, mediante la implementación de programas de tamizaje, diagnóstico temprano, tratamiento quirúrgico y seguimiento clínico. Además, mantiene articulación funcional con los Macroprocesos Estratégicos en aspectos de gestión de salud, planificación estratégica, aseguramiento de la calidad asistencial y fortalecimiento de la investigación en salud. Para el soporte de su operación, el CNDTCG depende de los Macroprocesos de Apoyo en áreas de gestión de talento humano, abastecimiento de insumos médicos y materiales, mantenimiento y gestión de infraestructura hospitalaria, soporte tecnológico e informático (expediente digital, imagenología, bases de datos), y apoyo administrativo y financiero. Esta interrelación asegura la integración del CNDTCG dentro de la Red de Servicios de Salud, facilitando la continuidad del cuidado y la optimización de recursos.","</think>

El CNDTCG opera alineado con el Mapa de Procesos Institucionales de la CCSS, contribuyendo específicamente al Macroproceso Sustantivo de Atención de la Salud. Se enfoca en áreas como promoción de salud, prevención secundaria, recuperación y rehabilitación, mediante programas de tamizaje, diagnóstico temprano, tratamiento quirúrgico y seguimiento clínico de personas con patologías gastrointestinales. Esta alineación asegura que el centro cumpla con los principios de calidad, oportunidad, equidad, continuidad e integralidad de los servicios de salud de la CCSS.",63.58911883365363,1411,150,1561,open_ended,1658.1319047618983,987.6,2028.8,16289.2890625,16289.2890625,16289.2890625,0.0,0,0,599.6875,599.6875,599.6875
0,DeepSeek-R1-Distill-Qwen-14B-Q6_K,299,"Incluye Patología Biliar (CPRE, drenajes, extracción de cálculos), Resección Submucosa Endoscópica (ESD), Cirugía Mayor (gastrectomías, colectomías), Cirugía Percutánea (procedimientos guiados por imagen), Ultrasonido Endoscópico (estadificación y biopsias) y Endoscopía Diagnóstica y de Control (seguimiento de lesiones), además de docencia, investigación y apoyo técnico a la red institucional.","</think>

El CNDTCG ofrece servicios complementarios a sus programas de tamizaje, incluyendo patología biliar, resección submucosa endoscópica (ESD), cirugía mayor, cirugía percutánea, ultrasonido endoscópico, y endoscopía diagnóstica y de control. Estos servicios amplían su capacidad resolutiva y consolidan su papel como centro especializado de referencia nacional. Además, articula la red de servicios de salud para garantizar la implementación estandarizada de estrategias de captación, diagnóstico, tratamiento y seguimiento en todo el país.",65.40956506598741,1513,142,1655,open_ended,1683.6090277777737,987.0,2019.2,16289.2890625,16289.2890625,16289.2890625,0.0,0,0,599.6875,599.6875,599.6875
0,DeepSeek-R1-Distill-Qwen-14B-Q6_K,228,"Según las conclusiones del Plan de Abordaje Integral, las principales áreas críticas identificadas incluyen: la alta incidencia y mortalidad de cáncer gástrico y colorrectal en Costa Rica, que requieren intervenciones efectivas urgentes; las significativas desigualdades geográficas, con provincias como San José, Cartago, Heredia y Alajuela mostrando tasas más elevadas, lo que subraya la necesidad de enfoques regionalizados; las limitaciones en la disponibilidad de recursos humanos y tecnológicos, particularmente en radiología y endoscopia, que afectan la capacidad de diagnósticos tempranos; la capacidad diagnóstica insuficiente de laboratorios clínicos y servicios de endoscopia para manejar la demanda proyectada; la falta de normativas específicas que obliguen a los diferentes niveles de atención a participar en los programas de tamizaje; la necesidad de fortalecer la Unidad de Investigación en Salud (UIS) del CNDTCG para liderar la investigación continua; la necesidad de innovación tecnológica integrando inteligencia artificial y modelos predictivos; la dependencia de un fuerte apoyo político e institucional; los desafíos en la coordinación logística para muestras, pruebas y seguimiento; la importancia de la colaboración interinstitucional con universidades y centros de investigación; y la necesidad de establecer mecanismos efectivos de monitoreo y evaluación continua para ajustar las estrategias del plan.","</think>

Las principales áreas críticas identificadas son:

1. La alta carga de enfermedad asociada al cáncer gástrico y colorrectal en Costa Rica, lo que requiere intervenciones urgentes para reducir la incidencia y mortalidad.

2. La falta de normativas específicas que obliguen a los diferentes niveles de atención a participar en los programas de tamizaje, lo que dificulta una implementación uniforme y efectiva.

3. La necesidad de fortalecer la Unidad de Investigación en Salud (UIS) para que juegue un papel central en la investigación que optimice la ejecución del programa de tamizaje.

Estas áreas críticas deben ser abordadas para mejorar la prevención, detección temprana, tratamiento y seguimiento de estos tipos de cáncer.",54.20185986626893,981,182,1163,open_ended,1521.825698324015,608.6,2019.3,16289.399484986034,16289.2890625,16289.4453125,0.0,0,0,599.6875,599.6875,599.6875
0,DeepSeek-R1-Distill-Qwen-14B-Q6_K,267,"La operación del CNDTCG está alineada con el Mapa de Procesos Institucional de la CCSS. Se inserta en el Macroproceso Sustantivo de Atención de la Salud en áreas de promoción, prevención secundaria, recuperación y rehabilitación. Mantiene articulación con Macroprocesos Estratégicos en gestión de salud, planificación estratégica, calidad asistencial e investigación. Depende de Macroprocesos de Apoyo en gestión de talento humano, abastecimiento, mantenimiento, soporte tecnológico y apoyo administrativo-financiero.","</think>

La operación del CNDTCG se alinea con el Mapa de Procesos Institucionales de la CCSS, contribuyendo específicamente al cumplimiento de sus macroprocesos estratégicos, sustantivos y de apoyo. En particular, se inserta en el Macroproceso Sustantivo de Atención de la Salud, enfocado en áreas como promoción de la salud, prevención secundaria, recuperación y rehabilitación. Esto se logra mediante la implementación de programas de tamizaje, diagnóstico temprano, tratamiento quirúrgico y seguimiento clínico de personas con patologías gastrointestinales. Además, el CNDTCG trabaja articulado con la red nacional de servicios de salud, asegurando una atención integral y alineada con los principios de calidad, oportunidad, equidad, continuidad e integralidad de la CCSS.",74.10849493648857,1472,201,1673,open_ended,1588.047648261753,987.6,2027.3,16289.6015625,16289.6015625,16289.6015625,0.0,0,0,599.6875,599.6875,599.6875
0,DeepSeek-R1-Distill-Qwen-14B-Q6_K,210,"Según el Plan de Abordaje Integral, los cánceres de colon y recto se combinan en el análisis de incidencia porque el modelo de tamizaje para ambos tipos de cáncer es el mismo, utilizando la prueba FIT (Test Inmunológico Fecal), y además los programas de tamizaje y las estrategias de intervención serán idénticos para ambos tipos de cáncer, lo que hace que esta unificación sea práctica y relevante; en contraste, el cáncer de estómago se tamiza mediante la Serie Gastroduodenal (SGD), requiriendo un enfoque diferente en términos de metodología de tamizaje.","</think>

Se combinan los cánceres de colon y recto en el análisis de incidencia para el tamizaje porque el modelo de tamizaje para ambos tipos de cáncer es el mismo. Utilizan la prueba FIT (Test Inmunológico Fecal), lo que hace que los programas de tamizaje y las estrategias de intervención sean idénticos para ambos. En contraste, el cáncer de estómago se tamiza mediante la Serie Gastroduodenal (SGD), requiriendo un enfoque diferente en términos de metodología de tamizaje.",44.4585897764191,907,130,1037,open_ended,1578.1085034013556,528.8,2019.0,16289.6015625,16289.6015625,16289.6015625,0.0,0,0,599.6875,599.6875,599.6875
0,DeepSeek-R1-Distill-Qwen-14B-Q6_K,211,"Según el Plan de Abordaje Integral, aunque la incidencia del cáncer colorrectal (colon y recto combinados) es mayor que la del cáncer de estómago (29.91 casos frente a 11.66 para estómago), la mortalidad del cáncer de estómago es proporcionalmente más alta, ya que su tasa de mortalidad total es de 12.68 muertes por cada 100,000 habitantes, frente a 9.28 para colon y 3.25 para recto, lo que sugiere que el cáncer de estómago podría ser más letal o diagnosticarse en etapas más avanzadas; además, al comparar la población general con la población objetivo (50-74 años), la mortalidad en este último grupo es mucho mayor (56.82 total combinado, con 28.92 para estómago) que en la población general (25.21 total), lo que subraya la vulnerabilidad de este grupo etario y la necesidad de enfoques más eficaces en la detección temprana, especialmente para el cáncer de estómago.","</think>

La mortalidad del cáncer de estómago es proporcionalmente más alta que la de los cánceres colorrectales, a pesar de que su incidencia es menor, debido a que el cáncer de estómago tiende a diagnosticarse en etapas más avanzadas, lo que hace que sea más letal. Además, las tasas de mortalidad del cáncer de estómago son significativamente más altas que las de los cánceres de colon y recto, lo que sugiere que, una vez diagnosticado, es más difícil de tratar o que los diagnósticos se realizan con mayor frecuencia en etapas avanzadas.",69.97231950238347,1615,147,1762,open_ended,1687.6624190064754,249.4,2019.2,16289.722377834772,16289.6015625,16289.7578125,0.0,0,0,599.6875,599.6875,599.6875
0,DeepSeek-R1-Distill-Qwen-14B-Q6_K,205,"Las principales limitaciones identificadas son la falta de información técnica sobre capacidad instalada, ya que aunque se cuenta con un inventario de recursos, todos están actualmente en uso para otros procedimientos, lo que impide determinar la capacidad adicional necesaria para el programa de tamizaje; además, no existen datos sobre cuántos pacientes requieren estudios complementarios como ultrasonidos, vigilancia hemodinámica en gastroscopias, sedación por anestesiólogo, ni cuántos estudios endoscópicos requieren biopsia, lo que limita la planificación solo a los estudios básicos; tampoco se cuenta con guías de seguimiento endoscópico del Ministerio de Salud, por lo que no es posible estimar la demanda de procedimientos de control; la creación de nuevos cantones ha distorsionado los datos históricos, por lo que el plan se ve forzado a utilizar la estructura de los 81 cantones originales, asumiendo un error aproximado del 1% en las proyecciones; finalmente, el plan se basa en proyecciones poblacionales del INEC del año 2013, lo que podría introducir variaciones futuras.","</think>

El plan enfrenta varias limitaciones importantes relacionadas con la disponibilidad de información sobre la capacidad instalada y los datos clínicos necesarios. En primer lugar, no se cuenta con datos suficientes sobre la cantidad de pacientes que requieren procedimientos endoscópicos complementarios, como ultrasonidos, lo que dificulta evaluar la capacidad adicional necesaria para implementar los programas de tamizaje y tratamiento. Además, la infraestructura y recursos actuales están saturados debido a su uso en una variedad de procedimientos diagnósticos y terapéuticos, lo que complica la planificación de la capacidad adicional requerida. El inventario existente, aunque proporciona una visión clara de la cantidad y distribución del personal y equipamiento, no ofrece información suficiente para determinar la capacidad instalada disponible para soportar un aumento en la demanda de servicios. Por último, la falta de datos homologados y estandarizados sobre la población meta y la asignación presupuestaria a los laboratorios limita la capacidad de gestionar eficientemente los recursos necesarios para la implementación del plan.",66.97877441998571,1097,245,1342,open_ended,1474.4266968325696,808.1,2019.0,16289.9140625,16289.9140625,16289.9140625,0.0,0,0,599.6875,599.6875,599.6875
0,DeepSeek-R1-Distill-Qwen-14B-Q6_K,225,"Según el Plan de Abordaje Integral, para garantizar el seguimiento efectivo de los pacientes se requieren varias condiciones especiales: acceso a procedimientos programados a través del módulo SIAC del EDUS para conocer si un paciente con examen alterado recibió una endoscopía, cuándo y dónde, y si se presentó; acceso masivo a resultados de biopsias mediante ARCA-Patología para tomar acciones oportunas y medir el desempeño de los programas en detección de lesiones premalignas; y acceso a resultados de FIT a través del SILC, cuya implementación requiere un equipo especializado de 1 MQC3, 2 MQC2 y 5 Analistas de Sistemas 4, ubicado en el Área de Regulación y Sistematización de la DDSS, ya que actualmente el EDUS no fue diseñado para programas de tamizaje y la falta de interoperabilidad entre módulos impide la trazabilidad; además, la CCSS no cuenta con una normativa específica que obligue a los diferentes niveles de atención a participar en los programas de tamizaje, por lo que es necesario establecer políticas claras que definan las responsabilidades de laboratorios clínicos, servicios de radiología y gastroenterología para garantizar una cobertura uniforme y efectiva.","</think>

Las condiciones especiales necesarias para garantizar el seguimiento de los pacientes en los programas de tamizaje incluyen el acceso a datos personales de los pacientes, como nombre, apellidos, teléfono, correo electrónico, dirección y área de salud, respetando la Ley de Protección de Datos Personales (Ley No. 8968). Además, es fundamental la coordinación con diferentes equipos clínicos y servicios, como anestesia, endoscopía, imagenología, recuperación y enfermería, para asegurar la disponibilidad de recursos y personal capacitado. La normativa institucional juega un papel crucial al definir los protocolos y técnicas adecuadas para el seguimiento, así como al garantizar la calidad y continuidad del cuidado, asegurando que los pacientes reciban atención oportuna y conforme a los estándares clínicos establecidos.",67.38504421152174,1335,196,1531,open_ended,1580.381797752799,937.8,2019.1,16289.9140625,16289.9140625,16289.9140625,0.0,0,0,599.6875,599.6875,599.6875
0,DeepSeek-R1-Distill-Qwen-14B-Q6_K,228,"Según las conclusiones del Plan de Abordaje Integral, las principales áreas críticas identificadas incluyen: la alta incidencia y mortalidad de cáncer gástrico y colorrectal en Costa Rica, que requieren intervenciones efectivas urgentes; las significativas desigualdades geográficas, con provincias como San José, Cartago, Heredia y Alajuela mostrando tasas más elevadas, lo que subraya la necesidad de enfoques regionalizados; las limitaciones en la disponibilidad de recursos humanos y tecnológicos, particularmente en radiología y endoscopia, que afectan la capacidad de diagnósticos tempranos; la capacidad diagnóstica insuficiente de laboratorios clínicos y servicios de endoscopia para manejar la demanda proyectada; la falta de normativas específicas que obliguen a los diferentes niveles de atención a participar en los programas de tamizaje; la necesidad de fortalecer la Unidad de Investigación en Salud (UIS) del CNDTCG para liderar la investigación continua; la necesidad de innovación tecnológica integrando inteligencia artificial y modelos predictivos; la dependencia de un fuerte apoyo político e institucional; los desafíos en la coordinación logística para muestras, pruebas y seguimiento; la importancia de la colaboración interinstitucional con universidades y centros de investigación; y la necesidad de establecer mecanismos efectivos de monitoreo y evaluación continua para ajustar las estrategias del plan.","</think>

Las principales áreas críticas identificadas son:

1. La alta carga de enfermedad asociada al cáncer gástrico y colorrectal en Costa Rica, que requiere intervenciones urgentes para reducir la incidencia y mortalidad.

2. La falta de normativas específicas que obliguen a los diferentes niveles de atención a participar en los programas de tamizaje, lo que dificulta la implementación uniforme y efectiva de estos programas.

3. La necesidad de fortalecer la Unidad de Investigación en Salud (UIS) para que juegue un papel central en la investigación que permita optimizar la ejecución del programa de tamizaje.

Estas áreas críticas deben ser abordadas para mejorar la prevención, detección temprana, tratamiento y seguimiento de estos tipos de cáncer en el país.",54.47891429718584,981,189,1170,open_ended,1510.7811111111064,279.3,2019.3,16289.9140625,16289.9140625,16289.9140625,0.0,0,0,599.6875,599.6875,599.6875
0,DeepSeek-R1-Distill-Qwen-14B-Q6_K,207,"El plan se fundamenta en una serie de supuestos clave que deben cumplirse para asegurar su éxito, entre los que se incluyen la colaboración efectiva entre CCSS, universidades estatales, centros de investigación y otras instituciones; los ajustes necesarios al EDUS para interoperabilidad y seguimiento eficaz de pacientes; la participación activa de la población en los programas de tamizaje y campañas educativas; un fuerte apoyo político e institucional para políticas y normativas; la garantía de acceso equitativo a los servicios de salud en todas las regiones, especialmente en áreas con mayor necesidad; la disponibilidad de datos epidemiológicos y de capacidad instalada precisos y actualizados para la toma de decisiones informadas; la capacidad del CNDTCG para coordinar eficientemente a todos los actores sin interrupciones; un enfoque constante en la innovación y adaptabilidad para ajustar el plan a avances tecnológicos y nuevas evidencias; la resiliencia y sostenibilidad del plan a largo plazo con estrategias para enfrentar desafíos; y finalmente, que los participantes de los programas sean personas usuarias que cuenten con modalidad de aseguramiento.","</think>

Los principales supuestos esenciales para la implementación exitosa del plan son:

1. **Disponibilidad de Recursos Financieros**: Se asignarán fondos necesarios para la implementación, mantenimiento, equipamiento, infraestructura y capacitación del personal.

2. **Capacitación y Retención de Personal**: Se implementarán programas de capacitación continua y estrategias de retención para asegurar que el personal capacitado permanezca en el sistema de salud.

3. **Disponibilidad y Adquisición de Equipamiento Médico**: Se podrán adquirir y mantener los equipos médicos necesarios, incluyendo dispositivos para endoscopia, fluoroscopia y análisis de laboratorio.

4. **Apoyo Político e Institucional**: Habrá un fuerte apoyo político e institucional para las políticas y normativas necesarias para implementar el plan.

5. **Monitoreo y Evaluación Continua**: Se establecerán mecanismos efectivos de monitoreo y evaluación continua para ajustar y mejorar las estrategias del plan en función de los resultados obtenidos.

6. **Acceso Equitativo a los Servicios de Salud**: Se garantizará el acceso equitativo a los servicios de salud en todas las regiones del país, especialmente en las áreas con mayor necesidad de intervención.

Estos supuestos aseguran que el plan se implemente de manera efectiva, optimizando los resultados y cumpliendo con los objetivos establecidos.",90.60391133651137,1460,329,1789,open_ended,1473.080936454844,339.2,2027.3,16290.48549853679,16290.3828125,16290.5390625,0.0,0,0,599.6875,599.6875,599.6875
0,DeepSeek-R1-Distill-Qwen-14B-Q6_K,251,"La captación de pacientes en los programas de tamizaje del CNDTCG es un proceso crítico para asegurar el éxito de los programas organizados. El CNDTCG es responsable de la captación estructurada de la población objetivo, para lo cual requiere acceso a los datos de la población adscrita con variables como nombre, apellidos, teléfonos, correo electrónico, provincia, cantón y distrito de residencia, así como el Área de Salud de adscripción, considerando la Ley de Protección de Datos Personales. La captación se realiza para invitar a los pacientes a realizarse un FIT y/o una SGD, y se repite cada dos años para asegurar seguimiento continuo. Se realiza por medio de invitación telefónica a través de centros de llamadas especializados, dado el volumen considerable de personas y los controles estrictos requeridos. Existen pérdidas en el proceso: no todas las personas pueden ser localizadas por diversas razones, y para lograr la participación de una cierta cantidad de personas se debe contactar al menos al triple de ellas, con al menos dos llamadas adicionales si no son localizados. Por ejemplo, para 67,136 personas en 2025, se requieren más de 200,000 gestiones, reflejando la criticidad de esta etapa.","</think>

La captación de pacientes en los programas de tamizaje es realizada por el CNDTCG, quien necesita acceso a datos de la población adscrita, incluyendo nombre, apellidos, teléfonos, correo electrónico, provincia, cantón, distrito de residencia, Área de Salud de adscripción, entre otros, respetando la Ley de Protección de Datos Personales. Este proceso es fundamental para invitar a los pacientes a realizarse pruebas como el FIT (Test Inmunológico Fecal) y/o la SGD (Serie Gastroduodenal), asegurando una captación efectiva y oportuna.",52.20218187849969,1113,139,1252,open_ended,1621.0428985507187,818.1,2018.9,16290.5390625,16290.5390625,16290.5390625,0.0,0,0,599.6875,599.6875,599.6875
0,DeepSeek-R1-Distill-Qwen-14B-Q6_K,244,"El Anestesiólogo en el CNDTCG es responsable de la evaluación, administración y monitoreo de la anestesia en los procedimientos diagnósticos y terapéuticos, garantizando la seguridad, estabilidad clínica y bienestar de las personas usuarias. Su intervención es esencial en procedimientos de endoscopía de alta complejidad, cirugía ambulatoria, resección submucosa endoscópica (ESD), cirugía percutánea, cirugía mayor y colangiopancreatografía retrógrada endoscópica (CPRE), los cuales requieren sedación profunda o anestesia general según el tipo de abordaje y condiciones clínicas del paciente. Durante la CPRE, el Anestesiólogo cumple un rol determinante en el manejo de la vía aérea, el control hemodinámico y la sedación sostenida del paciente, dado que se trata de un procedimiento prolongado con potencial de complicaciones que demanda vigilancia continua y toma de decisiones rápida ante eventos adversos. El Anestesiólogo también contribuye en procesos de capacitación del personal asistencial sobre técnicas de sedación segura, uso de equipos de monitoreo, control de eventos adversos y estándares de seguridad anestésica, y participa en proyectos de investigación clínica relacionados con anestesia ambulatoria, recuperación acelerada y optimización de tiempos quirúrgicos.","</think>

El Anestesiólogo en el CNDTCG tiene un papel fundamental en los procedimientos médicos. Evalúa, administra y monitorea la anestesia durante diagnósticos y terapias, asegurando la seguridad y estabilidad clínica de los pacientes. Interviene en procedimientos de endoscopía de alta complejidad, cirugía ambulatoria, resección submucosa endoscópica (ESD), cirugía percutánea, cirugía mayor y colangiopancreatografía retrógrada endoscópica (CPRE), utilizando sedación profunda o anestesia general según el caso. Coordina con el equipo médico para garantizar un abordaje seguro y eficiente, alineado con los estándares de calidad institucionales.",69.07047988846898,1441,182,1623,open_ended,1618.7160087719215,987.5,2019.0,16290.5390625,16290.5390625,16290.5390625,0.0,0,0,599.6875,599.6875,599.6875
0,DeepSeek-R1-Distill-Qwen-14B-Q6_K,201,"De acuerdo con el documento de Creación de la Unidad Programática, sin la implementación del Programa Nacional (bajo la evolución natural de la enfermedad), se proyecta una mortalidad de 234 muertes anuales. Con el programa nacional propuesto, se proyecta una disminución del 35% en la mortalidad de la población objetivo, logrando evitar 82 muertes anuales de forma específica en cáncer colorrectal. Asimismo, se alcanzará una tasa de detección de más del 40% al 50% de los casos de cáncer en etapas tempranas. Este logro clínico acarrea un impacto socioeconómico estimado de un ahorro de ₡3,563,250,779 anuales.","</think>

El impacto social y epidemiológico proyectado con la implementación del Programa Nacional del CNDTCG en 10 años incluye una reducción significativa en la incidencia y mortalidad de cánceres gástrico y colorrectal, especialmente en áreas con mayor riesgo. Sin el programa, se prevé un continuo aumento de casos y una mayor carga de enfermedad, afectando la calidad de vida y el sistema de salud. Con el programa, se espera mejorar la detección temprana, reducir costos de tratamiento avanzado y disminuir la mortalidad, beneficiando directamente a la población adscrita a la CCSS entre 50 y 74 años.",61.05045965779573,1293,154,1447,open_ended,1623.0736972704653,987.6,2019.1,16290.5390625,16290.5390625,16290.5390625,0.0,0,0,599.6875,599.6875,599.6875
0,DeepSeek-R1-Distill-Qwen-14B-Q6_K,256,"El proceso de tamizaje para el cáncer colorrectal comienza con la invitación estructurada a la población objetivo de 50 a 74 años. El paciente se somete a una prueba FIT en un laboratorio clínico para detectar sangre oculta en heces, donde el microbiólogo y personal de apoyo realizan el análisis. Si el resultado es positivo, el paciente se somete a una colonoscopia, donde el endoscopista visualiza el colon y toma biopsias si es necesario, asistido por el técnico de endoscopia. Si se encuentran adenomas, se remueven inmediatamente. Los resultados de la biopsia determinan si se ha detectado cáncer o adenoma; en caso positivo, el paciente es referido para tratamiento.","</think>

El proceso de tamizaje para el cáncer colorrectal según el modelo del CNDTCG se desarrolla en las siguientes etapas:

1. **Invitación a participar**: Se dirige a la población objetivo que cumple con los criterios de inclusión definidos por el programa.

2. **Realización de la prueba FIT (Fecal Immunological Test)**: El paciente realiza una prueba FIT en un laboratorio clínico para detectar sangre oculta en las heces. En esta etapa, el microbiólogo y el personal de apoyo del laboratorio clínico son esenciales para realizar y analizar la prueba.

3. **Análisis de la prueba FIT**: Los resultados de la prueba son evaluados por los profesionales de laboratorio, quienes determinan si es necesario realizar una endoscopia.

4. **Endoscopia**: En caso de que la prueba FIT resulte positiva, el paciente es remitido a un endoscopista para realizar una colonoscopia. Durante este procedimiento, se puede tomar biopsias si se detectan lesiones sospechosas.

5. **Análisis patológico**: Las biopsias tomadas durante la colonoscopia son enviadas al patólogo para su examen y diagnóstico definitivo.

6. **Tratamiento**: Si se detecta cáncer o displasia de alto grado, el paciente es remitido al servicio de oncología para recibir el tratamiento adecuado.

Este proceso asegura una detección temprana y un manejo oportuno del cáncer colorrectal, involucrando a diferentes profesionales de la salud en cada etapa.",75.68784357979894,861,360,1221,open_ended,1326.647294589166,279.4,2027.3,16290.620788451904,16290.5390625,16290.6953125,0.0,0,0,599.6875,599.6875,599.6875
0,DeepSeek-R1-Distill-Qwen-14B-Q6_K,255,"Consumo de carnes rojas procesadas, dieta baja en fibra, obesidad, tabaco y alcohol.","</think>

No se encuentran en el contexto los principales factores de riesgo modificables para cáncer colorrectal.",38.179035849869244,1161,27,1188,open_ended,1897.2857707509902,957.8,2027.3,16291.1640625,16291.1640625,16291.1640625,0.0,0,0,599.6875,599.6875,599.6875
0,DeepSeek-R1-Distill-Qwen-14B-Q6_K,229,"Según el Plan de Abordaje Integral, las recomendaciones adicionales para fortalecer la implementación del plan incluyen: realizar una evaluación de viabilidad para implementar tamizaje de cáncer gástrico mediante EGD directa en zonas prioritarias con recursos disponibles, ya que es más preciso que la SGD; estandarizar las tasas de incidencia y mortalidad por edad para evitar que las diferencias en la distribución etaria entre cantones afecten la priorización de pacientes; crear una unidad móvil de endoscopia con dos salas para desplazarse a zonas de alta incidencia y baja capacidad de recursos, operada por especialistas mediante servicio social o contratos de retribución, mejorando la equidad en el acceso; establecer una red de voluntarios entrenados (estudiantes de medicina, enfermería y comunidad) para apoyar campañas de concientización y logística; integrar soluciones de telemedicina para consultas especializadas y seguimientos en regiones alejadas; forjar alianzas con el sector privado para apoyo financiero, logístico y tecnológico, incluyendo donación de equipos; implementar programas educativos sobre estilos de vida saludables como medida preventiva; invertir en investigación genética y desarrollo de biomarcadores para identificar individuos con mayor riesgo; y realizar convenios con entidades nacionales e internacionales para investigación en detección temprana, tratamiento y seguimiento, facilitando la transferencia de tecnología y capacitación especializada.","</think>

Las principales sugerencias propuestas para fortalecer la implementación y efectividad del plan son:

1. **Realizar una evaluación exhaustiva de la viabilidad de implementar programas de tamizaje de cáncer gástrico mediante EGD directa en zonas prioritarias con recursos necesarios**, debido a la alta incidencia y mortalidad en estas áreas.

2. **Desarrollar un sistema de seguimiento y evaluación continua** para monitorear el progreso, identificar áreas de mejora y ajustar estrategias según sea necesario.

3. **Garantizar la transparencia en la presentación de avances y resultados**, lo que ayudará a mantener la responsabilidad y compromiso de todas las partes involucradas.

4. **Implementar programas efectivos de capacitación continua para el personal médico y técnico**, y estrategias de retención para asegurar que el personal capacitado permanezca en el sistema de salud.

5. **Adquirir y mantener los equipos médicos necesarios**, incluyendo dispositivos para endoscopia, fluoroscopia y análisis de laboratorio.

6. **Realizar evaluaciones de necesidades, encuestas y análisis de infraestructura** para determinar las condiciones particulares que deben existir para lograr el éxito del plan.

7. **Identificar condiciones críticas y desarrollar estrategias de mitigación de riesgos** a través de análisis de riesgos, entrevistas y grupos focales.

8. **Revisar mejores prácticas y analizar resultados previos** para proponer acciones de mejora continua, implementar acciones piloto y monitorear y evaluar continuamente.

Estas recomendaciones buscan complementar las actividades planificadas y mitigar posibles riesgos, asegurando una mejor preparación y adaptabilidad ante los desafíos que puedan surgir.",104.80054130405188,1480,401,1881,open_ended,1417.3179450072225,678.4,2019.2,16291.453724222141,16291.3203125,16291.4765625,0.0,0,0,599.6875,599.6875,599.6875
0,DeepSeek-R1-Distill-Qwen-14B-Q6_K,268,"La oferta de servicios del CNDTCG incluye: Programa de Patología Biliar (CPRE, drenajes); Programa de ESD (resección en bloque); Programa de Cirugía Mayor (quirúrgico especializado); Programa de Cirugía Percutánea (mínimamente invasivo guiado por imagen); Programa de Ultrasonido Endoscópico (evaluación avanzada y estadificación); Programa de Endoscopia Diagnóstica y de Control (confirmación y seguimiento); además de docencia, formación continua, investigación científica y apoyo técnico a la red institucional.","</think>

El CNDTCG ofrece servicios complementarios más allá de los programas de tamizaje, incluyendo patología biliar, resección submucosa endoscópica (ESD), cirugía mayor, cirugía percutánea, ultrasonido endoscópico, y endoscopía diagnóstica y de control. Estos servicios amplían su capacidad resolutiva y consolidan su papel como centro especializado de referencia nacional. Además, articula la red de servicios de salud para garantizar la implementación estandarizada de estrategias de captación, diagnóstico, tratamiento y seguimiento en todo el país.",65.82507573347539,1470,145,1615,open_ended,1662.3712643678077,987.6,2019.2,16291.4765625,16291.4765625,16291.4765625,0.0,0,0,599.6875,599.6875,599.6875
0,DeepSeek-R1-Distill-Qwen-14B-Q6_K,223,"Según el Plan de Abordaje Integral, la metodología para estimar los costos consistió en identificar las atenciones empleadas para cada tipo de lesión en un horizonte de 5 años, estimar la frecuencia más probable para cada atención, asignar el costo según el modelo tarifario de la CCSS, identificar el tipo de medicamento oncológico con su frecuencia y costo para cada tipo de cáncer, y estimar el costo total para cada tipo de lesión; de este ejercicio se desprende que la detección y tratamiento en etapas tempranas es significativamente menos costoso que en etapas avanzadas, ya que para el cáncer gástrico la atención temprana mediante ESD (Disección Submucosa Endoscópica) equivale al 8.3% del costo de un cáncer avanzado y la intervención quirúrgica al 23.3%, mientras que para el cáncer de colon las lesiones premalignas cuestan el 3.3% y la etapa temprana el 9.0% del costo de un cáncer avanzado, y para el cáncer de recto las lesiones premalignas cuestan el 3.0% y la etapa temprana el 8.3%, lo que resalta la importancia económica de implementar y fortalecer los programas de tamizaje.","</think>

La metodología utilizada para estimar los costos de atención según el tipo de lesión incluye:

1. **Identificación de las atenciones empleadas**: Se determinan las intervenciones médicas aplicadas a cada tipo de lesión en un período de 5 años.

2. **Estimación de la frecuencia más probable**: Se calcula la frecuencia de cada tipo de atención.

3. **Asignación de costos**: Se asignan costos a cada tipo de atención utilizando el modelo tarifario de la CCSS.

4. **Identificación de medicamentos oncológicos**: Se identifican los medicamentos oncológicos, su frecuencia y costo para cada tipo de cáncer.

5. **Estimación del costo total**: Se calcula el costo total para cada tipo de lesión y cáncer.

De este análisis se desprende que:

- Detectar el cáncer gástrico en etapas tempranas y tratarlo con ESD (Disección Submucosa Endoscópica) es cost-effective, evitando cirugías mayores.

- Los costos tangibles (detección y tratamientos) son evidentes, mientras que los costos intangibles (impacto social) son indirectos pero significativos.

- La ESD amplía la capacidad resolutiva y mejora la calidad de atención, reduciendo costos asociados a intervenciones más invasivas.",79.27367107570173,1147,315,1462,open_ended,1425.0095602294327,369.2,2019.3,16291.656713073613,16291.6328125,16291.7890625,0.0,0,0,599.6875,599.6875,599.6875
0,DeepSeek-R1-Distill-Qwen-14B-Q6_K,254,"Las herramientas de aplicabilidad del Manual de Gestión del CNDTCG son instrumentos que facilitan la implementación práctica de las funciones, responsabilidades y procesos descritos. Estas incluyen: protocolos y procedimientos normalizados que definen el ""cómo hacer"" en cada programa, brindando instrucciones claras para la ejecución estandarizada de tareas críticas; documentos técnicos normativos complementarios como protocolos, criterios técnicos y manuales de procedimientos que operacionalizan la gestión; sistemas de información institucionales como SIES, SIAC, ARCA y FileMaker que permiten registrar, monitorear y analizar información; matrices de indicadores e instrumentos de evaluación que actúan como herramientas operativas de control y seguimiento; instancias de coordinación y supervisión como equipos de coordinación de programas y reuniones clínicas multidisciplinarias; y capacitación y formación interna que utiliza el manual como insumo base para actividades de inducción y actualización. Estas herramientas serán desarrolladas progresivamente conforme se consoliden procesos y se valide la experiencia operativa, fortaleciendo la estandarización, trazabilidad, eficiencia y calidad de las actividades del CNDTCG.","</think>

El Manual de Gestión del CNDTCG incluye herramientas de aplicabilidad como indicadores clave para evaluar el desempeño del centro. Estos indicadores, como el ""Número de cirugías mayores realizadas"" y la ""Tasa de complicaciones quirúrgicas"", permiten medir la eficiencia y calidad de los servicios. Además, el manual utiliza modelos de coordinación interinstitucional y procesos participativos para fortalecer la estandarización y trazabilidad de las actividades. La estructura normativa y operativa del documento guía la implementación progresiva de estas herramientas, asegurando su adaptación al entorno operativo real del centro.",64.9914895342663,1396,153,1549,open_ended,1633.584651162783,49.9,2047.2,16123.77898800872,6533.75,16291.7890625,0.0,0,0,599.6875,599.6875,599.6875
0,DeepSeek-R1-Distill-Qwen-14B-Q6_K,243,"La oferta de servicios del CNDTCG más allá de los programas de tamizaje incluye una gama de servicios clínicos, diagnósticos, quirúrgicos, técnicos, de formación y apoyo, enfocados en la detección temprana, tratamiento oportuno y seguimiento de patologías del tracto gastrointestinal. Estos servicios incluyen: el Programa de Patología Biliar, que brinda abordaje integral a enfermedades complejas del árbol biliar mediante CPRE, drenajes biliares y extracción de cálculos; el Programa de Resección Submucosa Endoscópica (ESD), que permite la resección en bloque de lesiones precancerosas o neoplasias superficiales; el Programa de Cirugía Mayor, que ofrece tratamiento quirúrgico especializado a personas con lesiones que requieren intervención quirúrgica mayor; el Programa de Cirugía Percutánea, que ofrece alternativa terapéutica mínimamente invasiva mediante técnicas guiadas por imagen; el Programa de Ultrasonido Endoscópico, para evaluación avanzada de lesiones y estadificación; y el Programa de Endoscopía Diagnóstica y de Control, para confirmación diagnóstica y seguimiento de lesiones. Además, el CNDTCG ofrece servicios de docencia y formación continua, investigación científica y apoyo técnico a la red institucional.","</think>

El CNDTCG ofrece servicios complementarios más allá de los programas de tamizaje, incluyendo patología biliar, resección submucosa endoscópica (ESD), cirugía mayor, cirugía percutánea, ultrasonido endoscópico, y endoscopía diagnóstica y de control. Estos servicios amplían su capacidad resolutiva y consolidan su papel como centro especializado de referencia nacional.",60.10004420299083,1513,104,1617,open_ended,1740.4989949748722,329.2,2019.3,16270.742776381909,16269.375,16271.5625,0.0,0,0,599.6875,599.6875,599.6875
0,DeepSeek-R1-Distill-Qwen-14B-Q6_K,252,"El médico general asistente en el CNDTCG brinda apoyo clínico directo durante la realización de procedimientos endoscópicos diagnósticos y terapéuticos, así como en intervenciones quirúrgicas, en coordinación con el personal médico especialista, anestesiológico y de enfermería. Su rol es esencial en la atención segura de personas usuarias sometidas a procedimientos como gastroscopías, colonoscopías, CPRE, ESD, cirugía percutánea y cirugía mayor. Durante estas intervenciones, monitorea continuamente signos vitales y parámetros clínicos, asegurando estabilidad hemodinámica y ventilatoria. Está capacitado para manejar sedación por vía aérea, especialmente en casos que requieren sedación profunda. También evalúa la condición clínica previa del paciente, colabora en la preparación para el procedimiento, revisa antecedentes y verifica el consentimiento informado. Su participación continúa en la unidad de recuperación apoyando en la vigilancia clínica postoperatoria. Adicionalmente, coordina la programación de estudios de TAC, gestiona el flujo de biopsias, cumple funciones como gestor de referencias y participa en la presentación de indicadores de desempeño.","</think>

El médico general asistente en los procedimientos del CNDTCG forma parte activa del equipo quirúrgico, colaborando como asistente en las distintas etapas del acto operatorio. Su apoyo incluye la preparación del paciente, asistencia técnica durante la cirugía, como exposición quirúrgica, manejo de instrumental y hemostasia básica, y seguimiento clínico inmediato en la fase postquirúrgica. Además, coordina la programación de estudios de tomografía computarizada (TAC), lo cual incluye la apertura y cierre de agendas, priorización de casos, coordinación con recepcionistas, enfermería y técnicos, así como la verificación de disponibilidad de recursos e insumos. También mide y analiza los indicadores de ausentismo y suspensión de citas, asegurando el aprovechamiento óptimo de las agendas.",72.38634992297739,1436,204,1640,open_ended,1588.3428870292803,967.7,2019.1,16273.469861401674,16273.125,16273.75,0.0,0,0,599.6875,599.6875,599.6875
0,DeepSeek-R1-Distill-Qwen-14B-Q6_K,205,"Las principales limitaciones identificadas son la falta de información técnica sobre capacidad instalada, ya que aunque se cuenta con un inventario de recursos, todos están actualmente en uso para otros procedimientos, lo que impide determinar la capacidad adicional necesaria para el programa de tamizaje; además, no existen datos sobre cuántos pacientes requieren estudios complementarios como ultrasonidos, vigilancia hemodinámica en gastroscopias, sedación por anestesiólogo, ni cuántos estudios endoscópicos requieren biopsia, lo que limita la planificación solo a los estudios básicos; tampoco se cuenta con guías de seguimiento endoscópico del Ministerio de Salud, por lo que no es posible estimar la demanda de procedimientos de control; la creación de nuevos cantones ha distorsionado los datos históricos, por lo que el plan se ve forzado a utilizar la estructura de los 81 cantones originales, asumiendo un error aproximado del 1% en las proyecciones; finalmente, el plan se basa en proyecciones poblacionales del INEC del año 2013, lo que podría introducir variaciones futuras.","</think>

El plan enfrenta varias limitaciones importantes relacionadas con la disponibilidad de información sobre la capacidad instalada y los datos clínicos necesarios. En primer lugar, no se cuenta con datos suficientes sobre la cantidad de pacientes que requieren procedimientos endoscópicos complementarios, como ultrasonidos, lo que dificulta evaluar la capacidad adicional necesaria para implementar los programas de tamizaje. Además, la infraestructura médica actualmente está ocupada en una variedad de procedimientos diagnósticos y terapéuticos, lo que complica la determinación de la capacidad instalada disponible para expandir los servicios. Aunque el inventario existente proporciona una visión clara de la cantidad y distribución del personal médico y técnico especializado, así como del equipamiento disponible, no ofrece información suficiente para determinar la capacidad instalada disponible para soportar un aumento en la demanda de servicios adicionales y gestionar eficientemente el presupuesto asignado. Por último, no se menciona la disponibilidad de pruebas clínicas ni la asignación presupuestaria necesaria para cada laboratorio, lo que podría retrasar la implementación del plan.",68.14224908314645,1097,254,1351,open_ended,1464.283999999989,189.6,2018.8,16275.30625,16274.53125,16275.625,0.0,0,0,599.6875,599.6875,599.6875
0,DeepSeek-R1-Distill-Qwen-14B-Q6_K,211,"Según el Plan de Abordaje Integral, aunque la incidencia del cáncer colorrectal (colon y recto combinados) es mayor que la del cáncer de estómago (29.91 casos frente a 11.66 para estómago), la mortalidad del cáncer de estómago es proporcionalmente más alta, ya que su tasa de mortalidad total es de 12.68 muertes por cada 100,000 habitantes, frente a 9.28 para colon y 3.25 para recto, lo que sugiere que el cáncer de estómago podría ser más letal o diagnosticarse en etapas más avanzadas; además, al comparar la población general con la población objetivo (50-74 años), la mortalidad en este último grupo es mucho mayor (56.82 total combinado, con 28.92 para estómago) que en la población general (25.21 total), lo que subraya la vulnerabilidad de este grupo etario y la necesidad de enfoques más eficaces en la detección temprana, especialmente para el cáncer de estómago.","</think>

La mortalidad del cáncer de estómago es proporcionalmente más alta que la de los cánceres colorrectales, a pesar de que su incidencia es menor, debido a que el cáncer de estómago tiende a diagnosticarse en etapas más avanzadas, lo que lo hace más letal. Además, aunque la incidencia combinada de colon y recto es mayor (29.91 casos) que la del estómago (11.66), la mortalidad del estómago es significativamente más alta, lo que sugiere que los casos de estómago son diagnosticados tarde o tienen un tratamiento menos efectivo. Esto se refleja en las tasas de mortalidad, que para el estómago son de 15.75 en hombres y 9.57 en mujeres, contrastando con las tasas de colon y recto, que son menores y más variables. Por lo tanto, la mayor mortalidad del cáncer de estómago se debe a su detección tardía y a la falta de estrategias efectivas para su detección temprana.",86.84400055371225,1615,249,1864,open_ended,1555.8144851657858,987.6,2019.3,16276.807646160558,16276.25,16277.1875,0.0,0,0,599.6875,599.6875,599.6875
0,DeepSeek-R1-Distill-Qwen-14B-Q6_K,257,"La UIS lidera la investigación científica, formula líneas de investigación, gestiona bases de datos, coordina con universidades y fomenta la cultura investigativa para generar evidencia que oriente la toma de decisiones clínicas y de gestión.","</think>

La Unidad de Investigación en Salud (UIS) del CNDTCG es fundamental porque debe liderar esfuerzos en la generación de evidencia y el desarrollo institucional, jugando un papel central en la investigación continua de cáncer gástrico y colorrectal. Esto asegura que el centro cuente con información actualizada y robusta para mejorar la atención y los programas implementados. Además, la UIS contribuye al fortalecimiento de la capacidad investigativa del CNDTCG, lo que permite una toma de decisiones basada en datos y el avance en el conocimiento sobre estas enfermedades.",55.23550652526319,1201,138,1339,open_ended,1639.0860273972514,917.8,2019.0,16277.539383561643,16277.1875,16277.8125,0.0,0,0,599.6875,599.6875,599.6875
0,DeepSeek-R1-Distill-Qwen-14B-Q6_K,220,"Según el Plan de Abordaje Integral, la identificación de la demanda para los programas de tamizaje se basa en la tasa de incidencia media por cada 100,000 habitantes durante el periodo 2017-2022, que fue de 11.66 para cáncer gástrico y de 18.25 para cáncer colorrectal; para priorizar los cantones, se consideran aquellos que se encuentran por encima de la media nacional respectiva, lo que resulta en 35 cantones con incidencia superior a 11.66 para cáncer gástrico y 36 cantones con incidencia superior a 18.25 para cáncer colorrectal, y en los Anexos No. 8 y No. 9 se detalla la población total por cantón que debe abordarse en los tamizajes para cada enfermedad.","</think>

La demanda para los programas de tamizaje de cáncer gástrico y colorrectal se identifica mediante la incidencia de estos cánceres en los cantones, utilizando datos proporcionados por el Ministerio de Salud. Los cantones con tasas de incidencia superiores a la media nacional son priorizados, como se muestra en el Cuadro No. 6, donde figuran los primeros 20 cantones con las tasas más altas. Además, se adoptan metas específicas para la invitación y participación de la población objetivo, establecidas por el Centro Nacional de Detección Temprana de Cáncer Gastrointestinal, con un 40% de invitación y un 65% de participación esperada.",59.2279753619805,1161,166,1327,open_ended,1576.8820971866946,987.1,2019.1,16278.471467391304,16278.125,16278.59375,0.0,0,0,599.6875,599.6875,599.6875
0,DeepSeek-R1-Distill-Qwen-14B-Q6_K,205,"Las principales limitaciones identificadas son la falta de información técnica sobre capacidad instalada, ya que aunque se cuenta con un inventario de recursos, todos están actualmente en uso para otros procedimientos, lo que impide determinar la capacidad adicional necesaria para el programa de tamizaje; además, no existen datos sobre cuántos pacientes requieren estudios complementarios como ultrasonidos, vigilancia hemodinámica en gastroscopias, sedación por anestesiólogo, ni cuántos estudios endoscópicos requieren biopsia, lo que limita la planificación solo a los estudios básicos; tampoco se cuenta con guías de seguimiento endoscópico del Ministerio de Salud, por lo que no es posible estimar la demanda de procedimientos de control; la creación de nuevos cantones ha distorsionado los datos históricos, por lo que el plan se ve forzado a utilizar la estructura de los 81 cantones originales, asumiendo un error aproximado del 1% en las proyecciones; finalmente, el plan se basa en proyecciones poblacionales del INEC del año 2013, lo que podría introducir variaciones futuras.","</think>

El plan enfrenta varias limitaciones importantes relacionadas con la disponibilidad de información sobre la capacidad instalada y los datos clínicos necesarios. En primer lugar, no se cuenta con datos suficientes sobre la cantidad de pacientes que requieren procedimientos endoscópicos complementarios, como ultrasonidos, lo que dificulta evaluar la capacidad adicional necesaria para implementar los programas de tamizaje y tratamiento. Además, la infraestructura y recursos actuales están saturados debido a su uso en una variedad de procedimientos diagnósticos y terapéuticos, lo que complica la planificación de la capacidad adicional requerida. El inventario existente, aunque proporciona una visión de la cantidad y distribución del personal y equipamiento, no ofrece información suficiente para determinar la capacidad instalada disponible para soportar un aumento en la demanda de servicios. Por otro lado, la disponibilidad de información técnica sobre la capacidad instalada es insuficiente, lo que constituye una barrera importante para la planificación y ejecución efectiva del plan. Finalmente, no se menciona la disponibilidad de datos clínicos necesarios para el tamizaje, diagnóstico y tratamiento, lo que podría afectar la implementación del plan.",71.22034994605929,1097,271,1368,open_ended,1452.0436170212643,458.9,2018.7,16278.518617021276,16278.41796875,16278.59375,0.0,0,0,599.6875,599.6875,599.6875
0,DeepSeek-R1-Distill-Qwen-14B-Q6_K,261,"La Resección Submucosa Endoscópica (ESD) es una técnica endoscópica avanzada que permite resecar lesiones gastrointestinales en bloque con precisión, evitando cirugías mayores. Es una alternativa terapéutica mínimamente invasiva para lesiones precancerosas o neoplasias superficiales del tracto gastrointestinal, especialmente en estómago y colon. Permite resecar lesiones que no pueden tratarse con polipectomía convencional. Requiere alta especialización y equipamiento específico. Reduce el tiempo de recuperación y mejora la calidad de vida, disminuyendo la necesidad de cirugías mayores.","</think>

La Resección Submucosa Endoscópica (ESD) es una técnica mínimamente invasiva utilizada para remover lesiones neoplásicas superficiales en el tracto gastrointestinal. Se realiza mediante una endoscopía, permitiendo la resección de lesiones localizadas en la mucosa sin afectar las capas más profundas de la pared gástrica. Entre sus beneficios destacan: la preservación de la funcionalidad del intestino, reducción del tiempo de hospitalización, menor riesgo de complicaciones quirúrgicas y una rápida recuperación del paciente. Además, ESD permite una adecuada-margin de resección, asegurando la extracción completa de la lesión y facilitando el diagnóstico histopatológico preciso.",70.66496097669005,1515,175,1690,open_ended,1635.732548179866,748.3,2019.1,16279.947010505888,16279.51171875,16280.29296875,0.0,0,0,599.6875,599.6875,599.6875
0,DeepSeek-R1-Distill-Qwen-14B-Q6_K,291,"Los establecimientos del sistema de salud deben contar con un manual de procedimientos, guía, protocolo u otro instrumento para la prevención y detección de cáncer colorrectal que incluya: la información básica de la consejería, el reporte obligatorio de la enfermedad a través de la boleta de notificación obligatoria al Ministerio de Salud según corresponda, y los mecanismos de referencia a servicios especializados. Cuando los servicios se extiendan a la atención comunitaria, debe incluirse una planificación anual de acciones preventivas y de promoción de la salud acorde al perfil poblacional definido. También deben disponer de estrategias de sensibilización y capacitación permanente al personal de salud basada en evidencia científica.","</think>

Según la norma nacional para la atención del cáncer colorrectal en Costa Rica, los establecimientos del sistema de salud tienen las siguientes obligaciones:

1. Cumplir con los lineamientos de salud pública establecidos para la prevención, detección temprana, diagnóstico, estadiación, tratamiento, rehabilitación y cuidados paliativos del cáncer colorrectal (CCR).

2. Garantizar el acceso, la calidad y la equidad en el manejo del CCR para todas las personas en el territorio nacional.

3. Participar en programas de tamizaje para detectar el CCR en etapas tempranas, lo que permite mejorar los resultados terapéuticos y reducir la mortalidad.

4. Coordinar y colaborar con otros servicios y unidades del sistema de salud para asegurar una atención integral y continua a los pacientes.

5. Cumplir con las directrices específicas establecidas en la normativa institucional, incluyendo la función, obligatoriedad y participación de cada unidad en el proceso de tamizaje.

6. Asistir en tareas de limpieza, organización, traslado de insumos, gestión de desechos y logística durante actividades operativas.

7. Brindar atención al público, manejar registros médicos y prestar soporte administrativo al equipo clínico, actuando como punto de contacto inicial y resolviendo dudas sobre trámites o procesos internos.

8. Supervisar la correcta selección de casos y participar en la definición de indicaciones quirúrgicas, coordinando el abordaje quirúrgico con equipos multidisciplinarios.

9. Organizar agendas quirúrgicas y asegurar la ejecución fluida, segura y eficiente de los procedimientos, en articulación con áreas de programación, salas de operaciones y imagenología.

Estas obligaciones buscan promover una atención de calidad y equidad en el manejo del cáncer colorrectal, asegurando la continuidad y eficiencia de los servicios de salud.",99.59731273259968,1123,460,1583,open_ended,1331.6832317073047,768.2,2019.2,16281.520579268292,16280.91796875,16281.69921875,0.0,0,0,599.6875,599.6875,599.6875
0,DeepSeek-R1-Distill-Qwen-14B-Q6_K,292,"Los indicadores oficializados para evaluar el cumplimiento de la norma son: tasa de incidencia de cáncer colorrectal, porcentaje de diferentes estadios del cáncer colorrectal en el momento del diagnóstico, y tasa de mortalidad por cáncer colorrectal. Estos indicadores serán publicados cada 5 años por el Ministerio de Salud, que ejecutará la vigilancia de los mismos para contar con información estadística actualizada y de calidad. Adicionalmente, se pueden utilizar otros indicadores que se estimen pertinentes según criterio técnico del ente rector.","</think>

Los indicadores oficializados para evaluar el cumplimiento de la norma son:

1. **Tasa de incidencia de cáncer colorrectal**: Mide el número de casos nuevos de cáncer colorrectal por unidad de población y tiempo.

2. **Porcentaje de diferentes estadios del cáncer colorrectal en el momento del diagnóstico**: Refleja la distribución de pacientes diagnosticados en cada estadio de la enfermedad.

3. **Tasa de mortalidad por cáncer colorrectal**: Indica el número de muertes relacionadas con el cáncer colorrectal por unidad de población y tiempo.

Estos indicadores son publicados cada 5 años y son utilizados por el Ministerio de Salud para valorar el cumplimiento de la norma.",56.08302020840347,1058,175,1233,open_ended,1552.5370270270175,987.6,2027.3,16281.925570101352,16281.69921875,16282.01171875,0.0,0,0,599.6875,599.6875,599.6875
0,DeepSeek-R1-Distill-Qwen-14B-Q6_K,267,"La operación del CNDTCG está alineada con el Mapa de Procesos Institucional de la CCSS. Se inserta en el Macroproceso Sustantivo de Atención de la Salud en áreas de promoción, prevención secundaria, recuperación y rehabilitación. Mantiene articulación con Macroprocesos Estratégicos en gestión de salud, planificación estratégica, calidad asistencial e investigación. Depende de Macroprocesos de Apoyo en gestión de talento humano, abastecimiento, mantenimiento, soporte tecnológico y apoyo administrativo-financiero.","</think>

La operación del CNDTCG se alinea con el Mapa de Procesos Institucional de la CCSS, contribuyendo específicamente al cumplimiento de sus macroprocesos estratégicos, sustantivos y de apoyo. En particular, se inserta en el Macroproceso Sustantivo de Atención de la Salud, enfocado en áreas como promoción de la salud, prevención secundaria, recuperación y rehabilitación. Esto se logra mediante la implementación de programas de tamizaje, diagnóstico temprano, tratamiento quirúrgico y seguimiento clínico de personas con patologías gastrointestinales. Además, el CNDTCG trabaja articulado con la red nacional de servicios de salud, asegurando una atención especializada y complementaria. Este alineamiento garantiza la coherencia operativa, eficiencia en la prestación de servicios y alineación con los principios estratégicos de la CCSS.",75.23743655811995,1472,215,1687,open_ended,1579.9454728370133,588.6,2019.2,16282.01171875,16282.01171875,16282.01171875,0.0,0,0,599.6875,599.6875,599.6875
0,DeepSeek-R1-Distill-Qwen-14B-Q6_K,277,"El médico general asistente brinda apoyo clínico directo durante procedimientos endoscópicos y quirúrgicos. Monitorea signos vitales y parámetros clínicos, asegurando estabilidad hemodinámica y ventilatoria. Maneja sedación por vía aérea en casos que requieren sedación profunda. Evalúa condición clínica previa, revisa antecedentes y verifica consentimiento informado. Participa en recuperación postoperatoria. Coordina programación de TAC, gestiona flujo de biopsias, cumple funciones como gestor de referencias y participa en indicadores de desempeño.","</think>

El médico general asistente durante los procedimientos quirúrgicos actúa como un miembro clave del equipo multidisciplinario. Su rol incluye supervisar la correcta selección de casos basada en criterios clínicos y estudios diagnósticos, así como participar en la definición de las indicaciones quirúrgicas específicas para cada persona usuaria. Coordina el abordaje quirúrgico con otros profesionales como radiólogos, anestesiólogos, enfermeros, técnicos en imágenes y médicos generales asistentes, asegurando una ejecución fluida, segura y eficiente del procedimiento. Además, forma parte activa del equipo quirúrgico, colaborando como asistente en las distintas etapas del acto operatorio, lo que implica preparación del paciente, asistencia técnica durante la cirugía, como exposición quirúrgica, manejo de instrumental y hemostasia básica, y seguimiento clínico inmediato en la fase postquirúrgica.",71.78073419164866,1298,232,1530,open_ended,1531.3605485231956,528.8,2019.0,16282.272465058017,16282.16796875,16282.48046875,0.0,0,0,599.6875,599.6875,599.6875
0,DeepSeek-R1-Distill-Qwen-14B-Q6_K,274,"El área de gestión de bases de datos diseña, mantiene, consolida y analiza sistemas de información con datos clínicos, administrativos y operativos. Crea y mantiene bases de datos estructuradas, asegura alineación con necesidades técnicas y estándares de interoperabilidad. Valida, depura y actualiza datos, implementa controles de calidad. Genera reportes e informes analíticos. Vela por confidencialidad, seguridad y resguardo de información, garantizando cumplimiento de normas de protección de datos sensibles.","</think>

El área de gestión de bases de datos en el CNDTCG tiene la función de administrar y mantener las bases de datos necesarias para el funcionamiento del centro. Esto incluye la gestión de información relacionada con los pacientes, los servicios médicos prestados, los resultados de diagnóstico y cualquier otro dato relevante para la operación especializada del centro. Además, esta área asegura la integridad, confidencialidad y disponibilidad de la información, permitiendo una toma de decisiones informada y el seguimiento clínico adecuado de las personas atendidas. La gestión de bases de datos también contribuye a la optimización de recursos y al alineamiento con los principios y lineamientos estratégicos de la CCSS.",62.22201512474567,1333,162,1495,open_ended,1628.7946472019385,987.3,2019.2,16282.597561207422,16282.48046875,16282.63671875,0.0,0,0,599.6875,599.6875,599.6875
0,DeepSeek-R1-Distill-Qwen-14B-Q6_K,218,"Según el Plan de Abordaje Integral, la Institución cuenta con 110 laboratorios clínicos distribuidos en hospitales nacionales, regionales, periféricos y áreas de salud, con una alta concentración en provincias como San José (8 en el cantón central), Alajuela (17 totales con 6 en San Carlos), Puntarenas (19 totales con 8 en el cantón central) y Heredia (9 totales con 3 en la cabecera); esta amplia red representa una fortaleza significativa para el tamizaje de cáncer colorrectal, ya que proporciona una infraestructura robusta para la realización de pruebas FIT, aunque la capacidad depende de la complejidad de la prueba: la prueba cualitativa está disponible en todos los laboratorios bajo compra centralizada y tiene resultados homologados bajo un mismo código de digitalización, mientras que la prueba cuantitativa solo está disponible en dos laboratorios y requiere equipos automatizados, por lo que su implementación masiva necesitaría establecer una red de laboratorios que centralicen el análisis y realizar una compra nacional que incluya el equipamiento necesario.","</think>

La red de laboratorios clínicos de la CCSS representa una fortaleza para el programa de tamizaje de cáncer colorrectal debido a que estos laboratorios son responsables de manejar grandes volúmenes de pruebas, garantizando la calidad y confiabilidad de los resultados. Además, la capacidad de estos laboratorios para procesar y analizar muestras de manera precisa y oportuna es esencial para el éxito del tamizaje con FIT ( prueba de sangre oculta en heces).

La prueba de sangre oculta en heces cualitativa se realiza en todos los laboratorios clínicos del país, mientras que la cuantitativa solo se realiza en los laboratorios clínicos del Hospital México y el Hospital Max Peralta. La diferencia principal entre ambas pruebas radica en su sensibilidad y capacidad para cuantificar la cantidad de sangre en las heces, lo que puede influir en el número de colonoscopias requeridas para los programas de tamizaje.",71.78353679645807,1352,224,1576,open_ended,1551.5877637130716,778.2,2027.3,16283.506312631856,16283.26171875,16283.57421875,0.0,0,0,599.6875,599.6875,599.6875
0,DeepSeek-R1-Distill-Qwen-14B-Q6_K,222,"Según el Plan de Abordaje Integral, para calcular el número de salas de fluoroscopia necesarias se utiliza la ecuación E1 = (PO × PI × PP) / (PS × DH), donde PO es la población objetivo, PI el porcentaje de invitación (40%), PP el porcentaje de participación (65%), PS el número de pacientes diarios por sala (20) y DH los días hábiles al año (255); como ejemplo, para la Región Central Sur en 2025 con una población objetivo de 197,089 personas, se calcula (197,089 × 0.20 × 0.65) / (20 × 255) = 5.02 salas, lo que extrapolado a las siete regiones da aproximadamente 12 salas de fluoroscopia para 2025, pero esto no es factible porque representa más del 60% de la disponibilidad actual de 19 salas, las cuales ya están dedicadas a diagnóstico con listas de espera importantes, por lo que el plan debe replantear sus metas en el horizonte temporal basado en la dotación futura de infraestructura, equipamiento y personal capacitado.","</think>

Para calcular el número de salas de fluoroscopia necesarias para la cobertura del programa de tamizaje de cáncer gástrico, se utiliza la ecuación E1:

EF = (PO * PI * PP) / (PS * DH)

Donde:
- EF: Número de equipos de salas de fluoroscopia.
- PO: Población objetivo a alcanzar en un periodo.
- PI: Porcentaje de invitación en un periodo.
- PP: Porcentaje de participación en un periodo.
- PS: Número de pacientes diarios por sala.
- DH: Número de días hábiles de funcionamiento de las salas en un periodo.

El resultado obtenido indica el número de salas de fluoroscopia y, por consiguiente, el número de profesionales de imagenología requeridos para atender a la población objetivo en el periodo establecido. Este cálculo asegura que los recursos estén disponibles y sean suficientes para cubrir la demanda del programa de tamizaje, garantizando la capacidad de diagnóstico necesaria para detectar precozmente el cáncer gástrico.",79.59619163069874,1485,245,1730,open_ended,1551.914095238086,986.6,2027.3,16284.19415922619,16284.04296875,16284.35546875,0.0,0,0,599.6875,599.6875,599.6875
0,DeepSeek-R1-Distill-Qwen-14B-Q6_K,251,"La captación de pacientes en los programas de tamizaje del CNDTCG es un proceso crítico para asegurar el éxito de los programas organizados. El CNDTCG es responsable de la captación estructurada de la población objetivo, para lo cual requiere acceso a los datos de la población adscrita con variables como nombre, apellidos, teléfonos, correo electrónico, provincia, cantón y distrito de residencia, así como el Área de Salud de adscripción, considerando la Ley de Protección de Datos Personales. La captación se realiza para invitar a los pacientes a realizarse un FIT y/o una SGD, y se repite cada dos años para asegurar seguimiento continuo. Se realiza por medio de invitación telefónica a través de centros de llamadas especializados, dado el volumen considerable de personas y los controles estrictos requeridos. Existen pérdidas en el proceso: no todas las personas pueden ser localizadas por diversas razones, y para lograr la participación de una cierta cantidad de personas se debe contactar al menos al triple de ellas, con al menos dos llamadas adicionales si no son localizados. Por ejemplo, para 67,136 personas en 2025, se requieren más de 200,000 gestiones, reflejando la criticidad de esta etapa.","</think>

La captación de pacientes en los programas de tamizaje es realizada por el CNDTCG, quien necesita acceso a datos de la población adscrita, incluyendo nombre, apellidos, teléfonos, correo electrónico, provincia, cantón, distrito de residencia, Área de Salud de adscripción, entre otros, respetando la Ley de Protección de Datos Personales. El objetivo es invitar a los pacientes a realizarse un FIT (Test Inmunológico Fecal) y/o una SGD (Serie Gastroduodenal), asegurando una captación efectiva y oportuna.",52.70989128481597,1113,134,1247,open_ended,1619.3910919540185,987.6,2019.2,16284.82421875,16284.82421875,16284.82421875,0.0,0,0,599.6875,599.6875,599.6875
0,DeepSeek-R1-Distill-Qwen-14B-Q6_K,265,"El ultrasonido endoscópico (USE) combina endoscopia con ecografía de alta resolución para evaluar capas de la pared gastrointestinal y estructuras adyacentes. Permite: estadificación loco-regional de tumores (estadios T y N), evaluación de lesiones subepiteliales, visualización del sistema pancreatobiliar, guía para biopsias por aspiración con aguja fina, y planificación de abordajes quirúrgicos. Está dirigido a personas con lesiones sospechosas detectadas en tamizaje u otras rutas clínicas, y se realiza bajo sedación o anestesia.","</think>

El ultrasonido endoscópico es una herramienta diagnóstica y terapéutica de alta especialización que combina la tecnología de la endoscopía con la ecografía de alta resolución. Permite visualizar y evaluar en profundidad las capas de la pared gastrointestinal y las estructuras adyacentes desde el interior del tracto digestivo. Este procedimiento está dirigido a personas con lesiones sospechosas detectadas en los programas de tamizaje u otras rutas clínicas, requiriendo una evaluación más precisa de la extensión, localización y características de dichas lesiones. Además, puede utilizarse para guiar procedimientos diagnósticos como biopsias por aspiración con aguja fina o para planificar abordajes quirúrgicos y terapéuticos complejos.",60.999613924883306,1175,184,1359,open_ended,1566.8233250620287,628.5,2019.2,16285.303049395161,16285.13671875,16285.44921875,0.0,0,0,599.6875,599.6875,599.6875
0,DeepSeek-R1-Distill-Qwen-14B-Q6_K,219,"Según el inventario del Plan de Abordaje Integral, la CCSS cuenta con 63.5 gastroenterólogos, de los cuales 56 (88%) están capacitados en detección temprana de lesiones premalignas y malignas, lo que refleja una alta especialización, y también tiene 139 cirujanos generales, de los cuales solo 31 (22%) están capacitados en detección temprana, lo que revela una brecha significativa en la capacitación de este grupo; además, se dispone de 45.5 técnicos en gastroenterología y 52 salas de endoscopia a nivel nacional, pero todos estos recursos, a excepción de los del CNDTCG, están prácticamente dedicados en su totalidad a procedimientos de diagnóstico para consulta externa, hospitalización y emergencias, no para tamizaje, por lo que la oportunidad de mejora identificada es fortalecer la formación de los cirujanos generales en detección temprana de cáncer para aumentar la capacidad de endoscopistas capacitados (actualmente 87 en total), lo que permitiría ampliar la disponibilidad de personal para los programas de tamizaje.","</think>

La situación actual de los recursos humanos para endoscopia en la CCSS se refleja en el Cuadro No. 3, donde se menciona que hay 4 médicos especialistas en Endoscopía con jornada completa. Además, se identifica la necesidad de mejorar la capacitación del personal de imagenología en técnicas de SGD, ya que actualmente tienen una baja capacitación en este procedimiento, lo que podría afectar la calidad y eficiencia de los servicios de endoscopia.",59.51457527000457,1470,111,1581,open_ended,1725.851269035528,279.4,2019.3,16285.95128093274,16285.76171875,16286.07421875,0.0,0,0,599.6875,599.6875,599.6875
0,DeepSeek-R1-Distill-Qwen-14B-Q6_K,267,"La operación del CNDTCG está alineada con el Mapa de Procesos Institucional de la CCSS. Se inserta en el Macroproceso Sustantivo de Atención de la Salud en áreas de promoción, prevención secundaria, recuperación y rehabilitación. Mantiene articulación con Macroprocesos Estratégicos en gestión de salud, planificación estratégica, calidad asistencial e investigación. Depende de Macroprocesos de Apoyo en gestión de talento humano, abastecimiento, mantenimiento, soporte tecnológico y apoyo administrativo-financiero.","</think>

La operación del CNDTCG se alinea con el Mapa de Procesos Institucional de la CCSS, contribuyendo específicamente al cumplimiento de sus macroprocesos estratégicos, sustantivos y de apoyo. En particular, se inserta en el Macroproceso Sustantivo de Atención de la Salud, enfocado en áreas como promoción de la salud, prevención secundaria, recuperación y rehabilitación. Esto se realiza mediante la implementación de programas de tamizaje, diagnóstico temprano, tratamiento quirúrgico y seguimiento clínico de personas con patologías gastrointestinales. Además, el CNDTCG trabaja articulado con la red nacional de servicios de salud, asegurando una atención especializada y complementaria.",70.58500505518168,1472,177,1649,open_ended,1615.6491416308936,987.6,2027.3,16286.07421875,16286.07421875,16286.07421875,0.0,0,0,599.6875,599.6875,599.6875
0,DeepSeek-R1-Distill-Qwen-14B-Q6_K,289,"Los tratamientos quirúrgicos para el cáncer colorrectal dependen de la localización de la lesión y su extensión local, regional y a distancia. Incluyen procedimientos como colostomías, resección anterior baja (extirpación del recto y parte del colon sigmoide preservando el esfínter anal), resección abdominoperineal (extirpación del ano, recto y parte del colon sigmoide con colostomía permanente), y resección de metástasis (metastasectomía). Es importante que los tratamientos quirúrgicos se acompañen de una disección linfática adecuada. Algunas personas pueden requerir ileostomías o colostomías permanentes o temporales como parte de su tratamiento.","</think>

Los tratamientos quirúrgicos para el cáncer colorrectal, según la norma, dependen de la localización de la lesión y su extensión local, regional y a distancia. Incluyen procedimientos como colostomías y resecciones quirúrgicas. Además, se recomienda una valoración postquirúrgica para analizar los resultados del estudio anatomopatológico y evaluar el uso de quimioterapia para reducir el riesgo de recaída.",44.02983571588993,957,111,1068,open_ended,1628.173539518893,907.9,2027.3,16286.23046875,16286.23046875,16286.23046875,0.0,0,0,599.6875,599.6875,599.6875
1,DeepSeek-R1-Distill-Qwen-14B-Q6_K,57,Sí,sí,39.70686736423522,1318,5,1323,yes_no,1978.9482889733831,987.7,2027.3,16287.081229206275,16286.85546875,16287.32421875,0.0,0,0,599.6875,599.6875,599.6875
1,DeepSeek-R1-Distill-Qwen-14B-Q6_K,37,Sí.,sí,38.0704777110368,1267,10,1277,yes_no,1954.4778656126466,139.7,2027.3,16287.730592267786,16287.63671875,16287.79296875,0.0,0,0,599.6875,599.6875,599.6875
1,DeepSeek-R1-Distill-Qwen-14B-Q6_K,91,Sí,no,36.65646650083363,1190,13,1203,yes_no,1946.162962962966,987.7,2019.2,16287.94921875,16287.94921875,16287.94921875,0.0,0,0,599.6875,599.6875,599.6875
1,DeepSeek-R1-Distill-Qwen-14B-Q6_K,72,Sí,sí,44.59184833150357,1485,5,1490,yes_no,1975.9793918918915,389.1,2027.3,16288.57421875,16288.57421875,16288.57421875,0.0,0,0,599.6875,599.6875,599.6875
1,DeepSeek-R1-Distill-Qwen-14B-Q6_K,73,Sí,sí,45.522343296557665,1511,10,1521,yes_no,1965.083774834438,728.3,2027.3,16288.779620240066,16288.57421875,16289.04296875,0.0,0,0,599.6875,599.6875,599.6875
1,DeepSeek-R1-Distill-Qwen-14B-Q6_K,100,Sí,no,49.62094202917069,1438,51,1489,yes_no,1849.7446808510597,369.1,2027.2,16289.470875284955,16289.19921875,16289.66796875,0.0,0,0,599.6875,599.6875,599.6875
1,DeepSeek-R1-Distill-Qwen-14B-Q6_K,38,Sí.,no,45.418584681116045,1495,8,1503,yes_no,1970.0641196013319,987.7,2019.2,16290.44662323505,16290.13671875,16290.60546875,0.0,0,0,599.6875,599.6875,599.6875
1,DeepSeek-R1-Distill-Qwen-14B-Q6_K,34,No.,no,46.504361438564956,1319,51,1370,yes_no,1833.1418831168814,907.9,2019.2,16290.60546875,16290.60546875,16290.60546875,0.0,0,0,599.6875,599.6875,599.6875
1,DeepSeek-R1-Distill-Qwen-14B-Q6_K,58,Sí,sí,36.55627980828285,1200,10,1210,yes_no,1949.7625514403271,69.8,2019.3,16290.76171875,16290.76171875,16290.76171875,0.0,0,0,599.6875,599.6875,599.6875
1,DeepSeek-R1-Distill-Qwen-14B-Q6_K,20,Sí.,no,52.57128892187029,1717,8,1725,yes_no,1969.5395415472865,299.3,2019.3,16291.29359554083,16291.07421875,16291.38671875,0.0,0,0,599.6875,599.6875,599.6875
1,DeepSeek-R1-Distill-Qwen-14B-Q6_K,67,Sí,sí,37.81629882752895,1227,13,1240,yes_no,1945.0470119521885,598.7,2019.2,16291.636345244024,16291.54296875,16291.69921875,0.0,0,0,599.6875,599.6875,599.6875
1,DeepSeek-R1-Distill-Qwen-14B-Q6_K,90,Sí,sí,38.30440176278352,1276,10,1286,yes_no,1961.6625984251957,987.6,2027.3,16292.199956938977,16292.01171875,16292.32421875,0.0,0,0,599.6875,599.6875,599.6875
1,DeepSeek-R1-Distill-Qwen-14B-Q6_K,16,Sí.,no,50.06035296712071,1449,50,1499,yes_no,1849.9993975903599,269.4,2027.3,16292.431052334337,16292.32421875,16292.48046875,0.0,0,0,599.6875,599.6875,599.6875
1,DeepSeek-R1-Distill-Qwen-14B-Q6_K,100,Sí,no,44.34835797268897,1438,13,1451,yes_no,1954.5421768707479,987.7,2019.2,16292.48046875,16292.48046875,16292.48046875,0.0,0,0,599.6875,599.6875,599.6875
1,DeepSeek-R1-Distill-Qwen-14B-Q6_K,86,Sí,sí,43.841020847670734,1439,10,1449,yes_no,1961.0171821305826,429.0,2019.2,16292.63671875,16292.63671875,16292.63671875,0.0,0,0,599.6875,599.6875,599.6875
1,DeepSeek-R1-Distill-Qwen-14B-Q6_K,98,Sí,no,44.007105918601155,1424,13,1437,yes_no,1952.4856164383584,668.5,2019.1,16292.94921875,16292.94921875,16292.94921875,0.0,0,0,599.6875,599.6875,599.6875
1,DeepSeek-R1-Distill-Qwen-14B-Q6_K,47,Sí.,sí,42.28774019330741,1401,10,1411,yes_no,1956.5032028469773,139.7,2019.2,16292.94921875,16292.94921875,16292.94921875,0.0,0,0,599.6875,599.6875,599.6875
1,DeepSeek-R1-Distill-Qwen-14B-Q6_K,50,Sí.,no,42.52357593551278,1382,13,1395,yes_no,1950.1914893616972,827.6,2027.3,16293.147578679078,16292.94921875,16293.26171875,0.0,0,0,599.6875,599.6875,599.6875
1,DeepSeek-R1-Distill-Qwen-14B-Q6_K,72,Sí,sí,44.419617807492614,1485,5,1490,yes_no,1975.9023728813581,329.2,2019.2,16293.26171875,16293.26171875,16293.26171875,0.0,0,0,599.6875,599.6875,599.6875
1,DeepSeek-R1-Distill-Qwen-14B-Q6_K,9,Sí.,no,56.99124553613365,1855,8,1863,yes_no,1971.1269841269916,289.3,2027.3,16293.41796875,16293.41796875,16293.41796875,0.0,0,0,599.6875,599.6875,599.6875
1,DeepSeek-R1-Distill-Qwen-14B-Q6_K,75,Sí,no,51.04498588386923,1659,13,1672,yes_no,1959.6757396449757,987.7,2027.3,16293.41796875,16293.41796875,16293.41796875,0.0,0,0,599.6875,599.6875,599.6875
1,DeepSeek-R1-Distill-Qwen-14B-Q6_K,27,Sí.,sí,39.78378469031304,1319,10,1329,yes_no,1959.1874999999961,668.4,2027.3,16294.451941287878,16294.35546875,16294.51171875,0.0,0,0,599.6875,599.6875,599.6875
1,DeepSeek-R1-Distill-Qwen-14B-Q6_K,77,Sí,no,41.983805601485074,1361,13,1374,yes_no,1951.3046762589913,997.5,2027.3,16294.66796875,16294.66796875,16294.66796875,0.0,0,0,599.6875,599.6875,599.6875
1,DeepSeek-R1-Distill-Qwen-14B-Q6_K,83,Sí,sí,41.517109961248934,1362,10,1372,yes_no,1962.3803636363593,997.6,2027.3,16294.761335227273,16294.65625,16294.82421875,0.0,0,0,599.6875,599.6875,599.6875
1,DeepSeek-R1-Distill-Qwen-14B-Q6_K,58,Sí,sí,36.00174596533179,1200,10,1210,yes_no,1956.8460251046004,608.6,2019.1,16294.928216527196,16294.65625,16296.6875,0.0,0,0,599.6875,599.6875,599.6875
1,DeepSeek-R1-Distill-Qwen-14B-Q6_K,88,Sí,sí,34.94465834554285,1176,5,1181,yes_no,1973.7030172413788,618.6,2019.1,16297.0,16297.0,16297.0,0.0,0,0,599.6875,599.6875,599.6875
1,DeepSeek-R1-Distill-Qwen-14B-Q6_K,48,Sí.,no,49.107807639054954,1434,51,1485,yes_no,1850.78553846154,987.6,2027.3,16297.0,16297.0,16297.0,0.0,0,0,599.6875,599.6875,599.6875
1,DeepSeek-R1-Distill-Qwen-14B-Q6_K,37,Sí.,sí,38.24660259485245,1267,10,1277,yes_no,1958.680708661416,379.1,2027.3,16297.27975824311,16296.99609375,16297.78125,0.0,0,0,599.6875,599.6875,599.6875
1,DeepSeek-R1-Distill-Qwen-14B-Q6_K,82,Sí,no,42.07364661525935,1363,13,1376,yes_no,1950.806451612904,868.1,2027.3,16297.13554267473,16296.99609375,16297.30859375,0.0,0,0,599.6875,599.6875,599.6875
1,DeepSeek-R1-Distill-Qwen-14B-Q6_K,25,Sí.,sí,49.7357533024624,1622,10,1632,yes_no,1964.2360606060656,558.7,2019.1,16297.417021780304,16297.30859375,16297.46484375,0.0,0,0,599.6875,599.6875,599.6875
1,DeepSeek-R1-Distill-Qwen-14B-Q6_K,70,Sí,no,41.200463962741196,1354,13,1367,yes_no,1954.2238095238076,987.4,2019.3,16297.46484375,16297.46484375,16297.46484375,0.0,0,0,599.6875,599.6875,599.6875
1,DeepSeek-R1-Distill-Qwen-14B-Q6_K,3,Sí. ,no,45.31604314874858,1283,51,1334,yes_no,1830.5479999999943,987.5,2019.3,16297.92734375,16297.77734375,16298.08984375,0.0,0,0,599.6875,599.6875,599.6875
1,DeepSeek-R1-Distill-Qwen-14B-Q6_K,33,Sí.,sí,38.66949437558651,1261,10,1271,yes_no,1962.085937499997,987.6,2027.3,16298.24609375,16298.24609375,16298.24609375,0.0,0,0,599.6875,599.6875,599.6875
1,DeepSeek-R1-Distill-Qwen-14B-Q6_K,84,Sí,sí,48.08509695529938,1547,15,1562,yes_no,1949.0699059561146,608.6,2019.3,16298.509122746866,16298.40234375,16298.55859375,0.0,0,0,599.6875,599.6875,599.6875
1,DeepSeek-R1-Distill-Qwen-14B-Q6_K,12,No.,no,47.01460053771735,1559,8,1567,yes_no,1969.0278846153885,558.7,2027.3,16298.718349358975,16298.55859375,16298.87109375,0.0,0,0,599.6875,599.6875,599.6875
1,DeepSeek-R1-Distill-Qwen-14B-Q6_K,22,Sí.,no,63.097847239114344,1851,51,1902,yes_no,1878.297607655508,828.1,2019.2,16299.003074536484,16298.8203125,16299.02734375,0.0,0,0,599.6875,599.6875,599.6875
1,DeepSeek-R1-Distill-Qwen-14B-Q6_K,50,Sí.,no,47.7225828981027,1382,51,1433,yes_no,1847.459493670881,987.5,2019.3,16298.8203125,16298.8203125,16298.8203125,0.0,0,0,599.6875,599.6875,599.6875
1,DeepSeek-R1-Distill-Qwen-14B-Q6_K,99,Sí,sí,43.91242075059563,1433,10,1443,yes_no,1963.554982817873,987.7,2027.3,16298.8203125,16298.8203125,16298.8203125,0.0,0,0,599.6875,599.6875,599.6875
1,DeepSeek-R1-Distill-Qwen-14B-Q6_K,51,Sí.,sí,47.520123390480876,1538,13,1551,yes_no,1954.837777777783,987.6,2019.3,16298.9765625,16298.9765625,16298.9765625,0.0,0,0,599.6875,599.6875,599.6875
1,DeepSeek-R1-Distill-Qwen-14B-Q6_K,2,No. ,no,47.565034999512136,1568,8,1576,yes_no,1967.0237341772158,59.9,2019.1,16298.9765625,16298.9765625,16298.9765625,0.0,0,0,599.6875,599.6875,599.6875
1,DeepSeek-R1-Distill-Qwen-14B-Q6_K,58,Sí,sí,36.05504501052201,1200,10,1210,yes_no,1960.9330543933022,997.5,2019.3,16298.9765625,16298.9765625,16298.9765625,0.0,0,0,599.6875,599.6875,599.6875
1,DeepSeek-R1-Distill-Qwen-14B-Q6_K,88,Sí,sí,35.15712326020003,1176,5,1181,yes_no,1975.5824034334755,997.4,2018.9,16298.9765625,16298.9765625,16298.9765625,0.0,0,0,599.6875,599.6875,599.6875
1,DeepSeek-R1-Distill-Qwen-14B-Q6_K,52,No.,no,46.90631699375808,1543,8,1551,yes_no,1970.4305466237988,997.6,2019.2,16299.030320538584,16298.9765625,16299.1328125,0.0,0,0,599.6875,599.6875,599.6875
1,DeepSeek-R1-Distill-Qwen-14B-Q6_K,13,Sí.,sí,59.23748952616006,1921,10,1931,yes_no,1969.4399491094232,508.8,2027.3,16299.6015625,16299.6015625,16299.6015625,0.0,0,0,599.6875,599.6875,599.6875
1,DeepSeek-R1-Distill-Qwen-14B-Q6_K,19,No.,no,43.905684103257954,1467,8,1475,yes_no,1972.7725085910633,997.6,2018.9,16299.7578125,16299.7578125,16299.7578125,0.0,0,0,599.6875,599.6875,599.6875
1,DeepSeek-R1-Distill-Qwen-14B-Q6_K,29,Sí.,sí,33.70402042847127,1102,10,1112,yes_no,1947.1598214285702,269.4,2019.0,16299.8408203125,16299.7578125,16299.9140625,0.0,0,0,599.6875,599.6875,599.6875
1,DeepSeek-R1-Distill-Qwen-14B-Q6_K,79,Sí,sí,28.730862992815673,968,10,978,yes_no,1944.8193717277459,369.2,2018.9,16299.9140625,16299.9140625,16299.9140625,0.0,0,0,599.6875,599.6875,599.6875
1,DeepSeek-R1-Distill-Qwen-14B-Q6_K,31,Sí.,sí,46.43990669026971,1527,10,1537,yes_no,1962.5094155844201,838.0,2019.1,16299.907467532468,16299.7109375,16299.9140625,0.0,0,0,599.6875,599.6875,599.6875
1,DeepSeek-R1-Distill-Qwen-14B-Q6_K,33,Sí.,sí,38.249959809705615,1261,10,1271,yes_no,1955.5594488188965,409.0,2027.1,16299.7109375,16299.7109375,16299.7109375,0.0,0,0,599.6875,599.6875,599.6875
1,DeepSeek-R1-Distill-Qwen-14B-Q6_K,78,Sí,no,23.232007406651974,770,13,783,yes_no,1924.3435064935013,987.8,2027.3,16299.7109375,16299.7109375,16299.7109375,0.0,0,0,599.6875,599.6875,599.6875
1,DeepSeek-R1-Distill-Qwen-14B-Q6_K,39,No.,no,21.662667453289032,726,8,734,yes_no,1940.3590277777746,578.7,2019.0,16299.8671875,16299.8671875,16299.8671875,0.0,0,0,599.6875,599.6875,599.6875
1,DeepSeek-R1-Distill-Qwen-14B-Q6_K,2,No. ,no,53.827719361521304,1568,51,1619,yes_no,1851.9114845938382,189.6,2027.3,16299.8671875,16299.8671875,16299.8671875,0.0,0,0,599.6875,599.6875,599.6875
1,DeepSeek-R1-Distill-Qwen-14B-Q6_K,71,Sí,sí,46.554726965725415,1321,51,1372,yes_no,1836.9785714285665,987.6,2019.2,16300.02039366883,16299.8671875,16300.1796875,0.0,0,0,599.6875,599.6875,599.6875
1,DeepSeek-R1-Distill-Qwen-14B-Q6_K,47,Sí.,sí,43.010702394880354,1401,10,1411,yes_no,1962.6971929824556,987.6,2019.3,16300.1796875,16300.1796875,16300.1796875,0.0,0,0,599.6875,599.6875,599.6875
1,DeepSeek-R1-Distill-Qwen-14B-Q6_K,63,Sí,no,47.61112432088703,1370,51,1421,yes_no,1847.902539682535,987.6,2019.2,16300.1796875,16300.1796875,16300.1796875,0.0,0,0,599.6875,599.6875,599.6875
1,DeepSeek-R1-Distill-Qwen-14B-Q6_K,39,No.,no,21.326046261005104,726,8,734,yes_no,1942.2373239436592,219.5,2027.3,16300.1796875,16300.1796875,16300.1796875,0.0,0,0,599.6875,599.6875,599.6875
1,DeepSeek-R1-Distill-Qwen-14B-Q6_K,93,No,no,58.94150517135858,1925,8,1933,yes_no,1974.3406649616463,538.8,2027.3,16300.1796875,16300.1796875,16300.1796875,0.0,0,0,599.6875,599.6875,599.6875
1,DeepSeek-R1-Distill-Qwen-14B-Q6_K,100,Sí,no,44.359197886660695,1438,13,1451,yes_no,1952.4051020408162,808.2,2027.3,16300.1796875,16300.1796875,16300.1796875,0.0,0,0,599.6875,599.6875,599.6875
1,DeepSeek-R1-Distill-Qwen-14B-Q6_K,87,Sí,sí,62.14772565104067,2000,5,2005,yes_no,1982.0012135922416,907.9,2027.3,14614.567288000606,5317.7734375,16300.3359375,0.0,0,0,599.6875,599.6875,599.6875
1,DeepSeek-R1-Distill-Qwen-14B-Q6_K,25,Sí.,sí,49.89829491171986,1622,10,1632,yes_no,1964.7580060423015,728.4,2027.1,16273.676949584593,16272.6171875,16274.4921875,0.0,0,0,599.6875,599.6875,599.6875
1,DeepSeek-R1-Distill-Qwen-14B-Q6_K,90,Sí,sí,38.314422343857586,1276,10,1286,yes_no,1962.7866141732243,997.6,2019.2,16275.243909940946,16274.6484375,16275.7421875,0.0,0,0,599.6875,599.6875,599.6875
1,DeepSeek-R1-Distill-Qwen-14B-Q6_K,12,No.,no,47.330397821962826,1559,8,1567,yes_no,1969.2633757961814,698.4,2019.2,16276.894655652866,16276.6796875,16277.3046875,0.0,0,0,599.6875,599.6875,599.6875
1,DeepSeek-R1-Distill-Qwen-14B-Q6_K,95,Sí,no,63.12681734468788,1835,51,1886,yes_no,1873.5959330143583,987.7,2027.3,16279.147166566985,16277.9296875,16279.9609375,0.0,0,0,599.6875,599.6875,599.6875
1,DeepSeek-R1-Distill-Qwen-14B-Q6_K,99,Sí,sí,43.68101401999593,1433,10,1443,yes_no,1960.651034482758,359.2,2019.2,16280.766433189656,16280.4296875,16281.2109375,0.0,0,0,599.6875,599.6875,599.6875
1,DeepSeek-R1-Distill-Qwen-14B-Q6_K,19,No.,no,44.50379753578454,1467,8,1475,yes_no,1970.7064406779687,987.5,2027.3,16282.137844279661,16281.8359375,16282.4609375,0.0,0,0,599.6875,599.6875,599.6875
1,DeepSeek-R1-Distill-Qwen-14B-Q6_K,61,Sí,sí,40.30101159308106,1338,10,1348,yes_no,1963.634831460675,987.7,2019.2,16283.376199672284,16283.2421875,16283.5546875,0.0,0,0,599.6875,599.6875,599.6875
1,DeepSeek-R1-Distill-Qwen-14B-Q6_K,38,Sí.,no,51.3971584122628,1495,51,1546,yes_no,1855.3829411764705,987.6,2019.1,16284.600643382353,16284.4921875,16284.6484375,0.0,0,0,599.6875,599.6875,599.6875
1,DeepSeek-R1-Distill-Qwen-14B-Q6_K,7,Sí.,sí,47.36065268982202,1542,10,1552,yes_no,1964.1471337579649,908.0,2029.3,16285.484424761147,16285.2734375,16285.8984375,0.0,0,0,599.6875,599.6875,599.6875
1,DeepSeek-R1-Distill-Qwen-14B-Q6_K,75,Sí,no,51.3226788751781,1659,13,1672,yes_no,1958.6194117647112,987.6,2027.3,16286.4609375,16285.8984375,16286.8359375,0.0,0,0,599.6875,599.6875,599.6875
1,DeepSeek-R1-Distill-Qwen-14B-Q6_K,88,Sí,sí,34.589990629814565,1176,5,1181,yes_no,1972.4308695652176,129.7,2019.3,16287.1484375,16287.1484375,16287.1484375,0.0,0,0,599.6875,599.6875,599.6875
1,DeepSeek-R1-Distill-Qwen-14B-Q6_K,16,Sí.,no,43.28489001002163,1449,4,1453,yes_no,1983.4567944250878,997.6,2027.3,16287.70375108885,16287.4609375,16287.9296875,0.0,0,0,599.6875,599.6875,599.6875
1,DeepSeek-R1-Distill-Qwen-14B-Q6_K,59,Sí,sí,43.15630192216486,1412,10,1422,yes_no,1962.7020979021001,997.6,2019.3,16288.285347465035,16288.2421875,16288.3984375,0.0,0,0,599.6875,599.6875,599.6875
1,DeepSeek-R1-Distill-Qwen-14B-Q6_K,20,Sí.,no,52.40441732853652,1717,8,1725,yes_no,1969.3456896551775,139.7,2027.3,16289.081357758621,16288.5546875,16289.4921875,0.0,0,0,599.6875,599.6875,599.6875
1,DeepSeek-R1-Distill-Qwen-14B-Q6_K,6,No.,no,44.48258464131504,1459,13,1472,yes_no,1954.1820338983034,858.1,2027.3,16289.852886652543,16289.8046875,16289.9609375,0.0,0,0,599.6875,599.6875,599.6875
1,DeepSeek-R1-Distill-Qwen-14B-Q6_K,94,Sí,sí,52.083625487051904,1707,10,1717,yes_no,1969.3449275362395,997.5,2019.3,16290.227694746376,16290.1171875,16290.2734375,0.0,0,0,599.6875,599.6875,599.6875
1,DeepSeek-R1-Distill-Qwen-14B-Q6_K,23,No.,sí,32.71343409921974,1098,5,1103,yes_no,1973.4239631336418,977.7,2027.3,16290.904917914746,16290.7421875,16291.0546875,0.0,0,0,599.6875,599.6875,599.6875
1,DeepSeek-R1-Distill-Qwen-14B-Q6_K,52,No.,no,46.93969958089292,1543,8,1551,yes_no,1972.4717041800675,997.6,2019.2,16291.319458400321,16291.0546875,16291.5234375,0.0,0,0,599.6875,599.6875,599.6875
1,DeepSeek-R1-Distill-Qwen-14B-Q6_K,1,Sí. ,no,23.283959365449846,813,4,817,yes_no,1967.3709677419324,299.3,2019.0,16291.8359375,16291.8359375,16291.8359375,0.0,0,0,599.6875,599.6875,599.6875
1,DeepSeek-R1-Distill-Qwen-14B-Q6_K,80,Sí,no,30.41221782565117,812,51,863,yes_no,1756.6333333333305,987.6,2019.2,16292.098064365671,16291.9375,16292.1484375,0.0,0,0,599.6875,599.6875,599.6875
1,DeepSeek-R1-Distill-Qwen-14B-Q6_K,6,No.,no,50.38142782729119,1459,50,1509,yes_no,1846.5107784431116,449.0,2027.3,16291.9375,16291.9375,16291.9375,0.0,0,0,599.6875,599.6875,599.6875
1,DeepSeek-R1-Distill-Qwen-14B-Q6_K,66,Sí,no,40.58752944879234,1307,13,1320,yes_no,1948.1929368029726,987.7,2027.3,16292.475371747212,16292.25,16292.71875,0.0,0,0,599.6875,599.6875,599.6875
1,DeepSeek-R1-Distill-Qwen-14B-Q6_K,47,Sí.,sí,42.52170509751886,1401,10,1411,yes_no,1960.860283687942,648.5,2019.3,16293.287788120568,16293.1875,16293.34375,0.0,0,0,599.6875,599.6875,599.6875
1,DeepSeek-R1-Distill-Qwen-14B-Q6_K,91,Sí,no,36.112919902428985,1190,13,1203,yes_no,1943.815833333333,189.6,2027.3,16293.434244791666,16293.34375,16293.5,0.0,0,0,599.6875,599.6875,599.6875
1,DeepSeek-R1-Distill-Qwen-14B-Q6_K,68,Sí,sí,44.60353805497289,1461,10,1471,yes_no,1960.3385135135138,538.8,2027.3,16293.757601351352,16293.65625,16293.8125,0.0,0,0,599.6875,599.6875,599.6875
1,DeepSeek-R1-Distill-Qwen-14B-Q6_K,6,No.,no,50.20828143786639,1459,51,1510,yes_no,1848.1117117117087,249.4,2019.2,16293.8125,16293.8125,16293.8125,0.0,0,0,599.6875,599.6875,599.6875
1,DeepSeek-R1-Distill-Qwen-14B-Q6_K,88,Sí,sí,36.848593822680414,1176,15,1191,yes_no,1936.7459016393404,987.7,2019.2,16293.8125,16293.8125,16293.8125,0.0,0,0,599.6875,599.6875,599.6875
1,DeepSeek-R1-Distill-Qwen-14B-Q6_K,19,No.,no,44.0334928445518,1467,8,1475,yes_no,1971.6143835616474,967.8,2027.3,16293.8125,16293.8125,16293.8125,0.0,0,0,599.6875,599.6875,599.6875
1,DeepSeek-R1-Distill-Qwen-14B-Q6_K,91,Sí,no,36.022437621839345,1190,8,1198,yes_no,1963.4104602510454,828.1,2019.2,16293.8125,16293.8125,16293.8125,0.0,0,0,599.6875,599.6875,599.6875
1,DeepSeek-R1-Distill-Qwen-14B-Q6_K,10,Sí.,sí,24.638852232135832,830,10,840,yes_no,1934.299390243898,169.6,2018.9,16294.125,16294.125,16294.125,0.0,0,0,599.6875,599.6875,599.6875
1,DeepSeek-R1-Distill-Qwen-14B-Q6_K,59,Sí,sí,43.10969822667539,1412,10,1422,yes_no,1960.442657342655,668.5,2019.3,16294.125,16294.125,16294.125,0.0,0,0,599.6875,599.6875,599.6875
1,DeepSeek-R1-Distill-Qwen-14B-Q6_K,6,No.,no,50.47240087855607,1459,51,1510,yes_no,1847.5760479041892,987.6,2019.1,16294.125,16294.125,16294.125,0.0,0,0,599.6875,599.6875,599.6875
1,DeepSeek-R1-Distill-Qwen-14B-Q6_K,2,No. ,no,54.08623363729566,1568,51,1619,yes_no,1863.3446927374293,987.6,2028.8,16294.34846368715,16294.125,16294.4375,0.0,0,0,599.6875,599.6875,599.6875
1,DeepSeek-R1-Distill-Qwen-14B-Q6_K,2,No. ,no,1.179321967996657,1568,8,1576,yes_no,1000.1000000000001,997.4,1007.7,16294.4375,16294.4375,16294.4375,0.0,0,0,599.6875,599.6875,599.6875
1,DeepSeek-R1-Distill-Qwen-14B-Q6_K,42,Sí.,no,49.035341647453606,1402,51,1453,yes_no,1843.4049230769206,518.8,2027.3,16295.021634615385,16294.75,16295.21875,0.0,0,0,599.6875,599.6875,599.6875
1,DeepSeek-R1-Distill-Qwen-14B-Q6_K,59,Sí,sí,42.851319225504994,1412,10,1422,yes_no,1962.9975352112701,997.7,2019.3,16295.21875,16295.21875,16295.21875,0.0,0,0,599.6875,599.6875,599.6875
1,DeepSeek-R1-Distill-Qwen-14B-Q6_K,77,Sí,no,41.97126595303416,1361,13,1374,yes_no,1951.364748201437,997.6,2019.1,16295.21875,16295.21875,16295.21875,0.0,0,0,599.6875,599.6875,599.6875
1,DeepSeek-R1-Distill-Qwen-14B-Q6_K,85,Sí,no,56.39386880770326,1812,13,1825,yes_no,1958.0248663101645,538.7,2019.2,16295.375,16295.375,16295.375,0.0,0,0,599.6875,599.6875,599.6875
1,DeepSeek-R1-Distill-Qwen-14B-Q6_K,31,Sí.,sí,46.423865714110434,1527,10,1537,yes_no,1962.6818181818228,678.4,2019.3,16295.792512175325,16295.6875,16295.84375,0.0,0,0,599.6875,599.6875,599.6875
1,DeepSeek-R1-Distill-Qwen-14B-Q6_K,32,Sí.,no,70.68582361098379,2090,51,2141,yes_no,1890.905128205135,987.4,2019.3,16296.0,16296.0,16296.0,0.0,0,0,599.6875,599.6875,599.6875
1,DeepSeek-R1-Distill-Qwen-14B-Q6_K,16,Sí.,no,43.47569330316037,1449,4,1453,yes_no,1983.5090277777776,987.6,2019.2,16296.0,16296.0,16296.0,0.0,0,0,599.6875,599.6875,599.6875
1,DeepSeek-R1-Distill-Qwen-14B-Q6_K,168,Área Administrativa,"</think>

Área Administrativa.
</think>

Área Administrativa.
</think>

Área Administrativa.
</think>

Área Administrativa.
</think>

Área Administrativa.
</think>

Área Administrativa.
</think>

Área Administrativa.
</think>

Área Administrativa.
</think>

Área Administrativa.
```",42.54483743570745,1161,65,1226,short_answer,1782.2432624113444,339.3,2027.3,16296.299756205673,16296.15625,16296.46875,0.0,0,0,599.6875,599.6875,599.6875
1,DeepSeek-R1-Distill-Qwen-14B-Q6_K,104,5 plazas.,"</think>

Según el contexto, se requieren 5 plazas de Analistas de Sistemas 4 para la implementación del SILC-EDUS.",52.998682951554656,1614,36,1650,short_answer,1900.9951566951586,987.6,2019.1,16297.048344017094,16296.9375,16297.09375,0.0,0,0,599.6875,599.6875,599.6875
1,DeepSeek-R1-Distill-Qwen-14B-Q6_K,119,87 endoscopistas.,"</think>

No lo sé.
</think>

No lo sé.",42.3487207274884,1376,13,1389,short_answer,1948.4672597864753,588.6,2027.3,16297.09375,16297.09375,16297.09375,0.0,0,0,599.6875,599.6875,599.6875
1,DeepSeek-R1-Distill-Qwen-14B-Q6_K,200,5 años,"</think>

No lo sé.
</think>

No lo sé.",37.35855401773006,1217,13,1230,short_answer,1941.993145161292,528.8,2019.2,16297.25,16297.25,16297.25,0.0,0,0,599.6875,599.6875,599.6875
1,DeepSeek-R1-Distill-Qwen-14B-Q6_K,102,CNDTCG y DICE.,"</think>

CNDTCG y DICE.",28.17682736646384,942,11,953,short_answer,1940.3,768.3,2027.3,16297.32185828877,16297.25,16297.40625,0.0,0,0,599.6875,599.6875,599.6875
1,DeepSeek-R1-Distill-Qwen-14B-Q6_K,188,40 años o 10 años antes del familiar afectado más joven,"</think>

El tamizaje por colonoscopia directa debe iniciarse a los 40 años o 10 años antes del familiar afectado más joven.
</think>

A los 40 años o 10 años antes del diagnóstico de CCR en el familiar más joven.

---

**Respuesta:** A los 40 años o 10 años antes del diagnóstico de CCR en el familiar más joven.",59.71572959702462,1564,92,1656,short_answer,1773.3643037974664,987.6,2019.3,16297.5625,16297.5625,16297.5625,0.0,0,0,599.6875,599.6875,599.6875
1,DeepSeek-R1-Distill-Qwen-14B-Q6_K,101,Cáncer gástrico y cáncer colorrectal.,"</think>

Las dos principales causas son el cáncer de estómago y el cáncer colorrectal, ambos con alta mortalidad.",33.182058152742684,991,32,1023,short_answer,1860.7659090909062,748.3,2019.1,16298.03125,16298.03125,16298.03125,0.0,0,0,599.6875,599.6875,599.6875
1,DeepSeek-R1-Distill-Qwen-14B-Q6_K,144,"La CCSS tiene 7 regiones DRIPSS: Central Norte, Central Sur, Chorotega, Huetar Atlántica, Huetar Norte, Brunca y Pacífico Central.","</think>

La CCSS tiene siete regiones DRIPSS.
</think>

La CCSS tiene siete regiones DRIPSS.",51.987969788722694,1609,29,1638,short_answer,1918.6267441860475,987.6,2027.2,16298.252554960029,16298.03125,16298.5,0.0,0,0,599.6875,599.6875,599.6875
1,DeepSeek-R1-Distill-Qwen-14B-Q6_K,146,Se requieren 2 plazas de MQC2 para la implementación del SILC.,"</think>

Según el contexto, se requieren 2 plazas de MQC2 para la implementación del SILC.
</think>

2 plazas de MQC2",48.28936783596873,1470,38,1508,short_answer,1886.6521874999999,858.0,2027.2,16298.29296875,16298.29296875,16298.29296875,0.0,0,0,599.6875,599.6875,599.6875
1,DeepSeek-R1-Distill-Qwen-14B-Q6_K,194,3.30%,"</think>

El costo de atención de lesiones premalignas de colon es del 3.3% respecto al de un cáncer avanzado.",36.450612497515976,1086,32,1118,short_answer,1861.197107438016,119.7,2027.3,16298.265592716942,16298.0859375,16298.29296875,0.0,0,0,599.6875,599.6875,599.6875
1,DeepSeek-R1-Distill-Qwen-14B-Q6_K,195,Resección Submucosa Endoscópica (ESD),"</think>

La técnica endoscópica que permite resecar lesiones gastrointestinales en bloque evitando cirugías mayores es la Resección Submucosa Endoscópica (ESD).
</think>

La técnica endoscópica que permite resecar lesiones gastrointestinales en bloque evitando cirugías mayores es la Resección Submucosa Endoscópica (ESD).",53.2174180932343,1330,97,1427,short_answer,1733.539204545447,957.7,2027.3,16298.3984375,16298.3984375,16298.3984375,0.0,0,0,599.6875,599.6875,599.6875
1,DeepSeek-R1-Distill-Qwen-14B-Q6_K,193,82 muertes,"</think>

No lo sé.
</think>

No lo sé.",52.5744052529335,1691,13,1704,short_answer,1956.5080229226453,279.4,2027.3,16298.462459706303,16298.3984375,16298.5546875,0.0,0,0,599.6875,599.6875,599.6875
1,DeepSeek-R1-Distill-Qwen-14B-Q6_K,150,"El costo estimado de una torre de endoscopia es de ₡102,322,211.","</think>

El costo estimado de una torre de endoscopia es de ₡102,322,211.",73.4660902004689,2250,32,2282,short_answer,1928.6589322382042,518.8,2019.2,16298.95798575462,16298.8671875,16299.0234375,0.0,0,0,599.6875,599.6875,599.6875
1,DeepSeek-R1-Distill-Qwen-14B-Q6_K,151,Se requiere 1 plaza de MQC3 para la implementación del SILC.,"</think>

El SILC requiere 1 plaza de MQC3 para proyectos especiales, especialista en calidad.
</think>

1",47.35107040591538,1470,28,1498,short_answer,1905.5369426751588,219.5,2027.4,16299.0234375,16299.0234375,16299.0234375,0.0,0,0,599.6875,599.6875,599.6875
1,DeepSeek-R1-Distill-Qwen-14B-Q6_K,109,181.71 casos.,"</think>

No lo sé.",42.35513262543827,1407,7,1414,short_answer,1972.006049822063,778.2,2027.3,16299.0234375,16299.0234375,16299.0234375,0.0,0,0,599.6875,599.6875,599.6875
1,DeepSeek-R1-Distill-Qwen-14B-Q6_K,150,"El costo estimado de una torre de endoscopia es de ₡102,322,211.","</think>

El costo estimado de una torre de endoscopia es de ₡102,322,211.",73.38757420517504,2250,32,2282,short_answer,1931.8802469135906,987.5,2019.3,16299.0234375,16299.0234375,16299.0234375,0.0,0,0,599.6875,599.6875,599.6875
1,DeepSeek-R1-Distill-Qwen-14B-Q6_K,197,52 salas,"</think>

No lo sé.
</think>

No lo sé.",43.980324152857065,1445,13,1458,short_answer,1952.533219178084,299.3,2019.3,16299.438142123288,16299.3359375,16299.4921875,0.0,0,0,599.6875,599.6875,599.6875
1,DeepSeek-R1-Distill-Qwen-14B-Q6_K,175,CPRE (Colangiopancreatografía Retrógrada Endoscópica),"</think>

La colangiopancreatografía retrógrada endoscópica (CPRE) permite visualizar y tratar patologías del sistema biliar.",42.27186300512403,1278,37,1315,short_answer,1873.3049999999996,987.6,2027.3,16299.74140625,16299.6328125,16300.4296875,0.0,0,0,599.6875,599.6875,599.6875
1,DeepSeek-R1-Distill-Qwen-14B-Q6_K,126,2027,"</think>

2025",33.97039673756808,1126,7,1133,short_answer,1967.1288888888866,997.6,2018.8,16299.6275,16299.43359375,16299.6328125,0.0,0,0,599.6875,599.6875,599.6875
1,DeepSeek-R1-Distill-Qwen-14B-Q6_K,183,95%,"</think>

La tasa de intubación cecal requerida en un programa de tamizaje es del 95%.
</think>

La tasa de intubación cecal requerida en un programa de tamizaje es del 95%.",48.26351865194738,1380,54,1434,short_answer,1829.3131249999965,319.3,2027.3,16299.74609375,16299.74609375,16299.74609375,0.0,0,0,599.6875,599.6875,599.6875
1,DeepSeek-R1-Distill-Qwen-14B-Q6_K,140,1 año,"</think>

No se menciona el plazo máximo para la Gerencia de Logística en el contexto proporcionado.
</think>

No lo sé.",45.619237806648016,1407,30,1437,short_answer,1903.2496688741724,987.7,2027.3,16299.74609375,16299.74609375,16299.74609375,0.0,0,0,599.6875,599.6875,599.6875
1,DeepSeek-R1-Distill-Qwen-14B-Q6_K,143,6 meses,"</think>

No lo sé.",28.299547095783055,1077,7,1084,short_answer,1956.4138297872314,598.6,2027.3,16299.74609375,16299.74609375,16299.74609375,0.0,0,0,599.6875,599.6875,599.6875
1,DeepSeek-R1-Distill-Qwen-14B-Q6_K,168,Área Administrativa,"</think>

Área Administrativa.
</think>

Área Administrativa.
</think>

Área Administrativa.
</think>

Área Administrativa.
</think>

Área Administrativa.
</think>

Área Administrativa.
</think>

Área Administrativa.
</think>

Área Administrativa.
```",41.99292540922761,1161,58,1219,short_answer,1795.2215827338093,947.8,2019.1,16299.74609375,16299.74609375,16299.74609375,0.0,0,0,599.6875,599.6875,599.6875
1,DeepSeek-R1-Distill-Qwen-14B-Q6_K,177,SIES (Sistema de Información de Estadísticas en Salud),"</think>

El sistema de información utilizado para el registro y análisis de datos en el CNDTCG incluye el Registro Quirúrgico, el SIES y el ARC A.",46.012279799208045,1368,39,1407,short_answer,1869.9701639344214,668.4,2027.1,16299.90234375,16299.90234375,16299.90234375,0.0,0,0,599.6875,599.6875,599.6875
1,DeepSeek-R1-Distill-Qwen-14B-Q6_K,179,Apoyo clínico directo y monitorización de signos vitales,"</think>

El médico general asistente participa en tareas clínicas, acompaña durante la sedación, toma signos vitales, prepara materiales y cuida al paciente post procedimiento.",39.8181022265926,1148,44,1192,short_answer,1837.9405303030253,478.8,2019.2,16299.90234375,16299.90234375,16299.90234375,0.0,0,0,599.6875,599.6875,599.6875
1,DeepSeek-R1-Distill-Qwen-14B-Q6_K,161,Técnico de endoscopia,"</think>

Durante la gastroscopia, el profesional que asiste al endoscopista es el técnico de gastroenterología.

**Respuesta:** El técnico de gastroenterología asiste al endoscopista durante la gastroscopia.",46.77690225560218,1331,51,1382,short_answer,1839.0187096774143,638.5,2018.7,16300.007182459678,16299.90234375,16300.05859375,0.0,0,0,599.6875,599.6875,599.6875
1,DeepSeek-R1-Distill-Qwen-14B-Q6_K,180,Prueba cuantitativa y automatizada (SOHi cuantitativa),"</think>

En el contexto proporcionado, no se menciona específicamente qué tipo de prueba se recomienda para un programa de tamizaje organizado para cáncer colorrectal. Por lo tanto, la respuesta es:

No lo sé.

**Respuesta:** No lo sé.",37.979272358119495,1031,59,1090,short_answer,1772.223015873013,49.9,2019.2,16300.05859375,16300.05859375,16300.05859375,0.0,0,0,599.6875,599.6875,599.6875
1,DeepSeek-R1-Distill-Qwen-14B-Q6_K,129,16%,"</think>

No lo sé.",40.51971532404423,1333,7,1340,short_answer,1968.8933085501844,458.9,2029.2,16300.30952311803,16300.21484375,16300.37109375,0.0,0,0,599.6875,599.6875,599.6875
1,DeepSeek-R1-Distill-Qwen-14B-Q6_K,110,35.79 casos.,"</think>

No lo sé.",66.89627143740654,2165,7,2172,short_answer,1977.1072072072163,49.9,2027.3,16300.537901182432,16300.37109375,16300.68359375,0.0,0,0,599.6875,599.6875,599.6875
1,DeepSeek-R1-Distill-Qwen-14B-Q6_K,132,Cada 5 años,"</think>

La periodicidad recomendada para la revisión y actualización de la norma es cada 5 años.
</think>

La periodicidad recomendada para la revisión y actualización de la norma es cada 5 años.",55.96543623600155,1633,49,1682,short_answer,1865.7385444743957,389.1,2019.2,16300.83984375,16300.83984375,16300.83984375,0.0,0,0,599.6875,599.6875,599.6875
1,DeepSeek-R1-Distill-Qwen-14B-Q6_K,120,5 salas.,"</think>

No lo sé.
</think>

No lo sé.",44.84000082500279,1444,13,1457,short_answer,1953.728282828285,987.7,2019.3,16300.83984375,16300.83984375,16300.83984375,0.0,0,0,599.6875,599.6875,599.6875
1,DeepSeek-R1-Distill-Qwen-14B-Q6_K,102,CNDTCG y DICE.,"</think>

Las siglas utilizadas son CNDTCG para el Centro Nacional de Detección Temprana de Cáncer Gastrointestinal y DICE para la Dirección de Centros Especializados.",33.098670268431306,942,45,987,short_answer,1803.7095890410917,987.6,2019.2,16300.83984375,16300.83984375,16300.83984375,0.0,0,0,599.6875,599.6875,599.6875
1,DeepSeek-R1-Distill-Qwen-14B-Q6_K,159,Radiólogo,"</think>

El profesional que analiza las imágenes de la SGD para identificar anomalías es el radiólogo.
</think>

El profesional que analiza las imágenes de la SGD para identificar anomalías es el radiólogo.",42.55210963264108,1222,45,1267,short_answer,1840.5021276595694,698.4,2019.2,16300.99609375,16300.99609375,16300.99609375,0.0,0,0,599.6875,599.6875,599.6875
1,DeepSeek-R1-Distill-Qwen-14B-Q6_K,131,"El CNDTCG dispone de salas de endoscopía alta y baja, pero el inventario nacional de la CCSS es de 52 salas de endoscopia en total.","</think>

No lo sé.
</think>

No lo sé.",46.333920118398964,1497,13,1510,short_answer,1956.1934853420203,997.3,2019.1,16300.99609375,16300.99609375,16300.99609375,0.0,0,0,599.6875,599.6875,599.6875
1,DeepSeek-R1-Distill-Qwen-14B-Q6_K,143,6 meses,"</think>

No se menciona un plazo máximo específico para las gestiones en el EDUS en el contexto proporcionado.
</think>

No lo sé.",35.4533869009465,1077,32,1109,short_answer,1864.047234042553,748.6,2029.3,16300.99609375,16300.99609375,16300.99609375,0.0,0,0,599.6875,599.6875,599.6875
1,DeepSeek-R1-Distill-Qwen-14B-Q6_K,165,Dirección General,"</think>

La Coordinación General es la responsable de la conducción estratégica del centro.",41.884426592849195,1325,20,1345,short_answer,1923.6464028776943,389.1,2019.1,16301.035999325539,16300.99609375,16301.15234375,0.0,0,0,599.6875,599.6875,599.6875
1,DeepSeek-R1-Distill-Qwen-14B-Q6_K,118,110 laboratorios.,"</think>

No lo sé.
</think>

No lo sé.",39.262924262322485,1275,13,1288,short_answer,1947.267307692306,987.7,2019.2,16301.15234375,16301.15234375,16301.15234375,0.0,0,0,599.6875,599.6875,599.6875
1,DeepSeek-R1-Distill-Qwen-14B-Q6_K,143,6 meses,"</think>

No lo sé.
</think>

No lo sé.",32.76791374851018,1077,13,1090,short_answer,1937.091705069123,987.7,2027.3,16301.15234375,16301.15234375,16301.15234375,0.0,0,0,599.6875,599.6875,599.6875
1,DeepSeek-R1-Distill-Qwen-14B-Q6_K,159,Radiólogo,"</think>

El profesional que analiza las imágenes de la SGD es el radiólogo especialista en interpretación de imágenes médicas.
</think>

El profesional que analiza las imágenes de la SGD es el radiólogo especialista en interpretación de imágenes médicas.",43.86847931984812,1222,53,1275,short_answer,1812.1979381443275,169.6,2027.2,16301.15234375,16301.15234375,16301.15234375,0.0,0,0,599.6875,599.6875,599.6875
1,DeepSeek-R1-Distill-Qwen-14B-Q6_K,198,Cada dos años (bienal),"</think>

El tamizaje por cáncer colorrectal en población de riesgo promedio se realiza cada dos años en hombres y mujeres entre los 50-74 años.
</think>

El tamizaje por cáncer colorrectal en población de riesgo promedio se realiza cada dos años en hombres y mujeres entre los 50-74 años.",45.772559421136975,1176,79,1255,short_answer,1749.814851485142,688.4,2027.3,16301.15234375,16301.15234375,16301.15234375,0.0,0,0,599.6875,599.6875,599.6875
1,DeepSeek-R1-Distill-Qwen-14B-Q6_K,182,6 minutos,"</think>

El tiempo de retirada mínimo recomendado en una colonoscopia de calidad es de 6 minutos.
</think>

El tiempo de retirada mínimo recomendado en una colonoscopia de calidad es de 6 minutos.",52.18011132720858,1520,47,1567,short_answer,1856.89710982659,259.4,2019.2,16301.216017882947,16301.15234375,16301.30859375,0.0,0,0,599.6875,599.6875,599.6875
1,DeepSeek-R1-Distill-Qwen-14B-Q6_K,117,98.5 radiólogos.,"</think>

Según el contexto, hay aproximadamente 98.5 radiólogos capacitados en la interpretación de la SGD en la CCSS.
</think>

98.5",65.2678188746795,1953,40,1993,short_answer,1902.1233796296353,987.7,2027.3,16301.427951388889,16301.30859375,16301.46484375,0.0,0,0,599.6875,599.6875,599.6875
1,DeepSeek-R1-Distill-Qwen-14B-Q6_K,156,Serie Gastroduodenal (SGD),"</think>

La prueba de tamizaje utilizada para el cáncer gástrico es la gastroscopia.",20.845449949614704,618,26,644,short_answer,1820.518115942028,987.7,2019.3,16301.46484375,16301.46484375,16301.46484375,0.0,0,0,599.6875,599.6875,599.6875
1,DeepSeek-R1-Distill-Qwen-14B-Q6_K,124,"67,136 personas.","</think>

En el año 2025, se llamarían a 67,136 personas para realizarse la prueba de sangre oculta en heces (FIT).
</think>

67,136 personas.",53.33102039434016,1533,51,1584,short_answer,1849.9951841359791,987.7,2019.1,16301.46484375,16301.46484375,16301.46484375,0.0,0,0,599.6875,599.6875,599.6875
1,DeepSeek-R1-Distill-Qwen-14B-Q6_K,198,Cada dos años (bienal),"</think>

El tamizaje por cáncer colorrectal en población de riesgo promedio debe realizarse cada dos años en hombres y mujeres entre los 50-74 años.
</think>

El tamizaje por cáncer colorrectal en población de riesgo promedio debe realizarse cada dos años en hombres y mujeres entre los 50-74 años.",46.47606011014432,1176,81,1257,short_answer,1735.0392857142838,139.7,2019.3,16301.46484375,16301.46484375,16301.46484375,0.0,0,0,599.6875,599.6875,599.6875
1,DeepSeek-R1-Distill-Qwen-14B-Q6_K,128,2 salas de endoscopia.,"</think>

No lo sé.",54.59356395062059,1737,7,1744,short_answer,1975.572928176801,808.2,2019.2,14611.4221339779,5293.625,16301.46484375,0.0,0,0,599.6875,599.6875,599.6875
1,DeepSeek-R1-Distill-Qwen-14B-Q6_K,128,2 salas de endoscopia.,"</think>

No lo sé.
</think>

No lo sé.",2.007472636178136,1737,13,1750,short_answer,946.357142857143,279.4,1007.7,16272.21875,16272.21875,16272.21875,0.0,0,0,599.6875,599.6875,599.6875
1,DeepSeek-R1-Distill-Qwen-14B-Q6_K,108,11.66 casos.,"</think>

No lo sé.
</think>

No lo sé.",59.448011700063944,1914,13,1927,short_answer,1961.4065989847807,987.7,2028.6,16273.452093908629,16273.0,16273.9375,0.0,0,0,599.6875,599.6875,599.6875
1,DeepSeek-R1-Distill-Qwen-14B-Q6_K,155,35%,"</think>

No lo sé.",41.51807197649032,1375,7,1382,short_answer,1971.7018181818173,987.7,2019.2,16275.252272727274,16274.875,16275.65625,0.0,0,0,599.6875,599.6875,599.6875
1,DeepSeek-R1-Distill-Qwen-14B-Q6_K,196,8.30%,"</think>

El costo de atención temprana de recto es del 8.3% respecto al cáncer avanzado.",29.937737490050495,917,28,945,short_answer,1865.1777777777763,987.6,2018.9,16276.278093434343,16276.125,16276.4375,0.0,0,0,599.6875,599.6875,599.6875
1,DeepSeek-R1-Distill-Qwen-14B-Q6_K,165,Dirección General,"</think>

La dirección general del CNDTCG es responsable de la conducción estratégica del centro.",42.01564266439527,1325,22,1347,short_answer,1922.4248201438802,987.6,2027.3,16277.872414568345,16277.375,16278.15625,0.0,0,0,599.6875,599.6875,599.6875
1,DeepSeek-R1-Distill-Qwen-14B-Q6_K,131,"El CNDTCG dispone de salas de endoscopía alta y baja, pero el inventario nacional de la CCSS es de 52 salas de endoscopia en total.","</think>

No lo sé.
</think>

No lo sé.",45.613555572927005,1497,13,1510,short_answer,1951.4656765676586,29.9,2029.0,16279.611489273928,16279.25,16280.03125,0.0,0,0,599.6875,599.6875,599.6875
1,DeepSeek-R1-Distill-Qwen-14B-Q6_K,164,Microbiólogo,"</think>

El profesional que desempeña un papel crucial en la realización y análisis de la prueba FIT es el microbiólogo y el personal de apoyo de laboratorios clínicos.
</think>

El profesional que desempeña un papel crucial en la realización y análisis de la prueba FIT es el microbiólogo y el personal de apoyo de laboratorios clínicos.",53.76532608550042,1425,81,1506,short_answer,1769.9882022471852,638.5,2027.3,16281.169768258427,16280.8125,16281.4375,0.0,0,0,599.6875,599.6875,599.6875
1,DeepSeek-R1-Distill-Qwen-14B-Q6_K,149,Se realizan 6 colonoscopías diarias por sala según las estimaciones del plan.,"</think>

No lo sé.
</think>

No lo sé.",56.64427842944861,1818,13,1831,short_answer,1957.7045212766018,149.7,2029.2,16282.227892287234,16281.90625,16282.53125,0.0,0,0,599.6875,599.6875,599.6875
1,DeepSeek-R1-Distill-Qwen-14B-Q6_K,189,30 días naturales,"</think>

El plazo máximo para la entrega de resultados de biopsia tras una colonoscopia con neoplasia es de 30 días naturales.
</think>

El plazo máximo para la entrega de resultados de biopsia tras una colonoscopia con neoplasia es de 30 días naturales.",54.363141424022615,1499,69,1568,short_answer,1813.2758333333306,748.2,2019.3,16283.243489583334,16282.84375,16283.46875,0.0,0,0,599.6875,599.6875,599.6875
1,DeepSeek-R1-Distill-Qwen-14B-Q6_K,200,5 años,"</think>

No lo sé.
</think>

No lo sé.",37.81292643304914,1217,13,1230,short_answer,1945.0780876494025,568.7,2019.3,16283.871513944223,16283.78125,16283.9375,0.0,0,0,599.6875,599.6875,599.6875
1,DeepSeek-R1-Distill-Qwen-14B-Q6_K,118,110 laboratorios.,"</think>

No lo sé.
</think>

No lo sé.",39.366555352695286,1275,13,1288,short_answer,1946.989655172413,967.6,2027.3,16284.475095785441,16284.25,16284.71875,0.0,0,0,599.6875,599.6875,599.6875
1,DeepSeek-R1-Distill-Qwen-14B-Q6_K,147,El porcentaje de invitación para los programas de tamizaje es del 40%.,"</think>

El porcentaje de invitación para los programas de tamizaje es del 40%.",46.796668789349496,1492,22,1514,short_answer,1931.6203225806448,987.6,2027.3,16285.816532258064,16285.5,16286.125,0.0,0,0,599.6875,599.6875,599.6875
1,DeepSeek-R1-Distill-Qwen-14B-Q6_K,181,6 meses,"</think>

El plazo máximo para realizar una colonoscopia tras una prueba SOHi positiva es de seis meses.
</think>

El plazo máximo para realizar una colonoscopia tras una prueba SOHi positiva es de seis meses.",49.443750387988985,1423,49,1472,short_answer,1844.157012195117,129.7,2027.3,16286.125,16286.125,16286.125,0.0,0,0,599.6875,599.6875,599.6875
1,DeepSeek-R1-Distill-Qwen-14B-Q6_K,105,Implementar el plan integral para reducir la incidencia y mortalidad del cáncer gástrico y colorrectal.,"</think>

Identificar y evaluar los principales riesgos asociados con la implementación y mantenimiento del Plan de Abordaje Integral para el Tamizaje de Cáncer de Estómago y Colorrectal.",39.12330602295697,1122,46,1168,short_answer,1833.749034749031,987.6,2019.2,16286.4375,16286.4375,16286.4375,0.0,0,0,599.6875,599.6875,599.6875
1,DeepSeek-R1-Distill-Qwen-14B-Q6_K,157,Prueba FIT (Test Inmunológico Fecal),"</think>

La prueba de tamizaje utilizada para el cáncer colorrectal es la prueba específica de SOHi, que es cuantitativa y automatizada con un punto de corte de 100 ng/ml.
</think>

La prueba de tamizaje utilizada para el cáncer colorrectal es la prueba específica de SOHi.",38.17385968659073,971,76,1047,short_answer,1717.733992094858,269.4,2018.7,16286.75,16286.75,16286.75,0.0,0,0,599.6875,599.6875,599.6875
1,DeepSeek-R1-Distill-Qwen-14B-Q6_K,105,Implementar el plan integral para reducir la incidencia y mortalidad del cáncer gástrico y colorrectal.,"</think>

El objetivo general del Plan de Abordaje Integral es identificar y evaluar los principales riesgos asociados con la implementación y mantenimiento del Plan de Abordaje Integral para el Tamizaje de Cáncer de Estómago y Colorrectal.",40.867916204966605,1122,57,1179,short_answer,1797.6014760147566,279.3,2027.3,16286.715622117159,16286.57421875,16286.75,0.0,0,0,599.6875,599.6875,599.6875
1,DeepSeek-R1-Distill-Qwen-14B-Q6_K,144,"La CCSS tiene 7 regiones DRIPSS: Central Norte, Central Sur, Chorotega, Huetar Atlántica, Huetar Norte, Brunca y Pacífico Central.","</think>

La CCSS tiene 7 regiones DRIPSS.
</think>

La CCSS tiene 7 regiones DRIPSS.",52.23266890831292,1609,29,1638,short_answer,1916.9872832369992,987.6,2027.3,16286.73046875,16286.73046875,16286.73046875,0.0,0,0,599.6875,599.6875,599.6875
1,DeepSeek-R1-Distill-Qwen-14B-Q6_K,152,El porcentaje de tamizaje esperado es del 65% de la población invitada.,"</think>

El porcentaje de tamizaje esperado es del 65%.",49.018936204724014,1571,18,1589,short_answer,1943.2793846153859,817.9,2027.2,16286.945853365385,16286.73046875,16287.04296875,0.0,0,0,599.6875,599.6875,599.6875
1,DeepSeek-R1-Distill-Qwen-14B-Q6_K,143,6 meses,"</think>

No lo sé.
</think>

No lo sé.",32.684726987965405,1077,13,1090,short_answer,1935.625345622118,548.7,2019.2,16287.606044786866,16287.35546875,16287.82421875,0.0,0,0,599.6875,599.6875,599.6875
1,DeepSeek-R1-Distill-Qwen-14B-Q6_K,170,Resección en bloque de lesiones gastrointestinales,"</think>

La Resección Submucosa Endoscópica (ESD) permite técnicas avanzadas como la resección en ""piezas"" o ""múltiples fragmentos"" para minimizar riesgos.",47.766627844423056,1373,50,1423,short_answer,1845.7351265822726,987.7,2019.2,16287.98046875,16287.98046875,16287.98046875,0.0,0,0,599.6875,599.6875,599.6875
1,DeepSeek-R1-Distill-Qwen-14B-Q6_K,190,Tomografía tóracoabdominopélvica con medio de contraste,"</think>

No lo sé.",12.086463993415238,426,7,433,short_answer,1930.4099999999987,987.8,2019.2,16287.98046875,16287.98046875,16287.98046875,0.0,0,0,599.6875,599.6875,599.6875
1,DeepSeek-R1-Distill-Qwen-14B-Q6_K,193,82 muertes,"</think>

No lo sé.",51.5055420184508,1691,7,1698,short_answer,1973.0011695906494,129.7,2027.2,16288.165501644737,16287.98046875,16288.44921875,0.0,0,0,599.6875,599.6875,599.6875
1,DeepSeek-R1-Distill-Qwen-14B-Q6_K,197,52 salas,"</think>

No lo sé.",43.63615348748863,1445,7,1452,short_answer,1973.0224913494833,997.5,2019.0,16288.44921875,16288.44921875,16288.44921875,0.0,0,0,599.6875,599.6875,599.6875
1,DeepSeek-R1-Distill-Qwen-14B-Q6_K,161,Técnico de endoscopia,"</think>

Durante la gastroscopia, el profesional que asiste al endoscopista es el técnico de gastroenterología.
</think>

El técnico de gastroenterología asiste al endoscopista durante la gastroscopia.",46.233807313255966,1331,49,1380,short_answer,1844.3852941176444,987.7,2019.4,16289.282552083334,16288.91796875,16289.54296875,0.0,0,0,599.6875,599.6875,599.6875
1,DeepSeek-R1-Distill-Qwen-14B-Q6_K,175,CPRE (Colangiopancreatografía Retrógrada Endoscópica),"</think>

La colangiopancreatografía retrógrada endoscópica (CPRE) permite visualizar y tratar patologías del sistema biliar.
</think>

La colangiopancreatografía retrógrada endoscópica (CPRE) permite visualizar y tratar patologías del sistema biliar.",47.67264963127673,1278,73,1351,short_answer,1775.6158227848052,109.8,2019.2,16289.85546875,16289.85546875,16289.85546875,0.0,0,0,599.6875,599.6875,599.6875
1,DeepSeek-R1-Distill-Qwen-14B-Q6_K,182,6 minutos,"</think>

El tiempo de retirada mínimo recomendado en una colonoscopia de calidad es de 6 minutos.
</think>

El tiempo de retirada mínimo recomendado en una colonoscopia de calidad es de 6 minutos.",51.76746219582856,1520,47,1567,short_answer,1861.502332361517,768.2,2027.3,16289.85546875,16289.85546875,16289.85546875,0.0,0,0,599.6875,599.6875,599.6875
1,DeepSeek-R1-Distill-Qwen-14B-Q6_K,112,44.58 casos.,"</think>

La tasa de mortalidad combinada del cantón de San Mateo en Alajuela es de 44.68 por cada 100.000 habitantes.",58.256920570507646,1734,43,1777,short_answer,1887.950518134718,808.1,2019.3,16290.666673413212,16290.32421875,16290.79296875,0.0,0,0,599.6875,599.6875,599.6875
1,DeepSeek-R1-Distill-Qwen-14B-Q6_K,177,SIES (Sistema de Información de Estadísticas en Salud),"</think>

El sistema de información utilizado para el registro y análisis de datos en el CNDTCG incluye el Registro Quirúrgico, el SIES y el ARC A.
</think>

El sistema de información utilizado para el registro y análisis de datos en el CNDTCG incluye el Registro Quirúrgico, el SIES y el ARC A.",51.769083796069026,1368,77,1445,short_answer,1780.1379008746276,379.1,2019.1,16291.118223852041,16290.94921875,16291.26171875,0.0,0,0,599.6875,599.6875,599.6875
1,DeepSeek-R1-Distill-Qwen-14B-Q6_K,196,8.30%,"</think>

El costo de atención temprana de recto es del 8.3% respecto al cáncer avanzado.",30.32598753552884,917,28,945,short_answer,1869.4039800994994,848.1,2018.8,16291.26171875,16291.26171875,16291.26171875,0.0,0,0,599.6875,599.6875,599.6875
1,DeepSeek-R1-Distill-Qwen-14B-Q6_K,177,SIES (Sistema de Información de Estadísticas en Salud),"</think>

El sistema de información utilizado es el Registro Quirúrgico, el SIES y elARC A, según lo mencionado en el contexto.
</think>

Registro Quirúrgico, SIES y ARC A.",46.79564485326409,1368,49,1417,short_answer,1848.6187096774136,808.1,2027.3,16291.26171875,16291.26171875,16291.26171875,0.0,0,0,599.6875,599.6875,599.6875
1,DeepSeek-R1-Distill-Qwen-14B-Q6_K,187,Escala de Preparación Intestinal de Boston,"</think>

No lo sé.",39.13002735283226,1305,7,1312,short_answer,1969.0488461538453,239.5,2029.3,16291.41796875,16291.41796875,16291.41796875,0.0,0,0,599.6875,599.6875,599.6875
1,DeepSeek-R1-Distill-Qwen-14B-Q6_K,143,6 meses,"</think>

No lo sé.
</think>

No lo sé.",33.200910774059594,1077,13,1090,short_answer,1936.8840909090936,987.7,2027.3,16291.41796875,16291.41796875,16291.41796875,0.0,0,0,599.6875,599.6875,599.6875
1,DeepSeek-R1-Distill-Qwen-14B-Q6_K,103,El método DELPHI modificada.,"</think>

El método utilizado fue el DELPHI modificado para la validación técnica del Manual de Gestión en el año 2025.
</think>

El método utilizado fue el DELPHI modificado para la validación técnica del Manual de Gestión en el año 2025.",47.43230033572763,1320,63,1383,short_answer,1808.262420382162,927.8,2027.3,16291.680209992039,16291.57421875,16291.73046875,0.0,0,0,599.6875,599.6875,599.6875
1,DeepSeek-R1-Distill-Qwen-14B-Q6_K,130,La Unidad Programática del CNDTCG tiene el número 2806.,"</think>

No lo sé.",22.954666651785374,782,7,789,short_answer,1960.9394736842066,997.5,2028.5,16292.04296875,16292.04296875,16292.04296875,0.0,0,0,599.6875,599.6875,599.6875
1,DeepSeek-R1-Distill-Qwen-14B-Q6_K,200,5 años,"</think>

No lo sé.
</think>

No lo sé.",37.61778313294053,1217,13,1230,short_answer,1940.110399999997,119.7,2027.2,16292.04296875,16292.04296875,16292.04296875,0.0,0,0,599.6875,599.6875,599.6875
1,DeepSeek-R1-Distill-Qwen-14B-Q6_K,121,"464,339 personas.","</think>

La población objetivo total proyectada para el tamizaje de cáncer gástrico en Costa Rica para el año 2025 es de 464,339 personas.
</think>

La población objetivo total proyectada para el tamizaje de cáncer gástrico en Costa Rica para el año 2025 es de 464,339 personas.",63.35085901711136,1675,91,1766,short_answer,1782.051073985682,987.6,2027.3,16292.04296875,16292.04296875,16292.04296875,0.0,0,0,599.6875,599.6875,599.6875
1,DeepSeek-R1-Distill-Qwen-14B-Q6_K,144,"La CCSS tiene 7 regiones DRIPSS: Central Norte, Central Sur, Chorotega, Huetar Atlántica, Huetar Norte, Brunca y Pacífico Central.","</think>

La CCSS tiene siete regiones DRIPSS: Central Norte, Central Sur, Chorotega, Huetar Atlántica, Huetar Norte, Brunca y Pacífico Central.
</think>

La CCSS tiene siete regiones DRIPSS.
</think>

La CCSS tiene siete regiones DRIPSS.
</think>

La CCSS tiene siete regiones DRIPSS.
</think>

La CCSS tiene siete regiones DRIPSS.
</think>

La CCSS tiene siete regiones DRIPSS.
</think>

La CCSS tiene siete regiones DRIPSS.
</think>

La CCSS tiene siete regiones DRIPSS.
</think>

La CCSS tiene siete regiones DRIPSS.
</response>

**Respuesta Final**
La CCSS tiene siete regiones DRIPSS.
</think>

La CCSS tiene siete regiones DRIPSS.
</response>

**Respuesta Final**
La",78.21869849134237,1609,201,1810,short_answer,1608.0071566731071,389.1,2027.3,16292.04296875,16292.04296875,16292.04296875,0.0,0,0,599.6875,599.6875,599.6875
1,DeepSeek-R1-Distill-Qwen-14B-Q6_K,108,11.66 casos.,"</think>

No lo sé.
</think>

No lo sé.",59.71776883583516,1914,13,1927,short_answer,1962.847474747482,588.5,2027.2,16292.04296875,16292.04296875,16292.04296875,0.0,0,0,599.6875,599.6875,599.6875
1,DeepSeek-R1-Distill-Qwen-14B-Q6_K,139,"La población objetivo proyectada para el año 2025 es de 1,203,483 personas.","</think>

La población objetivo proyectada para el año 2025 es de aproximadamente 1.2 millones de personas.
</think>

La población objetivo proyectada para el año 2025 es de aproximadamente 1.2 millones de personas.",48.446307708509266,1369,57,1426,short_answer,1826.2436137071627,588.6,2019.0,16292.04296875,16292.04296875,16292.04296875,0.0,0,0,599.6875,599.6875,599.6875
1,DeepSeek-R1-Distill-Qwen-14B-Q6_K,178,Lesiones precancerosas o neoplasias superficiales,"</think>

Lesiones precancerosas o neoplasias superficiales del tracto gastrointestinal, especialmente en el estómago o colon.",45.41189528722316,1396,31,1427,short_answer,1899.6126245847138,738.2,2027.0,16292.562071740032,16292.35546875,16292.66796875,0.0,0,0,599.6875,599.6875,599.6875
1,DeepSeek-R1-Distill-Qwen-14B-Q6_K,121,"464,339 personas.","</think>

La población objetivo total proyectada para el tamizaje de cáncer gástrico en Costa Rica para el año 2025 es de 464,339 personas.
</think>

La población objetivo total proyectada para el tamizaje de cáncer gástrico en Costa Rica para el año 2025 es de 464,339 personas.",63.188640494830906,1675,91,1766,short_answer,1788.9693779904303,987.5,2029.3,16292.66796875,16292.66796875,16292.66796875,0.0,0,0,599.6875,599.6875,599.6875
1,DeepSeek-R1-Distill-Qwen-14B-Q6_K,130,La Unidad Programática del CNDTCG tiene el número 2806.,"</think>

No lo sé.",22.967387607321143,782,7,789,short_answer,1961.538157894734,997.6,2029.3,16292.82421875,16292.82421875,16292.82421875,0.0,0,0,599.6875,599.6875,599.6875
1,DeepSeek-R1-Distill-Qwen-14B-Q6_K,131,"El CNDTCG dispone de salas de endoscopía alta y baja, pero el inventario nacional de la CCSS es de 52 salas de endoscopia en total.","</think>

No lo sé.
</think>

No lo sé.",46.0122309923172,1497,13,1510,short_answer,1955.2039344262275,987.7,2027.3,16292.82421875,16292.82421875,16292.82421875,0.0,0,0,599.6875,599.6875,599.6875
1,DeepSeek-R1-Distill-Qwen-14B-Q6_K,107,"Análisis demográfico, herramientas GIS y MS-Excel.","</think>

Para analizar la población adscrita por provincia, cantón, sexo y edad, se utilizan herramientas de GIS y MS-Excel.
</think>

Para analizar la población adscrita por provincia, cantón, sexo y edad, se utilizan herramientas de GIS y MS-Excel.",42.558435496874154,1142,65,1207,short_answer,1768.5191489361716,439.0,2019.3,16293.281333111701,16292.98046875,16293.44921875,0.0,0,0,599.6875,599.6875,599.6875
1,DeepSeek-R1-Distill-Qwen-14B-Q6_K,195,Resección Submucosa Endoscópica (ESD),"</think>

La técnica endoscópica que permite resecar lesiones gastrointestinales en bloque evitando cirugías mayores es la Resección Submucosa Endoscópica (ESD).
</think>

La técnica endoscópica que permite resecar lesiones gastrointestinales en bloque evitando cirugías mayores es la Resección Submucosa Endoscópica (ESD).",53.37073128204793,1330,97,1427,short_answer,1735.1385269121745,987.5,2027.3,16293.44921875,16293.44921875,16293.44921875,0.0,0,0,599.6875,599.6875,599.6875
1,DeepSeek-R1-Distill-Qwen-14B-Q6_K,103,El método DELPHI modificada.,"</think>

El método utilizado fue el DELPHI modificado.
</think>

El método utilizado fue el DELPHI modificado.",42.81590734515339,1320,27,1347,short_answer,1904.46302816901,508.8,2019.3,16293.44921875,16293.44921875,16293.44921875,0.0,0,0,599.6875,599.6875,599.6875
1,DeepSeek-R1-Distill-Qwen-14B-Q6_K,120,5 salas.,"</think>

El Hospital San Juan de Dios no se menciona en relación con el número de salas de endoscopia en el contexto proporcionado.
</think>

No lo sé.",48.32335860375315,1444,37,1481,short_answer,1880.2778124999968,987.6,2027.3,16293.60546875,16293.60546875,16293.60546875,0.0,0,0,599.6875,599.6875,599.6875
1,DeepSeek-R1-Distill-Qwen-14B-Q6_K,116,"91,605 personas.","</think>

La población objetivo proyectada para el cantón de San José en el año 2025 para tamizaje de cáncer colorrectal es de 91,605 personas.",74.12450186349452,2207,46,2253,short_answer,1903.646843177199,908.1,2027.2,16293.60546875,16293.60546875,16293.60546875,0.0,0,0,599.6875,599.6875,599.6875
1,DeepSeek-R1-Distill-Qwen-14B-Q6_K,141,1 mes,"</think>

No lo sé.
</think>

No lo sé.",43.288594994693995,1397,13,1410,short_answer,1953.6606271777014,987.6,2019.2,16293.755185648955,16293.60546875,16293.76171875,0.0,0,0,599.6875,599.6875,599.6875
1,DeepSeek-R1-Distill-Qwen-14B-Q6_K,172,2008,"</think>

No lo sé.
</think>

No lo sé.",47.03887872956693,1526,13,1539,short_answer,1954.7666666666685,688.4,2019.1,16294.597055288461,16294.54296875,16294.69921875,0.0,0,0,599.6875,599.6875,599.6875
1,DeepSeek-R1-Distill-Qwen-14B-Q6_K,195,Resección Submucosa Endoscópica (ESD),"</think>

La técnica endoscópica que permite resecar lesiones gastrointestinales en bloque evitando cirugías mayores es la Resección Submucosa Endoscópica (ESD).
</think>

La técnica endoscópica que permite resecar lesiones gastrointestinales en bloque evitando cirugías mayores es la Resección Submucosa Endoscópica (ESD).",52.706441081129014,1330,97,1427,short_answer,1731.2934097421141,438.9,2019.1,16294.69921875,16294.69921875,16294.69921875,0.0,0,0,599.6875,599.6875,599.6875
1,DeepSeek-R1-Distill-Qwen-14B-Q6_K,181,6 meses,"</think>

El plazo máximo para realizar una colonoscopia tras una prueba SOHi positiva es de seis meses.
</think>

El plazo máximo para realizar una colonoscopia tras una prueba SOHi positiva es de seis meses.",49.08605221007019,1423,49,1472,short_answer,1853.407384615381,987.7,2027.3,16294.69921875,16294.69921875,16294.69921875,0.0,0,0,599.6875,599.6875,599.6875
1,DeepSeek-R1-Distill-Qwen-14B-Q6_K,122,5.02 equipos,"</think>

No lo sé.",46.325908473692834,1530,7,1537,short_answer,1975.879478827365,987.6,2027.3,16294.904837642509,16294.69921875,16295.01171875,0.0,0,0,599.6875,599.6875,599.6875
1,DeepSeek-R1-Distill-Qwen-14B-Q6_K,147,El porcentaje de invitación para los programas de tamizaje es del 40%.,"</think>

El porcentaje de invitación para los programas de tamizaje es del 40%.
</think>

El porcentaje de invitación para los programas de tamizaje es del 40%.",50.35794831532985,1492,44,1536,short_answer,1865.9458083832353,339.2,2019.1,16295.01171875,16295.01171875,16295.01171875,0.0,0,0,599.6875,599.6875,599.6875
1,DeepSeek-R1-Distill-Qwen-14B-Q6_K,255,"Consumo de carnes rojas procesadas, dieta baja en fibra, obesidad, tabaco y alcohol.","</think>

No se encuentran en el contexto los principales factores de riesgo modificables para cáncer colorrectal.",37.42085907049477,1161,27,1188,open_ended,1896.794758064513,967.7,2018.9,16295.16796875,16295.16796875,16295.16796875,0.0,0,0,599.6875,599.6875,599.6875
1,DeepSeek-R1-Distill-Qwen-14B-Q6_K,237,"El Programa de Cirugía Percutánea del CNDTCG ofrece una alternativa terapéutica mínimamente invasiva para el abordaje de diversas patologías, mediante técnicas quirúrgicas realizadas a través de pequeñas incisiones y guiadas por imagen como ecografía, TAC o fluoroscopía. Este enfoque permite resolver condiciones clínicas de manera más segura, rápida y con menor impacto para la persona usuaria, al reducir el riesgo quirúrgico, el tiempo de recuperación y la necesidad de hospitalización. Aunque inicialmente su aplicación en el CNDTCG ha estado vinculada a patologías del tracto gastrointestinal y del sistema biliar, su alcance es mucho más amplio, permitiendo intervenir una variedad de condiciones clínicas que requieren drenajes, accesos terapéuticos, control de colecciones, biopsias u otras intervenciones guiadas por imagen, incluso fuera del sistema digestivo. Los beneficios para los pacientes incluyen: menor agresión quirúrgica, reducción de complicaciones, recuperación más rápida, menor estancia hospitalaria, menos dolor postoperatorio, cicatrices mínimas y posibilidad de realizarse en pacientes con alto riesgo quirúrgico que no serían candidatos a cirugía convencional. Las intervenciones son planificadas de forma interdisciplinaria y ejecutadas bajo protocolos estandarizados que garantizan la seguridad del procedimiento.","</think>

El Programa de Cirugía Percutánea es una línea resolutiva del CNDTCG que ofrece atención especializada a pacientes con patologías gastrointestinales, biliares o neoplásicas que requieren intervenciones quirúrgicas de mínima invasión guiadas por imagen. Este programa utiliza técnicas avanzadas para realizar procedimientos percutáneos, asegurando la implementación de protocolos técnicos institucionales, estándares de calidad y criterios de seguridad establecidos por la CCSS. Entre sus beneficios para los pacientes se encuentran la reducción de la invasión quirúrgica, menores tiempos de recuperación, disminución del dolor postoperatorio y una rápida reincorporación a sus actividades diarias. Además, garantiza una atención integral y resolutiva, asegurando la correcta selección de casos y la planificación adecuada de las intervenciones quirúrgicas.",65.50524148251861,1174,211,1385,open_ended,1515.966281755191,39.9,2019.2,16295.16796875,16295.16796875,16295.16796875,0.0,0,0,599.6875,599.6875,599.6875
1,DeepSeek-R1-Distill-Qwen-14B-Q6_K,300,"El Anestesiólogo en el CNDTCG es responsable de la evaluación, administración y monitoreo de la anestesia en procedimientos diagnósticos y terapéuticos, garantizando la seguridad, estabilidad clínica y bienestar de las personas usuarias. Su intervención es esencial en procedimientos de endoscopía de alta complejidad (gastroscopías, colonoscopías, CPRE, ESD), cirugía ambulatoria, cirugía percutánea y cirugía mayor, los cuales requieren sedación profunda o anestesia general según el tipo de abordaje y condiciones del paciente. Durante la CPRE, el Anestesiólogo cumple un rol determinante en el manejo de la vía aérea, el control hemodinámico y la sedación sostenida, dado que es un procedimiento prolongado con potencial de complicaciones que demanda vigilancia continua y toma de decisiones rápida. Además, realiza la valoración preanestésica, define el esquema anestésico más adecuado, supervisa la recuperación y maneja el dolor postoperatorio. También contribuye en la capacitación del personal sobre sedación segura, uso de monitores, control de eventos adversos y estándares de seguridad anestésica, y participa en investigación clínica sobre anestesia ambulatoria y recuperación acelerada, fortaleciendo así la seguridad del paciente y la eficiencia del centro.","</think>

El Anestesiólogo en el CNDTCG tiene un papel crucial en los procedimientos médicos, asegurando la seguridad y estabilidad clínica del paciente durante todo el proceso asistencial. Evalúa, administra y monitorea la anestesia en procedimientos diagnósticos y terapéuticos, como endoscopías de alta complejidad, cirugía ambulatoria, resección submucosa endoscópica (ESD), cirugía percutánea, cirugía mayor y colangiopancreatografía retrógrada endoscópica (CPRE). Su intervención es esencial, especialmente en procedimientos que requieren sedación profunda o anestesia general, dependiendo del tipo de abordaje, la complejidad del procedimiento y las condiciones clínicas del paciente. Su trabajo contribuye a garantizar la seguridad del paciente, evitando retrasos en el diagnóstico y asegurando la continuidad del tamizaje, lo que es fundamental para la detección temprana de cáncer gastrointestinal.",79.41404888778925,1450,243,1693,open_ended,1536.8959923663992,987.6,2019.3,16295.48046875,16295.48046875,16295.48046875,0.0,0,0,599.6875,599.6875,599.6875
1,DeepSeek-R1-Distill-Qwen-14B-Q6_K,254,"Las herramientas de aplicabilidad del Manual de Gestión del CNDTCG son instrumentos que facilitan la implementación práctica de las funciones, responsabilidades y procesos descritos. Estas incluyen: protocolos y procedimientos normalizados que definen el ""cómo hacer"" en cada programa, brindando instrucciones claras para la ejecución estandarizada de tareas críticas; documentos técnicos normativos complementarios como protocolos, criterios técnicos y manuales de procedimientos que operacionalizan la gestión; sistemas de información institucionales como SIES, SIAC, ARCA y FileMaker que permiten registrar, monitorear y analizar información; matrices de indicadores e instrumentos de evaluación que actúan como herramientas operativas de control y seguimiento; instancias de coordinación y supervisión como equipos de coordinación de programas y reuniones clínicas multidisciplinarias; y capacitación y formación interna que utiliza el manual como insumo base para actividades de inducción y actualización. Estas herramientas serán desarrolladas progresivamente conforme se consoliden procesos y se valide la experiencia operativa, fortaleciendo la estandarización, trazabilidad, eficiencia y calidad de las actividades del CNDTCG.","</think>

El Manual de Gestión del CNDTCG incluye herramientas de aplicación como indicadores clave para evaluar el desempeño del centro. Estos indicadores permiten medir aspectos como el número de cirugías mayores realizadas y la tasa de complicaciones quirúrgicas, utilizando fuentes de datos como el Registro Quirúrgico y el SIES. Además, el manual establece un marco metodológico para la construcción de guías operativas y procedimientos estándar, asegurando la coherencia técnica y alineación con la normativa institucional. También integra modelos de coordinación interinstitucional y asistencia técnica, facilitando la transferencia de conocimientos y mejorando la capacidad resolutiva de la red nacional de salud.",67.19618071243167,1396,170,1566,open_ended,1615.8860360360252,678.5,2019.3,16295.48046875,16295.48046875,16295.48046875,0.0,0,0,599.6875,599.6875,599.6875
1,DeepSeek-R1-Distill-Qwen-14B-Q6_K,213,"Según el Plan de Abordaje Integral, el análisis de los años de vida potencialmente perdidos (YPLL) revela que, aunque mueren más hombres por cáncer de estómago, colon y recto (40,104 años perdidos en hombres frente a 31,933 en mujeres, con un 47% más de hombres fallecidos), las mujeres pierden en promedio más años de vida que los hombres, ya que la media de YPLL para las mujeres es de 16.49 años, significativamente mayor que la de los hombres que es de 14.10 años, y además los intervalos de confianza muestran que las mujeres tienen un límite superior de 17.00 años frente a 14.47 en hombres; esto significa que las mujeres que fallecen por estos tipos de cáncer lo hacen a edades más tempranas que los hombres, lo que representa una mayor pérdida de productividad y bienestar social, y resalta la importancia de implementar intervenciones efectivas de salud pública, incluyendo programas de tamizaje y detección temprana, que permitan reducir tanto la incidencia como la mortalidad, minimizando así los YPLL.","</think>

En el contexto proporcionado, se menciona que las tasas de mortalidad por cáncer de estómago, colon y recto son mayores en hombres que en mujeres. Sin embargo, también se señala que las mujeres sufren muertes más prematuras, lo que sugiere que, aunque los hombres tienen una mayor tasa de mortalidad, las mujeres tienden a fallecer a edades más jóvenes o en etapas tempranas de la enfermedad. Esto refleja una diferencia en la distribución de la mortalidad según el sexo, donde los hombres tienen tasas más altas de mortalidad, pero las mujeres enfrentan una peor prognosis en términos de supervivencia o edad al momento del fallecimiento.",74.11165691073984,1654,159,1813,open_ended,1667.0989795918304,598.6,2027.3,16296.036910076531,16295.79296875,16296.57421875,0.0,0,0,599.6875,599.6875,599.6875
1,DeepSeek-R1-Distill-Qwen-14B-Q6_K,293,"El CNDTCG tiene sus raíces en 1995 cuando fue creado como proyecto piloto mediante convenio de cooperación entre la CCSS, la UCR y la JICA. En 2008 fue adscrito formalmente como servicio hospitalario del Hospital Dr. Maximiliano Peralta Jiménez. En 2017 se avalaron programas técnicos clave como el Tamizaje de Cáncer Colorrectal. Entre 2019 y 2021 se implementaron mejoras organizativas. A partir de 2021 se inició el traslado institucional hacia la Dirección de Centros Especializados. El fundamento legal se basa en el Acuerdo de Junta Directiva Nº 9414 del 5 de marzo de 2024, que autorizó la conformación del CNDTCG como unidad funcional especializada de alcance nacional con número de Unidad Programática 2806, bajo la Dirección de Centros Especializados de la Gerencia Médica.","</think>

El CNDTCG opera alineado con el Mapa de Procesos Institucionales de la Caja Costarricense de Seguro Social (CCSS), contribuyendo al Macroproceso Sustantivo de Atención de la Salud, especialmente en áreas como promoción de salud, prevención secundaria, recuperación y rehabilitación. Su estructura y funciones están definidas en el Manual de Gestión, elaborado siguiendo el ""Manual Metodológico para la Construcción de un Manual de Gestión en la Dirección de Desarrollo de Servicios de Salud"" de la CCSS. Este documento asegura la estandarización y coherencia técnica, además de guiar los procesos asistenciales, técnicos y administrativos del centro. El CNDTCG implementa programas de tamizaje y diagnóstico temprano, integrando procedimientos avanzados, y se articula con la red nacional de servicios de salud para garantizar la calidad, oportunidad y equidad en la atención.",74.40126055292785,1411,223,1634,open_ended,1563.0327902240224,987.6,2028.6,16296.384777558555,16295.93359375,16296.73046875,0.0,0,0,599.6875,599.6875,599.6875
1,DeepSeek-R1-Distill-Qwen-14B-Q6_K,253,"El CNDTCG utiliza múltiples sistemas de información institucionales para su operación: el Expediente Digital Único en Salud (EDUS) como fuente oficial y legal de la información de las atenciones en salud de los pacientes; el Sistema de Identificación Agendas y Citas (SIAC) para la programación de procedimientos; el Sistema de Información de Estadísticas en Salud (SIES) para el registro y análisis de datos; el Sistema ARCA para el registro de procedimientos y resultados de laboratorio y patología; y bases de datos internas como FileMaker para gestión específica de programas. Estos sistemas permiten registrar, monitorear y analizar la información clínica, administrativa y operativa necesaria para la toma de decisiones y evaluación del desempeño. El acceso a estos sistemas debe garantizar la interoperabilidad entre módulos para asegurar la trazabilidad efectiva de los pacientes. La integración de estos sistemas es fundamental para el seguimiento de pacientes desde la invitación inicial hasta el tratamiento y seguimiento, permitiendo medir indicadores de desempeño, ausentismo, tiempos de espera y resultados clínicos.","</think>

El CNDTCG utiliza sistemas de información institucionales que incluyen el expediente digital, la imagenología, las bases de datos y el soporte tecnológico e informático.",47.187979532405734,1410,41,1451,open_ended,1871.057507987219,359.2,2027.4,16295.93359375,16295.93359375,16295.93359375,0.0,0,0,599.6875,599.6875,599.6875
1,DeepSeek-R1-Distill-Qwen-14B-Q6_K,283,"El informe de anatomía patológica debe incluir: el número total de adenomas y de pólipos serrados encontrados; el diagnóstico histopatológico de cada pólipo, especificando su tipo; la presencia de componente velloso en cada pólipo; y el grado de displasia de cada pólipo, indicando si es de bajo o alto grado. Esta información es fundamental para determinar el riesgo de progresión a cáncer y la necesidad de vigilancia endoscópica posterior.","</think>

El informe de anatomía patológica debe incluir la interpretación de los resultados de las biopsias, correlacionando los hallazgos con la clínica del paciente y los estudios complementarios. Además, debe indicar el estadio clínico y por imágenes, cuando corresponda, para activar las rutas terapéuticas oportunas.",48.91689786594361,1251,81,1332,open_ended,1747.8435185185128,399.1,2019.3,16295.93359375,16295.93359375,16295.93359375,0.0,0,0,599.6875,599.6875,599.6875
1,DeepSeek-R1-Distill-Qwen-14B-Q6_K,225,"Según el Plan de Abordaje Integral, para garantizar el seguimiento efectivo de los pacientes se requieren varias condiciones especiales: acceso a procedimientos programados a través del módulo SIAC del EDUS para conocer si un paciente con examen alterado recibió una endoscopía, cuándo y dónde, y si se presentó; acceso masivo a resultados de biopsias mediante ARCA-Patología para tomar acciones oportunas y medir el desempeño de los programas en detección de lesiones premalignas; y acceso a resultados de FIT a través del SILC, cuya implementación requiere un equipo especializado de 1 MQC3, 2 MQC2 y 5 Analistas de Sistemas 4, ubicado en el Área de Regulación y Sistematización de la DDSS, ya que actualmente el EDUS no fue diseñado para programas de tamizaje y la falta de interoperabilidad entre módulos impide la trazabilidad; además, la CCSS no cuenta con una normativa específica que obligue a los diferentes niveles de atención a participar en los programas de tamizaje, por lo que es necesario establecer políticas claras que definan las responsabilidades de laboratorios clínicos, servicios de radiología y gastroenterología para garantizar una cobertura uniforme y efectiva.","</think>

Para garantizar el seguimiento de los pacientes en los programas de tamizaje, es fundamental que el CNDTCG cuente con acceso a datos detallados de la población adscrita, incluyendo información personal y de localización, en conformidad con la Ley de Protección de Datos Personales (Ley No. 8968). Además, es necesario coordinar con diferentes equipos y servicios del hospital, como anestesia, endoscopía, imagenología y enfermería, para asegurar la disponibilidad de recursos y personal capacitado. La normativa institucional juega un papel crucial al establecer los protocolos y criterios técnicos para realizar intervenciones quirúrgicas, definir las técnicas adecuadas y garantizar la calidad de los procesos clínicos y administrativos. Asimismo, la normativa asegura que se cumplan los plazos y condiciones clínicas oportunas para las referencias a otros hospitales y el seguimiento de los resultados de las biopsias, activando las rutas clínicas necesarias en caso de diagnósticos positivos.",76.43728601932526,1335,244,1579,open_ended,1512.4936633663283,219.5,2027.3,16296.55859375,16296.55859375,16296.55859375,0.0,0,0,599.6875,599.6875,599.6875
1,DeepSeek-R1-Distill-Qwen-14B-Q6_K,235,"El área de Planificación y Mejora Continua en el CNDTCG tiene como función principal liderar los procesos de planificación operativa, seguimiento de resultados, evaluación del desempeño de los programas y promoción de la calidad. Entre sus funciones específicas se encuentran: la elaboración, revisión y actualización del Plan Anual Operativo, así como el acompañamiento técnico a las distintas unidades funcionales y programas para garantizar la formulación de metas claras, medibles y pertinentes; el seguimiento sistemático de los indicadores clínicos, administrativos e institucionales; la elaboración de informes técnicos que respaldan la toma de decisiones; el liderazgo de procesos de mejora continua mediante metodologías de gestión de la calidad, análisis de brechas, auditorías técnicas y formulación de acciones correctivas; la implementación de herramientas de análisis avanzado de datos incluyendo Big Data, Minería de Datos e Inteligencia de Negocios (BI) para detectar patrones, predecir comportamientos y fortalecer la toma de decisiones estratégicas; la coordinación de procesos de costeo de servicios para sustentar decisiones presupuestarias; el monitoreo continuo de la demanda de servicios para identificar necesidades emergentes y cuellos de botella; y la formulación de requerimientos técnicos para la gestión oportuna de recursos humanos, materiales, tecnológicos y de infraestructura.","</think>

El área de Planificación y Mejora Continua en el CNDTCG tiene funciones que incluyen la elaboración, revisión y actualización del Plan Anual Operativo, asegurando que las metas sean claras, medibles y pertinentes. Además, acompaña técnicamente a las unidades funcionales y programas del centro. También realiza el seguimiento sistemático de indicadores clínicos, administrativos e institucionales, y elabora informes técnicos que respaldan la toma de decisiones de la Dirección. Por otro lado, lidera procesos de mejora continua mediante la aplicación de metodologías de gestión de la calidad, análisis de brechas, auditorías técnicas, evaluaciones internas y formulación de planes de acción para corregir deficiencias.",69.28164066094905,1464,170,1634,open_ended,1621.7456331877647,478.9,2018.4,16296.562005322052,16296.55859375,16296.71484375,0.0,0,0,599.6875,599.6875,599.6875
1,DeepSeek-R1-Distill-Qwen-14B-Q6_K,269,"El Plan de Abordaje Integral propone un cambio de paradigma en la atención del cáncer gástrico y colorrectal. En el modelo actual, el paciente con síntomas gastrointestinales debe solicitar cita en EBAIS o Emergencias, pasar a endoscopía en lista de espera, biopsia, diagnóstico de cáncer, cirugía, estadio, hospitalización, quimio/radioterapia y control, lo que generalmente resulta en diagnósticos en etapas avanzadas. En contraste, el paradigma propuesto se basa en la identificación proactiva de la población objetivo (personas sanas entre 50 y 74 años) considerando zona geográfica, incidencia y edad; la implementación de campañas de tamizaje organizadas; la aplicación de pruebas de tamizaje (SGD para cáncer gástrico y FIT para cáncer colorrectal) cada dos años; la realización de endoscopias (gastroscopia o colonoscopia) solo a personas con pruebas alteradas; la detección de lesiones premalignas y malignas en etapas tempranas; procedimientos mínimamente invasivos (como ESD o cirugía percutánea) en lugar de cirugías mayores; y un control y seguimiento continuo. Este nuevo paradigma permite la detección de más del 40-50% de los casos en etapas tempranas, una reducción del 35% en la mortalidad y un ahorro económico significativo al tratar lesiones en fases iniciales.","</think>

El cambio de paradigma en la atención del cáncer gástrico y colorrectal propuesto por el Plan de Abordaje Integral se centra en la implementación de programas de tamizaje integrados y oportunos, en lugar del enfoque tradicional que se enfocaba exclusivamente en el tratamiento posterior a la detección de la enfermedad. Mientras que el modelo actual puede tardar en detectar casos y carece de un sistema estructurado para la prevención, el modelo propuesto prioriza la detección temprana mediante pruebas de tamizaje como la FIT (Fecal Occult Blood Test) para el cáncer colorrectal y pruebas endoscópicas para el cáncer gástrico. Este enfoque integral busca reducir la mortalidad mediante la identificación precoz de lesiones precancerígenas y肿瘤, permitiendo un tratamiento más efectivo y una mejora en la calidad de vida de los pacientes. Además, el plan强调了 la necesidad de involucrar a profesionales de la salud multidisciplinarios y de garantizar la participación de la población objetivo, con un énfasis en la cobertura y el seguimiento sistemático. Este cambio representa una transición hacia un sistema más proactivo y eficiente en la prevención y manejo de estos tipos de cáncer.",71.83551012258977,975,295,1270,open_ended,1385.1894514767853,249.4,2018.9,16296.90240967827,16296.71484375,16297.02734375,0.0,0,0,599.6875,599.6875,599.6875
1,DeepSeek-R1-Distill-Qwen-14B-Q6_K,214,"Según el Plan de Abordaje Integral, el análisis de las pirámides poblacionales muestra un desplazamiento de la población hacia los grupos de mayor edad (35-74 años), con una base más estrecha que refleja un proceso de envejecimiento poblacional, donde una mayor proporción de la población está compuesta por personas de mediana y tercera edad y la población de 75 años y más también muestra un incremento notable que indica una mayor longevidad; este desplazamiento tiene importantes implicaciones para la epidemiología del cáncer gástrico y colorrectal, ya que el aumento de la población general implica un incremento en el número de personas en los grupos de edad más vulnerables a estos tipos de cáncer, y además la carga sobre los recursos de salud también aumentará, por lo que es esencial que los programas de tamizaje, prevención y tratamiento se expandan y adapten para satisfacer esta demanda creciente, subrayando la necesidad de una planificación proactiva para asegurar que la infraestructura sanitaria, incluyendo laboratorios clínicos, servicios de endoscopia y recursos humanos especializados, esté adecuadamente preparada para manejar el incremento proyectado en la demanda de servicios.","</think>

El desplazamiento de la pirámide poblacional hacia grupos de mayor edad incrementa la incidencia y mortalidad de cánceres como el gástrico y colorrectal, debido a que estos tumores son más prevalentes en personas mayores. Esto se debe a cambios demográficos, como el envejecimiento de la población, que modifican el perfil epidemiológico de las enfermedades. Para la planificación de la salud pública, es fundamental considerar estos cambios para implementar estrategias de prevención, tamizaje y tratamiento adecuadas, prioritizando grupos de riesgo y zonas con alta incidencia. Además, es necesario realizar procesos de captación diferenciados e independientes para cada tipo de cáncer, teniendo en cuenta factores como edad, sexo y antecedentes heredofamiliares.",69.73021182976663,1425,181,1606,open_ended,1602.2689804772149,229.5,2027.3,16297.18359375,16297.18359375,16297.18359375,0.0,0,0,599.6875,599.6875,599.6875
1,DeepSeek-R1-Distill-Qwen-14B-Q6_K,285,"Las condiciones que determinan el riesgo aumentado para cáncer colorrectal se dividen en historia personal: adenoma o síndrome de poliposis serrada, antecedente de CCR, enfermedad inflamatoria intestinal (enfermedad de Crohn o colitis ulcerativa) y fibrosis quística; e historia familiar: historia familiar positiva (padre, madre, hijos, hermanos) a una edad de 50 años o menos, y síndromes hereditarios asociados al cáncer colorrectal como el Síndrome de Lynch, Poliposis adenomatosa familiar, Poliposis adenomatosa familiar atenuada, Poliposis asociada a MUTYH, Síndrome de Peutz-Jeghers, Síndrome de poliposis juvenil y Síndrome de Cowden.","</think>

Según el contexto proporcionado, los criterios que determinan el riesgo aumentado para cáncer colorrectal incluyen:

1. **Edad**: Se recomienda tamizaje a hombres y mujeres entre los 50-74 años.
2. **Antecedentes heredofamiliares**: Existencia de antecedentes de cáncer colorrectal en primer grado (madre, padre, hermanos, hijos).
3. **Antecedentes patológicos personales**: Historial personal de enfermedades relacionadas.
4. **Uso de anticoagulantes**: Utilización de medicamentos anticoagulantes.

Estos factores se consideran en la guía para la detección temprana y el manejo del cáncer colorrectal.",59.27797770407051,1168,173,1341,open_ended,1575.6112244897909,139.7,2019.1,16297.266302614797,16297.1640625,16297.33984375,0.0,0,0,599.6875,599.6875,599.6875
1,DeepSeek-R1-Distill-Qwen-14B-Q6_K,256,"El proceso de tamizaje para el cáncer colorrectal comienza con la invitación estructurada a la población objetivo de 50 a 74 años. El paciente se somete a una prueba FIT en un laboratorio clínico para detectar sangre oculta en heces, donde el microbiólogo y personal de apoyo realizan el análisis. Si el resultado es positivo, el paciente se somete a una colonoscopia, donde el endoscopista visualiza el colon y toma biopsias si es necesario, asistido por el técnico de endoscopia. Si se encuentran adenomas, se remueven inmediatamente. Los resultados de la biopsia determinan si se ha detectado cáncer o adenoma; en caso positivo, el paciente es referido para tratamiento.","</think>

El proceso de tamizaje para el cáncer colorrectal según el modelo del CNDTCG se desarrolla en varias etapas:

1. **Invitación a participar**: Se contacta a los individuos que cumplen con los criterios de inclusión definidos por el programa.

2. **Realización de la prueba FIT**: El paciente se somete a una prueba de sangre oculta en heces (Fecal Immunological Test), realizada en un laboratorio clínico. Aquí, el microbiólogo y el personal de apoyo del laboratorio clínico son esenciales para realizar y analizar la prueba.

3. **Análisis de la prueba FIT**: Si la prueba resulta positiva, se procede a la siguiente etapa. Si es negativa, el paciente no requiere más intervenciones en ese momento.

4. **Endoscopia**: En caso de una prueba FIT positiva, el paciente es referido a un endoscopista para una colonoscopia. El técnico de endoscopia y el patólogo también participan en este proceso.

5. **Biopsia y diagnóstico**: Durante la colonoscopia, se obtienen biopsias si se detectan lesiones sospechosas. El patólogo analiza las muestras para confirmar el diagnóstico.

6. **Tratamiento**: Si se detecta cáncer o displasia de alto grado, el paciente es derivado al servicio de oncología para recibir el tratamiento correspondiente.

Este proceso asegura que los pacientes sean evaluados y tratados de manera oportuna, reduciendo las tasas de mortalidad relacionadas con el cáncer colorrectal.",76.08142847847193,861,363,1224,open_ended,1322.264471057871,987.5,2018.7,16297.1640625,16297.1640625,16297.1640625,0.0,0,0,599.6875,599.6875,599.6875
1,DeepSeek-R1-Distill-Qwen-14B-Q6_K,256,"El proceso de tamizaje para el cáncer colorrectal comienza con la invitación estructurada a la población objetivo de 50 a 74 años. El paciente se somete a una prueba FIT en un laboratorio clínico para detectar sangre oculta en heces, donde el microbiólogo y personal de apoyo realizan el análisis. Si el resultado es positivo, el paciente se somete a una colonoscopia, donde el endoscopista visualiza el colon y toma biopsias si es necesario, asistido por el técnico de endoscopia. Si se encuentran adenomas, se remueven inmediatamente. Los resultados de la biopsia determinan si se ha detectado cáncer o adenoma; en caso positivo, el paciente es referido para tratamiento.","</think>

El proceso de tamizaje para el cáncer colorrectal según el modelo del CNDTCG se desarrolla en las siguientes etapas:

1. **Invitación a participar**: Se dirige a la población objetivo que cumple con los criterios de inclusión establecidos por el programa.

2. **Realización de la prueba FIT (Fecal Immunological Test)**: El paciente se somete a esta prueba en un laboratorio clínico para detectar sangre oculta en las heces. En esta etapa, el microbiólogo y el personal de apoyo del laboratorio clínico realizan y analizan la prueba.

3. **Análisis de resultados**: Los profesionales de laboratorio evalúan los resultados de la prueba FIT.

4. **Recomendación de endoscopia**: En caso de que la prueba FIT resulte positiva, se recomienda al paciente someterse a una colonoscopia.

5. **Realización de la colonoscopia**: Un endoscopista realiza la endoscopia para verificar la presencia de lesiones en el colon.

6. **Análisis patológico**: Si se detectan lesiones, un patólogo las analiza para determinar si se trata de cáncer o displasia de alto grado.

7. **Tratamiento**: En caso de diagnóstico positivo, el paciente recibe el tratamiento correspondiente.

Este proceso involucra a varios profesionales de la salud, como microbiólogo, personal de laboratorio, endoscopista, técnico de endoscopia y patólogo, cada uno con un papel específico en el tamizaje y diagnóstico.",50.2455494152382,861,353,1214,open_ended,999.8563636363644,947.8,1017.6,16297.1640625,16297.1640625,16297.1640625,0.0,0,0,599.6875,599.6875,599.6875
1,DeepSeek-R1-Distill-Qwen-14B-Q6_K,225,"Según el Plan de Abordaje Integral, para garantizar el seguimiento efectivo de los pacientes se requieren varias condiciones especiales: acceso a procedimientos programados a través del módulo SIAC del EDUS para conocer si un paciente con examen alterado recibió una endoscopía, cuándo y dónde, y si se presentó; acceso masivo a resultados de biopsias mediante ARCA-Patología para tomar acciones oportunas y medir el desempeño de los programas en detección de lesiones premalignas; y acceso a resultados de FIT a través del SILC, cuya implementación requiere un equipo especializado de 1 MQC3, 2 MQC2 y 5 Analistas de Sistemas 4, ubicado en el Área de Regulación y Sistematización de la DDSS, ya que actualmente el EDUS no fue diseñado para programas de tamizaje y la falta de interoperabilidad entre módulos impide la trazabilidad; además, la CCSS no cuenta con una normativa específica que obligue a los diferentes niveles de atención a participar en los programas de tamizaje, por lo que es necesario establecer políticas claras que definan las responsabilidades de laboratorios clínicos, servicios de radiología y gastroenterología para garantizar una cobertura uniforme y efectiva.","</think>

Para garantizar el seguimiento de los pacientes en los programas de tamizaje, es esencial contar con condiciones especiales que incluyan el acceso a datos personales de los pacientes, como nombre, apellidos, teléfono, correo electrónico, dirección y área de salud, respetando la normativa legal vigente, en este caso, la Ley No. 8968 sobre protección de datos personales. Además, es fundamental la coordinación con diferentes equipos y servicios clínicos, como anestesia, endoscopía, imagenología y enfermería, para asegurar la disponibilidad de recursos y personal capacitado. La normativa institucional desempeña un papel crucial al establecer los protocolos y criterios técnicos para la realización de pruebas diagnósticas, el seguimiento postprocedimiento y la activación de rutas clínicas oportunas en caso de diagnósticos positivos.",68.16544289980084,1335,199,1534,open_ended,1576.3582222222117,987.6,2019.1,16297.0853125,16296.9765625,16297.1640625,0.0,0,0,599.6875,599.6875,599.6875
1,DeepSeek-R1-Distill-Qwen-14B-Q6_K,264,"El CNDTCG atiende diagnósticos basados en CIE-10: cáncer de estómago (C16.0-C16.9), cáncer colorrectal (C18.0-C18.9), cáncer de unión rectosigmoidea (C19) y recto (C20), lesiones gástricas precancerosas (D00.2), adenomas colorrectales avanzados (D12.6), pólipos gástricos (D13.1), tumores subepiteliales (D13.2), sospecha de tumores pancreáticos (D13.6), gastritis crónica atrófica (K29.4), abscesos hepáticos (K75.0), coledocolitiasis (K80.5), colecistitis (K81.0), colangitis (K83.0), sangrado digestivo (K92.2) y recurrencias postquirúrgicas (T81.4).","</think>

El CNDTCG atiende principalmente diagnósticos relacionados con el cáncer gástrico y el cáncer colorrectal, basándose en la clasificación CIE-10 de la OMS de 2021. Estos diagnósticos son considerados entre las principales causas de carga de enfermedad y mortalidad en Costa Rica. Además, el centro realiza actividades especializadas como programas de tamizaje, cirugía mayor, resección submucosa endoscópica (ESD), ultrasonido endoscópico, y servicios de endoscopía diagnóstica y de control, lo que refuerza su papel como centro especializado de referencia nacional en la detección temprana y atención de estos cánceres.",62.97995187807828,1289,172,1461,open_ended,1603.2454326923,937.8,2019.0,16297.2890625,16297.2890625,16297.2890625,0.0,0,0,599.6875,599.6875,599.6875
1,DeepSeek-R1-Distill-Qwen-14B-Q6_K,299,"Incluye Patología Biliar (CPRE, drenajes, extracción de cálculos), Resección Submucosa Endoscópica (ESD), Cirugía Mayor (gastrectomías, colectomías), Cirugía Percutánea (procedimientos guiados por imagen), Ultrasonido Endoscópico (estadificación y biopsias) y Endoscopía Diagnóstica y de Control (seguimiento de lesiones), además de docencia, investigación y apoyo técnico a la red institucional.","</think>

El CNDTCG ofrece servicios complementarios más allá de los programas de tamizaje, incluyendo patología biliar, resección submucosa endoscópica (ESD), cirugía mayor, cirugía percutánea, ultrasonido endoscópico, y endoscopía diagnóstica y de control. Estos servicios amplían su capacidad resolutiva y consolidan su papel como centro especializado de referencia nacional. Además, articula la red de servicios de salud para garantizar la implementación estandarizada de estrategias de captación, diagnóstico, tratamiento y seguimiento en todo el país.",66.79034613724798,1513,145,1658,open_ended,1666.259502262438,89.8,2018.9,16297.372136595022,16297.2890625,16297.4453125,0.0,0,0,599.6875,599.6875,599.6875
1,DeepSeek-R1-Distill-Qwen-14B-Q6_K,262,"El Programa de Cirugía Percutánea ofrece una alternativa terapéutica mínimamente invasiva mediante técnicas quirúrgicas a través de pequeñas incisiones guiadas por imagen (ecografía, TAC o fluoroscopía). Permite resolver condiciones clínicas de manera más segura, rápida y con menor impacto. Sus beneficios incluyen menor agresión quirúrgica, reducción de complicaciones, recuperación más rápida, menor estancia hospitalaria, menos dolor postoperatorio, cicatrices mínimas, y posibilidad de realizarse en pacientes con alto riesgo quirúrgico. Las intervenciones son planificadas interdisciplinariamente y ejecutadas bajo protocolos estandarizados.","</think>

El Programa de Cirugía Percutánea se enfoca en ofrecer atención especializada a personas que padecen patologías gastrointestinales, biliares o neoplásicas que requieren intervenciones quirúrgicas de mínima invasión guiadas por imagen. Su principal objetivo es garantizar la integración y flujo adecuado de las pacientes a lo largo del proceso de detección temprana. Entre sus ventajas para los pacientes se encuentran la realización de procedimientos quirúrgicos menos invasivos, lo que reduce el riesgo de complicaciones, acelera la recuperación y mejora la calidad de vida de los pacientes. Además, el programa asegura la implementación de protocolos técnicos institucionales, estándares de calidad y criterios de seguridad establecidos por la CCSS, lo que contribuye a la efectividad y seguridad de las intervenciones quirúrgicas.",61.71979262959212,1064,206,1270,open_ended,1499.760933660925,648.5,2018.8,16297.4453125,16297.4453125,16297.4453125,0.0,0,0,599.6875,599.6875,599.6875
1,DeepSeek-R1-Distill-Qwen-14B-Q6_K,240,"El ultrasonido endoscópico (USE) constituye una herramienta diagnóstica y terapéutica de alta especialización que combina la tecnología de la endoscopía con la ecografía de alta resolución, permitiendo visualizar y evaluar en profundidad las capas de la pared gastrointestinal y las estructuras adyacentes desde el interior del tracto digestivo. Su importancia en el diagnóstico del cáncer gastrointestinal radica en que permite: la estadificación loco-regional de tumores determinando la profundidad de invasión tumoral (estadio T) y la afectación de ganglios linfáticos regionales (estadio N); la evaluación de lesiones subepiteliales identificando su capa de origen y características que sugieren malignidad; la visualización del sistema pancreatobiliar para detectar neoplasias, litiasis o estenosis; la guía de procedimientos diagnósticos como biopsias por aspiración con aguja fina para obtener muestras de lesiones sospechosas; y la planificación de abordajes quirúrgicos y terapéuticos complejos. El programa está dirigido a personas con lesiones sospechosas detectadas en los programas de tamizaje u otras rutas clínicas que requieren evaluación precisa de la extensión, localización y características de dichas lesiones, y se realiza bajo sedación o anestesia en condiciones controladas.","</think>

El ultrasonido endoscópico es una herramienta diagnóstica y terapéutica de alta especialización que combina la tecnología de la endoscopía con la ecografía de alta resolución. Permite visualizar y evaluar en profundidad las capas de la pared gastrointestinal y las estructuras adyacentes desde el interior del tracto digestivo. Este procedimiento es esencial para personas con lesiones sospechosas detectadas en los programas de tamizaje u otras rutas clínicas, ya que facilita una evaluación más precisa de la extensión, localización y características de dichas lesiones. Además, puede utilizarse para guiar procedimientos diagnósticos como biopsias por aspiración con aguja fina o para planificar abordajes quirúrgicos y terapéuticos complejos. De esta manera, el ultrasonido endoscópico contribuye a un diagnóstico más preciso y oportuno en el contexto del cáncer gastrointestinal.",67.8669834183529,1174,221,1395,open_ended,1509.6649553571308,858.0,2019.3,16297.4453125,16297.4453125,16297.4453125,0.0,0,0,599.6875,599.6875,599.6875
1,DeepSeek-R1-Distill-Qwen-14B-Q6_K,257,"La UIS lidera la investigación científica, formula líneas de investigación, gestiona bases de datos, coordina con universidades y fomenta la cultura investigativa para generar evidencia que oriente la toma de decisiones clínicas y de gestión.","</think>

La Unidad de Investigación en Salud (UIS) del CNDTCG es fundamental porque debe liderar esfuerzos en la generación de evidencia y el desarrollo institucional, jugando un papel central en la investigación continua de cáncer gástrico y colorrectal. Esto asegura que el centro cuente con información actualizada y robusta para mejorar la atención y los programas implementados. Además, la UIS contribuye al fortalecimiento de la capacidad investigativa del CNDTCG, lo que permite una toma de decisiones más informada y el diseño de estrategias más efectivas en la lucha contra estos tipos de cáncer.",56.860632627271116,1201,146,1347,open_ended,1613.4337765957357,479.0,2027.3,16297.6015625,16297.6015625,16297.6015625,0.0,0,0,599.6875,599.6875,599.6875
1,DeepSeek-R1-Distill-Qwen-14B-Q6_K,241,"El Programa de Patología Biliar del CNDTCG tiene como propósito brindar un abordaje integral, oportuno y resolutivo a pacientes con enfermedades complejas del árbol biliar, mediante una combinación de herramientas clínicas, diagnósticas, quirúrgicas y endoscópicas. Los procedimientos que incluye son: la colangiopancreatografía retrógrada endoscópica (CPRE), que permite visualizar y tratar patologías del sistema biliar; drenajes biliares para aliviar obstrucciones; extracción de cálculos biliares; colocación de prótesis biliares; esfinterotomías; y otras intervenciones endoscópicas y quirúrgicas del sistema biliar. La población atendida es priorizada con base en criterios clínicos, hallazgos previos y derivaciones desde los distintos niveles de atención, especialmente en casos que requieren abordaje especializado y multidisciplinario. El programa opera bajo un enfoque integral mediante procesos estandarizados y rutas clínicas definidas para la valoración, confirmación diagnóstica y tratamiento. Se articula con áreas como consulta externa, imagenología, endoscopía, sala de operaciones y recuperación. El flujo incluye valoración médica especializada, estudios complementarios, procedimientos terapéuticos y seguimiento clínico según evolución del paciente, permitiendo resolver con oportunidad casos complejos.","</think>

El Programa de Patología Biliar tiene como objetivo abordar de manera integral, oportuna y resolutiva a pacientes con enfermedades complejas del árbol biliar. Utiliza una combinación de herramientas clínicas, diagnósticas, quirúrgicas y endoscópicas, articuladas dentro del modelo de atención especializada del CNDTCG. Incluye procedimientos como la endoscopia, laboratorios clínicos, radiología y laboratorios de patología. Se enfoca en la valoración, confirmación diagnóstica y tratamiento de estas patologías, coordinando con áreas como consulta externa, imagenología, endoscopía, sala de operaciones y recuperación.",50.89726712927222,941,159,1100,open_ended,1528.79732142857,987.6,2019.0,16100.737560453868,6206.84765625,16297.7578125,0.0,0,0,599.6875,599.6875,599.6875
1,DeepSeek-R1-Distill-Qwen-14B-Q6_K,205,"Las principales limitaciones identificadas son la falta de información técnica sobre capacidad instalada, ya que aunque se cuenta con un inventario de recursos, todos están actualmente en uso para otros procedimientos, lo que impide determinar la capacidad adicional necesaria para el programa de tamizaje; además, no existen datos sobre cuántos pacientes requieren estudios complementarios como ultrasonidos, vigilancia hemodinámica en gastroscopias, sedación por anestesiólogo, ni cuántos estudios endoscópicos requieren biopsia, lo que limita la planificación solo a los estudios básicos; tampoco se cuenta con guías de seguimiento endoscópico del Ministerio de Salud, por lo que no es posible estimar la demanda de procedimientos de control; la creación de nuevos cantones ha distorsionado los datos históricos, por lo que el plan se ve forzado a utilizar la estructura de los 81 cantones originales, asumiendo un error aproximado del 1% en las proyecciones; finalmente, el plan se basa en proyecciones poblacionales del INEC del año 2013, lo que podría introducir variaciones futuras.","</think>

El plan enfrenta varias limitaciones principales en cuanto a la disponibilidad de información sobre la capacidad instalada y los datos clínicos necesarios. En primer lugar, no se cuenta con datos suficientes sobre la cantidad de pacientes que requieren procedimientos endoscópicos complementarios, como ultrasonidos, lo que dificulta evaluar la capacidad adicional necesaria para implementar los programas de tamizaje y tratamiento. Además, la infraestructura y recursos actuales están saturados debido a su uso en una variedad de procedimientos diagnósticos y terapéuticos, lo que complica la gestión eficiente del presupuesto y el aumento en la demanda de servicios. A pesar del inventario existente que muestra la distribución del personal médico y técnico especializado, así como el equipamiento disponible, este no proporciona una visión clara de la capacidad instalada disponible para soportar un incremento en la demanda. Finalmente, la falta de información técnica detallada sobre la capacidad instalada representa una barrera importante para la planificación y ejecución efectiva del plan.",65.92702740430832,1097,235,1332,open_ended,1489.4050574712548,977.6,2019.2,16272.38501257184,16271.53515625,16272.78515625,0.0,0,0,599.6875,599.6875,599.6875
1,DeepSeek-R1-Distill-Qwen-14B-Q6_K,254,"Las herramientas de aplicabilidad del Manual de Gestión del CNDTCG son instrumentos que facilitan la implementación práctica de las funciones, responsabilidades y procesos descritos. Estas incluyen: protocolos y procedimientos normalizados que definen el ""cómo hacer"" en cada programa, brindando instrucciones claras para la ejecución estandarizada de tareas críticas; documentos técnicos normativos complementarios como protocolos, criterios técnicos y manuales de procedimientos que operacionalizan la gestión; sistemas de información institucionales como SIES, SIAC, ARCA y FileMaker que permiten registrar, monitorear y analizar información; matrices de indicadores e instrumentos de evaluación que actúan como herramientas operativas de control y seguimiento; instancias de coordinación y supervisión como equipos de coordinación de programas y reuniones clínicas multidisciplinarias; y capacitación y formación interna que utiliza el manual como insumo base para actividades de inducción y actualización. Estas herramientas serán desarrolladas progresivamente conforme se consoliden procesos y se valide la experiencia operativa, fortaleciendo la estandarización, trazabilidad, eficiencia y calidad de las actividades del CNDTCG.","</think>

El Manual de Gestión del CNDTCG incluye herramientas de aplicabilidad como indicadores clave para evaluar el desempeño del centro. Estos indicadores permiten medir aspectos operativos y clínicos, como el número de cirugías mayores realizadas y la tasa de complicaciones quirúrgicas. Además, el manual utiliza modelos de coordinación interinstitucional y mapas de procesos institucionales para alinear las actividades del CNDTCG con los macroprocesos estratégicos de la CCSS. También incorpora revisiones documentales y asistencia técnica para fortalecer capacidades y mejorar la calidad de los servicios. Estas herramientas se implementan de manera progresiva, asegurando la estandarización y eficiencia en la operación del centro.",66.91185819730163,1396,177,1573,open_ended,1617.7319004524804,986.6,2019.3,16274.986796521493,16274.50390625,16275.28515625,0.0,0,0,599.6875,599.6875,599.6875
1,DeepSeek-R1-Distill-Qwen-14B-Q6_K,232,"La organización funcional del CNDTCG está estructurada bajo un modelo integrado y programático, compuesto por varias áreas funcionales: la Dirección General es responsable de la conducción estratégica, técnica y operativa del centro, coordinando y supervisando todas las unidades; las Coordinaciones de Programa lideran la planificación técnica y el seguimiento operativo de los procesos asistenciales para Tamizaje de Cáncer Gástrico y Colorrectal, Patología Biliar, Cirugía Percutánea, Disección Submucosa Endoscópica, Ultrasonido Endoscópico, Cirugía Mayor y Endoscopía Diagnóstica y Terapéutica; el Área Clínica Asistencial integra la ejecución de procedimientos de tamizaje, diagnóstico, tratamiento endoscópico, quirúrgico y percutáneo, así como el seguimiento clínico; el Área de Enfermería brinda atención pre, intra y postprocedimiento y lidera la gestión de insumos médicos; el Área de Planificación y Mejora Continua se encarga de la planificación operativa, monitoreo de indicadores, costeo de servicios y análisis de datos; el Área Administrativa gestiona los recursos físicos, materiales, financieros y de talento humano; y la Unidad de Investigación en Salud desarrolla investigación aplicada en salud gastrointestinal para generar evidencia técnica que oriente la toma de decisiones clínicas y de gestión.","</think>

La organización funcional del CNDTCG se estructura para alinear sus operaciones con el Mapa de Procesos Institucional de la CCSS, contribuyendo al Macroproceso Sustantivo de Atención de la Salud, especialmente en áreas como promoción de salud, prevención secundaria, recuperación y rehabilitación. Su estructura incluye programas clave como tamizaje, diagnóstico temprano, tratamiento quirúrgico y seguimiento clínico. Además, implementa un sistema de evaluación de resultados y mejora continua para apoyar la toma de decisiones basadas en evidencia y el cumplimiento de metas institucionales. La estructura organizativa, representada en la Figura No. 1, se basa en un modelo programático con recursos compartidos y coordinación transversal de áreas de soporte, asegurando una atención especializada, integral y de alta calidad.",67.56658097356558,1299,205,1504,open_ended,1563.3065022421429,987.5,2019.2,16276.04573640695,16275.91015625,16276.22265625,0.0,0,0,599.6875,599.6875,599.6875
1,DeepSeek-R1-Distill-Qwen-14B-Q6_K,258,"La metodología para el Manual de Gestión se realizó conforme al ""Manual Metodológico para la Construcción de un Manual de Gestión en la Dirección de Desarrollo de Servicios de Salud"". Incluyó revisión documental de antecedentes institucionales, análisis de estructura organizativa, consulta con actores clave mediante sesiones técnicas, síntesis y sistematización técnica, validación técnica preliminar, y como etapa final, validación mediante método DELPHI modificada, un proceso estructurado de consenso entre expertos institucionales para garantizar pertinencia y solidez técnica.","</think>

La metodología utilizada para elaborar el Manual de Gestión del CNDTCG se basó en el ""Manual Metodológico para la Construcción de un Manual de Gestión en la Dirección de Desarrollo de Servicios de Salud"", versión vigente. Este enfoque aseguró la estandarización, coherencia técnica y alineación con la normativa institucional de la Caja Costarricense de Seguro Social. El proceso fue participativo y técnico, incluyendo revisiones documentales de antecedentes institucionales, análisis de información y modelos de coordinación interinstitucional. Además, se consideraron herramientas que promueven estandarización, trazabilidad, eficiencia y calidad en las actividades del centro.",67.11967763956636,1455,168,1623,open_ended,1634.5063063062992,219.5,2019.3,16276.713928772522,16276.37890625,16277.00390625,0.0,0,0,599.6875,599.6875,599.6875
1,DeepSeek-R1-Distill-Qwen-14B-Q6_K,210,"Según el Plan de Abordaje Integral, los cánceres de colon y recto se combinan en el análisis de incidencia porque el modelo de tamizaje para ambos tipos de cáncer es el mismo, utilizando la prueba FIT (Test Inmunológico Fecal), y además los programas de tamizaje y las estrategias de intervención serán idénticos para ambos tipos de cáncer, lo que hace que esta unificación sea práctica y relevante; en contraste, el cáncer de estómago se tamiza mediante la Serie Gastroduodenal (SGD), requiriendo un enfoque diferente en términos de metodología de tamizaje.","</think>

Se combinan los cánceres de colon y recto en el análisis de incidencia para el tamizaje porque el modelo de tamizaje utilizado para ambos es el mismo, empleando la prueba FIT (Test Inmunológico Fecal). Además, los programas de tamizaje y estrategias de intervención son idénticos para ambos tipos de cáncer, lo que justifica su unificación en los análisis. En contraste, el cáncer de estómago se tamiza mediante la Serie Gastroduodenal (SGD), requiriendo un enfoque diferente.",44.30206099525094,907,127,1034,open_ended,1578.6266211604016,269.4,2029.3,16278.199512052048,16278.09765625,16278.25390625,0.0,0,0,599.6875,599.6875,599.6875
1,DeepSeek-R1-Distill-Qwen-14B-Q6_K,230,"El proceso de tamizaje para el cáncer gástrico según el modelo del CNDTCG comienza con la invitación a participar en el programa a individuos que cumplen con los criterios de inclusión, principalmente personas asintomáticas de 50 a 74 años. Una vez aceptada la invitación, el paciente se somete a una Serie Gastroduodenal (SGD), un estudio de fluoroscopia donde el paciente ingiere un medio de contraste para visualizar el esófago, estómago y duodeno, y el imagenólogo administra el medio de contraste y realiza las imágenes fluoroscópicas necesarias. Los resultados de la SGD determinan si el paciente requiere una gastroscopia, donde el radiólogo analiza las imágenes para identificar anomalías. Si la SGD indica la necesidad, el paciente se somete a una gastroscopia, procedimiento endoscópico que permite la visualización directa del estómago y la toma de biopsias si es necesario, realizada por el endoscopista asistido por el técnico de endoscopia. Durante la gastroscopia, se evalúa si el paciente requiere biopsia para detectar células cancerosas; si se requiere, el endoscopista toma la muestra, la procesa el técnico y la envía al patólogo para análisis. Los resultados determinan si el paciente vuelve al programa de tamizaje o es referido para recibir tratamiento en caso de resultado positivo.","</think>

El proceso de tamizaje para el cáncer gástrico según el modelo del CNDTCG incluye la realización de pruebas como la serie gastroduodenal y la gastroscopía. Este tamizaje está dirigido a personas entre los 50 y 74 años, con el objetivo de detectar de manera precoz lesiones precursoras o tumores malignos. El modelo operativo del CNDTCG articula esfuerzos multidisciplinarios, integrando rutas clínicas definidas que aseguran una atención integral, desde la detección hasta el diagnóstico y tratamiento. Además, el centro coordina estrategias preventivas y resolutivas, alineadas con la normativa vigente y los lineamientos internacionales, para reducir la morbilidad y mortalidad asociada a este tipo de cáncer.",61.22780076228082,1150,190,1340,open_ended,1545.1361386138524,798.1,2019.2,16279.346109220298,16278.87890625,16279.50390625,0.0,0,0,599.6875,599.6875,599.6875
1,DeepSeek-R1-Distill-Qwen-14B-Q6_K,212,"Según el Plan de Abordaje Integral, la esperanza de vida en Costa Rica ha aumentado significativamente a lo largo de los años, alcanzando aproximadamente los 80 años en la actualidad, y este incremento implica que una mayor proporción de la población llega a edades donde el riesgo de desarrollar cáncer es más alto, ya que la incidencia de cáncer de estómago, colon y recto está estrechamente relacionada con la edad; por lo tanto, el envejecimiento de la población costarricense ha llevado a un aumento en el número de casos de estos tipos de cáncer, lo que significa que la alta incidencia en una población envejecida hace que los programas de tamizaje y detección temprana sean esenciales para reducir la mortalidad, y la implementación de pruebas como la FIT para el cáncer colorrectal y la Serie Gastroduodenal para el cáncer de estómago puede mejorar significativamente la detección temprana y, por ende, las tasas de supervivencia.","</think>

El aumento de la esperanza de vida en Costa Rica está directamente relacionado con el incremento en la incidencia de cáncer de estómago y colorrectal. A medida que las personas viven más años, el riesgo de desarrollar enfermedades crónicas, como el cáncer, aumenta. Este incremento en la esperanza de vida ha llevado a una mayor incidencia de estos tipos de cáncer, lo que afecta significativamente los años de vida potencialmente perdidos (YPLL). 

Para los programas de tamizaje, esta relación tiene implicaciones importantes. El aumento en la incidencia del cáncer exige la implementación de estrategias de prevención, detección temprana y tratamiento efectivo. Los programas de tamizaje deben enfocarse en áreas con mayor necesidad, mejorar el acceso a servicios de salud y fortalecer la capacidad de diagnóstico y seguimiento. Además, es fundamental capacitar a los profesionales de salud y asegurar la disponibilidad de recursos necesarios para abordar adecuadamente este problema de salud pública.",73.6197358071804,1334,239,1573,open_ended,1529.507613168713,708.3,2019.2,16280.200922710905,16279.66015625,16280.59765625,0.0,0,0,599.6875,599.6875,599.6875
1,DeepSeek-R1-Distill-Qwen-14B-Q6_K,295,"La oferta de servicios del CNDTCG más allá de los programas de tamizaje incluye: el Programa de Patología Biliar, que brinda abordaje integral a enfermedades del árbol biliar mediante CPRE, drenajes biliares y extracción de cálculos; el Programa de Resección Submucosa Endoscópica (ESD), que permite la resección en bloque de lesiones precancerosas o neoplasias superficiales; el Programa de Cirugía Mayor, que ofrece tratamiento quirúrgico especializado a personas con lesiones que requieren intervención quirúrgica mayor; el Programa de Cirugía Percutánea, que ofrece alternativa terapéutica mínimamente invasiva mediante técnicas guiadas por imagen; el Programa de Ultrasonido Endoscópico, para evaluación avanzada de lesiones y estadificación; y el Programa de Endoscopía Diagnóstica y de Control, para confirmación diagnóstica y seguimiento de lesiones. Además, ofrece servicios de docencia, formación continua, investigación científica y apoyo técnico a la red institucional.","</think>

El CNDTCG ofrece servicios complementarios más allá de los programas de tamizaje, incluyendo patología biliar, resección submucosa endoscópica (ESD), cirugía mayor, cirugía percutánea, ultrasonido endoscópico, y endoscopía diagnóstica y de control. Estos servicios amplían su capacidad resolutiva y consolidan su papel como centro especializado de referencia nacional.",59.95822567958385,1513,104,1617,open_ended,1744.4098236775787,289.3,2019.2,16281.37890625,16281.37890625,16281.37890625,0.0,0,0,599.6875,599.6875,599.6875
1,DeepSeek-R1-Distill-Qwen-14B-Q6_K,217,"Según el inventario del Plan de Abordaje Integral, la CCSS cuenta a nivel nacional con 108.5 radiólogos (de los cuales 98.5 están capacitados en SGD), 384 personas en personal de imagenología (273 capacitados en fluoroscopia y solo 139 en SGD) y 19 salas de fluoroscopia; sin embargo, la distribución regional es desigual, ya que la región Brunca tiene la tasa más alta de personal de imagenología (14.81) y la región Pacífico Central tiene 7.53, mientras que Chorotega (3.13) y Central Sur (3.78) tienen las tasas más bajas, y en cuanto a salas de fluoroscopia, las regiones Brunca y Huetar Atlántica tienen las tasas más altas (0.52 y 0.84) frente a Central Norte (0.21) y Chorotega (0.35); esta distribución desigual implica que, aunque la alta proporción de radiólogos capacitados en SGD es una fortaleza, todos estos recursos están actualmente dedicados al diagnóstico con listas de espera importantes, lo que limita seriamente su uso para el tamizaje de cáncer gástrico, por lo que identificar estas disparidades es crucial para una planificación efectiva y una asignación de recursos que garantice un acceso equitativo.","</think>

Con base en el contexto proporcionado, el Plan de Abordaje Integral para el Manejo del Cáncer Gástrico y Colorrectal incluye la revisión de la disponibilidad y distribución de servicios de fluoroscopia necesarios para los estudios de Serie Gastroduodenal, utilizados en el tamizaje del cáncer gástrico. Los recursos humanos y tecnológicos se distribuyen según las DRIPSS (Direcciones Regionales de Salud Pública y Servicios), lo que implica una focalización en áreas con mayores tasas de incidencia del cáncer gástrico. Esta distribución asegura que las instituciones puedan atender adecuadamente a los pacientes derivados de los programas de tamizaje, mejorando el flujo de información y el uso eficiente de los recursos. Además, la implementación de normativas y protocolos institucionales basados en las mejores prácticas, junto con campañas de concientización, contribuye a la efectividad del tamizaje y al avance en la detección y tratamiento del cáncer gástrico.",71.54844778683037,1222,243,1465,open_ended,1497.7322033898188,857.9,2019.2,16282.113148834746,16281.53515625,16282.31640625,0.0,0,0,599.6875,599.6875,599.6875
1,DeepSeek-R1-Distill-Qwen-14B-Q6_K,242,"La operación del CNDTCG se encuentra alineada con el Mapa de Procesos Institucional de la CCSS, contribuyendo al cumplimiento de sus macroprocesos estratégicos, sustantivos y de apoyo. En su quehacer principal, el CNDTCG se inserta dentro del Macroproceso Sustantivo de Atención de la Salud, particularmente en las áreas de promoción de la salud, prevención secundaria, recuperación y rehabilitación, mediante la implementación de programas de tamizaje, diagnóstico temprano, tratamiento quirúrgico y seguimiento clínico. Además, mantiene articulación funcional con los Macroprocesos Estratégicos en aspectos de gestión de salud, planificación estratégica, aseguramiento de la calidad asistencial y fortalecimiento de la investigación en salud. Para el soporte de su operación, el CNDTCG depende de los Macroprocesos de Apoyo en áreas de gestión de talento humano, abastecimiento de insumos médicos y materiales, mantenimiento y gestión de infraestructura hospitalaria, soporte tecnológico e informático (expediente digital, imagenología, bases de datos), y apoyo administrativo y financiero. Esta interrelación asegura la integración del CNDTCG dentro de la Red de Servicios de Salud, facilitando la continuidad del cuidado y la optimización de recursos.","</think>

El CNDTCG opera alineado con el Mapa de Procesos Institucionales de la CCSS, contribuyendo específicamente al Macroproceso Sustantivo de Atención de la Salud. Se enfoca en áreas como promoción de salud, prevención secundaria, recuperación y rehabilitación, mediante programas de tamizaje, diagnóstico temprano, tratamiento quirúrgico y seguimiento clínico para personas con patologías gastrointestinales. Esta alineación asegura que el centro cumpla con los principios de calidad, oportunidad, equidad, continuidad e integralidad de los servicios de salud de la CCSS.",63.51335094496608,1411,150,1561,open_ended,1655.979523809519,588.6,2019.3,16282.567726934523,16282.44921875,16282.62890625,0.0,0,0,599.6875,599.6875,599.6875
1,DeepSeek-R1-Distill-Qwen-14B-Q6_K,210,"Según el Plan de Abordaje Integral, los cánceres de colon y recto se combinan en el análisis de incidencia porque el modelo de tamizaje para ambos tipos de cáncer es el mismo, utilizando la prueba FIT (Test Inmunológico Fecal), y además los programas de tamizaje y las estrategias de intervención serán idénticos para ambos tipos de cáncer, lo que hace que esta unificación sea práctica y relevante; en contraste, el cáncer de estómago se tamiza mediante la Serie Gastroduodenal (SGD), requiriendo un enfoque diferente en términos de metodología de tamizaje.","</think>

Se combinan los cánceres de colon y recto en el análisis de incidencia para el tamizaje porque el modelo de tamizaje para ambos tipos de cáncer es el mismo. Utilizan la prueba FIT (Test Inmunológico Fecal), lo que hace que los programas de tamizaje y las estrategias de intervención sean idénticos para ambos. En contraste, el cáncer de estómago se tamiza mediante la Serie Gastroduodenal (SGD), requiriendo un enfoque diferente en términos de metodología.",44.11689724307507,907,126,1033,open_ended,1592.4328767123218,59.9,2019.2,16282.49042166096,16282.44921875,16282.60546875,0.0,0,0,599.6875,599.6875,599.6875
1,DeepSeek-R1-Distill-Qwen-14B-Q6_K,246,"La Unidad de Investigación en Salud (UIS) del CNDTCG es responsable de liderar el diseño, ejecución y gestión de los procesos de investigación científica desarrollados en el centro, con el fin de generar evidencia útil para fortalecer la toma de decisiones clínicas, administrativas y estratégicas. La importancia de la UIS radica en que formula líneas de investigación orientadas a los principales ejes de acción del centro como el tamizaje poblacional, el diagnóstico temprano, la calidad del proceso asistencial, la eficiencia en el uso de recursos y los desenlaces clínicos de las intervenciones. La UIS elabora protocolos, obtiene avales institucionales y éticos, gestiona bases de datos y asegura la calidad de la información recolectada. Coordina con servicios clínicos y administrativos para facilitar el desarrollo de estudios, así como con instancias externas como universidades, centros de investigación y redes internacionales. También es responsable de fomentar la cultura investigativa mediante actividades de capacitación, asesoría metodológica, generación de publicaciones científicas y divulgación de resultados. Actúa en estrecha colaboración con las áreas de Planificación y Mejora Continua, Dirección General y Programas Técnicos, promoviendo que la investigación sea una herramienta clave para el aprendizaje institucional y la innovación en salud.","</think>

La Unidad de Investigación en Salud (UIS) del CNDTCG es fundamental porque debe liderar esfuerzos en la generación de evidencia y el desarrollo institucional, jugando un papel central en la investigación continua de cáncer gástrico y colorrectal. Esto asegura que el centro cuente con información sólida para mejorar los programas de detección, diagnóstico y tratamiento, beneficiando directamente a los pacientes y fortaleciendo la capacidad del sistema de salud.",51.243519051000476,1201,113,1314,open_ended,1680.551622418876,628.5,2019.3,16282.76171875,16282.76171875,16282.76171875,0.0,0,0,599.6875,599.6875,599.6875
1,DeepSeek-R1-Distill-Qwen-14B-Q6_K,217,"Según el inventario del Plan de Abordaje Integral, la CCSS cuenta a nivel nacional con 108.5 radiólogos (de los cuales 98.5 están capacitados en SGD), 384 personas en personal de imagenología (273 capacitados en fluoroscopia y solo 139 en SGD) y 19 salas de fluoroscopia; sin embargo, la distribución regional es desigual, ya que la región Brunca tiene la tasa más alta de personal de imagenología (14.81) y la región Pacífico Central tiene 7.53, mientras que Chorotega (3.13) y Central Sur (3.78) tienen las tasas más bajas, y en cuanto a salas de fluoroscopia, las regiones Brunca y Huetar Atlántica tienen las tasas más altas (0.52 y 0.84) frente a Central Norte (0.21) y Chorotega (0.35); esta distribución desigual implica que, aunque la alta proporción de radiólogos capacitados en SGD es una fortaleza, todos estos recursos están actualmente dedicados al diagnóstico con listas de espera importantes, lo que limita seriamente su uso para el tamizaje de cáncer gástrico, por lo que identificar estas disparidades es crucial para una planificación efectiva y una asignación de recursos que garantice un acceso equitativo.","</think>

No lo sé.",36.569345258176334,1222,7,1229,open_ended,1966.972427983536,229.5,2019.0,16282.756655092593,16282.5859375,16282.76171875,0.0,0,0,599.6875,599.6875,599.6875
1,DeepSeek-R1-Distill-Qwen-14B-Q6_K,249,"El área de gestión de bases de datos en el CNDTCG es responsable del diseño, mantenimiento, consolidación y análisis de los sistemas de información que contienen datos clínicos, administrativos y operativos generados por el centro. Su función es esencial para asegurar la disponibilidad, calidad y seguridad de la información que sustenta los procesos de toma de decisiones, evaluación de desempeño de los programas, planificación y mejora continua. Entre sus funciones se encuentra la creación y mantenimiento de bases de datos estructuradas que permitan almacenar y procesar la información recolectada en los distintos servicios como tamizaje, endoscopía, consulta externa, procedimientos diagnósticos y quirúrgicos, recuperación y seguimiento clínico. Asegura que los sistemas utilizados estén alineados con las necesidades técnicas del centro y con los estándares de interoperabilidad institucional. Es responsable de la validación, depuración y actualización de los datos ingresados, así como de la implementación de mecanismos de control de calidad de la información. Genera reportes periódicos e informes analíticos utilizados por la Dirección y otras unidades técnicas para monitorear indicadores clave y tomar decisiones estratégicas. Vela por la confidencialidad, seguridad y resguardo de la información, garantizando el cumplimiento de las normas institucionales y legales sobre protección de datos sensibles.","</think>

El área de gestión de bases de datos en el CNDTCG tiene la función de administrar y mantener las bases de datos necesarias para el funcionamiento del centro. Esto incluye la gestión de información relacionada con los pacientes, los procesos asistenciales, y otros datos relevantes para la operación del centro. Además, esta área contribuye a la estandarización, trazabilidad, eficiencia y calidad de las actividades desarrolladas en el CNDTCG, promoviendo su aplicabilidad en el entorno operativo real del centro. Su incorporación se realiza de forma progresiva conforme se consolidan procesos, se valida la experiencia operativa y se identifican necesidades específicas de mejora o soporte técnico.",63.97244575899094,1355,160,1515,open_ended,1621.6304964538904,369.2,2019.0,16282.667774822696,16282.54296875,16282.7421875,0.0,0,0,599.6875,599.6875,599.6875
1,DeepSeek-R1-Distill-Qwen-14B-Q6_K,251,"La captación de pacientes en los programas de tamizaje del CNDTCG es un proceso crítico para asegurar el éxito de los programas organizados. El CNDTCG es responsable de la captación estructurada de la población objetivo, para lo cual requiere acceso a los datos de la población adscrita con variables como nombre, apellidos, teléfonos, correo electrónico, provincia, cantón y distrito de residencia, así como el Área de Salud de adscripción, considerando la Ley de Protección de Datos Personales. La captación se realiza para invitar a los pacientes a realizarse un FIT y/o una SGD, y se repite cada dos años para asegurar seguimiento continuo. Se realiza por medio de invitación telefónica a través de centros de llamadas especializados, dado el volumen considerable de personas y los controles estrictos requeridos. Existen pérdidas en el proceso: no todas las personas pueden ser localizadas por diversas razones, y para lograr la participación de una cierta cantidad de personas se debe contactar al menos al triple de ellas, con al menos dos llamadas adicionales si no son localizados. Por ejemplo, para 67,136 personas en 2025, se requieren más de 200,000 gestiones, reflejando la criticidad de esta etapa.","</think>

La captación de pacientes en los programas de tamizaje se realiza bajo la responsabilidad del CNDTCG. Para esto, se acceden a los datos de la población adscrita, considerando la Ley de Protección de la Persona frente al tratamiento de sus datos personales (Ley No. 8968). La información recolectada incluye nombre, apellidos, teléfonos, correo electrónico, provincia, cantón y distrito de residencia, así como el Área de Salud de adscripción. Esta información es fundamental para localizar a los pacientes y邀请他们进行FIT (Test Inmunológico Fecal) y/o SGD (Serie Gastroduodenal).",54.47277963906526,1113,148,1261,open_ended,1593.86416666666,678.4,2027.3,16282.966579861111,16282.85546875,16283.01171875,0.0,0,0,599.6875,599.6875,599.6875
1,DeepSeek-R1-Distill-Qwen-14B-Q6_K,247,"El CNDTCG dispone de un conjunto de equipos médicos y tecnológicos de alta especialización que respaldan la ejecución de procedimientos diagnósticos, terapéuticos y quirúrgicos con altos estándares de seguridad y calidad técnica. Entre los principales equipos se incluyen: torres de endoscopía de alta definición para procedimientos digestivos altos y bajos, con sistemas de visualización, iluminación, documentación y grabación digital; equipamiento para Resección Submucosa Endoscópica (ESD) que incluye cuchillos endoscópicos, inyectores submucosos, clips hemostáticos y unidades electroquirúrgicas; equipo de ultrasonido endoscópico (USE) para estadificación loco-regional, evaluación de lesiones subepiteliales y localización de estructuras profundas; equipo para Colangiopancreatografía Retrógrada Endoscópica (CPRE), incluyendo accesorios para drenaje biliar, esfinterotomías, extracción de cálculos y colocación de prótesis; fluoroscopio de alta resolución para procedimientos intervencionistas; equipo de tomografía (TAC) para estudios de estadificación oncológica y planificación quirúrgica; ultrasonido convencional para valoraciones clínicas y procedimientos guiados; monitores multiparámetros y bombas de infusión para sedación y recuperación; instrumental quirúrgico especializado para laparotomía, laparoscopía y cirugía percutánea; equipos de apoyo en recuperación y anestesia; y estaciones de trabajo y sistemas informáticos clínicos articulados con los sistemas institucionales de la CCSS.","</think>

El CNDTCG dispone de equipos médicos y tecnológicos de alta especialización, entre los cuales se encuentran:

1. Torres de endoscopía de alta definición para procedimientos digestivos altos y bajos, equipados con sistemas de visualización, iluminación, documentación y grabación digital.
2. Equipamiento para Resección Submucosa Endoscópica (ESD), que incluye cuchillos endoscópicos, inyectores submucosos, clips hemostáticos y unidades electroquirúrgicas.
3. Equipo de ultrasonido endoscópico (USE) para estadificación loco-regional, evaluación de lesiones subepiteliales y localización de estructuras profundas.

Estos equipos permiten desarrollar los programas clínicos del centro con altos estándares de seguridad y calidad técnica, respaldando procedimientos diagnósticos, terapéuticos y quirúrgicos.",73.30949393752962,1421,214,1635,open_ended,1575.1278925619713,987.5,2019.2,16283.412028667355,16283.16796875,16283.48046875,0.0,0,0,599.6875,599.6875,599.6875
1,DeepSeek-R1-Distill-Qwen-14B-Q6_K,225,"Según el Plan de Abordaje Integral, para garantizar el seguimiento efectivo de los pacientes se requieren varias condiciones especiales: acceso a procedimientos programados a través del módulo SIAC del EDUS para conocer si un paciente con examen alterado recibió una endoscopía, cuándo y dónde, y si se presentó; acceso masivo a resultados de biopsias mediante ARCA-Patología para tomar acciones oportunas y medir el desempeño de los programas en detección de lesiones premalignas; y acceso a resultados de FIT a través del SILC, cuya implementación requiere un equipo especializado de 1 MQC3, 2 MQC2 y 5 Analistas de Sistemas 4, ubicado en el Área de Regulación y Sistematización de la DDSS, ya que actualmente el EDUS no fue diseñado para programas de tamizaje y la falta de interoperabilidad entre módulos impide la trazabilidad; además, la CCSS no cuenta con una normativa específica que obligue a los diferentes niveles de atención a participar en los programas de tamizaje, por lo que es necesario establecer políticas claras que definan las responsabilidades de laboratorios clínicos, servicios de radiología y gastroenterología para garantizar una cobertura uniforme y efectiva.","</think>

Para garantizar el seguimiento de los pacientes en los programas de tamizaje, es esencial contar con condiciones especiales que aseguren una captación efectiva y oportuna de los pacientes. Esto incluye el acceso a datos personales de los pacientes, como nombre, apellidos, teléfonos, correo electrónico, provincia, cantón y distrito de residencia, así como su Área de Salud de adscripción. Estos datos son fundamentales para localizar a los pacientes y邀请他们进行 FIT (Test Inmunológico Fecal) y/o SGD (Serie Gastroduodenal).

La normativa institucional desempeña un papel crucial en este proceso, especialmente en lo que respecta al acceso y tratamiento de datos personales. La Ley de Protección de la Persona frente al Tratamiento de sus Datos Personales (Ley No. 8968) establece los marcos legales necesarios para garantizar que la captación y gestión de información se realicen de manera legal y respetuosa con la privacidad de los pacientes. Además, la normativa institucional define los protocolos y estándares clínicos que deben seguirse para realizar intervenciones quirúrgicas, monitorear el estado clínico postprocedimiento y gestionar complicaciones, asegurando una atención oportuna y de calidad.",81.75712348055094,1335,293,1628,open_ended,1479.8035250463688,867.9,2019.2,16284.118513740723,16283.79296875,16284.26171875,0.0,0,0,599.6875,599.6875,599.6875
1,DeepSeek-R1-Distill-Qwen-14B-Q6_K,224,"Según el Plan de Abordaje Integral, la captación de pacientes es crítica y será responsabilidad del CNDTCG, requiriendo acceso a datos de la población adscrita (nombre, teléfonos, correo, ubicación y área de salud) bajo la Ley de Protección de Datos Personales No. 8968, y se realiza mediante invitación telefónica a través de un centro de llamadas especializado, pero enfrenta desafíos como que para lograr la participación de una cierta cantidad de personas se debe contactar al menos al triple, y si no son localizados se debe llamar en al menos dos ocasiones más; en cuanto al seguimiento, el EDUS es la fuente oficial de información pero no fue diseñado para programas de tamizaje, por lo que se requieren acciones especiales como el acceso a imágenes de SGD a través de Soluciones Tecnológicas Definidas para Imágenes Médicas (ya que no todos los equipos están conectados) y el acceso a resultados de FIT mediante la implementación del SILC en laboratorios clínicos (actualmente solo en el 16% de los laboratorios, limitado a Áreas de Salud), lo que es prioritario ya que las pruebas FIT deben realizarse en centros hospitalarios de nivel II y III.","</think>

Para garantizar la captación y el seguimiento efectivo de los pacientes en los programas de tamizaje, es fundamental que el CNDTCG acceda a datos personales como nombre, apellidos, teléfonos, correo electrónico, provincia, cantón, distrito y Área de Salud de adscripción, respetando la Ley No. 8968 sobre protección de datos personales. Además, se debe coordinar con diferentes departamentos como anestesia, endoscopía, imagenología, recuperación y enfermería para asegurar recursos y personal capacitado. Es crucial monitorear el estado clínico postprocedimiento, definir requerimientos de seguimiento o intervenciones adicionales, y liderar la gestión de complicaciones postprocedimiento mediante protocolos institucionales. El seguimiento activo de resultados de biopsias y asegurar que las intervenciones quirúrgicas y quimioterapéuticas se realicen oportunamente son también esenciales. Los desafíos incluyen garantizar el acceso a datos completos y actualizados, coordinar recursos en diferentes niveles de atención y manejar eventuales complicaciones postprocedimiento de manera rápida y efectiva.",79.07751276530325,1361,266,1627,open_ended,1509.0235632183792,618.6,2027.3,16284.36648407567,16284.26171875,16284.57421875,0.0,0,0,599.6875,599.6875,599.6875
1,DeepSeek-R1-Distill-Qwen-14B-Q6_K,265,"El ultrasonido endoscópico (USE) combina endoscopia con ecografía de alta resolución para evaluar capas de la pared gastrointestinal y estructuras adyacentes. Permite: estadificación loco-regional de tumores (estadios T y N), evaluación de lesiones subepiteliales, visualización del sistema pancreatobiliar, guía para biopsias por aspiración con aguja fina, y planificación de abordajes quirúrgicos. Está dirigido a personas con lesiones sospechosas detectadas en tamizaje u otras rutas clínicas, y se realiza bajo sedación o anestesia.","</think>

El ultrasonido endoscópico es una herramienta diagnóstica y terapéutica de alta especialización que combina la tecnología de la endoscopía con la ecografía de alta resolución. Permite visualizar y evaluar en profundidad las capas de la pared gastrointestinal y las estructuras adyacentes desde el interior del tracto digestivo. Este procedimiento está dirigido a personas con lesiones sospechosas detectadas en los programas de tamizaje u otras rutas clínicas, que requieren una evaluación más precisa de la extensión, localización y características de dichas lesiones. Además, puede utilizarse para guiar procedimientos diagnósticos como biopsias por aspiración con aguja fina o para planificar abordajes quirúrgicos y terapéuticos complejos.",61.92007337231189,1175,184,1359,open_ended,1554.9562347188175,548.7,2019.0,16285.01584466687,16284.73046875,16285.19921875,0.0,0,0,599.6875,599.6875,599.6875
1,DeepSeek-R1-Distill-Qwen-14B-Q6_K,235,"El área de Planificación y Mejora Continua en el CNDTCG tiene como función principal liderar los procesos de planificación operativa, seguimiento de resultados, evaluación del desempeño de los programas y promoción de la calidad. Entre sus funciones específicas se encuentran: la elaboración, revisión y actualización del Plan Anual Operativo, así como el acompañamiento técnico a las distintas unidades funcionales y programas para garantizar la formulación de metas claras, medibles y pertinentes; el seguimiento sistemático de los indicadores clínicos, administrativos e institucionales; la elaboración de informes técnicos que respaldan la toma de decisiones; el liderazgo de procesos de mejora continua mediante metodologías de gestión de la calidad, análisis de brechas, auditorías técnicas y formulación de acciones correctivas; la implementación de herramientas de análisis avanzado de datos incluyendo Big Data, Minería de Datos e Inteligencia de Negocios (BI) para detectar patrones, predecir comportamientos y fortalecer la toma de decisiones estratégicas; la coordinación de procesos de costeo de servicios para sustentar decisiones presupuestarias; el monitoreo continuo de la demanda de servicios para identificar necesidades emergentes y cuellos de botella; y la formulación de requerimientos técnicos para la gestión oportuna de recursos humanos, materiales, tecnológicos y de infraestructura.","</think>

El área de Planificación y Mejora Continua en el CNDTCG tiene funciones que incluyen la elaboración, revisión y actualización del Plan Anual Operativo, asegurando que las metas sean claras, medibles y pertinentes. Además, acompaña técnicamente a las unidades funcionales y programas del centro. También realiza el seguimiento sistemático de indicadores clínicos, administrativos e institucionales, y elabora informes técnicos que respaldan la toma de decisiones de la Dirección. Por otro lado, lidera los procesos de mejora continua mediante la aplicación de metodologías de gestión de la calidad, análisis de brechas, auditorías técnicas, evaluaciones internas y formulación de planes correctivos.",67.17075858078897,1464,164,1628,open_ended,1645.2240990990933,648.5,2027.3,16285.19921875,16285.19921875,16285.19921875,0.0,0,0,599.6875,599.6875,599.6875
1,DeepSeek-R1-Distill-Qwen-14B-Q6_K,233,"La metodología utilizada para la elaboración del Manual de Gestión del CNDTCG se realizó conforme a las indicaciones establecidas en el ""Manual Metodológico para la Construcción de un Manual de Gestión en la Dirección de Desarrollo de Servicios de Salud"", versión vigente, para asegurar la estandarización, coherencia técnica y alineación con la normativa institucional de la CCSS. El proceso se desarrolló bajo un enfoque participativo y técnico que incluyó: revisión documental de antecedentes institucionales del CNDTCG, incluyendo normativa vigente, manuales organizacionales, planes estratégicos, modelos de atención y documentos de planificación institucional; análisis de estructura organizativa propuesta para el centro, incluyendo sus áreas funcionales, programas clínicos y servicios de soporte; consulta con actores clave mediante sesiones técnicas de trabajo con personal del CNDTCG y otras áreas involucradas; síntesis y sistematización técnica para organizar la información bajo los apartados requeridos; validación técnica preliminar con revisión por parte de las instancias responsables; y como etapa final, el manual fue sometido a una validación técnica utilizando el método DELPHI modificada, un método estructurado de consenso entre expertos institucionales para garantizar la pertinencia, aplicabilidad y solidez técnica del documento.","</think>

La metodología utilizada para la elaboración del Manual de Gestión del CNDTCG se basó en el ""Manual Metodológico para la Construcción de un Manual de Gestión en la Dirección de Desarrollo de Servicios de Salud"", versión vigente. Este enfoque aseguró la estandarización, coherencia técnica y alineación con la normativa institucional de la Caja Costarricense de Seguro Social. El proceso fue participativo y técnico, incluyendo una revisión documental de antecedentes institucionales, análisis de información, y modelos de coordinación interinstitucional. Además, se consideraron herramientas que promovieron la estandarización, trazabilidad, eficiencia y calidad de las actividades desarrolladas en el centro, incorporándolas de manera progresiva conforme se consolidaron procesos y se validó la experiencia operativa.",73.17201381735504,1456,198,1654,open_ended,1588.2484472049603,987.5,2029.3,16285.19921875,16285.19921875,16285.19921875,0.0,0,0,599.6875,599.6875,599.6875
1,DeepSeek-R1-Distill-Qwen-14B-Q6_K,278,"El CNDTCG utiliza: EDUS (expediente digital), SIAC (programación de procedimientos), SIES (registro y análisis de datos), ARCA (registro de procedimientos y resultados), y bases internas como FileMaker. Estos sistemas permiten registrar, monitorear y analizar información clínica, administrativa y operativa. La interoperabilidad entre módulos es fundamental para asegurar la trazabilidad efectiva de los pacientes desde la invitación inicial hasta el tratamiento y seguimiento.","</think>

El CNDTCG utiliza sistemas de información institucionales que incluyen el expediente digital, la imagenología, las bases de datos y el soporte tecnológico e informático. Estos sistemas aseguran la integración del centro en la Red Nacional de Servicios de Salud, facilitando la continuidad del cuidado de las personas usuarias y la optimización de recursos.",53.654320077970624,1409,83,1492,open_ended,1768.7456338028112,987.5,2018.7,16285.19921875,16285.19921875,16285.19921875,0.0,0,0,599.6875,599.6875,599.6875
1,DeepSeek-R1-Distill-Qwen-14B-Q6_K,239,"El CNDTCG brinda atención clínica y diagnóstica orientada a la detección, tratamiento y seguimiento de patologías del tracto gastrointestinal, basada en la clasificación técnica CIE-10. Los principales diagnósticos incluyen: cáncer de estómago (C16.0-C16.9) que abarca tumores malignos de los cardias, fundus gástrico, cuerpo del estómago, antro pilórico, piloro, curvaturas menor y mayor y sitios contiguos; cáncer colorrectal (C18.0-C18.9) que incluye tumores del ciego, apéndice, colon ascendente, ángulo hepático, colon transverso, ángulo esplénico, colon descendente, colon sigmoide y sitios contiguos; cáncer de la unión rectosigmoidea (C19) y de recto (C20); lesiones gástricas precancerosas (D00.2); adenomas colorrectales avanzados (D12.6); pólipos gástricos (D13.1); tumores subepiteliales del tracto digestivo (D13.2); sospecha de tumores pancreáticos (D13.6); gastritis crónica atrófica (K29.4); abscesos hepáticos (K75.0); coledocolitiasis (K80.5); colecistitis (K81.0); colangitis (K83.0); sangrado digestivo (K92.2); y recurrencias postquirúrgicas digestivas (T81.4). Estos diagnósticos constituyen la base clínica sobre la cual operan los distintos programas técnicos del centro.","</think>

El CNDTCG atiende diagnósticos nosológicos relacionados con el cáncer gástrico y el cáncer colorrectal, los cuales se encuentran entre las principales causas de carga de enfermedad y mortalidad en Costa Rica. Estos diagnósticos se basan en la clasificación técnica CIE-10 (OMS, 2021). Además, el centro ofrece servicios complementarios como patología biliar, resección submucosa endoscópica (ESD), cirugía mayor, cirugía percutánea, ultrasonido endoscópico, y endoscopía diagnóstica y de control, lo que amplía su capacidad resolutiva.",59.35886747110635,1229,161,1390,open_ended,1607.1785714285606,987.4,2019.2,16285.35546875,16285.35546875,16285.35546875,0.0,0,0,599.6875,599.6875,599.6875
1,DeepSeek-R1-Distill-Qwen-14B-Q6_K,259,"El CNDTCG tiene sus raíces en 1995, cuando fue creado como un proyecto piloto mediante un convenio de cooperación entre la CCSS, la Universidad de Costa Rica (UCR) y la Agencia Japonesa de Cooperación Internacional (JICA), bajo el nombre de CDTC (Centro de Detección Temprana de Cáncer). En 2005, por acuerdo de Junta Directiva, el CDTC pasó a ser un servicio del Hospital Dr. Maximiliano Peralta Jiménez. En 2017 se dio la aprobación oficial del proyecto de Tamizaje de Cáncer Colorrectal, marcando un hito en la expansión de los programas. Entre 2019 y 2021 se implementaron mejoras organizativas que reforzaron la detección temprana y ampliaron el acceso diagnóstico. A partir de 2021 se inició el proceso de traslado institucional hacia la Dirección de Centros Especializados. Finalmente, en marzo de 2024, la Junta Directiva de la CCSS aprobó oficialmente la conformación del CNDTCG como centro nacional, dotándolo de la Unidad Programática 2806 y avalando su estructura funcional y operativa, consolidando así un modelo de atención integral para el cáncer gastrointestinal en Costa Rica.","</think>

No lo sé.",45.4577581519261,1497,7,1504,open_ended,1970.2105960264919,89.8,2019.2,16285.35546875,16285.35546875,16285.35546875,0.0,0,0,599.6875,599.6875,599.6875
1,DeepSeek-R1-Distill-Qwen-14B-Q6_K,258,"La metodología para el Manual de Gestión se realizó conforme al ""Manual Metodológico para la Construcción de un Manual de Gestión en la Dirección de Desarrollo de Servicios de Salud"". Incluyó revisión documental de antecedentes institucionales, análisis de estructura organizativa, consulta con actores clave mediante sesiones técnicas, síntesis y sistematización técnica, validación técnica preliminar, y como etapa final, validación mediante método DELPHI modificada, un proceso estructurado de consenso entre expertos institucionales para garantizar pertinencia y solidez técnica.","</think>

La metodología utilizada para elaborar el Manual de Gestión del CNDTCG se basó en el ""Manual Metodológico para la Construcción de un Manual de Gestión en la Dirección de Desarrollo de Servicios de Salud"", versión vigente. Este enfoque aseguró la estandarización, coherencia técnica y alineación con la normativa institucional de la Caja Costarricense de Seguro Social (CCSS). El proceso fue participativo y técnico, incluyendo una revisión documental de antecedentes institucionales, análisis de información y modelos de coordinación interinstitucional. Además, se consideraron las necesidades operativas del centro para fortalecer la estandarización, trazabilidad, eficiencia y calidad de sus actividades. La metodología permitió una estructura normativa, operativa y estratégica que guía al CNDTCG en la ejecución de sus funciones, evaluación y mejora continua, alineándose con los principios de calidad, oportunidad, equidad, continuidad e integralidad de los servicios de salud de la CCSS.",80.66521586012095,1455,247,1702,open_ended,1530.325939849614,868.0,2019.1,16285.35546875,16285.35546875,16285.35546875,0.0,0,0,599.6875,599.6875,599.6875
1,DeepSeek-R1-Distill-Qwen-14B-Q6_K,212,"Según el Plan de Abordaje Integral, la esperanza de vida en Costa Rica ha aumentado significativamente a lo largo de los años, alcanzando aproximadamente los 80 años en la actualidad, y este incremento implica que una mayor proporción de la población llega a edades donde el riesgo de desarrollar cáncer es más alto, ya que la incidencia de cáncer de estómago, colon y recto está estrechamente relacionada con la edad; por lo tanto, el envejecimiento de la población costarricense ha llevado a un aumento en el número de casos de estos tipos de cáncer, lo que significa que la alta incidencia en una población envejecida hace que los programas de tamizaje y detección temprana sean esenciales para reducir la mortalidad, y la implementación de pruebas como la FIT para el cáncer colorrectal y la Serie Gastroduodenal para el cáncer de estómago puede mejorar significativamente la detección temprana y, por ende, las tasas de supervivencia.","</think>

El aumento de la esperanza de vida en Costa Rica está directamente relacionado con el incremento en la incidencia de cáncer de estómago y colorrectal. A medida que las personas viven más tiempo, el riesgo de desarrollar enfermedades crónicas, incluyendo el cáncer, aumenta. Esto se refleja en datos que muestran un incremento en el número de casos y en la mortalidad por estos tipos de cáncer. 

Para los programas de tamizaje, esta relación implica la necesidad de implementar estrategias de prevención, detección temprana y seguimiento efectivas. El Plan de Abordaje Integral busca mejorar el acceso a servicios de salud y replicar modelos exitosos de detección temprana, especialmente en áreas con mayor necesidad. Esto permitirá reducir la mortalidad y los años de vida potencialmente perdidos debido al cáncer, mejorando así la calidad de vida de la población.",71.66476719174534,1334,215,1549,open_ended,1545.9450317124629,987.5,2019.2,16285.35546875,16285.35546875,16285.35546875,0.0,0,0,599.6875,599.6875,599.6875
1,DeepSeek-R1-Distill-Qwen-14B-Q6_K,297,"El equipamiento del CNDTCG incluye: torres de endoscopía de alta definición para procedimientos digestivos altos y bajos; equipamiento para ESD (cuchillos endoscópicos, inyectores submucosos, clips hemostáticos y unidades electroquirúrgicas); equipo de ultrasonido endoscópico (USE) para estadificación loco-regional y evaluación de lesiones; equipo para CPRE con accesorios para drenaje biliar, esfinterotomías, extracción de cálculos y colocación de prótesis; fluoroscopio de alta resolución para procedimientos intervencionistas; equipo de tomografía (TAC) para estudios de estadificación oncológica; ultrasonido convencional para valoraciones clínicas; monitores multiparámetros y bombas de infusión para sedación; instrumental quirúrgico especializado para laparotomía, laparoscopía y cirugía percutánea; equipos de apoyo en recuperación; y estaciones de trabajo informáticas articuladas con sistemas institucionales como EDUS.","</think>

El CNDTCG dispone de un conjunto de equipos médicos y tecnológicos de alta especialización que respaldan la ejecución de procedimientos diagnósticos, terapéuticos y quirúrgicos con altos estándares de seguridad y calidad técnica. Entre los principales equipos se incluyen:

- Torres de endoscopía de alta definición para procedimientos digestivos altos y bajos, con sistemas de visualización, iluminación, documentación y grabación digital.
- Equipamiento para Resección Submucosa Endoscópica (ESD), que incluye cuchillos endoscópicos, inyectores submucosos, clips hemostáticos y unidades electroquirúrgicas.
- Equipo de ultrasonido endoscópico (USE) para estadificación loco-regional, evaluación de lesiones subepiteliales y localización de estructuras profundas.

Estos recursos permiten desarrollar los diferentes programas clínicos del centro con capacidad resolutiva y eficiencia operativa.",76.62181954737753,1421,229,1650,open_ended,1544.8017786561136,628.5,2027.3,16285.275568181818,16285.1796875,16285.35546875,0.0,0,0,599.6875,599.6875,599.6875
1,DeepSeek-R1-Distill-Qwen-14B-Q6_K,229,"Según el Plan de Abordaje Integral, las recomendaciones adicionales para fortalecer la implementación del plan incluyen: realizar una evaluación de viabilidad para implementar tamizaje de cáncer gástrico mediante EGD directa en zonas prioritarias con recursos disponibles, ya que es más preciso que la SGD; estandarizar las tasas de incidencia y mortalidad por edad para evitar que las diferencias en la distribución etaria entre cantones afecten la priorización de pacientes; crear una unidad móvil de endoscopia con dos salas para desplazarse a zonas de alta incidencia y baja capacidad de recursos, operada por especialistas mediante servicio social o contratos de retribución, mejorando la equidad en el acceso; establecer una red de voluntarios entrenados (estudiantes de medicina, enfermería y comunidad) para apoyar campañas de concientización y logística; integrar soluciones de telemedicina para consultas especializadas y seguimientos en regiones alejadas; forjar alianzas con el sector privado para apoyo financiero, logístico y tecnológico, incluyendo donación de equipos; implementar programas educativos sobre estilos de vida saludables como medida preventiva; invertir en investigación genética y desarrollo de biomarcadores para identificar individuos con mayor riesgo; y realizar convenios con entidades nacionales e internacionales para investigación en detección temprana, tratamiento y seguimiento, facilitando la transferencia de tecnología y capacitación especializada.","</think>

Las principales sugerencias propuestas para fortalecer la implementación y efectividad del plan son:

1. **Realizar una evaluación exhaustiva de la viabilidad** de implementar programas de tamizaje de cáncer gástrico mediante EGD directa en zonas prioritarias con recursos necesarios, debido a la alta incidencia y mortalidad en estas áreas.

2. **Desarrollar un sistema de seguimiento y evaluación continua**, que permita monitorear el progreso, identificar áreas de mejora y ajustar estrategias para optimizar resultados.

3. **Garantizar la transparencia en la presentación de avances y resultados**, para mantener la responsabilidad y compromiso de todas las partes involucradas.

4. **Considerar la disponibilidad de recursos financieros, capacitación del personal y adquisición de equipamiento médico** como supuestos esenciales para el éxito del plan.

5. **Implementar programas de capacitación continua** para el personal médico y técnico, y estrategias de retención para asegurar que el personal capacitado permanezca en el sistema de salud.

6. **Analizar la población adscrita por provincia, cantón, sexo y edad** para identificar áreas prioritarias de intervención.

7. **Realizar evaluaciones de necesidades, encuestas y análisis de infraestructura** para determinar las condiciones particulares necesarias para el éxito del plan.

8. **Identificar condiciones críticas y desarrollar estrategias de mitigación de riesgos** mediante análisis de riesgos, entrevistas y grupos focales.

9. **Revisar mejores prácticas y análisis de resultados previos** para proponer acciones de mejora continua, implementar acciones piloto y monitorear resultados.

Estas recomendaciones buscan complementar las actividades planificadas y mitigar posibles riesgos, asegurando una mejor preparación y adaptabilidad ante los desafíos.",106.20234110672028,1480,419,1899,open_ended,1414.6108571428479,987.5,2019.3,16286.135267857142,16285.8046875,16286.2734375,0.0,0,0,599.6875,599.6875,599.6875
1,DeepSeek-R1-Distill-Qwen-14B-Q6_K,289,"Los tratamientos quirúrgicos para el cáncer colorrectal dependen de la localización de la lesión y su extensión local, regional y a distancia. Incluyen procedimientos como colostomías, resección anterior baja (extirpación del recto y parte del colon sigmoide preservando el esfínter anal), resección abdominoperineal (extirpación del ano, recto y parte del colon sigmoide con colostomía permanente), y resección de metástasis (metastasectomía). Es importante que los tratamientos quirúrgicos se acompañen de una disección linfática adecuada. Algunas personas pueden requerir ileostomías o colostomías permanentes o temporales como parte de su tratamiento.","</think>

Los tratamientos quirúrgicos para el cáncer colorrectal, según la norma, dependen de la localización de la lesión y su extensión local, regional y a distancia. Incluyen procedimientos como colostomías y resección, con el objetivo de remover la lesión cancerosa y partes afectadas del intestino. La cirugía se realiza teniendo en cuenta las condiciones del paciente y los resultados del estudio anatomopatológico. Además, se valoriza el uso de quimioterapia para reducir el riesgo de recaída, especialmente en casos con alto riesgo de metastasis.",46.7123758122325,957,138,1095,open_ended,1580.3627831715148,329.2,2019.2,16286.876693972492,16286.7421875,16287.0546875,0.0,0,0,599.6875,599.6875,599.6875
1,DeepSeek-R1-Distill-Qwen-14B-Q6_K,264,"El CNDTCG atiende diagnósticos basados en CIE-10: cáncer de estómago (C16.0-C16.9), cáncer colorrectal (C18.0-C18.9), cáncer de unión rectosigmoidea (C19) y recto (C20), lesiones gástricas precancerosas (D00.2), adenomas colorrectales avanzados (D12.6), pólipos gástricos (D13.1), tumores subepiteliales (D13.2), sospecha de tumores pancreáticos (D13.6), gastritis crónica atrófica (K29.4), abscesos hepáticos (K75.0), coledocolitiasis (K80.5), colecistitis (K81.0), colangitis (K83.0), sangrado digestivo (K92.2) y recurrencias postquirúrgicas (T81.4).","</think>

El CNDTCG atiende principalmente diagnósticos relacionados con el cáncer gástrico y el cáncer colorrectal, basándose en la clasificación CIE-10 de la OMS de 2021. Estos diagnósticos son considerados entre las principales causas de carga de enfermedad y mortalidad en Costa Rica. Además, el centro realiza actividades como programas de tamizaje poblacional para la detección temprana de estos tumores, lo que refuerza su enfoque en la prevención y control de estos diagnósticos.",56.478734431788325,1289,130,1419,open_ended,1667.6745308310901,987.6,2018.7,16287.0546875,16287.0546875,16287.0546875,0.0,0,0,599.6875,599.6875,599.6875
1,DeepSeek-R1-Distill-Qwen-14B-Q6_K,213,"Según el Plan de Abordaje Integral, el análisis de los años de vida potencialmente perdidos (YPLL) revela que, aunque mueren más hombres por cáncer de estómago, colon y recto (40,104 años perdidos en hombres frente a 31,933 en mujeres, con un 47% más de hombres fallecidos), las mujeres pierden en promedio más años de vida que los hombres, ya que la media de YPLL para las mujeres es de 16.49 años, significativamente mayor que la de los hombres que es de 14.10 años, y además los intervalos de confianza muestran que las mujeres tienen un límite superior de 17.00 años frente a 14.47 en hombres; esto significa que las mujeres que fallecen por estos tipos de cáncer lo hacen a edades más tempranas que los hombres, lo que representa una mayor pérdida de productividad y bienestar social, y resalta la importancia de implementar intervenciones efectivas de salud pública, incluyendo programas de tamizaje y detección temprana, que permitan reducir tanto la incidencia como la mortalidad, minimizando así los YPLL.","</think>

En el contexto proporcionado, se menciona que las tasas de mortalidad por cáncer de estómago, colon y recto son mayores en hombres que en mujeres. Sin embargo, también se señala que las mujeres sufren muertes más prematuras, lo que sugiere que, aunque los hombres tienen una mayor probabilidad de fallecer por estos tipos de cáncer, las mujeres tienden a morir a edades más jóvenes o en etapas tempranas de la enfermedad. Esto refleja una diferencia en la distribución de la mortalidad según el sexo, donde la mortalidad es más elevada en hombres, pero la edad media de fallecimiento es menor en mujeres.",71.37538486160338,1654,151,1805,open_ended,1688.1347457627078,628.5,2027.3,16287.632018008475,16287.2109375,16287.8359375,0.0,0,0,599.6875,599.6875,599.6875
1,DeepSeek-R1-Distill-Qwen-14B-Q6_K,248,"Los indicadores de cobertura de población objetivo en los programas de tamizaje del CNDTCG miden el porcentaje de personas entre 50-74 años tamizadas respecto a la población estimada, calculado como (Número de personas tamizadas / Población objetivo entre 50-74 años) × 100. Estos indicadores se obtienen de fuentes como SIAC, SIES y Plataforma de Tamizaje, con periodicidad trimestral, y son responsabilidad de la Coordinación de Programa y el Área de Planificación. La importancia de estos indicadores radica en que permiten evaluar el alcance de los programas de tamizaje, identificar brechas en la cobertura poblacional, orientar estrategias para aumentar la participación de la población objetivo, y monitorear el progreso hacia las metas institucionales. La cobertura de población objetivo es especialmente relevante porque los programas de tamizaje están diseñados para detectar tempranamente lesiones premalignas y neoplasias, y una baja cobertura limita el impacto potencial de la estrategia en la reducción de la incidencia y mortalidad por cáncer gástrico y colorrectal. El seguimiento trimestral permite realizar ajustes oportunos en las estrategias de captación y promoción.","</think>

El indicador de cobertura de población objetivo en los programas de tamizaje mide el porcentaje de personas entre 50-74 años que han sido tamizadas respecto a la población estimada en ese rango. Se calcula como (Número de personas tamizadas / Población objetivo entre 50-74 años) x 100. Los datos se obtienen de fuentes como SIAC, SIES y la Plataforma de Tamizaje, con una periodicidad trimestral. El responsable de esta métrica es la Coordinación de Programa o el Área de Planificación. Este indicador es crucial para evaluar la efectividad en la identificación y abordaje de grupos de riesgo, permitiendo una focalización estratégica de recursos hacia las áreas con mayor necesidad.",66.54499753657728,1390,177,1567,open_ended,1610.7165909090866,359.2,2018.9,16288.19247159091,16288.1484375,16288.3046875,0.0,0,0,599.6875,599.6875,599.6875
1,DeepSeek-R1-Distill-Qwen-14B-Q6_K,282,"El informe de colonoscopia debe incluir: número total de pólipos extirpados y recuperados; tamaño de cada pólipo en milímetros; localización de cada pólipo en el colon; morfología de las lesiones mediante el uso de clasificaciones endoscópicas validadas como la Clasificación de Paris; caracterización de cada pólipo utilizando clasificaciones como JNET (Japan NBI Expert Team), NICE (Narrow Band Imaging International Colorectal Endoscopic) y Kudo; método de extirpación de cada pólipo (resección en bloque o fragmentada); evaluación de la integridad de la resección; e indicación si la resección es en bloque o fragmentada (piece meal).","</think>

El informe de colonoscopia debe incluir una inspección completa del colon y el recto, con visualización y documentación adecuadas del ciego, la válvula ileocecal y el orificio apendicular. Se recomienda adjuntar fotografías al respecto. Además, el tiempo de retirada durante el estudio no debe ser menor a 6 minutos. El informe debe ser interpretado por un profesional de medicina para decidir el abordaje que la persona requiera según los hallazgos y la correlación clínica. Si se identifican lesiones como adenomas, se deben seguir las indicaciones establecidas en la Figura 2 del Decreto Ejecutivo correspondiente.",65.79631765000522,1453,156,1609,open_ended,1651.7742528735553,678.5,2019.2,16288.662805316091,16288.4609375,16288.7734375,0.0,0,0,599.6875,599.6875,599.6875
1,DeepSeek-R1-Distill-Qwen-14B-Q6_K,281,"Los requisitos mínimos de calidad para una colonoscopia de tamizaje incluyen: para la ejecución, inspección completa del colon y el recto con visualización y documentación adecuadas del ciego, la válvula ileocecal y el orificio apendicular, con fotografía al respecto; tiempo de retirada no menor a 6 minutos; calidad de la limpieza colónica adecuada evaluada mediante la Escala de Preparación Intestinal de Boston; el informe debe incluir número total de pólipos extirpados y recuperados, tamaño de cada pólipo, localización, morfología mediante clasificación de Paris, caracterización mediante JNET, NICE y Kudo, método de extirpación, evaluación de la integridad de la resección, e indicación si la resección es en bloque o fragmentada; y el informe anatomopatológico debe incluir número total de adenomas y pólipos serrados, diagnóstico histopatológico, presencia de componente velloso y grado de displasia.","</think>

Los requisitos mínimos de calidad que una colonoscopia de tamizaje debe cumplir son:

1. **Inspección completa del colon y el recto**: Debe asegurarse de que se visualice y documente adecuadamente el ciego, la válvula ileocecal y el orificio apendicular.

2. **Tiempo de retirada adecuado**: El tiempo de retirada del colonoscopio no debe ser menor a 6 minutos.

3. **Tasa de detección de adenomas (ADR)**: Debe ser óptima para reducir el riesgo de cáncer colorrectal posterior a la colonoscopia.

4. **Reporte y interpretación**: El estudio debe ser interpretado por un profesional de medicina, quien decidirá el abordaje según los hallazgos y correlación clínica.

5. **Documentación y fotografías**: Se recomienda adjuntar fotografías para respaldar la inspección del colon.

Estos requisitos aseguran la calidad y eficacia de la colonoscopia en el tamizaje del cáncer colorrectal.",80.10222414974123,1495,245,1740,open_ended,1551.2423440453585,508.8,2019.2,16289.025386932892,16288.9296875,16289.0859375,0.0,0,0,599.6875,599.6875,599.6875
1,DeepSeek-R1-Distill-Qwen-14B-Q6_K,242,"La operación del CNDTCG se encuentra alineada con el Mapa de Procesos Institucional de la CCSS, contribuyendo al cumplimiento de sus macroprocesos estratégicos, sustantivos y de apoyo. En su quehacer principal, el CNDTCG se inserta dentro del Macroproceso Sustantivo de Atención de la Salud, particularmente en las áreas de promoción de la salud, prevención secundaria, recuperación y rehabilitación, mediante la implementación de programas de tamizaje, diagnóstico temprano, tratamiento quirúrgico y seguimiento clínico. Además, mantiene articulación funcional con los Macroprocesos Estratégicos en aspectos de gestión de salud, planificación estratégica, aseguramiento de la calidad asistencial y fortalecimiento de la investigación en salud. Para el soporte de su operación, el CNDTCG depende de los Macroprocesos de Apoyo en áreas de gestión de talento humano, abastecimiento de insumos médicos y materiales, mantenimiento y gestión de infraestructura hospitalaria, soporte tecnológico e informático (expediente digital, imagenología, bases de datos), y apoyo administrativo y financiero. Esta interrelación asegura la integración del CNDTCG dentro de la Red de Servicios de Salud, facilitando la continuidad del cuidado y la optimización de recursos.","</think>

El CNDTCG opera alineado con el Mapa de Procesos Institucionales de la CCSS, contribuyendo específicamente al Macroproceso Sustantivo de Atención de la Salud. Se enfoca en áreas como promoción de salud, prevención secundaria, recuperación y rehabilitación, mediante programas de tamizaje, diagnóstico temprano, tratamiento quirúrgico y seguimiento clínico de personas con patologías gastrointestinales. Esta alineación asegura que el centro cumpla con los principios de calidad, oportunidad, equidad, continuidad e integralidad de la CCSS, integrando su modelo de atención en la red nacional de servicios de salud.",65.84797654859722,1411,160,1571,open_ended,1632.2999999999906,987.5,2019.2,16289.0859375,16289.0859375,16289.0859375,0.0,0,0,599.6875,599.6875,599.6875
1,DeepSeek-R1-Distill-Qwen-14B-Q6_K,233,"La metodología utilizada para la elaboración del Manual de Gestión del CNDTCG se realizó conforme a las indicaciones establecidas en el ""Manual Metodológico para la Construcción de un Manual de Gestión en la Dirección de Desarrollo de Servicios de Salud"", versión vigente, para asegurar la estandarización, coherencia técnica y alineación con la normativa institucional de la CCSS. El proceso se desarrolló bajo un enfoque participativo y técnico que incluyó: revisión documental de antecedentes institucionales del CNDTCG, incluyendo normativa vigente, manuales organizacionales, planes estratégicos, modelos de atención y documentos de planificación institucional; análisis de estructura organizativa propuesta para el centro, incluyendo sus áreas funcionales, programas clínicos y servicios de soporte; consulta con actores clave mediante sesiones técnicas de trabajo con personal del CNDTCG y otras áreas involucradas; síntesis y sistematización técnica para organizar la información bajo los apartados requeridos; validación técnica preliminar con revisión por parte de las instancias responsables; y como etapa final, el manual fue sometido a una validación técnica utilizando el método DELPHI modificada, un método estructurado de consenso entre expertos institucionales para garantizar la pertinencia, aplicabilidad y solidez técnica del documento.","</think>

La metodología utilizada para la elaboración del Manual de Gestión del CNDTCG se basó en el ""Manual Metodológico para la Construcción de un Manual de Gestión en la Dirección de Desarrollo de Servicios de Salud"", versión vigente. Este proceso se desarrolló con un enfoque participativo y técnico, que incluyó una revisión documental de antecedentes institucionales del CNDTCG, análisis de información, y la implementación de modelos de coordinación interinstitucional. Además, se aseguró la estandarización, coherencia técnica y alineación con la normativa institucional de la Caja Costarricense de Seguro Social.",65.77782794088125,1456,156,1612,open_ended,1652.4027586206835,469.0,2019.3,16289.0859375,16289.0859375,16289.0859375,0.0,0,0,599.6875,599.6875,599.6875
1,DeepSeek-R1-Distill-Qwen-14B-Q6_K,287,"Las recomendaciones de vigilancia endoscópica según hallazgos de pólipos establecen que para casos con al menos un adenoma ≥10 mm, adenoma con Displasia de Alto Grado (DAG), hallazgo de ≥5 adenomas en colonoscopia basal, o pólipos serrados mayores de 10 mm o con displasia, se requiere colonoscopia de vigilancia. Para casos con uno a cuatro adenomas <10 mm sin DAG, o pólipos serrados <10 mm sin displasia, no requieren vigilancia y regresan a tamizaje poblacional. Tras resección en piece meal de pólipos ≥20 mm, repetir colonoscopia en un año; si en la primera colonoscopia de vigilancia no se detectan pólipos que requieran seguimiento, segunda colonoscopia de vigilancia a los 5 años; si en la segunda no se detectan, retorno al tamizaje poblacional; si se detectan pólipos, vigilancia a los 3 años.","</think>

Las recomendaciones de vigilancia endoscópica según los hallazgos de pólipos son las siguientes:

1. **Casos sin requerimiento de vigilancia**: 
   - Pólipos de un a cuatro adenomas menores de 10 mm sin displasia anquiamatosa (DAG).
   - Pólipos serrados menores de 10 mm sin displasia.

2. **Vigilancia con colonoscopia**:
   - Repetir colonoscopia en un año si se realizó resección endoscópica en ""piece meal"" de pólipos de 20 mm o más.

3. **Seguimiento post-colonoscopia**:
   - Si en la primera colonoscopia de vigilancia no se detectan pólipos que requieran seguimiento, programar una segunda colonoscopia de vigilancia después de 5 años.
   - Si en la segunda colonoscopia no se detectan pólipos que requieran seguimiento, retornar al tamizaje poblacional con el test SOHi cada dos años.
   - Si en cualquier colonoscopia de vigilancia se detectan pólipos que requieren seguimiento, realizar una nueva colonoscopia de vigilancia a los 3 años.

Estas recomendaciones se basan en el tamaño, ubicación y características de los pólipos detectados, con el fin de garantizar un seguimiento adecuado y oportuno.",89.9194562016055,1487,314,1801,open_ended,1487.719730185485,987.6,2019.3,16289.724902508431,16289.2421875,16290.0234375,0.0,0,0,599.6875,599.6875,599.6875
1,DeepSeek-R1-Distill-Qwen-14B-Q6_K,257,"La UIS lidera la investigación científica, formula líneas de investigación, gestiona bases de datos, coordina con universidades y fomenta la cultura investigativa para generar evidencia que oriente la toma de decisiones clínicas y de gestión.","</think>

La Unidad de Investigación en Salud (UIS) del CNDTCG es fundamental porque debe liderar esfuerzos en la generación de evidencia y el desarrollo institucional, jugando un papel central en la investigación continua de cáncer gástrico y colorrectal. Esto asegura que el centro cuente con información actualizada y robusta para mejorar la atención y los programas implementados. Además, la UIS contribuye al fortalecimiento de la capacidad investigativa del CNDTCG, lo que permite una toma de decisiones más informada y el diseño de estrategias más efectivas para combatir estas enfermedades.",55.40118575654924,1201,141,1342,open_ended,1635.9811475409754,987.6,2027.3,16290.0234375,16290.0234375,16290.0234375,0.0,0,0,599.6875,599.6875,599.6875
1,DeepSeek-R1-Distill-Qwen-14B-Q6_K,262,"El Programa de Cirugía Percutánea ofrece una alternativa terapéutica mínimamente invasiva mediante técnicas quirúrgicas a través de pequeñas incisiones guiadas por imagen (ecografía, TAC o fluoroscopía). Permite resolver condiciones clínicas de manera más segura, rápida y con menor impacto. Sus beneficios incluyen menor agresión quirúrgica, reducción de complicaciones, recuperación más rápida, menor estancia hospitalaria, menos dolor postoperatorio, cicatrices mínimas, y posibilidad de realizarse en pacientes con alto riesgo quirúrgico. Las intervenciones son planificadas interdisciplinariamente y ejecutadas bajo protocolos estandarizados.","</think>

El Programa de Cirugía Percutánea es un programa especializado en la atención quirúrgica de personas con patologías gastrointestinales, biliares o neoplásicas que requieren intervenciones de mínima invasión guiadas por imagen. Su objetivo principal es garantizar la integración y flujo adecuado de las personas usuarias a lo largo del proceso de detección temprana. 

Entre sus ventajas para los pacientes se encuentran:
- La realización de procedimientos quirúrgicos con mínima invasión, lo que reduce el riesgo de complicaciones y acelera la recuperación.
- La atención especializada liderada técnicamente y operativamente por un coordinador de programa, asegurando la implementación de protocolos técnicos institucionales y estándares de calidad.
- La planificación, ejecución y supervisión de actividades clínicas y quirúrgicas, basadas en criterios clínicos y estudios diagnósticos, lo que garantiza una atención personalizada y eficiente.
- El uso de técnicas avanzadas como el ultrasonido endoscópico para una evaluación diagnóstica más precisa, mejorando el abordaje de lesiones en el tracto gastrointestinal y estructuras adyacentes.

Este programa contribuye a mejorar la calidad de vida de los pacientes al ofrecer intervenciones quirúrgicas seguras y eficaces, adaptadas a sus necesidades específicas.",76.66324947401881,1064,322,1386,open_ended,1400.1150495049396,987.5,2019.0,16290.077583539603,16290.0234375,16290.1796875,0.0,0,0,599.6875,599.6875,599.6875
1,DeepSeek-R1-Distill-Qwen-14B-Q6_K,252,"El médico general asistente en el CNDTCG brinda apoyo clínico directo durante la realización de procedimientos endoscópicos diagnósticos y terapéuticos, así como en intervenciones quirúrgicas, en coordinación con el personal médico especialista, anestesiológico y de enfermería. Su rol es esencial en la atención segura de personas usuarias sometidas a procedimientos como gastroscopías, colonoscopías, CPRE, ESD, cirugía percutánea y cirugía mayor. Durante estas intervenciones, monitorea continuamente signos vitales y parámetros clínicos, asegurando estabilidad hemodinámica y ventilatoria. Está capacitado para manejar sedación por vía aérea, especialmente en casos que requieren sedación profunda. También evalúa la condición clínica previa del paciente, colabora en la preparación para el procedimiento, revisa antecedentes y verifica el consentimiento informado. Su participación continúa en la unidad de recuperación apoyando en la vigilancia clínica postoperatoria. Adicionalmente, coordina la programación de estudios de TAC, gestiona el flujo de biopsias, cumple funciones como gestor de referencias y participa en la presentación de indicadores de desempeño.","</think>

El médico general asistente en los procedimientos del CNDTCG forma parte activa del equipo quirúrgico, colaborando como asistente en las distintas etapas del acto operatorio. Su apoyo incluye la preparación del paciente, asistencia técnica durante la cirugía, como exposición quirúrgica, manejo de instrumental y hemostasia básica, y seguimiento clínico inmediato en la fase postquirúrgica. Además, coordina la programación de estudios de tomografía computarizada (TAC), lo cual incluye la apertura y cierre de agendas, priorización de casos, coordinación con recepcionistas, enfermería y técnicos, así como la verificación de disponibilidad de recursos e insumos. También mide y analiza los indicadores de ausentismo y suspensión de citas, asegurando el aprovechamiento óptimo de las agendas.",72.03927299752831,1436,204,1640,open_ended,1586.761344537806,498.8,2018.4,16290.487263655463,16290.3359375,16290.6484375,0.0,0,0,599.6875,599.6875,599.6875
1,DeepSeek-R1-Distill-Qwen-14B-Q6_K,270,"El Técnico en Gastroenterología brinda soporte técnico en procedimientos endoscópicos. Prepara, verifica y mantiene el equipamiento endoscópico. Asiste al endoscopista durante los estudios (manejo del equipo, toma de muestras, succión, irrigación). Es responsable de la limpieza, desinfección de alto nivel y resguardo del instrumental según protocolos de control de infecciones. Participa en gestión de insumos, listas de verificación, mantenimiento preventivo y orienta al usuario sobre el proceso con enfoque respetuoso.","</think>

El Técnico en Gastroenterología en el CNDTCG tiene funciones clave en la valoración médica de pacientes, planificación técnica de procedimientos, realización de intervenciones endoscópicas avanzadas, y seguimiento postoperatorio. Colabora en la interdisciplinariedad con otros equipos técnicos y clínicos, garantizando la seguridad y eficacia de los procedimientos. Además, participa en la representación del centro en instancias nacionales e internacionales, contribuyendo a su posicionamiento como referente en procedimientos endoscópicos avanzados.",60.55293622799218,1408,131,1539,open_ended,1686.042749999994,987.5,2027.4,16290.8390625,16290.6484375,16290.9609375,0.0,0,0,599.6875,599.6875,599.6875
1,DeepSeek-R1-Distill-Qwen-14B-Q6_K,208,"Durante el periodo 2017-2022, la incidencia del cáncer de estómago mostró una ligera disminución hacia el final del periodo, pasando de alrededor de 12-13 casos por cada 100,000 habitantes a aproximadamente 10 casos en 2022, mientras que la incidencia del cáncer de colon se mantuvo relativamente estable entre 11 y 12 casos por cada 100,000 habitantes, y la del cáncer de recto se mantuvo constante entre 6 y 7 casos; la incidencia total combinada de los tres tipos de cáncer mostró una leve disminución desde 30.60 casos en 2017 hasta 27.91 casos en 2022, y en cuanto a la diferencia por sexo, la incidencia en hombres fue consistentemente mayor que en mujeres a lo largo del periodo, con un subtotal que osciló entre 32.78 y 30.19 casos por cada 100,000 habitantes en hombres, frente a 28.68 y 27.15 casos en mujeres, lo que subraya la necesidad de estrategias de prevención y tratamiento adaptadas a cada grupo.","</think>

No lo sé.",45.63698728848249,1503,7,1510,open_ended,1970.0168316831682,339.2,2027.3,16291.4296875,16291.4296875,16291.4296875,0.0,0,0,599.6875,599.6875,599.6875
1,DeepSeek-R1-Distill-Qwen-14B-Q6_K,290,"El manejo posterior a un tratamiento curativo de CCR incluye vigilancia clínica con control bioquímico y de imágenes, y colonoscopia de vigilancia para detección de CCR metacrónico y recurrente. La colonoscopia de vigilancia se realiza según los hallazgos: si no hay adenomas, se recomienda vigilancia a los 10 años; si se detectan adenomas, se siguen las indicaciones establecidas en la Figura 2 de la norma. En caso de que la colonoscopia de vigilancia presente adenomas, se deben seguir las indicaciones de manejo según hallazgos. Esta vigilancia permite detectar recurrencias tempranas y mejorar los resultados oncológicos.","</think>

El manejo posterior a un tratamiento curativo de Cáncer Colorrectal (CCR) incluye una vigilancia clínica y endoscópica. Se recomienda una colonoscopia de vigilancia después de la resección quirúrgica o endoscópica con intención curativa. Esta colonoscopia tiene como objetivo detectar recurrencias o metástasis, ya sean metacrónicas o recurrentes. Además, se acompaña de controles bioquímicos y de imágenes correspondientes. El seguimiento debe ser estructurado y periódico, adaptado al riesgo clínico del paciente, para facilitar la detección oportuna de recurrencias o progresiones.",68.47354396805167,1508,156,1664,open_ended,1647.7935982339907,39.9,2019.0,16291.876362444813,16291.5859375,16292.0546875,0.0,0,0,599.6875,599.6875,599.6875
1,DeepSeek-R1-Distill-Qwen-14B-Q6_K,293,"El CNDTCG tiene sus raíces en 1995 cuando fue creado como proyecto piloto mediante convenio de cooperación entre la CCSS, la UCR y la JICA. En 2008 fue adscrito formalmente como servicio hospitalario del Hospital Dr. Maximiliano Peralta Jiménez. En 2017 se avalaron programas técnicos clave como el Tamizaje de Cáncer Colorrectal. Entre 2019 y 2021 se implementaron mejoras organizativas. A partir de 2021 se inició el traslado institucional hacia la Dirección de Centros Especializados. El fundamento legal se basa en el Acuerdo de Junta Directiva Nº 9414 del 5 de marzo de 2024, que autorizó la conformación del CNDTCG como unidad funcional especializada de alcance nacional con número de Unidad Programática 2806, bajo la Dirección de Centros Especializados de la Gerencia Médica.","</think>

El CNDTCG opera alineado con el Mapa de Procesos Institucionales de la Caja Costarricense de Seguro Social (CCSS), contribuyendo al Macroproceso Sustantivo de Atención de la Salud, específicamente en áreas como promoción de salud, prevención secundaria, recuperación y rehabilitación. Su estructura y funciones están definidas en el Manual de Gestión, elaborado siguiendo el ""Manual Metodológico para la Construcción de un Manual de Gestión en la Dirección de Desarrollo de Servicios de Salud"". Este documento asegura la estandarización, coherencia técnica y alineación con la normativa institucional de la CCSS. Además, el CNDTCG implementa programas de tamizaje y diagnóstico temprano, integrando procedimientos avanzados y ofreciendo servicios especializados articulados con la red nacional de servicios de salud.",72.20349867176265,1411,207,1618,open_ended,1579.4916142557552,638.6,2019.3,16292.0546875,16292.0546875,16292.0546875,0.0,0,0,599.6875,599.6875,599.6875
1,DeepSeek-R1-Distill-Qwen-14B-Q6_K,275,"Se realizó conforme al Manual Metodológico institucional, con enfoque participativo que incluyó revisión documental, análisis de estructura organizativa, consulta a actores clave, síntesis técnica, validación preliminar y validación final con el método DELPHI modificada para garantizar consenso entre expertos.","</think>

La metodología utilizada para elaborar el Manual de Gestión del CNDTCG se basó en el ""Manual Metodológico para la Construcción de un Manual de Gestión en la Dirección de Desarrollo de Servicios de Salud"", versión vigente. Este enfoque aseguró la estandarización, coherencia técnica y alineación con la normativa institucional de la Caja Costarricense de Seguro Social (CCSS). El proceso fue participativo y técnico, incluyendo revisiones documentales de antecedentes institucionales, análisis de información, y la integración de modelos de coordinación interinstitucional. Además, se consideraron herramientas metodológicas que promovieron la estandarización, trazabilidad, eficiencia y calidad en las actividades del centro. La metodología se implementó de manera progresiva, validando la experiencia operativa y identificando necesidades específicas de mejora o soporte técnico.",74.06748655624688,1455,214,1669,open_ended,1578.878118609398,987.5,2018.8,16292.183338126279,16291.98046875,16292.8359375,0.0,0,0,599.6875,599.6875,599.6875
1,DeepSeek-R1-Distill-Qwen-14B-Q6_K,231,"El proceso de tamizaje para el cáncer colorrectal según el modelo del CNDTCG comienza con la invitación estructurada a la población objetivo de personas asintomáticas entre 50 y 74 años. Una vez aceptada la invitación, el paciente se somete a una prueba FIT (Test Inmunológico Fecal) en un laboratorio clínico para detectar sangre oculta en las heces, donde el microbiólogo y el personal de apoyo juegan un papel crucial en la realización y análisis. Los resultados de la prueba FIT determinan si el paciente requiere una colonoscopia; en caso positivo, el paciente se somete al procedimiento, que permite la visualización directa del colon y la toma de biopsias si es necesario, realizado por el endoscopista asistido por el técnico de endoscopia. Durante la colonoscopia, el endoscopista evalúa si existe alguna lesión; si no se encuentra, el paciente vuelve al programa de tamizaje. Si se revela alguna anomalía, se toma biopsia y se envía a patología; además, si se identifican adenomas, se remueven inmediatamente. Los resultados de la biopsia determinan si se ha detectado cáncer o adenoma; si no hay cáncer ni adenoma, el paciente vuelve al programa de tamizaje; si se detecta cáncer, el paciente es referido para recibir tratamiento.","</think>

El proceso de tamizaje para el cáncer colorrectal según el modelo del CNDTCG incluye varias etapas. Primero, se invita a los individuos que cumplen con los criterios de inclusión definidos por el programa. Una vez aceptada la invitación, el paciente se somete a una prueba FIT (Fecal Occult Blood Test), realizada en un laboratorio clínico para detectar sangre oculta en las heces. En esta etapa, el microbiólogo y el personal de apoyo de laboratorios clínicos participan en la realización y análisis de la prueba. Si la prueba FIT resulta positiva, el paciente es remitido a un endoscopista para una colonoscopia. Durante este procedimiento, el técnico de endoscopia y el patólogo colaboran en la realización y evaluación de las muestras. Si se detectan lesiones precancerosas o cancerosas, el patólogo realiza el diagnóstico definitivo. Dependiendo de los resultados, el paciente puede recibir tratamiento ocurrriendo en el seguimiento posterior.",58.133860929869115,859,239,1098,open_ended,1419.9864229764905,798.2,2027.3,16291.98046875,16291.98046875,16291.98046875,0.0,0,0,599.6875,599.6875,599.6875
1,DeepSeek-R1-Distill-Qwen-14B-Q6_K,255,"Consumo de carnes rojas procesadas, dieta baja en fibra, obesidad, tabaco y alcohol.","</think>

No lo sé.",34.540639906190336,1161,7,1168,open_ended,1970.3179039301285,997.6,2019.1,16292.13671875,16292.13671875,16292.13671875,0.0,0,0,599.6875,599.6875,599.6875
1,DeepSeek-R1-Distill-Qwen-14B-Q6_K,205,"Las principales limitaciones identificadas son la falta de información técnica sobre capacidad instalada, ya que aunque se cuenta con un inventario de recursos, todos están actualmente en uso para otros procedimientos, lo que impide determinar la capacidad adicional necesaria para el programa de tamizaje; además, no existen datos sobre cuántos pacientes requieren estudios complementarios como ultrasonidos, vigilancia hemodinámica en gastroscopias, sedación por anestesiólogo, ni cuántos estudios endoscópicos requieren biopsia, lo que limita la planificación solo a los estudios básicos; tampoco se cuenta con guías de seguimiento endoscópico del Ministerio de Salud, por lo que no es posible estimar la demanda de procedimientos de control; la creación de nuevos cantones ha distorsionado los datos históricos, por lo que el plan se ve forzado a utilizar la estructura de los 81 cantones originales, asumiendo un error aproximado del 1% en las proyecciones; finalmente, el plan se basa en proyecciones poblacionales del INEC del año 2013, lo que podría introducir variaciones futuras.","</think>

El plan enfrenta varias limitaciones principales relacionadas con la disponibilidad de información sobre la capacidad instalada y los datos clínicos necesarios. En primer lugar, no se cuenta con datos suficientes sobre la cantidad de pacientes que requieren procedimientos endoscópicos complementarios, como ultrasonidos, lo que dificulta evaluar la capacidad adicional necesaria para implementar los programas de tamizaje. Además, la infraestructura y recursos actuales están saturados debido a su uso en una variedad de procedimientos diagnósticos y terapéuticos, lo que complica la planificación de la capacidad adicional requerida. El inventario existente, aunque proporciona una visión de la cantidad y distribución del personal y equipamiento, no ofrece información suficiente para determinar la capacidad instalada disponible para soportar un aumento en la demanda de servicios. Por otro lado, la disponibilidad y adquisición de equipamiento médico adecuado son esenciales, pero su falta puede retrasar el diagnóstico y tratamiento oportuno de los pacientes. Finalmente, no se menciona la disponibilidad de datos clínicos detallados necesarios para la implementación y seguimiento del plan, lo que representa otra importante limitación.",70.91383203305304,1097,270,1367,open_ended,1447.7307692307563,399.1,2019.1,16292.13671875,16292.13671875,16292.13671875,0.0,0,0,599.6875,599.6875,599.6875
1,DeepSeek-R1-Distill-Qwen-14B-Q6_K,237,"El Programa de Cirugía Percutánea del CNDTCG ofrece una alternativa terapéutica mínimamente invasiva para el abordaje de diversas patologías, mediante técnicas quirúrgicas realizadas a través de pequeñas incisiones y guiadas por imagen como ecografía, TAC o fluoroscopía. Este enfoque permite resolver condiciones clínicas de manera más segura, rápida y con menor impacto para la persona usuaria, al reducir el riesgo quirúrgico, el tiempo de recuperación y la necesidad de hospitalización. Aunque inicialmente su aplicación en el CNDTCG ha estado vinculada a patologías del tracto gastrointestinal y del sistema biliar, su alcance es mucho más amplio, permitiendo intervenir una variedad de condiciones clínicas que requieren drenajes, accesos terapéuticos, control de colecciones, biopsias u otras intervenciones guiadas por imagen, incluso fuera del sistema digestivo. Los beneficios para los pacientes incluyen: menor agresión quirúrgica, reducción de complicaciones, recuperación más rápida, menor estancia hospitalaria, menos dolor postoperatorio, cicatrices mínimas y posibilidad de realizarse en pacientes con alto riesgo quirúrgico que no serían candidatos a cirugía convencional. Las intervenciones son planificadas de forma interdisciplinaria y ejecutadas bajo protocolos estandarizados que garantizan la seguridad del procedimiento.","</think>

El Programa de Cirugía Percutánea es una línea resolutiva del CNDTCG orientada a ofrecer atención especializada a personas con patologías gastrointestinales, biliares o neoplásicas que requieren intervenciones quirúrgicas de mínima invasión guiadas por imagen. Este programa utiliza técnicas avanzadas para realizar procedimientos quirúrgicos con menor impacto en el paciente, lo que contribuye a reducir el tiempo de hospitalización, disminuir el dolor postoperatorio y acelerar la recuperación. Además, garantiza la implementación de procedimientos percutáneos de acuerdo con los protocolos técnicos establecidos, asegurando una atención segura y de calidad.",57.90865077544004,1174,164,1338,open_ended,1589.3336814621323,159.7,2019.1,16292.13671875,16292.13671875,16292.13671875,0.0,0,0,599.6875,599.6875,599.6875
1,DeepSeek-R1-Distill-Qwen-14B-Q6_K,267,"La operación del CNDTCG está alineada con el Mapa de Procesos Institucional de la CCSS. Se inserta en el Macroproceso Sustantivo de Atención de la Salud en áreas de promoción, prevención secundaria, recuperación y rehabilitación. Mantiene articulación con Macroprocesos Estratégicos en gestión de salud, planificación estratégica, calidad asistencial e investigación. Depende de Macroprocesos de Apoyo en gestión de talento humano, abastecimiento, mantenimiento, soporte tecnológico y apoyo administrativo-financiero.","</think>

La operación del CNDTCG se alinea con el Mapa de Procesos Institucionales de la CCSS, contribuyendo específicamente al cumplimiento de sus macroprocesos estratégicos, sustantivos y de apoyo. En particular, se inserta en el Macroproceso Sustantivo de Atención de la Salud, enfocado en áreas como promoción de la salud, prevención secundaria, recuperación y rehabilitación. Esto se logra a través de la implementación de programas de tamizaje, diagnóstico temprano, tratamiento quirúrgico y seguimiento clínico para personas con patologías gastrointestinales. Además, el CNDTCG trabaja articulado con la red nacional de servicios de salud, asegurando una atención integral y alineada con los principios de calidad, oportunidad, equidad, continuidad e integralidad de la CCSS.",73.13958313129842,1472,203,1675,open_ended,1591.3060041407807,957.6,2027.3,16292.29296875,16292.29296875,16292.29296875,0.0,0,0,599.6875,599.6875,599.6875
1,DeepSeek-R1-Distill-Qwen-14B-Q6_K,272,"Es una clasificación endoscópica que divide los pólipos en cuatro subtipos según el riesgo de malignidad: JNET 1 (hiperplásico), JNET 2A (neoplasia de bajo grado), JNET 2B (neoplasia de alto grado o invasión superficial), JNET 3 (cáncer invasor profundo).","</think>

La Clasificación JNET para pólipos colorrectales es una sistema de categorización que divide los pólipos en cuatro subtipos basados en su naturaleza y características endoscópicas. Fue desarrollado por el Japan NBI Expert Team (JNET) y se utiliza para evaluar y clasificar los pólipos con el fin de预測 su comportamiento y necesidad de tratamiento. Los subtipos son:

1. **JNET 1**: Pólipo hiperplásico.  
2. **JNET 2A**: Pólipo con neoplasia intramucosa de bajo grado.  
3. **JNET 2B**: Pólipo con neoplasia intramucosa de alto grado o invasión superficial de la submucosa.  
4. **JNET 3**: Lesión con cáncer invasor en la submucosa profunda.  

Esta clasificación ayuda a determinar el riesgo de invasión y metástasis, guiar el tratamiento y预測 el curso de la enfermedad.",78.82070289179683,1498,237,1735,open_ended,1559.7888461538369,987.5,2019.3,16293.012620192309,16292.91796875,16293.07421875,0.0,0,0,599.6875,599.6875,599.6875
1,DeepSeek-R1-Distill-Qwen-14B-Q6_K,233,"La metodología utilizada para la elaboración del Manual de Gestión del CNDTCG se realizó conforme a las indicaciones establecidas en el ""Manual Metodológico para la Construcción de un Manual de Gestión en la Dirección de Desarrollo de Servicios de Salud"", versión vigente, para asegurar la estandarización, coherencia técnica y alineación con la normativa institucional de la CCSS. El proceso se desarrolló bajo un enfoque participativo y técnico que incluyó: revisión documental de antecedentes institucionales del CNDTCG, incluyendo normativa vigente, manuales organizacionales, planes estratégicos, modelos de atención y documentos de planificación institucional; análisis de estructura organizativa propuesta para el centro, incluyendo sus áreas funcionales, programas clínicos y servicios de soporte; consulta con actores clave mediante sesiones técnicas de trabajo con personal del CNDTCG y otras áreas involucradas; síntesis y sistematización técnica para organizar la información bajo los apartados requeridos; validación técnica preliminar con revisión por parte de las instancias responsables; y como etapa final, el manual fue sometido a una validación técnica utilizando el método DELPHI modificada, un método estructurado de consenso entre expertos institucionales para garantizar la pertinencia, aplicabilidad y solidez técnica del documento.","</think>

La metodología utilizada para la elaboración del Manual de Gestión del CNDTCG se basó en el ""Manual Metodológico para la Construcción de un Manual de Gestión en la Dirección de Desarrollo de Servicios de Salud"", versión vigente. Este enfoque aseguró la estandarización, coherencia técnica y alineación con la normativa institucional de la Caja Costarricense de Seguro Social. El proceso fue participativo y técnico, incluyendo una revisión documental de antecedentes institucionales, análisis de información y modelos de coordinación interinstitucional. Además, se consideraron herramientas que promueven estandarización, trazabilidad, eficiencia y calidad en las actividades del centro.",68.04607750941068,1456,170,1626,open_ended,1631.603999999991,269.4,2027.3,16293.07421875,16293.07421875,16293.07421875,0.0,0,0,599.6875,599.6875,599.6875
1,DeepSeek-R1-Distill-Qwen-14B-Q6_K,219,"Según el inventario del Plan de Abordaje Integral, la CCSS cuenta con 63.5 gastroenterólogos, de los cuales 56 (88%) están capacitados en detección temprana de lesiones premalignas y malignas, lo que refleja una alta especialización, y también tiene 139 cirujanos generales, de los cuales solo 31 (22%) están capacitados en detección temprana, lo que revela una brecha significativa en la capacitación de este grupo; además, se dispone de 45.5 técnicos en gastroenterología y 52 salas de endoscopia a nivel nacional, pero todos estos recursos, a excepción de los del CNDTCG, están prácticamente dedicados en su totalidad a procedimientos de diagnóstico para consulta externa, hospitalización y emergencias, no para tamizaje, por lo que la oportunidad de mejora identificada es fortalecer la formación de los cirujanos generales en detección temprana de cáncer para aumentar la capacidad de endoscopistas capacitados (actualmente 87 en total), lo que permitiría ampliar la disponibilidad de personal para los programas de tamizaje.","</think>

La situación actual de los recursos humanos para endoscopia en la CCSS se refleja en el Cuadro No. 3, donde se menciona que hay 4 médicos especialistas en Endoscopía con jornada completa. Esto indica que el centro cuenta con una cantidad adecuada de profesionales en esta área. Sin embargo, se identifica una oportunidad de mejora en la capacitación del personal de imagenología en técnicas de SGD (Sistemas de Gestiòn de Documentos), lo cual es esencial para el éxito de los programas de tamizaje y la calidad de los servicios ofrecidos.",63.085468837060034,1470,134,1604,open_ended,1691.0640287769725,818.1,2027.3,16293.584560476618,16293.23046875,16293.69921875,0.0,0,0,599.6875,599.6875,599.6875
1,DeepSeek-R1-Distill-Qwen-14B-Q6_K,275,"Se realizó conforme al Manual Metodológico institucional, con enfoque participativo que incluyó revisión documental, análisis de estructura organizativa, consulta a actores clave, síntesis técnica, validación preliminar y validación final con el método DELPHI modificada para garantizar consenso entre expertos.","</think>

La metodología utilizada para elaborar el Manual de Gestión del CNDTCG se basó en el ""Manual Metodológico para la Construcción de un Manual de Gestión en la Dirección de Desarrollo de Servicios de Salud"", versión vigente. Este enfoque aseguró la estandarización, coherencia técnica y alineación con la normativa institucional de la Caja Costarricense de Seguro Social (CCSS). El proceso fue participativo y técnico, incluyendo una revisión documental de antecedentes institucionales, análisis de información y modelos de coordinación interinstitucional. Además, se consideraron las necesidades operativas del centro para fortalecer la estandarización, trazabilidad, eficiencia y calidad de sus actividades. La metodología permitió una estructura normativa, operativa y estratégica que guía al CNDTCG en la ejecución de sus funciones y en su alineación con los principios de calidad, oportunidad, equidad, continuidad e integralidad de los servicios de salud de la CCSS.",80.08513848483564,1455,242,1697,open_ended,1537.392627599234,329.2,2027.3,16293.69921875,16293.69921875,16293.69921875,0.0,0,0,599.6875,599.6875,599.6875
1,DeepSeek-R1-Distill-Qwen-14B-Q6_K,280,"Los factores de riesgo para cáncer colorrectal se clasifican en tres categorías: estilo de vida, que incluye consumo de carnes rojas procesadas (embutidos, salchichas, jamón, tocino), dieta baja en fibra, obesidad, tabaco y alcohol; factores patológicos que incluyen personas con antecedentes de irradiación abdominal, enfermedad inflamatoria intestinal (enfermedad de Crohn y colitis ulcerativa), antecedentes de pólipos intestinales y antecedente de cáncer colorrectal; y factores familiares que incluyen antecedentes de familiares (padre, madre, hijos y hermanos) menores de 50 años con cáncer colorrectal, así como síndromes hereditarios como Síndrome de Lynch, Poliposis adenomatosa familiar, Poliposis adenomatosa familiar atenuada, Poliposis asociada a MUTYH, Síndrome de Peutz-Jeghers, Síndrome de poliposis juvenil y Síndrome de Cowden.","</think>

Según el contexto proporcionado, los factores de riesgo para el cáncer colorrectal se clasifican en:

1. **Estilo de vida**:
   - No se mencionan específicos en el texto, pero se sugiere que el tamizaje se realiza en población de riesgo promedio, lo que implica que el estilo de vida puede influir en el riesgo.

2. **Patológicos**:
   - Antecedentes patológicos personales.

3. **Familiares**:
   - Antecedentes heredofamiliares de cáncer colorrectal de primer grado (madre, padre, hermanos, hijos).

Estos factores se mencionan en el contexto en relación con la solicitud de una colonoscopia para el tamizaje del cáncer colorrectal.",73.99927778635174,1563,183,1746,open_ended,1623.789775051122,838.1,2019.3,16293.789965171269,16293.69921875,16293.85546875,0.0,0,0,599.6875,599.6875,599.6875
1,DeepSeek-R1-Distill-Qwen-14B-Q6_K,255,"Consumo de carnes rojas procesadas, dieta baja en fibra, obesidad, tabaco y alcohol.","</think>

No lo sé.",23.959640153683722,1161,7,1168,open_ended,1959.2761006289272,967.8,2019.1,16293.85546875,16293.85546875,16293.85546875,0.0,0,0,599.6875,599.6875,599.6875
1,DeepSeek-R1-Distill-Qwen-14B-Q6_K,283,"El informe de anatomía patológica debe incluir: el número total de adenomas y de pólipos serrados encontrados; el diagnóstico histopatológico de cada pólipo, especificando su tipo; la presencia de componente velloso en cada pólipo; y el grado de displasia de cada pólipo, indicando si es de bajo o alto grado. Esta información es fundamental para determinar el riesgo de progresión a cáncer y la necesidad de vigilancia endoscópica posterior.","</think>

El informe de anatomía patológica debe incluir la interpretación de los resultados de las biopsias, correlacionando los hallazgos histológicos con la clínica del paciente. Además, debe indicar el estadio clínico y por imágenes, y asegurar la activación oportuna de las rutas terapéuticas.",47.97952619381249,1251,78,1329,open_ended,1761.3194968553432,229.5,2019.2,16293.962092177673,16293.85546875,16294.01171875,0.0,0,0,599.6875,599.6875,599.6875
1,DeepSeek-R1-Distill-Qwen-14B-Q6_K,294,"El CNDTCG se alinea con el Macroproceso Sustantivo de Atención de la Salud en promoción, prevención, recuperación y rehabilitación, y depende de Macroprocesos de Apoyo como gestión de talento humano, abastecimiento, mantenimiento y soporte tecnológico.","</think>

El CNDTCG se alinea con el Mapa de Procesos Institucionales de la CCSS, contribuyendo específicamente al Macroproceso Sustantivo de Atención de la Salud, dentro de las áreas de promoción de la salud, prevención secundaria, recuperación y rehabilitación. Esto se realiza mediante la implementación de programas de tamizaje, diagnóstico temprano, tratamiento quirúrgico y seguimiento clínico de personas con patologías gastrointestinales. Esta alineación asegura que el centro cumpla con los principios de calidad, oportunidad, equidad, continuidad e integralidad de los servicios de salud de la CCSS.",64.46484720427543,1412,156,1568,open_ended,1647.9652582159558,887.9,2019.2,16294.01171875,16294.01171875,16294.01171875,0.0,0,0,599.6875,599.6875,599.6875
1,DeepSeek-R1-Distill-Qwen-14B-Q6_K,249,"El área de gestión de bases de datos en el CNDTCG es responsable del diseño, mantenimiento, consolidación y análisis de los sistemas de información que contienen datos clínicos, administrativos y operativos generados por el centro. Su función es esencial para asegurar la disponibilidad, calidad y seguridad de la información que sustenta los procesos de toma de decisiones, evaluación de desempeño de los programas, planificación y mejora continua. Entre sus funciones se encuentra la creación y mantenimiento de bases de datos estructuradas que permitan almacenar y procesar la información recolectada en los distintos servicios como tamizaje, endoscopía, consulta externa, procedimientos diagnósticos y quirúrgicos, recuperación y seguimiento clínico. Asegura que los sistemas utilizados estén alineados con las necesidades técnicas del centro y con los estándares de interoperabilidad institucional. Es responsable de la validación, depuración y actualización de los datos ingresados, así como de la implementación de mecanismos de control de calidad de la información. Genera reportes periódicos e informes analíticos utilizados por la Dirección y otras unidades técnicas para monitorear indicadores clave y tomar decisiones estratégicas. Vela por la confidencialidad, seguridad y resguardo de la información, garantizando el cumplimiento de las normas institucionales y legales sobre protección de datos sensibles.","</think>

El área de gestión de bases de datos en el CNDTCG tiene la función de administrar e integrar información clave relacionada con los procesos asistenciales, técnicos y administrativos del centro. Esto incluye el manejo de datos necesarios para la operación especializada del centro, como la planificación, monitoreo y evaluación de los servicios ofrecidos. Además, contribuye a la estandarización, trazabilidad y calidad de las actividades desarrolladas, promoviendo la eficiencia en la prestación de servicios y la alineación con los principios y lineamientos estratégicos de la CCSS.",52.08180280867964,1355,136,1491,open_ended,1623.4988372092955,987.3,2019.0,16294.01171875,16294.01171875,16294.01171875,0.0,0,0,599.6875,599.6875,599.6875
1,DeepSeek-R1-Distill-Qwen-14B-Q6_K,204,"El Plan de Abordaje Integral consta de cuatro etapas principales: la Etapa I (2024-2025) incluye la elaboración de normativa institucional, el establecimiento de mecanismos de acceso a datos de población adscrita en EDUS, la implementación de un modelo de captación e invitación de participantes y la propuesta para implementar programas de tamizaje en zonas de alta incidencia; la Etapa II (2025-2026) contempla la implementación nacional de la prueba cuantitativa FIT, campañas de comunicación y sensibilización, la dotación de recurso humano técnico para el SILC y el plan de formación y dotación de personal; la Etapa III (2026-2028) incluye las modificaciones necesarias en el EDUS, el análisis de desafíos operativos para la implementación nacional del CNDTCG, el diseño de modelos predictivos con inteligencia artificial, la entrega de equipamiento e infraestructura, la dotación de especialistas y personal técnico, y la puesta en marcha de los programas de tamizaje; finalmente, la Etapa IV (2028-2029) contempla la evaluación del plan por parte de la Auditoría Interna y los ajustes necesarios al plan basados en los resultados obtenidos.","</think>

El Plan de Abordaje Integral para el Tamizaje de Cáncer de Estómago y Colorrectal se articula en respuesta a los acuerdos de la sesión No. 9414 de la Junta Directiva de la Caja Costarricense de Seguro Social. Incluye etapas como la evaluación de la situación actual, recopilación de datos epidemiológicos, diseño de estrategias, implementación de programas de tamizaje, capacitación del personal, y monitoreo y evaluación. Las actividades clave incluyen la invitación a participar en el programa, realización de pruebas FIT para detectar sangre oculta en heces, endoscopias, y posible tratamiento si se detecta enfermedad.",61.74816362187266,1254,164,1418,open_ended,1598.5977941176366,758.3,2018.6,16294.16796875,16294.16796875,16294.16796875,0.0,0,0,599.6875,599.6875,599.6875
1,DeepSeek-R1-Distill-Qwen-14B-Q6_K,274,"El área de gestión de bases de datos diseña, mantiene, consolida y analiza sistemas de información con datos clínicos, administrativos y operativos. Crea y mantiene bases de datos estructuradas, asegura alineación con necesidades técnicas y estándares de interoperabilidad. Valida, depura y actualiza datos, implementa controles de calidad. Genera reportes e informes analíticos. Vela por confidencialidad, seguridad y resguardo de información, garantizando cumplimiento de normas de protección de datos sensibles.","</think>

El área de gestión de bases de datos en el CNDTCG tiene la función de administrar y mantener las bases de datos necesarias para el funcionamiento del centro. Esto incluye la gestión de información relacionada con los pacientes, los servicios médicos prestados, y cualquier otro dato relevante para la operación del centro. Además, esta área asegura la integridad y seguridad de la información, facilitando el acceso y el uso eficiente de los datos por parte del personal del centro. La gestión de bases de datos también contribuye a la toma de decisiones informadas y al monitoreo de los procesos asistenciales, garantizando que la información sea precisa y actualizada.",63.370963321998715,1333,148,1481,open_ended,1644.215990453449,558.7,2019.1,14719.989558472555,5343.55078125,16294.16796875,0.0,0,0,599.6875,599.6875,599.6875
1,DeepSeek-R1-Distill-Qwen-14B-Q6_K,242,"La operación del CNDTCG se encuentra alineada con el Mapa de Procesos Institucional de la CCSS, contribuyendo al cumplimiento de sus macroprocesos estratégicos, sustantivos y de apoyo. En su quehacer principal, el CNDTCG se inserta dentro del Macroproceso Sustantivo de Atención de la Salud, particularmente en las áreas de promoción de la salud, prevención secundaria, recuperación y rehabilitación, mediante la implementación de programas de tamizaje, diagnóstico temprano, tratamiento quirúrgico y seguimiento clínico. Además, mantiene articulación funcional con los Macroprocesos Estratégicos en aspectos de gestión de salud, planificación estratégica, aseguramiento de la calidad asistencial y fortalecimiento de la investigación en salud. Para el soporte de su operación, el CNDTCG depende de los Macroprocesos de Apoyo en áreas de gestión de talento humano, abastecimiento de insumos médicos y materiales, mantenimiento y gestión de infraestructura hospitalaria, soporte tecnológico e informático (expediente digital, imagenología, bases de datos), y apoyo administrativo y financiero. Esta interrelación asegura la integración del CNDTCG dentro de la Red de Servicios de Salud, facilitando la continuidad del cuidado y la optimización de recursos.","</think>

El CNDTCG opera alineado con el Mapa de Procesos Institucionales de la CCSS, contribuyendo específicamente al Macroproceso Sustantivo de Atención de la Salud. Se inserta en las áreas de promoción de la salud, prevención secundaria, recuperación y rehabilitación, mediante programas de tamizaje, diagnóstico temprano, tratamiento quirúrgico y seguimiento clínico de personas con patologías gastrointestinales. Esta alineación asegura la estandarización, coherencia técnica y alineación con la normativa institucional de la CCSS, permitiendo una evaluación, mejora continua y alineación con los principios de calidad, oportunidad, equidad, continuidad e integralidad de los servicios de salud.",60.678500754758716,1411,182,1593,open_ended,1561.599501246877,478.9,2027.4,16272.621074267456,16271.83203125,16273.08203125,0.0,0,0,599.6875,599.6875,599.6875
1,DeepSeek-R1-Distill-Qwen-14B-Q6_K,264,"El CNDTCG atiende diagnósticos basados en CIE-10: cáncer de estómago (C16.0-C16.9), cáncer colorrectal (C18.0-C18.9), cáncer de unión rectosigmoidea (C19) y recto (C20), lesiones gástricas precancerosas (D00.2), adenomas colorrectales avanzados (D12.6), pólipos gástricos (D13.1), tumores subepiteliales (D13.2), sospecha de tumores pancreáticos (D13.6), gastritis crónica atrófica (K29.4), abscesos hepáticos (K75.0), coledocolitiasis (K80.5), colecistitis (K81.0), colangitis (K83.0), sangrado digestivo (K92.2) y recurrencias postquirúrgicas (T81.4).","</think>

El CNDTCG atiende principalmente diagnósticos relacionados con el cáncer gástrico y el cáncer colorrectal, basándose en la clasificación CIE-10 de la OMS de 2021. Estos diagnósticos son considerados entre las principales causas de carga de enfermedad y mortalidad en Costa Rica. Además, el centro realiza programas de tamizaje poblacional para detectar tempranamente estos tipos de cáncer, lo que contribuye a su función como centro especializado de referencia nacional en prevención, detección temprana, atención diagnóstica y seguimiento clínico.",58.96501793246716,1289,144,1433,open_ended,1643.5671794871691,349.2,2019.0,16274.834435096154,16274.48828125,16274.95703125,0.0,0,0,599.6875,599.6875,599.6875
1,DeepSeek-R1-Distill-Qwen-14B-Q6_K,229,"Según el Plan de Abordaje Integral, las recomendaciones adicionales para fortalecer la implementación del plan incluyen: realizar una evaluación de viabilidad para implementar tamizaje de cáncer gástrico mediante EGD directa en zonas prioritarias con recursos disponibles, ya que es más preciso que la SGD; estandarizar las tasas de incidencia y mortalidad por edad para evitar que las diferencias en la distribución etaria entre cantones afecten la priorización de pacientes; crear una unidad móvil de endoscopia con dos salas para desplazarse a zonas de alta incidencia y baja capacidad de recursos, operada por especialistas mediante servicio social o contratos de retribución, mejorando la equidad en el acceso; establecer una red de voluntarios entrenados (estudiantes de medicina, enfermería y comunidad) para apoyar campañas de concientización y logística; integrar soluciones de telemedicina para consultas especializadas y seguimientos en regiones alejadas; forjar alianzas con el sector privado para apoyo financiero, logístico y tecnológico, incluyendo donación de equipos; implementar programas educativos sobre estilos de vida saludables como medida preventiva; invertir en investigación genética y desarrollo de biomarcadores para identificar individuos con mayor riesgo; y realizar convenios con entidades nacionales e internacionales para investigación en detección temprana, tratamiento y seguimiento, facilitando la transferencia de tecnología y capacitación especializada.","</think>

Las principales sugerencias propuestas para fortalecer la implementación y efectividad del plan son:

1. **Realizar una evaluación exhaustiva de la viabilidad** de implementar programas de tamizaje de cáncer gástrico mediante EGD directa en zonas prioritarias con recursos suficientes. Esto busca aprovechar la alta incidencia del cáncer gástrico en estas áreas.

2. **Desarrollar un sistema de seguimiento y evaluación continua** para monitorear el progreso del plan, identificar áreas de mejora y ajustar estrategias según sea necesario. La transparencia en la presentación de avances y resultados será clave para mantener el compromiso de todas las partes involucradas.

3. **Garantizar la disponibilidad de recursos financieros, equipamiento médico y capacitación del personal**. Esto incluye programas de capacitación continua y estrategias de retención de personal para asegurar que el personal capacitado permanezca en el sistema de salud.

4. **Realizar evaluaciones de necesidades, encuestas y análisis de infraestructura** para determinar las condiciones particulares que deben existir para lograr el éxito del plan. Esto permitirá identificar riesgos y desarrollar estrategias de mitigación.

5. **Implementar programas de mejora continua** con mecanismos de evaluación y ajuste constante, basados en el análisis de resultados previos y la revisión de mejores prácticas. Esto asegurará que las acciones implementadas sean efectivas y adaptables ante los desafíos surgidos.",94.5440783239901,1480,344,1824,open_ended,1462.9666666666544,109.7,2027.3,16277.43975360577,16276.36328125,16277.92578125,0.0,0,0,599.6875,599.6875,599.6875
1,DeepSeek-R1-Distill-Qwen-14B-Q6_K,290,"El manejo posterior a un tratamiento curativo de CCR incluye vigilancia clínica con control bioquímico y de imágenes, y colonoscopia de vigilancia para detección de CCR metacrónico y recurrente. La colonoscopia de vigilancia se realiza según los hallazgos: si no hay adenomas, se recomienda vigilancia a los 10 años; si se detectan adenomas, se siguen las indicaciones establecidas en la Figura 2 de la norma. En caso de que la colonoscopia de vigilancia presente adenomas, se deben seguir las indicaciones de manejo según hallazgos. Esta vigilancia permite detectar recurrencias tempranas y mejorar los resultados oncológicos.","</think>

El manejo posterior a un tratamiento curativo de Cáncer Colorrectal (CCR) incluye una vigilancia clínica y endoscópica. Según el Decreto Ejecutivo, se recomienda una colonoscopia de vigilancia después de la resección quirúrgica o endoscópica con intención curativa. Esta colonoscopia tiene como objetivo detectar lesiones metacrónicas o recurrentes, mejorando los resultados en términos de morbilidad y mortalidad. Además, se deben realizar controles bioquímicos y de imágenes correspondientes. El seguimiento debe ser estructurado según el riesgo clínico del paciente, asegurando la continuidad del cuidado y la detección oportuna de recurrencias o progresiones.",70.52499278727919,1508,174,1682,open_ended,1628.2815450643684,868.0,2019.3,16279.057420198498,16278.55078125,16279.33203125,0.0,0,0,599.6875,599.6875,599.6875
1,DeepSeek-R1-Distill-Qwen-14B-Q6_K,265,"El ultrasonido endoscópico (USE) combina endoscopia con ecografía de alta resolución para evaluar capas de la pared gastrointestinal y estructuras adyacentes. Permite: estadificación loco-regional de tumores (estadios T y N), evaluación de lesiones subepiteliales, visualización del sistema pancreatobiliar, guía para biopsias por aspiración con aguja fina, y planificación de abordajes quirúrgicos. Está dirigido a personas con lesiones sospechosas detectadas en tamizaje u otras rutas clínicas, y se realiza bajo sedación o anestesia.","</think>

El ultrasonido endoscópico es una herramienta diagnóstica y terapéutica de alta especialización que combina la tecnología de la endoscopía con la ecografía de alta resolución. Permite visualizar y evaluar en profundidad las capas de la pared gastrointestinal y las estructuras adyacentes desde el interior del tracto digestivo. Este procedimiento está dirigido a personas con lesiones sospechosas detectadas en los programas de tamizaje u otras rutas clínicas, que requieren una evaluación más precisa de la extensión, localización y características de dichas lesiones. Además, puede utilizarse para guiar procedimientos diagnósticos como biopsias por aspiración con aguja fina o para planificar abordajes quirúrgicos y terapéuticos complejos.",61.63299448508769,1175,184,1359,open_ended,1553.6476658476552,868.0,2019.1,16280.542872773342,16280.42578125,16280.58203125,0.0,0,0,599.6875,599.6875,599.6875
1,DeepSeek-R1-Distill-Qwen-14B-Q6_K,239,"El CNDTCG brinda atención clínica y diagnóstica orientada a la detección, tratamiento y seguimiento de patologías del tracto gastrointestinal, basada en la clasificación técnica CIE-10. Los principales diagnósticos incluyen: cáncer de estómago (C16.0-C16.9) que abarca tumores malignos de los cardias, fundus gástrico, cuerpo del estómago, antro pilórico, piloro, curvaturas menor y mayor y sitios contiguos; cáncer colorrectal (C18.0-C18.9) que incluye tumores del ciego, apéndice, colon ascendente, ángulo hepático, colon transverso, ángulo esplénico, colon descendente, colon sigmoide y sitios contiguos; cáncer de la unión rectosigmoidea (C19) y de recto (C20); lesiones gástricas precancerosas (D00.2); adenomas colorrectales avanzados (D12.6); pólipos gástricos (D13.1); tumores subepiteliales del tracto digestivo (D13.2); sospecha de tumores pancreáticos (D13.6); gastritis crónica atrófica (K29.4); abscesos hepáticos (K75.0); coledocolitiasis (K80.5); colecistitis (K81.0); colangitis (K83.0); sangrado digestivo (K92.2); y recurrencias postquirúrgicas digestivas (T81.4). Estos diagnósticos constituyen la base clínica sobre la cual operan los distintos programas técnicos del centro.","</think>

El CNDTCG atiende diagnósticos nosológicos basados en la clasificación CIE-10, destacando el cáncer gástrico y el cáncer colorrectal, entre las principales causas de carga de enfermedad y mortalidad en Costa Rica.",45.41796420235187,1229,65,1294,open_ended,1782.5222591362085,449.0,2027.3,16280.58203125,16280.58203125,16280.58203125,0.0,0,0,599.6875,599.6875,599.6875
1,DeepSeek-R1-Distill-Qwen-14B-Q6_K,292,"Los indicadores oficializados para evaluar el cumplimiento de la norma son: tasa de incidencia de cáncer colorrectal, porcentaje de diferentes estadios del cáncer colorrectal en el momento del diagnóstico, y tasa de mortalidad por cáncer colorrectal. Estos indicadores serán publicados cada 5 años por el Ministerio de Salud, que ejecutará la vigilancia de los mismos para contar con información estadística actualizada y de calidad. Adicionalmente, se pueden utilizar otros indicadores que se estimen pertinentes según criterio técnico del ente rector.","</think>

Los indicadores oficializados para evaluar el cumplimiento de la norma son:

1. **Tasa de incidencia de cáncer colorrectal**: Mide el número de casos nuevos de cáncer colorrectal por unidad de población y tiempo.

2. **Porcentaje de diferentes estadios del cáncer colorrectal en el momento del diagnóstico**: Refleja la distribución de los casos diagnosticados en diferentes etapas del cáncer.

3. **Tasa de mortalidad por cáncer colorrectal**: Indica el número de muertes causadas por cáncer colorrectal por unidad de población y tiempo.

Estos indicadores son publicados cada 5 años y son utilizados por el Ministerio de Salud para valorar el cumplimiento de la norma.",56.539697736501694,1058,175,1233,open_ended,1539.7458445040138,987.6,2018.8,16281.19236972185,16280.73828125,16281.36328125,0.0,0,0,599.6875,599.6875,599.6875
1,DeepSeek-R1-Distill-Qwen-14B-Q6_K,280,"Los factores de riesgo para cáncer colorrectal se clasifican en tres categorías: estilo de vida, que incluye consumo de carnes rojas procesadas (embutidos, salchichas, jamón, tocino), dieta baja en fibra, obesidad, tabaco y alcohol; factores patológicos que incluyen personas con antecedentes de irradiación abdominal, enfermedad inflamatoria intestinal (enfermedad de Crohn y colitis ulcerativa), antecedentes de pólipos intestinales y antecedente de cáncer colorrectal; y factores familiares que incluyen antecedentes de familiares (padre, madre, hijos y hermanos) menores de 50 años con cáncer colorrectal, así como síndromes hereditarios como Síndrome de Lynch, Poliposis adenomatosa familiar, Poliposis adenomatosa familiar atenuada, Poliposis asociada a MUTYH, Síndrome de Peutz-Jeghers, Síndrome de poliposis juvenil y Síndrome de Cowden.","</think>

Según el contexto proporcionado, los factores de riesgo para el cáncer colorrectal se clasifican en estilo de vida, patológicos y familiares. 

**Factores de riesgo de estilo de vida:**
- Edad: Se recomienda tamizaje en personas entre 50-74 años.
- Uso de anticoagulantes: Considerado en la solicitud de colonoscopia.

**Factores de riesgo patológicos:**
- Antecedentes patológicos personales: Incluyen cualquier historia médica relevante que pueda aumentar el riesgo.

**Factores de riesgo familiares:**
- Antecedentes heredofamiliares de cáncer colorrectal en primer grado (madre, padre, hermanos, hijos).

Estos factores se mencionan en el contexto en relación con el tamizaje y la solicitud de colonoscopia para detectar el cáncer colorrectal.",78.18217383138835,1563,209,1772,open_ended,1591.9666666666587,987.5,2027.3,16283.052961482557,16282.14453125,16283.39453125,0.0,0,0,599.6875,599.6875,599.6875
1,DeepSeek-R1-Distill-Qwen-14B-Q6_K,241,"El Programa de Patología Biliar del CNDTCG tiene como propósito brindar un abordaje integral, oportuno y resolutivo a pacientes con enfermedades complejas del árbol biliar, mediante una combinación de herramientas clínicas, diagnósticas, quirúrgicas y endoscópicas. Los procedimientos que incluye son: la colangiopancreatografía retrógrada endoscópica (CPRE), que permite visualizar y tratar patologías del sistema biliar; drenajes biliares para aliviar obstrucciones; extracción de cálculos biliares; colocación de prótesis biliares; esfinterotomías; y otras intervenciones endoscópicas y quirúrgicas del sistema biliar. La población atendida es priorizada con base en criterios clínicos, hallazgos previos y derivaciones desde los distintos niveles de atención, especialmente en casos que requieren abordaje especializado y multidisciplinario. El programa opera bajo un enfoque integral mediante procesos estandarizados y rutas clínicas definidas para la valoración, confirmación diagnóstica y tratamiento. Se articula con áreas como consulta externa, imagenología, endoscopía, sala de operaciones y recuperación. El flujo incluye valoración médica especializada, estudios complementarios, procedimientos terapéuticos y seguimiento clínico según evolución del paciente, permitiendo resolver con oportunidad casos complejos.","</think>

El Programa de Patología Biliar tiene como objetivo abordar de manera integral, oportuna y resolutiva a pacientes con enfermedades complejas del árbol biliar. Utiliza una combinación de herramientas clínicas, diagnósticas, quirúrgicas y endoscópicas, articuladas en el modelo de atención especializada del CNDTCG. La población atendida se prioriza basada en criterios clínicos, hallazgos previos, comorbilidades y derivaciones desde la red institucional, especialmente en casos que requieren un abordaje especializado y multidisciplinario. El programa opera con procesos estandarizados, rutas clínicas definidas y criterios técnicos establecidos para la valoración, confirmación diagnóstica y tratamiento de estas patologías. Los procedimientos incluyen endoscopia, laboratorios clínicos, radiología y laboratorios de patología, articulando con áreas como consulta externa, imagenología, sala de operaciones y recuperación, dependiendo de las necesidades específicas del paciente.",62.91223357245326,941,243,1184,open_ended,1425.1860240963756,668.5,2018.5,16284.01953125,16284.01953125,16284.01953125,0.0,0,0,599.6875,599.6875,599.6875
1,DeepSeek-R1-Distill-Qwen-14B-Q6_K,248,"Los indicadores de cobertura de población objetivo en los programas de tamizaje del CNDTCG miden el porcentaje de personas entre 50-74 años tamizadas respecto a la población estimada, calculado como (Número de personas tamizadas / Población objetivo entre 50-74 años) × 100. Estos indicadores se obtienen de fuentes como SIAC, SIES y Plataforma de Tamizaje, con periodicidad trimestral, y son responsabilidad de la Coordinación de Programa y el Área de Planificación. La importancia de estos indicadores radica en que permiten evaluar el alcance de los programas de tamizaje, identificar brechas en la cobertura poblacional, orientar estrategias para aumentar la participación de la población objetivo, y monitorear el progreso hacia las metas institucionales. La cobertura de población objetivo es especialmente relevante porque los programas de tamizaje están diseñados para detectar tempranamente lesiones premalignas y neoplasias, y una baja cobertura limita el impacto potencial de la estrategia en la reducción de la incidencia y mortalidad por cáncer gástrico y colorrectal. El seguimiento trimestral permite realizar ajustes oportunos en las estrategias de captación y promoción.","</think>

El indicador de cobertura de población objetivo en los programas de tamizaje mide el porcentaje de personas entre 50-74 años que han sido tamizadas respecto a la población estimada en ese rango. Se calcula como (Número de personas tamizadas / Población objetivo entre 50-74 años) × 100. Los datos se obtienen de fuentes como SIAC, SIES y la Plataforma de Tamizaje, con una periodicidad trimestral. El responsable de esta métrica es la Coordinación de Programa o el Área de Planificación. Este indicador es crucial para evaluar la efectividad en la identificación y abordaje de personas en riesgo de cáncer gástrico.",65.5083553949371,1390,168,1558,open_ended,1627.4327944572638,668.5,2019.2,16284.611693490186,16284.17578125,16284.95703125,0.0,0,0,599.6875,599.6875,599.6875
1,DeepSeek-R1-Distill-Qwen-14B-Q6_K,254,"Las herramientas de aplicabilidad del Manual de Gestión del CNDTCG son instrumentos que facilitan la implementación práctica de las funciones, responsabilidades y procesos descritos. Estas incluyen: protocolos y procedimientos normalizados que definen el ""cómo hacer"" en cada programa, brindando instrucciones claras para la ejecución estandarizada de tareas críticas; documentos técnicos normativos complementarios como protocolos, criterios técnicos y manuales de procedimientos que operacionalizan la gestión; sistemas de información institucionales como SIES, SIAC, ARCA y FileMaker que permiten registrar, monitorear y analizar información; matrices de indicadores e instrumentos de evaluación que actúan como herramientas operativas de control y seguimiento; instancias de coordinación y supervisión como equipos de coordinación de programas y reuniones clínicas multidisciplinarias; y capacitación y formación interna que utiliza el manual como insumo base para actividades de inducción y actualización. Estas herramientas serán desarrolladas progresivamente conforme se consoliden procesos y se valide la experiencia operativa, fortaleciendo la estandarización, trazabilidad, eficiencia y calidad de las actividades del CNDTCG.","</think>

El Manual de Gestión del CNDTCG incluye herramientas de aplicabilidad como indicadores clave para evaluar el desempeño del centro. Estos indicadores permiten medir aspectos operativos y clínicos, como el número de cirugías mayores realizadas y la tasa de complicaciones quirúrgicas. Además, el manual utiliza metodologías participativas y técnicas de revisión documental para asegurar la coherencia y alineación con la normativa institucional. También integra modelos de coordinación interinstitucional y herramientas de monitoreo continuo, que fortalecen la estandarización, trazabilidad y calidad de las actividades del centro. Por último, el manual promueve la implementación progresiva de estas herramientas, validando su aplicabilidad en el entorno operativo real y mejorando procesos según las necesidades identificadas.",71.41846930328757,1396,198,1594,open_ended,1577.083050847453,369.1,2029.1,16284.77734375,16284.77734375,16284.77734375,0.0,0,0,599.6875,599.6875,599.6875
1,DeepSeek-R1-Distill-Qwen-14B-Q6_K,231,"El proceso de tamizaje para el cáncer colorrectal según el modelo del CNDTCG comienza con la invitación estructurada a la población objetivo de personas asintomáticas entre 50 y 74 años. Una vez aceptada la invitación, el paciente se somete a una prueba FIT (Test Inmunológico Fecal) en un laboratorio clínico para detectar sangre oculta en las heces, donde el microbiólogo y el personal de apoyo juegan un papel crucial en la realización y análisis. Los resultados de la prueba FIT determinan si el paciente requiere una colonoscopia; en caso positivo, el paciente se somete al procedimiento, que permite la visualización directa del colon y la toma de biopsias si es necesario, realizado por el endoscopista asistido por el técnico de endoscopia. Durante la colonoscopia, el endoscopista evalúa si existe alguna lesión; si no se encuentra, el paciente vuelve al programa de tamizaje. Si se revela alguna anomalía, se toma biopsia y se envía a patología; además, si se identifican adenomas, se remueven inmediatamente. Los resultados de la biopsia determinan si se ha detectado cáncer o adenoma; si no hay cáncer ni adenoma, el paciente vuelve al programa de tamizaje; si se detecta cáncer, el paciente es referido para recibir tratamiento.","</think>

El proceso de tamizaje para el cáncer colorrectal según el modelo del CNDTCG inicia con la invitación a participar en el programa, extendida a individuos que cumplen con los criterios de inclusión. Posteriormente, el paciente se somete a una prueba FIT, realizada en un laboratorio clínico para detectar sangre oculta en las heces. En esta etapa, el microbiólogo y el personal de apoyo de laboratorios clínicos realizan el análisis. Si la prueba FIT resulta positiva, el paciente es derivado a una endoscopia intestinal, realizada por un endoscopista, para confirmar la presencia de lesiones. Si se detectan lesiones, un patólogo las analiza para determinar si se trata de cáncer o displasia de alto grado. En caso de diagnóstico positivo, el paciente recibe tratamiento adecuado.",55.02400535903871,859,203,1062,open_ended,1450.0179063360872,798.2,2019.3,16285.202188791322,16285.08984375,16285.24609375,0.0,0,0,599.6875,599.6875,599.6875
1,DeepSeek-R1-Distill-Qwen-14B-Q6_K,284,"La Clasificación JNET (Japan NBI Expert Team) divide los pólipos en cuatro subtipos: JNET 1 (pólipo hiperplásico), JNET 2A (neoplasia intramucosa de bajo grado), JNET 2B (neoplasia intramucosa de alto grado o invasión superficial de submucosa) y JNET 3 (cáncer invasor en submucosa profunda). La Clasificación NICE (Narrow Band Imaging International Colorectal Endoscopic) tiene tres subtipos: NICE 1 (pólipo hiperplásico), NICE 2 (pólipo adenomatoso) y NICE 3 (lesión con invasión submucosa profunda o cáncer avanzado). La Clasificación KUDO requiere magnificación y cromoendoscopia: los patrones I y II son hiperplásicos, los patrones III-L, III-S y IV corresponden a adenomas, y los patrones V-a y V-n describen neoplasia con invasión profunda.","</think>

Las clasificaciones endoscópicas JNET, NICE y Kudo para pólipos colorrectales son sistemas utilizados para caracterizar y predecir la invasión submucosa de lesiones. 

- **Clasificación JNET**: Divide los pólipos en cuatro subtipos:
  1. JNET 1: Pólipo hiperplásico.
  2. JNET 2A: Pólipo con neoplasia intramucosa de bajo grado.
  3. JNET 2B: Pólipo con neoplasia intramucosa de alto grado o invasión superficial de submucosa.
  4. JNET 3: Lesión con cáncer invasor en submucosa profunda.

- **Clasificación NICE**: Tiene tres subtipos:
  1. NICE 1: Pólipo hiperplásico.
  2. NICE 2: Pólipo adenomatoso.
  3. NICE 3: Lesión con invasión submucosa profunda o cáncer avanzado.

- **Clasificación Kudo**: Utiliza patrones para caracterizar lesiones:
  - KUDO I y II: Hiperplásicos.
  - KUDO III-L, III-S y IV: Adenomas.
  - KUDO V a y V n: Neoplasia con invasión profunda.

Estas clasificaciones ayudan a identificar lesiones irresecables endoscópicamente y a determinar el grado de invasión submucosa.",92.03189258370548,1280,356,1636,open_ended,1408.9902800658836,49.9,2019.1,16286.116923651152,16285.71484375,16286.33984375,0.0,0,0,599.6875,599.6875,599.6875
1,DeepSeek-R1-Distill-Qwen-14B-Q6_K,222,"Según el Plan de Abordaje Integral, para calcular el número de salas de fluoroscopia necesarias se utiliza la ecuación E1 = (PO × PI × PP) / (PS × DH), donde PO es la población objetivo, PI el porcentaje de invitación (40%), PP el porcentaje de participación (65%), PS el número de pacientes diarios por sala (20) y DH los días hábiles al año (255); como ejemplo, para la Región Central Sur en 2025 con una población objetivo de 197,089 personas, se calcula (197,089 × 0.20 × 0.65) / (20 × 255) = 5.02 salas, lo que extrapolado a las siete regiones da aproximadamente 12 salas de fluoroscopia para 2025, pero esto no es factible porque representa más del 60% de la disponibilidad actual de 19 salas, las cuales ya están dedicadas a diagnóstico con listas de espera importantes, por lo que el plan debe replantear sus metas en el horizonte temporal basado en la dotación futura de infraestructura, equipamiento y personal capacitado.","</think>

Para calcular el número de salas de fluoroscopia necesarias para la cobertura del programa de tamizaje de cáncer gástrico, se utiliza la ecuación E1:

EF = (PO * PI * PP) / (PS * DH)

Donde:
- EF: Número de equipos de salas de fluoroscopia.
- PO: Población objetivo a alcanzar en un periodo.
- PI: Porcentaje de invitación en un periodo.
- PP: Porcentaje de participación en un periodo.
- PS: Número de pacientes diarios por sala.
- DH: Número de días hábiles de funcionamiento de las salas en un periodo.

El resultado obtenido indica el número de salas de fluoroscopia y, por consiguiente, el número de profesionales de imagenología requeridos para atender a la población objetivo en el periodo establecido. Este cálculo asegura que la capacidad instalada sea suficiente para cubrir la demanda de estudios de serie gastroduodenal necesarios para el tamizaje del cáncer gástrico.",79.61156780831516,1485,235,1720,open_ended,1546.2788973383929,169.6,2027.3,16287.0643565827,16286.65234375,16287.27734375,0.0,0,0,599.6875,599.6875,599.6875
1,DeepSeek-R1-Distill-Qwen-14B-Q6_K,272,"Es una clasificación endoscópica que divide los pólipos en cuatro subtipos según el riesgo de malignidad: JNET 1 (hiperplásico), JNET 2A (neoplasia de bajo grado), JNET 2B (neoplasia de alto grado o invasión superficial), JNET 3 (cáncer invasor profundo).","</think>

La Clasificación JNET (Japan NBI Expert Team) para pólipos colorrectales es una sistema de categorización que divide los pólipos en cuatro subtipos basados en su características endoscópicas y grado de neoplasia. 

1. **JNET 1**: Pólipo hiperplásico.  
2. **JNET 2A**: Pólipo con neoplasia intramucosa de bajo grado.  
3. **JNET 2B**: Pólipo con neoplasia intramucosa de alto grado o invasión superficial de la submucosa.  
4. **JNET 3**: Lesión con cáncer invasor en la submucosa profunda.  

Esta clasificación ayuda a evaluar el riesgo de progreso maligno y guía la decisión terapéutica.",74.1362697146833,1498,193,1691,open_ended,1597.9073469387654,369.2,2018.9,16287.769052933674,16287.58984375,16287.90234375,0.0,0,0,599.6875,599.6875,599.6875
1,DeepSeek-R1-Distill-Qwen-14B-Q6_K,226,"Según el Plan de Abordaje Integral, la colaboración con la academia es crucial para mejorar los programas de tamizaje: con la UCR y el CICICA se busca utilizar sus instalaciones (dos salas de endoscopia equipadas) y desarrollar inteligencia artificial para priorizar la interpretación de SGD's, permitiendo que el radiólogo interprete primero las imágenes que el algoritmo identifica con alteraciones; con el TEC se busca desarrollar modelos predictivos para identificar pacientes y grupos poblacionales con mayor probabilidad de desarrollar cáncer, además de colaborar en la identificación de requerimientos para el EDUS que mejoren el flujo de información y faciliten la gobernanza del CNDTCG sobre las DRIPSS; en cuanto a la desvinculación administrativa, el CNDTCG ha estado ubicado en el Hospital Max Peralta por 29 años, generando una codependencia en recursos financieros, humanos, equipamiento, infraestructura y procesos, por lo que debe realizarse un proceso ordenado de desvinculación que considere el traslado de recursos y el establecimiento de un nuevo modelo de coexistencia, ya que el CNDTCG no cuenta aún con estructura administrativa completa para absorber procesos como mantenimiento, vigilancia, aseo y tecnologías de información.","</think>

La colaboración con la academia, como la UCR/CICICA y el TEC, es fundamental para los programas de tamizaje ya que aporta conocimientos, innovaciones tecnológicas y capacidades especializadas que fortalecen la atención médica. Esto permite el desarrollo de estrategias más efectivas, la implementación de herramientas avanzadas y la capacitación constante del personal, asegurando una atención de calidad y actualizada.

La desvinculación administrativa del CNDTCG del Hospital Max Peralta implica una reorganización que puede mejorar la eficiencia operativa y la integración del centro en la red de servicios de salud. Esto facilita la continuidad del cuidado de las personas usuarias, optimiza recursos y asegura el cumplimiento de los objetivos estratégicos en materia de atención especializada en cáncer gastrointestinal.",67.79692143574357,1366,188,1554,open_ended,1596.5299107142757,548.7,2027.3,16288.33412388393,16288.21484375,16288.37109375,0.0,0,0,599.6875,599.6875,599.6875
1,DeepSeek-R1-Distill-Qwen-14B-Q6_K,226,"Según el Plan de Abordaje Integral, la colaboración con la academia es crucial para mejorar los programas de tamizaje: con la UCR y el CICICA se busca utilizar sus instalaciones (dos salas de endoscopia equipadas) y desarrollar inteligencia artificial para priorizar la interpretación de SGD's, permitiendo que el radiólogo interprete primero las imágenes que el algoritmo identifica con alteraciones; con el TEC se busca desarrollar modelos predictivos para identificar pacientes y grupos poblacionales con mayor probabilidad de desarrollar cáncer, además de colaborar en la identificación de requerimientos para el EDUS que mejoren el flujo de información y faciliten la gobernanza del CNDTCG sobre las DRIPSS; en cuanto a la desvinculación administrativa, el CNDTCG ha estado ubicado en el Hospital Max Peralta por 29 años, generando una codependencia en recursos financieros, humanos, equipamiento, infraestructura y procesos, por lo que debe realizarse un proceso ordenado de desvinculación que considere el traslado de recursos y el establecimiento de un nuevo modelo de coexistencia, ya que el CNDTCG no cuenta aún con estructura administrativa completa para absorber procesos como mantenimiento, vigilancia, aseo y tecnologías de información.","</think>

La colaboración con la academia, como la UCR/CICICA y el TEC, es crucial para los programas de tamizaje ya que aporta conocimientos y avances tecnológicos que mejoran la detección temprana del cáncer. Esto asegura que los servicios sean de calidad y actualizados, beneficiando directamente a los pacientes. Por otro lado, la desvinculación administrativa del CNDTCG del Hospital Max Peralta Jiménez implica una mayor autonomía operativa, lo que puede optimizar recursos y decisiones, pero también requiere un fortalecimiento en la planificación y gestión para mantener la continuidad y eficiencia en la atención.",22.205519651062787,1366,152,1518,open_ended,1000.6438356164388,987.6,1017.6,16288.37109375,16288.37109375,16288.37109375,0.0,0,0,599.6875,599.6875,599.6875
2,DeepSeek-R1-Distill-Qwen-14B-Q6_K,96,Sí,sí,42.67783840652555,1408,10,1418,yes_no,1963.8611307420467,927.8,2019.3,16288.869658237632,16288.52734375,16289.15234375,0.0,0,0,599.6875,599.6875,599.6875
2,DeepSeek-R1-Distill-Qwen-14B-Q6_K,38,Sí.,no,49.536700517870486,1495,38,1533,yes_no,1887.3323170731708,987.6,2019.1,16289.891673018292,16289.46484375,16290.08984375,0.0,0,0,599.6875,599.6875,599.6875
2,DeepSeek-R1-Distill-Qwen-14B-Q6_K,62,Sí,sí,41.3135312628001,1356,10,1366,yes_no,1959.0346715328437,758.3,2019.3,16290.536924041971,16290.24609375,16290.71484375,0.0,0,0,599.6875,599.6875,599.6875
2,DeepSeek-R1-Distill-Qwen-14B-Q6_K,54,Sí.,sí,42.899179123342044,1402,10,1412,yes_no,1954.9821052631544,29.9,2019.2,16290.857935855263,16290.71484375,16291.02734375,0.0,0,0,599.6875,599.6875,599.6875
2,DeepSeek-R1-Distill-Qwen-14B-Q6_K,75,Sí,no,51.65725174546242,1659,13,1672,yes_no,1959.766374269008,987.7,2019.2,16291.606199744152,16291.49609375,16291.65234375,0.0,0,0,599.6875,599.6875,599.6875
2,DeepSeek-R1-Distill-Qwen-14B-Q6_K,72,Sí,sí,44.77406624890864,1485,10,1495,yes_no,1963.8013468013512,788.1,2019.2,16291.80859375,16291.80859375,16291.80859375,0.0,0,0,599.6875,599.6875,599.6875
2,DeepSeek-R1-Distill-Qwen-14B-Q6_K,86,Sí,sí,43.931702435947955,1439,10,1449,yes_no,1962.605154639176,997.5,2019.3,16291.802673969072,16291.6171875,16291.80859375,0.0,0,0,599.6875,599.6875,599.6875
2,DeepSeek-R1-Distill-Qwen-14B-Q6_K,53,Sí.,no,51.2284394884482,1476,51,1527,yes_no,1849.5466076696136,987.6,2019.3,16291.7734375,16291.7734375,16291.7734375,0.0,0,0,599.6875,599.6875,599.6875
2,DeepSeek-R1-Distill-Qwen-14B-Q6_K,96,Sí,sí,43.226804967969656,1408,10,1418,yes_no,1956.8024390243888,159.6,2027.3,16291.7734375,16291.7734375,16291.7734375,0.0,0,0,599.6875,599.6875,599.6875
2,DeepSeek-R1-Distill-Qwen-14B-Q6_K,45,No.,no,40.28154340200126,1346,8,1354,yes_no,1970.3449438202215,987.6,2027.3,16291.9296875,16291.9296875,16291.9296875,0.0,0,0,599.6875,599.6875,599.6875
2,DeepSeek-R1-Distill-Qwen-14B-Q6_K,91,Sí,no,36.60579320974648,1190,13,1203,yes_no,1941.845679012343,568.7,2019.1,16292.5546875,16292.5546875,16292.5546875,0.0,0,0,599.6875,599.6875,599.6875
2,DeepSeek-R1-Distill-Qwen-14B-Q6_K,78,Sí,no,23.31204043608159,770,13,783,yes_no,1915.4496774193512,399.1,2027.3,16292.5546875,16292.5546875,16292.5546875,0.0,0,0,599.6875,599.6875,599.6875
2,DeepSeek-R1-Distill-Qwen-14B-Q6_K,77,Sí,no,42.15453145839274,1361,13,1374,yes_no,1944.6621428571395,99.8,2027.3,16292.5546875,16292.5546875,16292.5546875,0.0,0,0,599.6875,599.6875,599.6875
2,DeepSeek-R1-Distill-Qwen-14B-Q6_K,84,Sí,sí,48.093923636712134,1547,15,1562,yes_no,1949.278056426335,688.4,2027.3,16293.080745493731,16292.8671875,16293.1796875,0.0,0,0,599.6875,599.6875,599.6875
2,DeepSeek-R1-Distill-Qwen-14B-Q6_K,61,Sí,sí,39.594925845973194,1338,5,1343,yes_no,1976.0901140684448,419.1,2019.3,16293.4921875,16293.4921875,16293.4921875,0.0,0,0,599.6875,599.6875,599.6875
2,DeepSeek-R1-Distill-Qwen-14B-Q6_K,55,Sí,no,42.40790825057775,1389,13,1402,yes_no,1952.433096085405,987.7,2027.3,16293.8475033363,16293.8046875,16293.9609375,0.0,0,0,599.6875,599.6875,599.6875
2,DeepSeek-R1-Distill-Qwen-14B-Q6_K,83,Sí,sí,41.4284485662356,1362,10,1372,yes_no,1959.4814545454547,528.8,2019.0,16294.059801136364,16293.9609375,16294.1171875,0.0,0,0,599.6875,599.6875,599.6875
2,DeepSeek-R1-Distill-Qwen-14B-Q6_K,13,Sí.,sí,59.428875558078296,1921,10,1931,yes_no,1968.6710659898552,768.2,2019.2,16294.531706059644,16294.4296875,16294.7421875,0.0,0,0,599.6875,599.6875,599.6875
2,DeepSeek-R1-Distill-Qwen-14B-Q6_K,96,Sí,sí,43.09008141234517,1408,10,1418,yes_no,1958.7968531468537,508.8,2019.0,16294.54296875,16294.54296875,16294.54296875,0.0,0,0,599.6875,599.6875,599.6875
2,DeepSeek-R1-Distill-Qwen-14B-Q6_K,83,Sí,sí,46.33459803182632,1362,10,1372,yes_no,1949.3758957654736,987.7,2027.3,16294.54296875,16294.54296875,16294.54296875,0.0,0,0,599.6875,599.6875,599.6875
2,DeepSeek-R1-Distill-Qwen-14B-Q6_K,65,Sí,sí,41.76185163948685,1369,10,1379,yes_no,1960.194223826715,838.1,2019.3,16294.69921875,16294.69921875,16294.69921875,0.0,0,0,599.6875,599.6875,599.6875
2,DeepSeek-R1-Distill-Qwen-14B-Q6_K,45,No.,no,40.659807418473065,1346,8,1354,yes_no,1963.5870370370378,419.1,2019.3,16294.69921875,16294.69921875,16294.69921875,0.0,0,0,599.6875,599.6875,599.6875
2,DeepSeek-R1-Distill-Qwen-14B-Q6_K,27,Sí.,sí,39.817092535085976,1319,10,1329,yes_no,1959.826515151515,977.8,2019.2,16295.420691287878,16295.32421875,16295.48046875,0.0,0,0,599.6875,599.6875,599.6875
2,DeepSeek-R1-Distill-Qwen-14B-Q6_K,88,Sí,sí,35.89235351700336,1176,10,1186,yes_no,1954.945798319326,987.7,2027.3,16295.63671875,16295.63671875,16295.63671875,0.0,0,0,599.6875,599.6875,599.6875
2,DeepSeek-R1-Distill-Qwen-14B-Q6_K,19,No.,no,44.41954993735999,1467,8,1475,yes_no,1966.0003389830515,239.5,2019.2,16296.051972987289,16295.94921875,16296.10546875,0.0,0,0,599.6875,599.6875,599.6875
2,DeepSeek-R1-Distill-Qwen-14B-Q6_K,88,Sí,sí,34.55647569894791,1176,5,1181,yes_no,1979.4436681222694,997.5,2027.3,16296.10546875,16296.10546875,16296.10546875,0.0,0,0,599.6875,599.6875,599.6875
2,DeepSeek-R1-Distill-Qwen-14B-Q6_K,84,Sí,sí,47.782602151855826,1547,13,1560,yes_no,1952.0886435331265,588.6,2019.2,16296.10546875,16296.10546875,16296.10546875,0.0,0,0,599.6875,599.6875,599.6875
2,DeepSeek-R1-Distill-Qwen-14B-Q6_K,39,No.,no,21.666909324005246,726,8,734,yes_no,1940.1729166666628,618.6,2019.2,16296.26171875,16296.26171875,16296.26171875,0.0,0,0,599.6875,599.6875,599.6875
2,DeepSeek-R1-Distill-Qwen-14B-Q6_K,38,Sí.,no,49.97051066532731,1495,42,1537,yes_no,1873.0740181268857,967.7,2029.3,16296.26171875,16296.26171875,16296.26171875,0.0,0,0,599.6875,599.6875,599.6875
2,DeepSeek-R1-Distill-Qwen-14B-Q6_K,46,Sí.,sí,40.09993151575326,1305,10,1315,yes_no,1959.5233082706745,848.0,2027.3,16296.355703712406,16296.26171875,16296.41796875,0.0,0,0,599.6875,599.6875,599.6875
2,DeepSeek-R1-Distill-Qwen-14B-Q6_K,20,Sí.,no,58.590852515771985,1717,51,1768,yes_no,1871.5005154639184,977.8,2029.2,16296.60683795103,16296.41796875,16296.73046875,0.0,0,0,599.6875,599.6875,599.6875
2,DeepSeek-R1-Distill-Qwen-14B-Q6_K,71,Sí,sí,40.71332666929811,1321,10,1331,yes_no,1959.579629629628,887.7,2027.3,16296.88671875,16296.88671875,16296.88671875,0.0,0,0,599.6875,599.6875,599.6875
2,DeepSeek-R1-Distill-Qwen-14B-Q6_K,99,Sí,sí,43.2008330700919,1433,10,1443,yes_no,1959.3634146341478,139.7,2027.3,16296.88671875,16296.88671875,16296.88671875,0.0,0,0,599.6875,599.6875,599.6875
2,DeepSeek-R1-Distill-Qwen-14B-Q6_K,42,Sí.,no,48.355627165175974,1402,51,1453,yes_no,1850.2637499999958,987.6,2019.1,16297.14892578125,16297.04296875,16297.19921875,0.0,0,0,599.6875,599.6875,599.6875
2,DeepSeek-R1-Distill-Qwen-14B-Q6_K,95,Sí,no,62.80070750694722,1835,51,1886,yes_no,1876.1545673076985,818.1,2019.3,16297.70928485577,16297.35546875,16297.82421875,0.0,0,0,599.6875,599.6875,599.6875
2,DeepSeek-R1-Distill-Qwen-14B-Q6_K,12,No.,no,47.5022855065763,1559,8,1567,yes_no,1970.6660317460344,848.0,2027.3,16298.24286954365,16298.13671875,16298.44921875,0.0,0,0,599.6875,599.6875,599.6875
2,DeepSeek-R1-Distill-Qwen-14B-Q6_K,52,No.,no,46.842842002399266,1543,8,1551,yes_no,1966.2479099678496,299.3,2026.7,16298.439572447749,16298.07421875,16298.44921875,0.0,0,0,599.6875,599.6875,599.6875
2,DeepSeek-R1-Distill-Qwen-14B-Q6_K,65,Sí,sí,41.78007820062339,1369,10,1379,yes_no,1961.4483754512626,987.7,2029.2,16298.07421875,16298.07421875,16298.07421875,0.0,0,0,599.6875,599.6875,599.6875
2,DeepSeek-R1-Distill-Qwen-14B-Q6_K,15,Sí.,no,59.166927500627935,1928,8,1936,yes_no,1975.1232142857245,997.5,2019.1,16298.728904257016,16298.6875,16298.85546875,0.0,0,0,599.6875,599.6875,599.6875
2,DeepSeek-R1-Distill-Qwen-14B-Q6_K,63,Sí,no,47.07431025709957,1370,51,1421,yes_no,1845.429487179483,578.7,2019.1,16298.6875,16298.6875,16298.6875,0.0,0,0,599.6875,599.6875,599.6875
2,DeepSeek-R1-Distill-Qwen-14B-Q6_K,51,Sí.,sí,47.21711468137801,1538,10,1548,yes_no,1965.9523961661364,987.6,2027.3,16298.6875,16298.6875,16298.6875,0.0,0,0,599.6875,599.6875,599.6875
2,DeepSeek-R1-Distill-Qwen-14B-Q6_K,80,Sí,no,30.486238630488515,812,51,863,yes_no,1755.6188118811838,658.5,2019.0,16298.84375,16298.84375,16298.84375,0.0,0,0,599.6875,599.6875,599.6875
2,DeepSeek-R1-Distill-Qwen-14B-Q6_K,100,Sí,no,43.98803382460028,1438,13,1451,yes_no,1952.0801369863034,369.2,2019.1,16299.108251284246,16298.76953125,16299.625,0.0,0,0,599.6875,599.6875,599.6875
2,DeepSeek-R1-Distill-Qwen-14B-Q6_K,12,No.,no,47.50392592139542,1559,8,1567,yes_no,1969.9101587301618,858.0,2027.3,16298.76953125,16298.76953125,16298.76953125,0.0,0,0,599.6875,599.6875,599.6875
2,DeepSeek-R1-Distill-Qwen-14B-Q6_K,86,Sí,sí,43.64044853113592,1439,10,1449,yes_no,1964.5740484429039,987.6,2019.3,16298.76953125,16298.76953125,16298.76953125,0.0,0,0,599.6875,599.6875,599.6875
2,DeepSeek-R1-Distill-Qwen-14B-Q6_K,42,Sí.,no,43.19884690642357,1402,13,1415,yes_no,1953.4325174825149,987.6,2019.1,16298.76953125,16298.76953125,16298.76953125,0.0,0,0,599.6875,599.6875,599.6875
2,DeepSeek-R1-Distill-Qwen-14B-Q6_K,98,Sí,no,48.97585367318243,1424,51,1475,yes_no,1846.679629629629,987.6,2019.3,16298.78448109568,16298.76953125,16298.92578125,0.0,0,0,599.6875,599.6875,599.6875
2,DeepSeek-R1-Distill-Qwen-14B-Q6_K,82,Sí,no,42.364482555538416,1363,13,1376,yes_no,1949.950533807827,798.2,2019.3,16299.08203125,16299.08203125,16299.08203125,0.0,0,0,599.6875,599.6875,599.6875
2,DeepSeek-R1-Distill-Qwen-14B-Q6_K,45,No.,no,40.69109861832112,1346,8,1354,yes_no,1966.465555555555,748.3,2019.2,16299.08203125,16299.08203125,16299.08203125,0.0,0,0,599.6875,599.6875,599.6875
2,DeepSeek-R1-Distill-Qwen-14B-Q6_K,68,Sí,sí,44.42103148903698,1461,10,1471,yes_no,1960.2583050847463,229.5,2027.3,16299.08203125,16299.08203125,16299.08203125,0.0,0,0,599.6875,599.6875,599.6875
2,DeepSeek-R1-Distill-Qwen-14B-Q6_K,55,Sí,no,47.67740938253701,1389,51,1440,yes_no,1845.382594936706,458.9,2027.2,16299.08203125,16299.08203125,16299.08203125,0.0,0,0,599.6875,599.6875,599.6875
2,DeepSeek-R1-Distill-Qwen-14B-Q6_K,35,No.,no,40.702717958018184,1336,8,1344,yes_no,1965.448888888891,808.2,2019.2,16299.233072916666,16299.0625,16299.23828125,0.0,0,0,599.6875,599.6875,599.6875
2,DeepSeek-R1-Distill-Qwen-14B-Q6_K,23,No.,sí,32.71483786497265,1098,5,1103,yes_no,1973.2986175115207,937.8,2027.3,16299.53125,16299.53125,16299.53125,0.0,0,0,599.6875,599.6875,599.6875
2,DeepSeek-R1-Distill-Qwen-14B-Q6_K,11,Sí.,sí,43.37825047597289,1463,5,1468,yes_no,1978.2444444444434,468.9,2027.3,16299.53125,16299.53125,16299.53125,0.0,0,0,599.6875,599.6875,599.6875
2,DeepSeek-R1-Distill-Qwen-14B-Q6_K,58,Sí,sí,36.57460883166641,1200,10,1210,yes_no,1952.3279835390958,279.4,2019.3,16299.620627572016,16299.53125,16299.6875,0.0,0,0,599.6875,599.6875,599.6875
2,DeepSeek-R1-Distill-Qwen-14B-Q6_K,54,Sí.,sí,42.793938372284174,1402,10,1412,yes_no,1958.1816901408479,588.6,2027.3,16299.6875,16299.6875,16299.6875,0.0,0,0,599.6875,599.6875,599.6875
2,DeepSeek-R1-Distill-Qwen-14B-Q6_K,31,Sí.,sí,46.103311388753355,1527,10,1537,yes_no,1963.1950980392173,478.9,2027.3,16299.6875,16299.6875,16299.6875,0.0,0,0,599.6875,599.6875,599.6875
2,DeepSeek-R1-Distill-Qwen-14B-Q6_K,84,Sí,sí,47.44999373331666,1547,10,1557,yes_no,1961.3457142857176,319.3,2029.3,16299.6875,16299.6875,16299.6875,0.0,0,0,599.6875,599.6875,599.6875
2,DeepSeek-R1-Distill-Qwen-14B-Q6_K,98,Sí,no,43.782663262449205,1424,13,1437,yes_no,1952.8910344827586,987.6,2028.0,16299.6875,16299.6875,16299.6875,0.0,0,0,599.6875,599.6875,599.6875
2,DeepSeek-R1-Distill-Qwen-14B-Q6_K,60,Sí,sí,44.34739707130939,1455,10,1465,yes_no,1963.8085034013632,997.6,2019.2,16299.79007227891,16299.6875,16299.84375,0.0,0,0,599.6875,599.6875,599.6875
2,DeepSeek-R1-Distill-Qwen-14B-Q6_K,8,No.,no,55.05642754398286,1775,13,1788,yes_no,1962.115890410964,917.8,2027.3,16299.84375,16299.84375,16299.84375,0.0,0,0,599.6875,599.6875,599.6875
2,DeepSeek-R1-Distill-Qwen-14B-Q6_K,71,Sí,sí,39.91104137990624,1321,10,1331,yes_no,1956.4181132075491,468.9,2019.1,16300.0,16300.0,16300.0,0.0,0,0,599.6875,599.6875,599.6875
2,DeepSeek-R1-Distill-Qwen-14B-Q6_K,60,Sí,sí,45.99608448240906,1455,10,1465,yes_no,1963.2649180327912,947.9,2028.9,14115.519121413934,5348.75390625,16300.0,0.0,0,0,599.6875,599.6875,599.6875
2,DeepSeek-R1-Distill-Qwen-14B-Q6_K,20,Sí.,no,52.72037933394313,1717,8,1725,yes_no,1969.7754285714373,309.3,2019.1,16273.48122767857,16272.66015625,16274.22265625,0.0,0,0,599.6875,599.6875,599.6875
2,DeepSeek-R1-Distill-Qwen-14B-Q6_K,50,Sí.,no,42.547581285238266,1382,13,1395,yes_no,1953.552836879431,987.6,2027.3,16275.920240469859,16274.98828125,16276.70703125,0.0,0,0,599.6875,599.6875,599.6875
2,DeepSeek-R1-Distill-Qwen-14B-Q6_K,1,Sí. ,no,23.297277403995395,813,4,817,yes_no,1970.110967741931,349.1,2027.3,16277.17578125,16277.17578125,16277.17578125,0.0,0,0,599.6875,599.6875,599.6875
2,DeepSeek-R1-Distill-Qwen-14B-Q6_K,88,Sí,sí,34.929453456774354,1176,5,1181,yes_no,1972.4767241379288,458.9,2027.2,16278.085668103447,16277.64453125,16278.42578125,0.0,0,0,599.6875,599.6875,599.6875
2,DeepSeek-R1-Distill-Qwen-14B-Q6_K,45,No.,no,40.305635382421315,1346,8,1354,yes_no,1969.878277153558,987.7,2027.3,16280.063187617041,16279.83203125,16280.30078125,0.0,0,0,599.6875,599.6875,599.6875
2,DeepSeek-R1-Distill-Qwen-14B-Q6_K,22,Sí.,no,62.88098651356995,1851,51,1902,yes_no,1876.1043165467672,29.9,2027.3,16281.08278065048,16280.92578125,16281.23828125,0.0,0,0,599.6875,599.6875,599.6875
2,DeepSeek-R1-Distill-Qwen-14B-Q6_K,20,Sí.,no,51.96592818573117,1717,4,1721,yes_no,1981.7971014492807,249.4,2027.3,16281.23828125,16281.23828125,16281.23828125,0.0,0,0,599.6875,599.6875,599.6875
2,DeepSeek-R1-Distill-Qwen-14B-Q6_K,32,Sí.,no,70.93342121317983,2090,51,2141,yes_no,1888.6619148936236,588.6,2019.2,16283.26878324468,16282.64453125,16283.73828125,0.0,0,0,599.6875,599.6875,599.6875
2,DeepSeek-R1-Distill-Qwen-14B-Q6_K,85,Sí,no,55.70397687982768,1812,8,1820,yes_no,1974.2054200542093,987.7,2027.3,16284.16412601626,16284.03125,16284.34375,0.0,0,0,599.6875,599.6875,599.6875
2,DeepSeek-R1-Distill-Qwen-14B-Q6_K,56,Sí,sí,45.49705522786826,1520,5,1525,yes_no,1975.602317880797,528.7,2027.3,16284.545762624171,16284.33984375,16284.65234375,0.0,0,0,599.6875,599.6875,599.6875
2,DeepSeek-R1-Distill-Qwen-14B-Q6_K,61,Sí,sí,41.135748794302344,1338,13,1351,yes_no,1947.0227106227087,518.8,2019.2,16285.27734375,16285.27734375,16285.27734375,0.0,0,0,599.6875,599.6875,599.6875
2,DeepSeek-R1-Distill-Qwen-14B-Q6_K,13,Sí.,sí,59.28476577345282,1921,10,1931,yes_no,1969.7096692112034,887.8,2029.3,16285.862187897583,16285.74609375,16285.90234375,0.0,0,0,599.6875,599.6875,599.6875
2,DeepSeek-R1-Distill-Qwen-14B-Q6_K,21,Sí.,sí,37.28721040673554,1227,13,1240,yes_no,1948.5348178137617,987.6,2027.3,16286.27177694838,16285.90234375,16286.52734375,0.0,0,0,599.6875,599.6875,599.6875
2,DeepSeek-R1-Distill-Qwen-14B-Q6_K,32,Sí.,no,71.54053717851639,2090,51,2141,yes_no,1884.5742616033835,429.0,2019.3,16286.52734375,16286.52734375,16286.52734375,0.0,0,0,599.6875,599.6875,599.6875
2,DeepSeek-R1-Distill-Qwen-14B-Q6_K,87,Sí,sí,61.13591331243515,2000,5,2005,yes_no,1983.5525925926033,997.5,2027.3,16287.22333140432,16286.83984375,16287.62109375,0.0,0,0,599.6875,599.6875,599.6875
2,DeepSeek-R1-Distill-Qwen-14B-Q6_K,21,Sí.,sí,36.800659945234656,1227,10,1237,yes_no,1959.9942622950782,987.6,2018.8,16287.62109375,16287.62109375,16287.62109375,0.0,0,0,599.6875,599.6875,599.6875
2,DeepSeek-R1-Distill-Qwen-14B-Q6_K,26,Sí.,no,39.76734266430139,1113,51,1164,yes_no,1810.9851711026581,987.6,2018.8,16287.77734375,16287.77734375,16287.77734375,0.0,0,0,599.6875,599.6875,599.6875
2,DeepSeek-R1-Distill-Qwen-14B-Q6_K,100,Sí,no,44.53864840231836,1438,13,1451,yes_no,1955.6474576271182,987.5,2019.2,16288.599907309323,16288.40234375,16288.87109375,0.0,0,0,599.6875,599.6875,599.6875
2,DeepSeek-R1-Distill-Qwen-14B-Q6_K,45,No.,no,40.257109398022294,1346,8,1354,yes_no,1969.2397003745293,848.0,2027.3,16288.87109375,16288.87109375,16288.87109375,0.0,0,0,599.6875,599.6875,599.6875
2,DeepSeek-R1-Distill-Qwen-14B-Q6_K,74,Sí,no,52.44550929032266,1525,51,1576,yes_no,1858.7729106628244,987.6,2019.2,16289.573993605907,16289.33984375,16289.80859375,0.0,0,0,599.6875,599.6875,599.6875
2,DeepSeek-R1-Distill-Qwen-14B-Q6_K,61,Sí,sí,40.97820084914565,1338,10,1348,yes_no,1959.236397058819,449.0,2018.8,16289.80859375,16289.80859375,16289.80859375,0.0,0,0,599.6875,599.6875,599.6875
2,DeepSeek-R1-Distill-Qwen-14B-Q6_K,54,Sí.,no,48.44262755010277,1402,51,1453,yes_no,1847.449221183797,718.3,2019.2,16290.022768204828,16289.80859375,16290.12109375,0.0,0,0,599.6875,599.6875,599.6875
2,DeepSeek-R1-Distill-Qwen-14B-Q6_K,19,No.,no,44.155545121990144,1467,8,1475,yes_no,1970.9576791808888,648.5,2027.3,16290.58984375,16290.58984375,16290.58984375,0.0,0,0,599.6875,599.6875,599.6875
2,DeepSeek-R1-Distill-Qwen-14B-Q6_K,44,Sí.,no,43.83881609607488,1265,51,1316,yes_no,1833.8648275862079,987.3,2018.9,16290.819436961207,16290.7265625,16290.90234375,0.0,0,0,599.6875,599.6875,599.6875
2,DeepSeek-R1-Distill-Qwen-14B-Q6_K,40,Sí.,sí,45.66846680548042,1474,13,1487,yes_no,1952.8491749174923,648.5,2019.1,16290.7265625,16290.7265625,16290.7265625,0.0,0,0,599.6875,599.6875,599.6875
2,DeepSeek-R1-Distill-Qwen-14B-Q6_K,85,Sí,no,56.531167979352176,1812,13,1825,yes_no,1959.5317333333421,498.8,2019.3,16290.7265625,16290.7265625,16290.7265625,0.0,0,0,599.6875,599.6875,599.6875
2,DeepSeek-R1-Distill-Qwen-14B-Q6_K,94,Sí,sí,52.361908899620175,1707,10,1717,yes_no,1968.331988472627,987.7,2027.2,16291.251148234871,16290.8828125,16291.6640625,0.0,0,0,599.6875,599.6875,599.6875
2,DeepSeek-R1-Distill-Qwen-14B-Q6_K,69,Sí,sí,44.831258493475616,1475,10,1485,yes_no,1965.4329966329974,997.6,2027.3,16292.021280513469,16291.8203125,16292.2890625,0.0,0,0,599.6875,599.6875,599.6875
2,DeepSeek-R1-Distill-Qwen-14B-Q6_K,20,Sí.,no,51.42070771101862,1717,4,1721,yes_no,1987.183577712618,858.0,2027.3,16292.2890625,16292.2890625,16292.2890625,0.0,0,0,599.6875,599.6875,599.6875
2,DeepSeek-R1-Distill-Qwen-14B-Q6_K,70,Sí,no,47.01513597834855,1354,51,1405,yes_no,1845.7581993569065,987.6,2019.3,16292.39306169614,16292.2890625,16292.4453125,0.0,0,0,599.6875,599.6875,599.6875
2,DeepSeek-R1-Distill-Qwen-14B-Q6_K,21,Sí.,sí,37.62351523991674,1227,10,1237,yes_no,1951.567199999999,159.6,2019.3,16292.4453125,16292.4453125,16292.4453125,0.0,0,0,599.6875,599.6875,599.6875
2,DeepSeek-R1-Distill-Qwen-14B-Q6_K,88,Sí,sí,35.29538379609585,1176,10,1186,yes_no,1958.476495726498,987.7,2019.2,16292.6015625,16292.6015625,16292.6015625,0.0,0,0,599.6875,599.6875,599.6875
2,DeepSeek-R1-Distill-Qwen-14B-Q6_K,53,Sí.,no,45.411728653125465,1476,13,1489,yes_no,1953.4169435215965,997.6,2027.3,16292.650358181063,16292.6015625,16292.7578125,0.0,0,0,599.6875,599.6875,599.6875
2,DeepSeek-R1-Distill-Qwen-14B-Q6_K,94,Sí,sí,51.80897410213947,1707,5,1712,yes_no,1981.6052478134184,997.6,2019.1,16292.7578125,16292.7578125,16292.7578125,0.0,0,0,599.6875,599.6875,599.6875
2,DeepSeek-R1-Distill-Qwen-14B-Q6_K,17,Sí.,sí,41.425372844561934,1388,5,1393,yes_no,1976.9185454545436,548.7,2019.1,16292.9140625,16292.9140625,16292.9140625,0.0,0,0,599.6875,599.6875,599.6875
2,DeepSeek-R1-Distill-Qwen-14B-Q6_K,91,Sí,no,35.42226455081254,1190,8,1198,yes_no,1965.8336170212744,897.4,2019.2,16293.0703125,16293.0703125,16293.0703125,0.0,0,0,599.6875,599.6875,599.6875
2,DeepSeek-R1-Distill-Qwen-14B-Q6_K,84,Sí,sí,47.37570576649159,1547,10,1557,yes_no,1965.4060509554151,987.7,2029.3,16293.799810907643,16293.6953125,16293.8515625,0.0,0,0,599.6875,599.6875,599.6875
2,DeepSeek-R1-Distill-Qwen-14B-Q6_K,191,Ultrasonido endoscópico o Resonancia Magnética Nuclear,"</think>

Además de la tomografía abdominopélvica con contraste, se requiere ultrasonido endoscópico o Resonancia Magnética Nuclear para el estadiaje del cáncer de recto.",23.744394580833614,617,50,667,short_answer,1710.978343949043,987.6,2019.3,16293.8515625,16293.8515625,16293.8515625,0.0,0,0,599.6875,599.6875,599.6875
2,DeepSeek-R1-Distill-Qwen-14B-Q6_K,102,CNDTCG y DICE.,"</think>

CNDTCG y DICE.",28.306775948032737,942,11,953,short_answer,1942.8505319148915,628.6,2027.3,16293.99451462766,16293.8515625,16294.1640625,0.0,0,0,599.6875,599.6875,599.6875
2,DeepSeek-R1-Distill-Qwen-14B-Q6_K,192,"₡3,563,250,779","</think>

No lo sé.
</think>

No lo sé.",36.01509286556393,1174,13,1187,short_answer,1943.9297071129686,698.3,2027.2,16294.254282165271,16294.1640625,16294.3203125,0.0,0,0,599.6875,599.6875,599.6875
2,DeepSeek-R1-Distill-Qwen-14B-Q6_K,161,Técnico de endoscopia,"</think>

Durante la gastroscopia, el profesional que asiste al endoscopista es el técnico de gastroenterología.
</think>

El técnico de gastroenterología asiste al endoscopista durante la gastroscopia.",46.14505816157907,1331,49,1380,short_answer,1833.020915032679,239.5,2019.1,16294.581239787582,16294.4765625,16294.6328125,0.0,0,0,599.6875,599.6875,599.6875
2,DeepSeek-R1-Distill-Qwen-14B-Q6_K,174,Cáncer colorrectal,"</think>

El código C18 en la clasificación CIE-10 corresponde a tumores malignos del colon.",42.38492264878005,1305,27,1332,short_answer,1903.3555160142346,778.2,2019.1,16294.828542037367,16294.6328125,16294.9453125,0.0,0,0,599.6875,599.6875,599.6875
2,DeepSeek-R1-Distill-Qwen-14B-Q6_K,143,6 meses,"</think>

No se menciona un plazo específico para la Dirección de TIC en el contexto proporcionado.
</think>

No lo sé.",35.635158982127905,1077,30,1107,short_answer,1874.6936440677948,987.5,2019.3,16295.2578125,16295.2578125,16295.2578125,0.0,0,0,599.6875,599.6875,599.6875
2,DeepSeek-R1-Distill-Qwen-14B-Q6_K,121,"464,339 personas.","</think>

La población objetivo total proyectada para el tamizaje de cáncer gástrico en Costa Rica para el año 2025 es de 464,339 personas.
</think>

La población objetivo total proyectada para el tamizaje de cáncer gástrico en Costa Rica para el año 2025 es de 464,339 personas.",64.0401230212301,1675,91,1766,short_answer,1779.6129716981125,538.7,2027.2,16295.495135613208,16295.4140625,16295.5703125,0.0,0,0,599.6875,599.6875,599.6875
2,DeepSeek-R1-Distill-Qwen-14B-Q6_K,140,1 año,"</think>

No se menciona el plazo máximo para la licitación nacional de la Prueba Inmunológica Fecal en el contexto proporcionado.
</think>

No lo sé.",46.87215127144009,1407,38,1445,short_answer,1872.9627009646276,259.4,2019.2,16295.5703125,16295.5703125,16295.5703125,0.0,0,0,599.6875,599.6875,599.6875
2,DeepSeek-R1-Distill-Qwen-14B-Q6_K,115,"1,203,483 personas.","</think>

La población objetivo total proyectada para el año 2025 es de aproximadamente 1.2 millones de personas.
</think>

La población objetivo total proyectada para el año 2025 es de aproximadamente 1.2 millones de personas.",50.29137145448476,1418,59,1477,short_answer,1825.0867867867823,898.0,2019.1,16295.90674268018,16295.7265625,16296.1953125,0.0,0,0,599.6875,599.6875,599.6875
2,DeepSeek-R1-Distill-Qwen-14B-Q6_K,174,Cáncer colorrectal,"</think>

El código C18 en la clasificación CIE-10 corresponde a tumores malignos del colon, incluyendo el apéndice y diferentes partes del intestino delgado.
</think>

El código C18 en la clasificación CIE-10 corresponde a tumores malignos del colon.",48.65074153896421,1305,70,1375,short_answer,1792.6006211180086,967.8,2027.2,16296.1953125,16296.1953125,16296.1953125,0.0,0,0,599.6875,599.6875,599.6875
2,DeepSeek-R1-Distill-Qwen-14B-Q6_K,196,8.30%,"</think>

El costo de atención temprana de recto es del 8.3% respecto al cáncer avanzado.",30.284925485029817,917,28,945,short_answer,1865.0069651741258,479.0,2027.3,16296.272271455224,16296.1953125,16296.3515625,0.0,0,0,599.6875,599.6875,599.6875
2,DeepSeek-R1-Distill-Qwen-14B-Q6_K,122,5.02 equipos,"</think>

No lo sé.",45.74510811921209,1530,7,1537,short_answer,1976.72376237624,987.7,2019.0,16296.3515625,16296.3515625,16296.3515625,0.0,0,0,599.6875,599.6875,599.6875
2,DeepSeek-R1-Distill-Qwen-14B-Q6_K,197,52 salas,"</think>

No lo sé.
</think>

No lo sé.",44.19005262758583,1445,13,1458,short_answer,1952.6935153583636,957.8,2019.2,16296.812513331912,16296.64453125,16296.8203125,0.0,0,0,599.6875,599.6875,599.6875
2,DeepSeek-R1-Distill-Qwen-14B-Q6_K,146,Se requieren 2 plazas de MQC2 para la implementación del SILC.,"</think>

El SILC requiere 2 plazas de MQC2 para proyectos especiales.
</think>

2 plazas de MQC2 para proyectos especiales.",48.856756430119276,1470,37,1507,short_answer,1883.3814814814832,448.9,2029.2,16297.275318287036,16296.95703125,16297.42578125,0.0,0,0,599.6875,599.6875,599.6875
2,DeepSeek-R1-Distill-Qwen-14B-Q6_K,124,"67,136 personas.","</think>

En el año 2025, se llamarían a 67,136 personas para realizarse la prueba de sangre oculta en heces (FIT).
</think>

En el año 2025, se llamarían a 67,136 personas para realizarse la prueba de sangre oculta en heces (FIT).",57.32707148231566,1533,81,1614,short_answer,1790.530870712399,987.6,2027.3,16297.58203125,16297.58203125,16297.58203125,0.0,0,0,599.6875,599.6875,599.6875
2,DeepSeek-R1-Distill-Qwen-14B-Q6_K,119,87 endoscopistas.,"</think>

No lo sé.",41.72332483716309,1376,7,1383,short_answer,1970.5252707581228,518.8,2019.1,16297.658746051444,16297.58203125,16297.89453125,0.0,0,0,599.6875,599.6875,599.6875
2,DeepSeek-R1-Distill-Qwen-14B-Q6_K,143,6 meses,"</think>

No lo sé.
</think>

No lo sé.",32.805647576227784,1077,13,1090,short_answer,1931.9798165137606,259.4,2019.2,16297.89453125,16297.89453125,16297.89453125,0.0,0,0,599.6875,599.6875,599.6875
2,DeepSeek-R1-Distill-Qwen-14B-Q6_K,119,87 endoscopistas.,"</think>

No lo sé.",41.45881815254688,1376,7,1383,short_answer,1969.999999999997,778.2,2019.2,16297.88965909091,16297.703125,16297.89453125,0.0,0,0,599.6875,599.6875,599.6875
2,DeepSeek-R1-Distill-Qwen-14B-Q6_K,140,1 año,"</think>

El plazo máximo para la licitación nacional de la Prueba Inmunológica Fecal es de 3 meses.
</think>

El plazo máximo para la licitación nacional de la Prueba Inmunológica Fecal es de 3 meses.",49.3235331652686,1407,55,1462,short_answer,1833.8455657492316,329.2,2027.3,16297.703125,16297.703125,16297.703125,0.0,0,0,599.6875,599.6875,599.6875
2,DeepSeek-R1-Distill-Qwen-14B-Q6_K,192,"₡3,563,250,779","</think>

No lo sé.",35.00291538890451,1174,7,1181,short_answer,1970.7599137931008,987.5,2019.3,16297.703125,16297.703125,16297.703125,0.0,0,0,599.6875,599.6875,599.6875
2,DeepSeek-R1-Distill-Qwen-14B-Q6_K,123,"₡1,413.","</think>

No lo sé.",57.98294669575989,1898,7,1905,short_answer,1977.8799479166757,987.6,2019.0,16297.703125,16297.703125,16297.703125,0.0,0,0,599.6875,599.6875,599.6875
2,DeepSeek-R1-Distill-Qwen-14B-Q6_K,178,Lesiones precancerosas o neoplasias superficiales,"</think>

Lesiones precancerosas o neoplasias superficiales del tracto gastrointestinal, especialmente en el estómago o colon.",45.84545341320336,1396,31,1427,short_answer,1892.895723684208,598.6,2027.3,16297.874280427632,16297.859375,16298.015625,0.0,0,0,599.6875,599.6875,599.6875
2,DeepSeek-R1-Distill-Qwen-14B-Q6_K,102,CNDTCG y DICE.,"</think>

CNDTCG y DICE.",28.654609095305208,942,11,953,short_answer,1942.5447368421046,997.6,2019.2,16298.015625,16298.015625,16298.015625,0.0,0,0,599.6875,599.6875,599.6875
2,DeepSeek-R1-Distill-Qwen-14B-Q6_K,156,Serie Gastroduodenal (SGD),"</think>

La prueba de tamizaje utilizada para el cáncer gástrico es la gastroscopia.",20.461089852266014,618,26,644,short_answer,1821.8426470588229,349.2,2019.1,16298.015625,16298.015625,16298.015625,0.0,0,0,599.6875,599.6875,599.6875
2,DeepSeek-R1-Distill-Qwen-14B-Q6_K,128,2 salas de endoscopia.,"</think>

No lo sé.",53.06320474483073,1737,7,1744,short_answer,1975.0588068181883,648.5,2019.3,16298.081321022728,16298.015625,16298.171875,0.0,0,0,599.6875,599.6875,599.6875
2,DeepSeek-R1-Distill-Qwen-14B-Q6_K,143,6 meses,"</think>

No se menciona un plazo máximo específico para las gestiones en el EDUS en el contexto proporcionado.
</think>

No lo sé.",35.53930287063122,1077,32,1109,short_answer,1857.87415254237,189.6,2027.2,16298.171875,16298.171875,16298.171875,0.0,0,0,599.6875,599.6875,599.6875
2,DeepSeek-R1-Distill-Qwen-14B-Q6_K,167,Área de Planificación y Mejora Continua,"</think>

Área de Planificación y Mejora Continua.
</think>

Área de Planificación y Mejora Continua.",35.12793327867985,1077,27,1104,short_answer,1876.2497854077203,568.7,2019.1,16298.171875,16298.171875,16298.171875,0.0,0,0,599.6875,599.6875,599.6875
2,DeepSeek-R1-Distill-Qwen-14B-Q6_K,118,110 laboratorios.,"</think>

No lo sé.
</think>

No lo sé.",39.2221840377897,1275,13,1288,short_answer,1950.3823076923036,987.6,2019.2,16298.171875,16298.171875,16298.171875,0.0,0,0,599.6875,599.6875,599.6875
2,DeepSeek-R1-Distill-Qwen-14B-Q6_K,111,56.82 casos.,"</think>

La mortalidad total combinada por cáncer de estómago, colon y recto en la población objetivo es de 56.82 muertes por cada 100,000 habitantes.",60.00426055956632,1745,50,1795,short_answer,1866.834673366837,49.9,2019.2,16298.171875,16298.171875,16298.171875,0.0,0,0,599.6875,599.6875,599.6875
2,DeepSeek-R1-Distill-Qwen-14B-Q6_K,174,Cáncer colorrectal,"</think>

El código C18 en la clasificación CIE-10 corresponde a tumores malignos del colon, incluyendo el apéndice y diferentes partes del intestino delgado.
</think>

El código C18 en la clasificación CIE-10 corresponde a tumores malignos del colon.",48.57872482761741,1305,70,1375,short_answer,1779.7338509316708,179.6,2019.2,16298.171875,16298.171875,16298.171875,0.0,0,0,599.6875,599.6875,599.6875
2,DeepSeek-R1-Distill-Qwen-14B-Q6_K,174,Cáncer colorrectal,"</think>

El código C18 en la clasificación CIE-10 corresponde a tumores malignos del colon, incluyendo el apéndice y diferentes partes del colon.",6.208865399472416,1305,41,1346,short_answer,1000.0390243902433,987.6,1017.6,16298.171875,16298.171875,16298.171875,0.0,0,0,599.6875,599.6875,599.6875
2,DeepSeek-R1-Distill-Qwen-14B-Q6_K,186,Clasificación KUDO,"</think>

La clasificación KUDO es la que requiere magnificación y cromoendoscopía para la caracterización de pólipos.
</think>

La clasificación KUDO es la que requiere magnificación y cromoendoscopía para la caracterización de pólipos.",46.93101334478706,1292,61,1353,short_answer,1801.1871382636639,459.0,2027.3,16298.328125,16298.328125,16298.328125,0.0,0,0,599.6875,599.6875,599.6875
2,DeepSeek-R1-Distill-Qwen-14B-Q6_K,137,El 88% de los gastroenterólogos (56 de 63.5) están capacitados en detección temprana de lesiones premalignas y malignas.,"</think>

No lo sé.
</think>

No lo sé.",44.413951399736106,1432,13,1445,short_answer,1946.7410169491568,159.6,2019.1,16298.448636122881,16298.23828125,16299.109375,0.0,0,0,599.6875,599.6875,599.6875
2,DeepSeek-R1-Distill-Qwen-14B-Q6_K,152,El porcentaje de tamizaje esperado es del 65% de la población invitada.,"</think>

El porcentaje de tamizaje esperado es del 65%.",49.2936852183193,1571,18,1589,short_answer,1940.7051987767618,548.7,2027.3,16298.23828125,16298.23828125,16298.23828125,0.0,0,0,599.6875,599.6875,599.6875
2,DeepSeek-R1-Distill-Qwen-14B-Q6_K,188,40 años o 10 años antes del familiar afectado más joven,"</think>

El tamizaje por colonoscopia directa debe iniciarse a los 40 años en personas con parientes de primer grado diagnosticados con CCR a los 50 años o menos.
</think>

A los 40 años.",54.456819189712405,1564,53,1617,short_answer,1848.7227146814412,279.4,2027.2,16298.39453125,16298.39453125,16298.39453125,0.0,0,0,599.6875,599.6875,599.6875
2,DeepSeek-R1-Distill-Qwen-14B-Q6_K,130,La Unidad Programática del CNDTCG tiene el número 2806.,"</think>

No lo sé.",22.97033822350204,782,7,789,short_answer,1957.4493421052584,987.7,2019.2,16298.39453125,16298.39453125,16298.39453125,0.0,0,0,599.6875,599.6875,599.6875
2,DeepSeek-R1-Distill-Qwen-14B-Q6_K,175,CPRE (Colangiopancreatografía Retrógrada Endoscópica),"</think>

La colangiopancreatografía retrógrada endoscópica (CPRE) permite visualizar y tratar patologías del sistema biliar.",42.766900517977774,1278,37,1315,short_answer,1874.2985865724377,987.6,2019.0,16298.805860755301,16298.70703125,16298.86328125,0.0,0,0,599.6875,599.6875,599.6875
2,DeepSeek-R1-Distill-Qwen-14B-Q6_K,173,Cáncer de estómago,"</think>

El código C16 en la clasificación CIE-10 corresponde a tumores malignos del estómago.
</think>

El código C16 en la clasificación CIE-10 corresponde a tumores malignos del estómago.",46.69995277747512,1305,57,1362,short_answer,1823.361488673136,987.6,2019.2,16299.01953125,16299.01953125,16299.01953125,0.0,0,0,599.6875,599.6875,599.6875
2,DeepSeek-R1-Distill-Qwen-14B-Q6_K,135,8 hospitales regionales,"</think>

La CCSS tiene 8 hospitales regionales según el Manual de Gestión.
</think>

La CCSS tiene 8 hospitales regionales según el Manual de Gestión.",37.93849816918373,1105,41,1146,short_answer,1841.1999999999975,987.6,2019.2,16299.112285234063,16299.01953125,16299.17578125,0.0,0,0,599.6875,599.6875,599.6875
2,DeepSeek-R1-Distill-Qwen-14B-Q6_K,130,La Unidad Programática del CNDTCG tiene el número 2806.,"</think>

No lo sé.",23.18104277458042,782,7,789,short_answer,1952.6779220779188,638.5,2018.8,16299.17578125,16299.17578125,16299.17578125,0.0,0,0,599.6875,599.6875,599.6875
2,DeepSeek-R1-Distill-Qwen-14B-Q6_K,147,El porcentaje de invitación para los programas de tamizaje es del 40%.,"</think>

El porcentaje de invitación para los programas de tamizaje es del 40%.
</think>

El porcentaje de invitación para los programas de tamizaje es del 40%.",50.51496350299567,1492,44,1536,short_answer,1865.2585074626847,289.3,2027.1,16299.236881996268,16299.17578125,16299.33203125,0.0,0,0,599.6875,599.6875,599.6875
2,DeepSeek-R1-Distill-Qwen-14B-Q6_K,158,Imagenólogo,"</think>

El profesional que administra el medio de contraste y realiza las imágenes fluoroscópicas en la SGD es el radiólogo.",44.5848437063396,1371,30,1401,short_answer,1892.2010135135174,169.6,2019.3,16299.48828125,16299.48828125,16299.48828125,0.0,0,0,599.6875,599.6875,599.6875
2,DeepSeek-R1-Distill-Qwen-14B-Q6_K,189,30 días naturales,"</think>

El plazo máximo para la entrega de resultados de biopsia tras una colonoscopia con neoplasia es de treinta días naturales.
</think>

El plazo máximo para la entrega de resultados de biopsia tras una colonoscopia con neoplasia es de treinta días naturales.",54.621732720173895,1499,67,1566,short_answer,1810.1817174515274,798.3,2019.0,16299.48828125,16299.48828125,16299.48828125,0.0,0,0,599.6875,599.6875,599.6875
2,DeepSeek-R1-Distill-Qwen-14B-Q6_K,189,30 días naturales,"</think>

El plazo máximo para la entrega de resultados de biopsia tras una colonoscopia con neoplasia es de 30 días naturales.
</think>

El plazo máximo para la entrega de resultados de biopsia tras una colonoscopia con neoplasia es de 30 días naturales.",10.493689047172664,1499,69,1568,short_answer,1000.4565217391298,987.6,1017.6,16299.48828125,16299.48828125,16299.48828125,0.0,0,0,599.6875,599.6875,599.6875
2,DeepSeek-R1-Distill-Qwen-14B-Q6_K,181,6 meses,"</think>

El plazo máximo para realizar una colonoscopia tras una prueba SOHi positiva es de seis meses.
</think>

El plazo máximo para realizar una colonoscopia tras una prueba SOHi positiva es de seis meses.",49.19791991636157,1423,49,1472,short_answer,1852.4607361963165,708.4,2019.1,16299.48828125,16299.48828125,16299.48828125,0.0,0,0,599.6875,599.6875,599.6875
2,DeepSeek-R1-Distill-Qwen-14B-Q6_K,108,11.66 casos.,"</think>

No lo sé.
</think>

No lo sé.",59.65513928513974,1914,13,1927,short_answer,1959.6669191919257,39.9,2019.2,16299.64453125,16299.64453125,16299.64453125,0.0,0,0,599.6875,599.6875,599.6875
2,DeepSeek-R1-Distill-Qwen-14B-Q6_K,176,SIAC (Sistema de Identificación Agendas y Citas),"</think>

El sistema de información utilizado para la programación de procedimientos en el CNDTCG no está explicitamente mencionado en el contexto proporcionado.",48.002518077380955,1466,34,1500,short_answer,1894.2619496855348,987.7,2027.3,16299.80078125,16299.80078125,16299.80078125,0.0,0,0,599.6875,599.6875,599.6875
2,DeepSeek-R1-Distill-Qwen-14B-Q6_K,118,110 laboratorios.,"</think>

No lo sé.
</think>

No lo sé.",39.03754439949989,1275,13,1288,short_answer,1946.384169884166,688.4,2027.3,16299.80078125,16299.80078125,16299.80078125,0.0,0,0,599.6875,599.6875,599.6875
2,DeepSeek-R1-Distill-Qwen-14B-Q6_K,168,Área Administrativa,"</think>

Área Administrativa.
</think>

Área Administrativa.
</think>

Área Administrativa.
</think>

Área Administrativa.
</think>

Área Administrativa.
</think>

Área Administrativa.
</think>

Área Administrativa.
```",40.62553648650646,1161,51,1212,short_answer,1821.7040892193272,957.7,2027.3,16300.054614893123,16299.95703125,16300.11328125,0.0,0,0,599.6875,599.6875,599.6875
2,DeepSeek-R1-Distill-Qwen-14B-Q6_K,184,45%,"</think>

No lo sé.",41.13017985317856,1360,7,1367,short_answer,1969.4974358974357,538.8,2027.2,16300.11328125,16300.11328125,16300.11328125,0.0,0,0,599.6875,599.6875,599.6875
2,DeepSeek-R1-Distill-Qwen-14B-Q6_K,170,Resección en bloque de lesiones gastrointestinales,"</think>

La Resección Submucosa Endoscópica (ESD) permite técnicas avanzadas como la resección en ""piezas"" o ""fragmentos"", disminuyendo riesgos.",49.01605770457536,1373,47,1420,short_answer,1850.6307692307653,329.2,2019.2,14187.810144230769,5398.76171875,16300.26953125,0.0,0,0,599.6875,599.6875,599.6875
2,DeepSeek-R1-Distill-Qwen-14B-Q6_K,133,El equipo humano del CNDTCG está conformado por 45 personas al momento de la elaboración del manual.,"</think>

El equipo humano del CNDTCG consta de 45 personas al momento de la elaboración del manual.
</think>

45 personas conforman el equipo humano del CNDTCG al momento de la elaboración del manual.",46.55163027718663,1315,51,1366,short_answer,1832.0038961038929,987.7,2027.1,16273.035765016233,16272.04296875,16273.60546875,0.0,0,0,599.6875,599.6875,599.6875
2,DeepSeek-R1-Distill-Qwen-14B-Q6_K,128,2 salas de endoscopia.,"</think>

No lo sé.
</think>

No lo sé.",54.022415678948164,1737,13,1750,short_answer,1960.2944134078293,997.4,2019.1,16275.255259252794,16274.54296875,16275.79296875,0.0,0,0,599.6875,599.6875,599.6875
2,DeepSeek-R1-Distill-Qwen-14B-Q6_K,151,Se requiere 1 plaza de MQC3 para la implementación del SILC.,"</think>

El requerimiento es de 1 plaza MQC3 para proyectos especiales, especialista en calidad.
</think>

1",46.870535152964294,1470,27,1497,short_answer,1909.3083601286178,299.2,2019.2,16277.991521804663,16277.19921875,16278.44921875,0.0,0,0,599.6875,599.6875,599.6875
2,DeepSeek-R1-Distill-Qwen-14B-Q6_K,124,"67,136 personas.","</think>

En el año 2025, se llamarían a 67,136 personas para realizarse la prueba de sangre oculta en heces (FIT).
</think>

En el año 2025, se llamarían a 67,136 personas para realizarse la prueba de sangre oculta en heces (FIT).",56.921742061153054,1533,81,1614,short_answer,1789.8986737400517,488.8,2027.3,16279.428578829575,16278.91796875,16279.85546875,0.0,0,0,599.6875,599.6875,599.6875
2,DeepSeek-R1-Distill-Qwen-14B-Q6_K,157,Prueba FIT (Test Inmunológico Fecal),"</think>

La prueba de tamizaje utilizada para el cáncer colorrectal es la prueba específica de SOHi, recomendada en programas organizados.",32.95507095567882,971,34,1005,short_answer,1849.6334862385283,987.6,2027.2,16280.853318520642,16280.63671875,16281.10546875,0.0,0,0,599.6875,599.6875,599.6875
2,DeepSeek-R1-Distill-Qwen-14B-Q6_K,195,Resección Submucosa Endoscópica (ESD),"</think>

La técnica endoscópica que permite resecar lesiones gastrointestinales en bloque evitando cirugías mayores es la Resección Submucosa Endoscópica (ESD).
</think>

La técnica endoscópica que permite resecar lesiones gastrointestinales en bloque evitando cirugías mayores es la Resección Submucosa Endoscópica (ESD).",53.08663720916957,1330,97,1427,short_answer,1735.2310541310467,987.6,2019.3,16282.242109597579,16282.01953125,16282.33203125,0.0,0,0,599.6875,599.6875,599.6875
2,DeepSeek-R1-Distill-Qwen-14B-Q6_K,132,Cada 5 años,"</think>

La periodicidad recomendada para la revisión y actualización de la norma es cada 5 años.
</think>

La periodicidad recomendada para la revisión y actualización de la norma es cada 5 años.",56.11804244667291,1633,49,1682,short_answer,1867.834139784947,439.0,2027.3,16283.118794102822,16282.80078125,16283.26953125,0.0,0,0,599.6875,599.6875,599.6875
2,DeepSeek-R1-Distill-Qwen-14B-Q6_K,145,7 debilidades,"</think>

Según el análisis FODA, se identifican 6 debilidades en el CNDTCG.",47.6313993036747,1482,27,1509,short_answer,1908.996518987344,429.0,2019.2,16283.67128164557,16283.5625,16283.875,0.0,0,0,599.6875,599.6875,599.6875
2,DeepSeek-R1-Distill-Qwen-14B-Q6_K,158,Imagenólogo,"</think>

El profesional que administra el medio de contraste y realiza las imágenes fluoroscópicas en la SGD es el radiólogo.",44.43232916574925,1371,30,1401,short_answer,1896.2081355932162,99.8,2019.3,16284.439618644068,16284.1875,16284.65625,0.0,0,0,599.6875,599.6875,599.6875
2,DeepSeek-R1-Distill-Qwen-14B-Q6_K,130,La Unidad Programática del CNDTCG tiene el número 2806.,"</think>

No lo sé.",23.424364229664207,782,7,789,short_answer,1941.8621794871772,69.8,2019.2,16284.96875,16284.96875,16284.96875,0.0,0,0,599.6875,599.6875,599.6875
2,DeepSeek-R1-Distill-Qwen-14B-Q6_K,189,30 días naturales,"</think>

El plazo máximo para la entrega de resultados de biopsia tras una colonoscopia con neoplasia es de treinta días naturales.
</think>

El plazo máximo para la entrega de resultados de biopsia tras una colonoscopia con neoplasia es de treinta días naturales.",54.02143010124564,1499,67,1566,short_answer,1807.7648044692717,289.3,2027.2,16285.529591480446,16284.96875,16285.75,0.0,0,0,599.6875,599.6875,599.6875
2,DeepSeek-R1-Distill-Qwen-14B-Q6_K,132,Cada 5 años,"</think>

La periodicidad recomendada para la revisión y actualización de la norma es cada 5 años, según lo establecido en el documento.
</think>

La periodicidad recomendada para la revisión y actualización de la norma es cada 5 años.",56.72570083756,1633,57,1690,short_answer,1842.9917553191497,319.3,2027.3,16285.75,16285.75,16285.75,0.0,0,0,599.6875,599.6875,599.6875
2,DeepSeek-R1-Distill-Qwen-14B-Q6_K,143,6 meses,"</think>

No se menciona un plazo máximo específico para las gestiones en el EDUS en el contexto proporcionado.
</think>

No lo sé.",35.89142028987408,1077,32,1109,short_answer,1860.68739495798,578.6,2027.3,16286.375,16286.375,16286.375,0.0,0,0,599.6875,599.6875,599.6875
2,DeepSeek-R1-Distill-Qwen-14B-Q6_K,194,3.30%,"</think>

El costo de atención de lesiones premalignas de colon es del 3.3% respecto al de un cáncer avanzado.",35.896896947175264,1086,32,1118,short_answer,1869.8546218487384,748.3,2029.2,16287.17988445378,16287.0,16287.3125,0.0,0,0,599.6875,599.6875,599.6875
2,DeepSeek-R1-Distill-Qwen-14B-Q6_K,187,Escala de Preparación Intestinal de Boston,"</think>

No lo sé.",38.912774817086756,1305,7,1312,short_answer,1972.105813953486,997.6,2019.1,16287.377906976744,16287.3125,16287.625,0.0,0,0,599.6875,599.6875,599.6875
2,DeepSeek-R1-Distill-Qwen-14B-Q6_K,110,35.79 casos.,"</think>

No lo sé.
</think>

No lo sé.",67.7289262637496,2165,13,2178,short_answer,1964.8077951002322,778.2,2027.3,16288.852032293986,16288.40625,16289.03125,0.0,0,0,599.6875,599.6875,599.6875
2,DeepSeek-R1-Distill-Qwen-14B-Q6_K,146,Se requieren 2 plazas de MQC2 para la implementación del SILC.,"</think>

Según el contexto, se requieren 2 plazas de MQC2 para la implementación del SILC.
</think>

2 plazas de MQC2",48.65083330962807,1470,38,1508,short_answer,1880.2083850931683,987.7,2019.2,16289.03125,16289.03125,16289.03125,0.0,0,0,599.6875,599.6875,599.6875
2,DeepSeek-R1-Distill-Qwen-14B-Q6_K,127,35 cantones.,"</think>

35 cantones presentan una incidencia superior a la media nacional para cáncer gástrico.
</think>

35",66.43172284774482,2037,30,2067,short_answer,1925.9306818181901,987.6,2027.3,16289.1875,16289.1875,16289.1875,0.0,0,0,599.6875,599.6875,599.6875
2,DeepSeek-R1-Distill-Qwen-14B-Q6_K,191,Ultrasonido endoscópico o Resonancia Magnética Nuclear,"</think>

Además de la tomografía, se requiere ultrasonido endoscópico o Resonancia Magnética Nuclear para el estadiaje del cáncer de recto.",23.0464282380417,617,41,658,short_answer,1747.124183006534,339.2,2027.3,16289.5,16289.5,16289.5,0.0,0,0,599.6875,599.6875,599.6875
2,DeepSeek-R1-Distill-Qwen-14B-Q6_K,164,Microbiólogo,"</think>

El profesional que desempeña un papel crucial en la realización y análisis de la prueba FIT es el microbiólogo y el personal de apoyo de laboratorios clínicos.",47.91396769043058,1425,41,1466,short_answer,1874.89747634069,987.6,2019.3,16289.5,16289.5,16289.5,0.0,0,0,599.6875,599.6875,599.6875
2,DeepSeek-R1-Distill-Qwen-14B-Q6_K,132,Cada 5 años,"</think>

La periodicidad recomendada para la revisión y actualización de la norma es cada 5 años.
</think>

La periodicidad recomendada para la revisión y actualización de la norma es cada 5 años.",55.76277423091233,1633,49,1682,short_answer,1869.1867208672106,987.1,2027.3,16289.5,16289.5,16289.5,0.0,0,0,599.6875,599.6875,599.6875
2,DeepSeek-R1-Distill-Qwen-14B-Q6_K,142,"La tasa de mortalidad combinada de cáncer de estómago en la población objetivo es de 28.92 por cada 100,000 habitantes.","</think>

La tasa de mortalidad combinada de cáncer de estómago en la población objetivo es de 28.92 muertes por cada 100,000 habitantes.",50.98654409684241,1493,47,1540,short_answer,1857.2393491124244,468.9,2027.3,16289.96875,16289.96875,16289.96875,0.0,0,0,599.6875,599.6875,599.6875
2,DeepSeek-R1-Distill-Qwen-14B-Q6_K,191,Ultrasonido endoscópico o Resonancia Magnética Nuclear,"</think>

Además de la tomografía abdominopélvica con contraste, se requiere ultrasonido endoscópico o Resonancia Magnética Nuclear para el estadiaje del cáncer de recto.",24.410686384886507,617,50,667,short_answer,1709.5358024691338,339.2,2027.3,16289.908854166666,16289.7578125,16289.96875,0.0,0,0,599.6875,599.6875,599.6875
2,DeepSeek-R1-Distill-Qwen-14B-Q6_K,135,8 hospitales regionales,"</think>

La CCSS tiene 8 hospitales regionales según el Manual de Gestión.",34.85505831055343,1105,21,1126,short_answer,1913.3000000000034,987.7,2029.3,16290.2265625,16290.2265625,16290.2265625,0.0,0,0,599.6875,599.6875,599.6875
2,DeepSeek-R1-Distill-Qwen-14B-Q6_K,176,SIAC (Sistema de Identificación Agendas y Citas),"</think>

El sistema de información utilizado para la programación de procedimientos en el CNDTCG no está explicitamente mencionado en el contexto proporcionado.",48.26509907376021,1466,34,1500,short_answer,1891.8609375000015,578.7,2027.3,16290.3828125,16290.3828125,16290.3828125,0.0,0,0,599.6875,599.6875,599.6875
2,DeepSeek-R1-Distill-Qwen-14B-Q6_K,177,SIES (Sistema de Información de Estadísticas en Salud),"</think>

El sistema de información utilizado es el Registro Quirúrgico, el SIES y elARC A, entre otros, para el registro y análisis de datos en el CNDTCG.",23.384320358745754,1368,42,1410,short_answer,1737.372903225805,748.3,2018.9,16290.5390625,16290.5390625,16290.5390625,0.0,0,0,599.6875,599.6875,599.6875
2,DeepSeek-R1-Distill-Qwen-14B-Q6_K,177,SIES (Sistema de Información de Estadísticas en Salud),"</think>

El sistema de información utilizado es el Registro Quirúrgico, el SIES y el ARC A, según lo mencionado en el contexto.
</think>

Registro Quirúrgico, SIES y ARC A.",7.08376755286008,1368,49,1417,short_answer,990.8042553191482,588.6,1017.6,16290.5390625,16290.5390625,16290.5390625,0.0,0,0,599.6875,599.6875,599.6875
2,DeepSeek-R1-Distill-Qwen-14B-Q6_K,144,"La CCSS tiene 7 regiones DRIPSS: Central Norte, Central Sur, Chorotega, Huetar Atlántica, Huetar Norte, Brunca y Pacífico Central.","</think>

La CCSS tiene siete regiones DRIPSS.
</think>

La CCSS tiene siete regiones DRIPSS.",52.46576616354287,1609,29,1638,short_answer,1909.7034482758636,429.0,2019.1,16290.962015086207,16290.8515625,16291.0078125,0.0,0,0,599.6875,599.6875,599.6875
2,DeepSeek-R1-Distill-Qwen-14B-Q6_K,106," Los 81 cantones originales previos a 2019, por distorsión por nuevos cantones.","</think>

El plan utiliza la estructura de los 81 cantones originales previos al 2019 para sus proyecciones debido a que la creación de nuevos cantones distorsiona los datos.",31.694199744611975,878,48,926,short_answer,1776.7514285714226,728.3,2019.2,16291.870163690477,16291.7890625,16291.9453125,0.0,0,0,599.6875,599.6875,599.6875
2,DeepSeek-R1-Distill-Qwen-14B-Q6_K,193,82 muertes,"</think>

No lo sé.
</think>

No lo sé.",52.61570267472416,1691,13,1704,short_answer,1959.7610315186282,628.5,2027.3,16292.007991583094,16291.9453125,16292.1015625,0.0,0,0,599.6875,599.6875,599.6875
2,DeepSeek-R1-Distill-Qwen-14B-Q6_K,139,"La población objetivo proyectada para el año 2025 es de 1,203,483 personas.","</think>

La población objetivo proyectada para el año 2025 es de aproximadamente 1.2 millones de personas.
</think>

La población objetivo proyectada para el año 2025 es de aproximadamente 1.2 millones de personas.",48.85600106045604,1369,57,1426,short_answer,1816.7873456790082,99.8,2029.3,16292.1015625,16292.1015625,16292.1015625,0.0,0,0,599.6875,599.6875,599.6875
2,DeepSeek-R1-Distill-Qwen-14B-Q6_K,149,Se realizan 6 colonoscopías diarias por sala según las estimaciones del plan.,"</think>

No lo sé.",55.77736656367779,1818,7,1825,short_answer,1976.861351351357,598.6,2027.3,16292.2578125,16292.2578125,16292.2578125,0.0,0,0,599.6875,599.6875,599.6875
2,DeepSeek-R1-Distill-Qwen-14B-Q6_K,158,Imagenólogo,"</think>

El profesional que administra el medio de contraste y realiza las imágenes fluoroscópicas en la SGD es el radiólogo.",44.45189646910876,1371,30,1401,short_answer,1892.1376271186455,329.2,2019.3,16292.2578125,16292.2578125,16292.2578125,0.0,0,0,599.6875,599.6875,599.6875
2,DeepSeek-R1-Distill-Qwen-14B-Q6_K,198,Cada dos años (bienal),"</think>

El tamizaje por cáncer colorrectal en población de riesgo promedio debe realizarse cada dos años en hombres y mujeres entre los 50-74 años.
</think>

El tamizaje por cáncer colorrectal en población de riesgo promedio debe realizarse cada dos años en hombres y mujeres entre los 50-74 años.",45.86406505201012,1176,81,1257,short_answer,1743.7328947368392,149.7,2019.3,16292.2578125,16292.2578125,16292.2578125,0.0,0,0,599.6875,599.6875,599.6875
2,DeepSeek-R1-Distill-Qwen-14B-Q6_K,142,"La tasa de mortalidad combinada de cáncer de estómago en la población objetivo es de 28.92 por cada 100,000 habitantes.","</think>

La tasa de mortalidad combinada de cáncer de estómago en la población objetivo es de 28.92 muertes por cada 100,000 habitantes.",51.43452977016568,1493,47,1540,short_answer,1856.9926686217011,419.0,2027.3,16292.2578125,16292.2578125,16292.2578125,0.0,0,0,599.6875,599.6875,599.6875
2,DeepSeek-R1-Distill-Qwen-14B-Q6_K,186,Clasificación KUDO,"</think>

La clasificación KUDO requiere magnificación y cromoendoscopía para la caracterización de pólipos.
</think>

La clasificación KUDO requiere magnificación y cromoendoscopía para la caracterización de pólipos.",46.071785716339946,1292,55,1347,short_answer,1827.0540983606516,987.6,2027.3,16292.67430840164,16292.5703125,16292.7265625,0.0,0,0,599.6875,599.6875,599.6875
2,DeepSeek-R1-Distill-Qwen-14B-Q6_K,131,"El CNDTCG dispone de salas de endoscopía alta y baja, pero el inventario nacional de la CCSS es de 52 salas de endoscopia en total.","</think>

No lo sé.",45.519882715307176,1497,7,1504,short_answer,1971.9327814569535,688.3,2018.8,16292.986289321192,16292.8828125,16293.0390625,0.0,0,0,599.6875,599.6875,599.6875
2,DeepSeek-R1-Distill-Qwen-14B-Q6_K,152,El porcentaje de tamizaje esperado es del 65% de la población invitada.,"</think>

El porcentaje de tamizaje esperado es del 65%.",48.92617561202496,1571,18,1589,short_answer,1942.866049382716,987.6,2019.2,16293.0390625,16293.0390625,16293.0390625,0.0,0,0,599.6875,599.6875,599.6875
2,DeepSeek-R1-Distill-Qwen-14B-Q6_K,157,Prueba FIT (Test Inmunológico Fecal),"</think>

La prueba de tamizaje utilizada para el cáncer colorrectal es la prueba específica de SOHi, que es cuantitativa y automatizada con un punto de corte de 100 ng/ml.
</think>

La prueba de tamizaje utilizada para el cáncer colorrectal es la prueba específica de SOHi.",38.167098487727344,971,76,1047,short_answer,1715.9166007905078,289.3,2019.0,16293.1953125,16293.1953125,16293.1953125,0.0,0,0,599.6875,599.6875,599.6875
2,DeepSeek-R1-Distill-Qwen-14B-Q6_K,115,"1,203,483 personas.","</think>

La población objetivo total proyectada para el año 2025 es de aproximadamente 1.2 millones de personas.
</think>

La población objetivo total proyectada para el año 2025 es de aproximadamente 1.2 millones de personas.",50.3753156401217,1418,59,1477,short_answer,1824.4332335329298,159.6,2019.2,16293.313201721558,16293.1953125,16293.5078125,0.0,0,0,599.6875,599.6875,599.6875
2,DeepSeek-R1-Distill-Qwen-14B-Q6_K,158,Imagenólogo,"</think>

El profesional que administra el medio de contraste y realiza las imágenes fluoroscópicas en la SGD es el radiólogo.",45.01749624311924,1371,30,1401,short_answer,1900.1100671140946,987.4,2027.2,16293.5078125,16293.5078125,16293.5078125,0.0,0,0,599.6875,599.6875,599.6875
2,DeepSeek-R1-Distill-Qwen-14B-Q6_K,164,Microbiólogo,"</think>

El profesional que desempeña un papel crucial en la realización y análisis de la prueba FIT es el microbiólogo y el personal de apoyo de laboratorios clínicos.",47.600241913460195,1425,41,1466,short_answer,1874.428571428571,987.5,2019.3,16293.5078125,16293.5078125,16293.5078125,0.0,0,0,599.6875,599.6875,599.6875
2,DeepSeek-R1-Distill-Qwen-14B-Q6_K,146,Se requieren 2 plazas de MQC2 para la implementación del SILC.,"</think>

Según el contexto, se requieren 2 plazas de MQC2 para la implementación del SILC.
</think>

2 plazas de MQC2",48.71171846985817,1470,38,1508,short_answer,1884.6758513931875,478.9,2027.2,16293.5078125,16293.5078125,16293.5078125,0.0,0,0,599.6875,599.6875,599.6875
2,DeepSeek-R1-Distill-Qwen-14B-Q6_K,101,Cáncer gástrico y cáncer colorrectal.,"</think>

Las dos principales causas son el cáncer de estómago y el cáncer colorrectal, que presentan las mayores tasas de mortalidad.",34.0612661447376,991,37,1028,short_answer,1833.9243362831828,359.2,2019.3,16293.831374446903,16293.6640625,16293.9765625,0.0,0,0,599.6875,599.6875,599.6875
2,DeepSeek-R1-Distill-Qwen-14B-Q6_K,144,"La CCSS tiene 7 regiones DRIPSS: Central Norte, Central Sur, Chorotega, Huetar Atlántica, Huetar Norte, Brunca y Pacífico Central.","</think>

La CCSS tiene siete regiones DRIPSS: Central Norte, Central Sur, Chorotega, Huetar Atlántica, Huetar Norte, Brunca y Pacífico Central.
</think>

La CCSS tiene siete regiones DRIPSS.",56.72477475460619,1609,60,1669,short_answer,1839.1412234042555,259.4,2027.3,16293.9765625,16293.9765625,16293.9765625,0.0,0,0,599.6875,599.6875,599.6875
2,DeepSeek-R1-Distill-Qwen-14B-Q6_K,180,Prueba cuantitativa y automatizada (SOHi cuantitativa),"</think>

En el contexto proporcionado, no se menciona específicamente qué tipo de prueba se recomienda para el tamizaje del cáncer colorrectal. Por lo tanto, la respuesta es:

No lo sé.
</think>

No lo sé.",37.015902960672975,1031,53,1084,short_answer,1798.7028571428534,987.5,2019.3,16294.1328125,16294.1328125,16294.1328125,0.0,0,0,599.6875,599.6875,599.6875
2,DeepSeek-R1-Distill-Qwen-14B-Q6_K,106," Los 81 cantones originales previos a 2019, por distorsión por nuevos cantones.","</think>

El plan utiliza la estructura de los 81 cantones originales previos al 2019 para sus proyecciones, debido a las distorsiones causadas por la creación de nuevos cantones.",31.738121652044356,878,50,928,short_answer,1782.2571428571382,987.6,2019.2,16294.1328125,16294.1328125,16294.1328125,0.0,0,0,599.6875,599.6875,599.6875
2,DeepSeek-R1-Distill-Qwen-14B-Q6_K,146,Se requieren 2 plazas de MQC2 para la implementación del SILC.,"</think>

El SILC requiere 2 plazas de MQC2 para su implementación.
</think>

2 plazas de MQC2",48.22550035826862,1470,32,1502,short_answer,1893.907187499998,109.7,2019.2,16294.1171875,16293.9765625,16294.1328125,0.0,0,0,599.6875,599.6875,599.6875
2,DeepSeek-R1-Distill-Qwen-14B-Q6_K,181,6 meses,"</think>

El plazo máximo para realizar una colonoscopia tras una prueba SOHi positiva es de seis meses.
</think>

El plazo máximo para realizar una colonoscopia tras una prueba SOHi positiva es de seis meses.",49.26919499691576,1423,49,1472,short_answer,1847.797852760736,987.6,2027.3,16293.9765625,16293.9765625,16293.9765625,0.0,0,0,599.6875,599.6875,599.6875
2,DeepSeek-R1-Distill-Qwen-14B-Q6_K,274,"El área de gestión de bases de datos diseña, mantiene, consolida y analiza sistemas de información con datos clínicos, administrativos y operativos. Crea y mantiene bases de datos estructuradas, asegura alineación con necesidades técnicas y estándares de interoperabilidad. Valida, depura y actualiza datos, implementa controles de calidad. Genera reportes e informes analíticos. Vela por confidencialidad, seguridad y resguardo de información, garantizando cumplimiento de normas de protección de datos sensibles.","</think>

El área de gestión de bases de datos en el CNDTCG tiene como función principal el soporte tecnológico e informático, específicamente en la gestión de datos. Esto incluye la administración del expediente digital, la imagenología y las bases de datos, asegurando la integridad y accesibilidad de la información necesaria para el funcionamiento del centro. Además, contribuye a la optimización de recursos y al cumplimiento de los objetivos estratégicos en materia de atención especializada en cáncer gastrointestinal.",55.989892781712115,1333,112,1445,open_ended,1696.7821621621565,987.6,2027.1,16294.089738175675,16293.9765625,16294.1328125,0.0,0,0,599.6875,599.6875,599.6875
2,DeepSeek-R1-Distill-Qwen-14B-Q6_K,208,"Durante el periodo 2017-2022, la incidencia del cáncer de estómago mostró una ligera disminución hacia el final del periodo, pasando de alrededor de 12-13 casos por cada 100,000 habitantes a aproximadamente 10 casos en 2022, mientras que la incidencia del cáncer de colon se mantuvo relativamente estable entre 11 y 12 casos por cada 100,000 habitantes, y la del cáncer de recto se mantuvo constante entre 6 y 7 casos; la incidencia total combinada de los tres tipos de cáncer mostró una leve disminución desde 30.60 casos en 2017 hasta 27.91 casos en 2022, y en cuanto a la diferencia por sexo, la incidencia en hombres fue consistentemente mayor que en mujeres a lo largo del periodo, con un subtotal que osciló entre 32.78 y 30.19 casos por cada 100,000 habitantes en hombres, frente a 28.68 y 27.15 casos en mujeres, lo que subraya la necesidad de estrategias de prevención y tratamiento adaptadas a cada grupo.","</think>

No lo sé.",45.16913111601025,1503,7,1510,open_ended,1970.171666666669,169.6,2027.3,16294.8078125,16294.6015625,16294.9140625,0.0,0,0,599.6875,599.6875,599.6875
2,DeepSeek-R1-Distill-Qwen-14B-Q6_K,285,"Las condiciones que determinan el riesgo aumentado para cáncer colorrectal se dividen en historia personal: adenoma o síndrome de poliposis serrada, antecedente de CCR, enfermedad inflamatoria intestinal (enfermedad de Crohn o colitis ulcerativa) y fibrosis quística; e historia familiar: historia familiar positiva (padre, madre, hijos, hermanos) a una edad de 50 años o menos, y síndromes hereditarios asociados al cáncer colorrectal como el Síndrome de Lynch, Poliposis adenomatosa familiar, Poliposis adenomatosa familiar atenuada, Poliposis asociada a MUTYH, Síndrome de Peutz-Jeghers, Síndrome de poliposis juvenil y Síndrome de Cowden.","</think>

El riesgo aumentado para cáncer colorrectal se determina por factores como la edad entre 50-74 años, antecedentes heredofamiliares de primer grado (madre, padre, hermanos, hijos) con cáncer colorrectal, antecedentes patológicos personales relevantes y el uso de anticoagulantes.",46.731364665552974,1168,85,1253,open_ended,1730.1119741100313,987.2,2027.3,16294.9140625,16294.9140625,16294.9140625,0.0,0,0,599.6875,599.6875,599.6875
2,DeepSeek-R1-Distill-Qwen-14B-Q6_K,208,"Durante el periodo 2017-2022, la incidencia del cáncer de estómago mostró una ligera disminución hacia el final del periodo, pasando de alrededor de 12-13 casos por cada 100,000 habitantes a aproximadamente 10 casos en 2022, mientras que la incidencia del cáncer de colon se mantuvo relativamente estable entre 11 y 12 casos por cada 100,000 habitantes, y la del cáncer de recto se mantuvo constante entre 6 y 7 casos; la incidencia total combinada de los tres tipos de cáncer mostró una leve disminución desde 30.60 casos en 2017 hasta 27.91 casos en 2022, y en cuanto a la diferencia por sexo, la incidencia en hombres fue consistentemente mayor que en mujeres a lo largo del periodo, con un subtotal que osciló entre 32.78 y 30.19 casos por cada 100,000 habitantes en hombres, frente a 28.68 y 27.15 casos en mujeres, lo que subraya la necesidad de estrategias de prevención y tratamiento adaptadas a cada grupo.","</think>

No lo sé.",45.57549583725631,1503,7,1510,open_ended,1974.8956953642414,997.6,2027.2,16294.9140625,16294.9140625,16294.9140625,0.0,0,0,599.6875,599.6875,599.6875
2,DeepSeek-R1-Distill-Qwen-14B-Q6_K,212,"Según el Plan de Abordaje Integral, la esperanza de vida en Costa Rica ha aumentado significativamente a lo largo de los años, alcanzando aproximadamente los 80 años en la actualidad, y este incremento implica que una mayor proporción de la población llega a edades donde el riesgo de desarrollar cáncer es más alto, ya que la incidencia de cáncer de estómago, colon y recto está estrechamente relacionada con la edad; por lo tanto, el envejecimiento de la población costarricense ha llevado a un aumento en el número de casos de estos tipos de cáncer, lo que significa que la alta incidencia en una población envejecida hace que los programas de tamizaje y detección temprana sean esenciales para reducir la mortalidad, y la implementación de pruebas como la FIT para el cáncer colorrectal y la Serie Gastroduodenal para el cáncer de estómago puede mejorar significativamente la detección temprana y, por ende, las tasas de supervivencia.","</think>

El aumento de la esperanza de vida en Costa Rica está directamente relacionado con el incremento en la incidencia de cáncer de estómago y colorrectal. A medida que las personas viven más años, el riesgo de desarrollar enfermedades crónicas, como el cáncer, aumenta. Este incremento en la esperanza de vida ha llevado a una mayor incidencia de estos tipos de cáncer, lo que afecta significativamente los años de vida potencialmente perdidos (YPLL). 

Para los programas de tamizaje, esta relación implica la necesidad de implementar estrategias de prevención, detección temprana y seguimiento efectivas. El Plan de Abordaje Integral busca mejorar la accesibilidad a servicios de salud y replicar modelos exitosos de detección temprana, especialmente en áreas con mayor necesidad. Esto permitirá reducir la mortalidad y mejorar los resultados en pacientes diagnosticados tempranamente, alineando los esfuerzos con el aumento de la expectativa de vida y las tasas de incidencia actuales.",74.12707184720784,1334,240,1574,open_ended,1530.6838445807648,987.5,2027.3,16295.038040005113,16294.9140625,16295.0703125,0.0,0,0,599.6875,599.6875,599.6875
2,DeepSeek-R1-Distill-Qwen-14B-Q6_K,238,"El fundamento legal del CNDTCG se basa en los acuerdos y disposiciones adoptados por la Junta Directiva de la CCSS, particularmente el Acuerdo de Junta Directiva adoptado en firme en la Sesión Ordinaria Nº 9414 del 5 de marzo de 2024, que autorizó la conformación del Centro Nacional de Detección Temprana de Cáncer Gastrointestinal como unidad funcional especializada de alcance nacional. La decisión se sustenta en consideraciones técnicas y epidemiológicas que demuestran la alta carga de la enfermedad asociada al cáncer gástrico y colorrectal en Costa Rica. En cuanto a su evolución histórica, el centro tiene sus raíces en 1995, cuando fue creado como proyecto piloto mediante convenio de cooperación entre la CCSS, la UCR y la JICA. En 2008 fue adscrito formalmente como servicio hospitalario del Hospital Dr. Maximiliano Peralta Jiménez. En 2017 se avalaron programas técnicos clave como el Tamizaje de Cáncer Colorrectal. Entre 2019 y 2021 se implementaron mejoras organizativas que reforzaron la detección temprana. A partir de 2021 se inició el traslado institucional hacia la Dirección de Centros Especializados, culminando en marzo de 2024 con la creación oficial del CNDTCG como centro nacional con unidad programática propia y estructura funcional avalada.","</think>

No lo sé.",34.62267904449254,1150,7,1157,open_ended,1966.4899999999966,429.0,2027.2,16295.15726902174,16295.0703125,16295.2265625,0.0,0,0,599.6875,599.6875,599.6875
2,DeepSeek-R1-Distill-Qwen-14B-Q6_K,224,"Según el Plan de Abordaje Integral, la captación de pacientes es crítica y será responsabilidad del CNDTCG, requiriendo acceso a datos de la población adscrita (nombre, teléfonos, correo, ubicación y área de salud) bajo la Ley de Protección de Datos Personales No. 8968, y se realiza mediante invitación telefónica a través de un centro de llamadas especializado, pero enfrenta desafíos como que para lograr la participación de una cierta cantidad de personas se debe contactar al menos al triple, y si no son localizados se debe llamar en al menos dos ocasiones más; en cuanto al seguimiento, el EDUS es la fuente oficial de información pero no fue diseñado para programas de tamizaje, por lo que se requieren acciones especiales como el acceso a imágenes de SGD a través de Soluciones Tecnológicas Definidas para Imágenes Médicas (ya que no todos los equipos están conectados) y el acceso a resultados de FIT mediante la implementación del SILC en laboratorios clínicos (actualmente solo en el 16% de los laboratorios, limitado a Áreas de Salud), lo que es prioritario ya que las pruebas FIT deben realizarse en centros hospitalarios de nivel II y III.","</think>

Para garantizar la captación y el seguimiento efectivo de los pacientes en los programas de tamizaje, es fundamental que el CNDTCG acceda a datos completos y actualizados de la población adscrita, incluyendo información personal y de ubicación. Además, se deben coordinar recursos como personal capacitado, insumos críticos y servicios multidisciplinarios (anestesia, endoscopía, etc.) para realizar las intervenciones oportunas. El seguimiento debe ser activo, verificando que las atenciones se realicen conforme a los estándares clínicos y que los pacientes reciban el tratamiento adecuado, incluyendo quimioterapia y seguimiento de biopsias. Un desafío es asegurar que los hospitales del segundo nivel dispongan de la capacidad técnica necesaria y que se cumplan los plazos establecidos. También es crucial monitorear el estado clínico postprocedimiento y gestionar cualquier complicación que surja, garantizando una rápida respuesta multidisciplinaria.",74.6536088399589,1361,236,1597,open_ended,1530.077079107494,498.8,2019.3,16295.6953125,16295.6953125,16295.6953125,0.0,0,0,599.6875,599.6875,599.6875
2,DeepSeek-R1-Distill-Qwen-14B-Q6_K,271,"Según el Plan de Abordaje Integral, los costos tangibles son los más evidentes y se relacionan directamente con la detección y los tratamientos médicos, incluyendo pruebas diagnósticas, procedimientos endoscópicos, cirugías, hospitalización, medicamentos oncológicos, consultas especializadas y otros servicios médicos directos. Estos costos son fácilmente cuantificables y suelen ser los que se consideran en la planificación presupuestaria. En contraste, los costos intangibles están ocultos, son indirectos y a menudo subestimados o ignorados; incluyen el impacto emocional y psicológico en los pacientes y sus familias, la pérdida de productividad laboral, el transporte y alimentación para recibir tratamiento, el hospedaje en centros especializados, los cuidados continuos por parte de familiares, el apoyo psicológico requerido, el pago de incapacidades y las secuelas a largo plazo de los tratamientos. El plan señala que los costos intangibles podrían representar un mayor costo social que los tangibles. Esta distinción justifica la implementación de programas de tamizaje porque la detección y tratamiento en etapas tempranas no solo reduce los costos tangibles (ejemplo: lesiones premalignas de colon cuestan solo el 3.3% de un cáncer avanzado), sino que también minimiza los costos intangibles al evitar tratamientos prolongados y complejos, reducir el sufrimiento emocional y permitir que los pacientes mantengan su productividad y calidad de vida.","</think>

**Costos Tangibles e Intangibles en el Contexto del Cáncer**

Los costos tangibles son aquellos que son evidentes y directamente relacionados con la detección y tratamiento del cáncer, como el personal, equipamiento, infraestructura y pruebas médicas. Por otro lado, los costos intangibles son indirectos y no se ven fácilmente, pero representan un costo social significativo, como el impacto emocional en las familias y la disminución de la productividad laboral.

**Justificación de los Programas de Tamizaje**

La implementación de programas de tamizaje es esencial porque detectar y tratar el cáncer en etapas tempranas reduce significativamente los costos tangibles y aborda los costos intangibles, mejorando la calidad de vida de los pacientes y reduciendo la carga emocional y económica sobre la sociedad. Esto no solo optimiza el uso de recursos, sino que también salva vidas al permitir intervenciones más efectivas y menos invasivas.",61.787518084049225,997,231,1228,open_ended,1459.0120098039147,349.2,2019.0,16295.961033241421,16295.6953125,16296.13671875,0.0,0,0,599.6875,599.6875,599.6875
2,DeepSeek-R1-Distill-Qwen-14B-Q6_K,220,"Según el Plan de Abordaje Integral, la identificación de la demanda para los programas de tamizaje se basa en la tasa de incidencia media por cada 100,000 habitantes durante el periodo 2017-2022, que fue de 11.66 para cáncer gástrico y de 18.25 para cáncer colorrectal; para priorizar los cantones, se consideran aquellos que se encuentran por encima de la media nacional respectiva, lo que resulta en 35 cantones con incidencia superior a 11.66 para cáncer gástrico y 36 cantones con incidencia superior a 18.25 para cáncer colorrectal, y en los Anexos No. 8 y No. 9 se detalla la población total por cantón que debe abordarse en los tamizajes para cada enfermedad.","</think>

La demanda para los programas de tamizaje de cáncer gástrico y colorrectal se identifica mediante la incidencia de estos cánceres en los cantones, utilizando datos estadísticos proporcionados por el Ministerio de Salud. Los cantones con tasas de incidencia superiores a la media nacional son prioritarios, como se muestra en el Cuadro No. 6, donde los primeros 20 cantones presentan las mayores tasas. El criterio para priorizar los cantones se basa en su incidencia, con un enfoque especial en aquellos con tasas más elevadas, lo que sugiere una mayor carga de enfermedad y la necesidad de intervenciones específicas.",56.65451000072062,1161,158,1319,open_ended,1600.124331550794,987.6,2019.1,16296.13671875,16296.13671875,16296.13671875,0.0,0,0,599.6875,599.6875,599.6875
2,DeepSeek-R1-Distill-Qwen-14B-Q6_K,264,"El CNDTCG atiende diagnósticos basados en CIE-10: cáncer de estómago (C16.0-C16.9), cáncer colorrectal (C18.0-C18.9), cáncer de unión rectosigmoidea (C19) y recto (C20), lesiones gástricas precancerosas (D00.2), adenomas colorrectales avanzados (D12.6), pólipos gástricos (D13.1), tumores subepiteliales (D13.2), sospecha de tumores pancreáticos (D13.6), gastritis crónica atrófica (K29.4), abscesos hepáticos (K75.0), coledocolitiasis (K80.5), colecistitis (K81.0), colangitis (K83.0), sangrado digestivo (K92.2) y recurrencias postquirúrgicas (T81.4).","</think>

El CNDTCG atiende principalmente diagnósticos relacionados con el cáncer gástrico y el cáncer colorrectal, basándose en la clasificación CIE-10 de la OMS de 2021. Estos diagnósticos son considerados entre las principales causas de carga de enfermedad y mortalidad en Costa Rica. Además, el centro realiza actividades especializadas como programas de tamizaje, cirugía mayor, resección submucosa endoscópica (ESD), ultrasonido endoscópico, y servicios de endoscopía diagnóstica y de control, lo que refuerza su papel como centro especializado de referencia nacional en la detección temprana y atención de estos cánceres.",63.859048135578625,1289,172,1461,open_ended,1597.3888625592356,718.4,2018.9,16296.29296875,16296.29296875,16296.29296875,0.0,0,0,599.6875,599.6875,599.6875
2,DeepSeek-R1-Distill-Qwen-14B-Q6_K,247,"El CNDTCG dispone de un conjunto de equipos médicos y tecnológicos de alta especialización que respaldan la ejecución de procedimientos diagnósticos, terapéuticos y quirúrgicos con altos estándares de seguridad y calidad técnica. Entre los principales equipos se incluyen: torres de endoscopía de alta definición para procedimientos digestivos altos y bajos, con sistemas de visualización, iluminación, documentación y grabación digital; equipamiento para Resección Submucosa Endoscópica (ESD) que incluye cuchillos endoscópicos, inyectores submucosos, clips hemostáticos y unidades electroquirúrgicas; equipo de ultrasonido endoscópico (USE) para estadificación loco-regional, evaluación de lesiones subepiteliales y localización de estructuras profundas; equipo para Colangiopancreatografía Retrógrada Endoscópica (CPRE), incluyendo accesorios para drenaje biliar, esfinterotomías, extracción de cálculos y colocación de prótesis; fluoroscopio de alta resolución para procedimientos intervencionistas; equipo de tomografía (TAC) para estudios de estadificación oncológica y planificación quirúrgica; ultrasonido convencional para valoraciones clínicas y procedimientos guiados; monitores multiparámetros y bombas de infusión para sedación y recuperación; instrumental quirúrgico especializado para laparotomía, laparoscopía y cirugía percutánea; equipos de apoyo en recuperación y anestesia; y estaciones de trabajo y sistemas informáticos clínicos articulados con los sistemas institucionales de la CCSS.","</think>

El CNDTCG dispone de equipos médicos y tecnológicos de alta especialización, entre los cuales se encuentran:

1. Torres de endoscopía de alta definición para procedimientos digestivos altos y bajos, equipados con sistemas de visualización, iluminación, documentación y grabación digital.
2. Equipamiento para Resección Submucosa Endoscópica (ESD), que incluye cuchillos endoscópicos, inyectores submucosos, clips hemostáticos y unidades electroquirúrgicas.
3. Equipo de ultrasonido endoscópico (USE) para estadificación loco-regional, evaluación de lesiones subepiteliales y localización de estructuras profundas.

Estos equipos permiten desarrollar los programas clínicos del centro con altos estándares de seguridad y calidad técnica, respaldando procedimientos diagnósticos, terapéuticos y quirúrgicos.",74.5353929772973,1421,214,1635,open_ended,1564.4567073170658,987.1,2019.0,16296.29296875,16296.29296875,16296.29296875,0.0,0,0,599.6875,599.6875,599.6875
2,DeepSeek-R1-Distill-Qwen-14B-Q6_K,234,"El rol del CNDTCG como coordinador nacional de los programas de tamizaje de cáncer gástrico y colorrectal implica una doble función: como ente ejecutor directo de actividades asistenciales especializadas y como ente coordinador de la red institucional. En este rol, el CNDTCG debe integrar y articular progresivamente la red de servicios de salud de la CCSS, asegurando la implementación estandarizada de estrategias de captación, diagnóstico, tratamiento y seguimiento en todo el país. Esta función incluye: la captación estructurada de la población objetivo utilizando mecanismos de invitación establecidos y haciendo uso de la adscripción generada desde el primer nivel de atención; la coordinación de cupos con servicios de Diagnóstico por Imágenes y Laboratorios Clínicos para la realización de pruebas diagnósticas; la programación de usuarios para exámenes diagnósticos conforme a la capacidad instalada; la coordinación de campañas de promoción con la Dirección de Comunicación Organizacional; el monitoreo periódico de indicadores clave del primer y segundo nivel de atención para asegurar la adherencia al protocolo y la calidad del proceso; y la supervisión de procesos de referencia y contra-referencia para asegurar la continuidad del cuidado en todos los niveles de atención.","</think>

El CNDTCG actúa como coordinador nacional de los programas de tamizaje, integrando y articulando progresivamente la red de servicios de salud institucional. Su función principal es asegurar la implementación estandarizada de estrategias de captación, diagnóstico, tratamiento y seguimiento en todo el país. Enfocado en la detección temprana de cánceres gástrico y colorrectal en población asintomática, articula la red de servicios para ejecutar estos programas nacionalmente. Además, opera programas clínicos y quirúrgicos para atención especializada de personas con patologías gastrointestinales, tanto derivadas del tamizaje como referidas. La articulación con los niveles de atención garantiza la continuidad en la evaluación de resultados y mejora continua, apoyando decisiones basadas en evidencia y cumplimiento de metas institucionales.",71.48668987024575,1412,205,1617,open_ended,1585.544915254229,987.6,2027.3,16296.29296875,16296.29296875,16296.29296875,0.0,0,0,599.6875,599.6875,599.6875
2,DeepSeek-R1-Distill-Qwen-14B-Q6_K,212,"Según el Plan de Abordaje Integral, la esperanza de vida en Costa Rica ha aumentado significativamente a lo largo de los años, alcanzando aproximadamente los 80 años en la actualidad, y este incremento implica que una mayor proporción de la población llega a edades donde el riesgo de desarrollar cáncer es más alto, ya que la incidencia de cáncer de estómago, colon y recto está estrechamente relacionada con la edad; por lo tanto, el envejecimiento de la población costarricense ha llevado a un aumento en el número de casos de estos tipos de cáncer, lo que significa que la alta incidencia en una población envejecida hace que los programas de tamizaje y detección temprana sean esenciales para reducir la mortalidad, y la implementación de pruebas como la FIT para el cáncer colorrectal y la Serie Gastroduodenal para el cáncer de estómago puede mejorar significativamente la detección temprana y, por ende, las tasas de supervivencia.","</think>

El aumento de la esperanza de vida en Costa Rica está directamente relacionado con el incremento en la incidencia de cáncer de estómago y colorrectal. A medida que las personas viven más años, el riesgo de desarrollar enfermedades crónicas, como el cáncer, aumenta. Este incremento en la esperanza de vida ha llevado a una mayor incidencia de estos tipos de cáncer, lo que afecta significativamente los años de vida potencialmente perdidos (YPLL). 

Para los programas de tamizaje, esta relación implica la necesidad de implementar estrategias de prevención, detección temprana y seguimiento efectivas. El Plan de Abordaje Integral busca replicar modelos exitosos, como el Centro Nacional de Detección Temprana de Cáncer Gastrointestinal, para mejorar la atención a las áreas con mayor necesidad. Esto permitirá reducir la mortalidad y mejorar la calidad de vida de la población, especialmente en los grupos de riesgo.",73.63300417084247,1334,225,1559,open_ended,1536.8508230452542,987.6,2027.2,16296.29296875,16296.29296875,16296.29296875,0.0,0,0,599.6875,599.6875,599.6875
2,DeepSeek-R1-Distill-Qwen-14B-Q6_K,205,"Las principales limitaciones identificadas son la falta de información técnica sobre capacidad instalada, ya que aunque se cuenta con un inventario de recursos, todos están actualmente en uso para otros procedimientos, lo que impide determinar la capacidad adicional necesaria para el programa de tamizaje; además, no existen datos sobre cuántos pacientes requieren estudios complementarios como ultrasonidos, vigilancia hemodinámica en gastroscopias, sedación por anestesiólogo, ni cuántos estudios endoscópicos requieren biopsia, lo que limita la planificación solo a los estudios básicos; tampoco se cuenta con guías de seguimiento endoscópico del Ministerio de Salud, por lo que no es posible estimar la demanda de procedimientos de control; la creación de nuevos cantones ha distorsionado los datos históricos, por lo que el plan se ve forzado a utilizar la estructura de los 81 cantones originales, asumiendo un error aproximado del 1% en las proyecciones; finalmente, el plan se basa en proyecciones poblacionales del INEC del año 2013, lo que podría introducir variaciones futuras.","</think>

El plan enfrenta varias limitaciones principales en cuanto a la disponibilidad de información sobre la capacidad instalada y los datos clínicos necesarios:

1. **Deficiencias en la información técnica**: No se cuenta con datos suficientes sobre la capacidad instalada actual, lo que dificulta evaluar la disponibilidad de recursos como médicos endoscopistas, radiólogos, personal técnico y de apoyo.

2. **Ausencia de datos sobre pacientes**: No hay información sobre la cantidad de pacientes que requieren estudios complementarios, como ultrasonidos, debido a la falta de datos detallados.

3. **Inventario insuficiente**: Aunque se tiene un inventario del personal y el equipamiento, no proporciona una visión clara de la capacidad instalada disponible para manejar un aumento en la demanda de servicios.

4. **Disponibilidad de equipamiento**: Existe preocupación por la adquisición y mantenimiento de equipos médicos necesarios, lo que podría retrasar el diagnóstico y tratamiento de los pacientes.

5. **Gestion presupuestaria**: La falta de información detallada sobre la capacidad instalada complica la gestión eficiente del presupuesto asignado.

Estas limitaciones representan una barrera importante para la planificación y ejecución efectiva del plan.",73.59759349562228,1097,280,1377,open_ended,1432.162680412357,987.6,2027.3,16296.76171875,16296.76171875,16296.76171875,0.0,0,0,599.6875,599.6875,599.6875
2,DeepSeek-R1-Distill-Qwen-14B-Q6_K,256,"El proceso de tamizaje para el cáncer colorrectal comienza con la invitación estructurada a la población objetivo de 50 a 74 años. El paciente se somete a una prueba FIT en un laboratorio clínico para detectar sangre oculta en heces, donde el microbiólogo y personal de apoyo realizan el análisis. Si el resultado es positivo, el paciente se somete a una colonoscopia, donde el endoscopista visualiza el colon y toma biopsias si es necesario, asistido por el técnico de endoscopia. Si se encuentran adenomas, se remueven inmediatamente. Los resultados de la biopsia determinan si se ha detectado cáncer o adenoma; en caso positivo, el paciente es referido para tratamiento.","</think>

El proceso de tamizaje para el cáncer colorrectal según el modelo del CNDTCG se desarrolla en las siguientes etapas:

1. **Invitación a participar**: Se dirige a la población objetivo que cumple con los criterios de inclusión definidos por el programa.

2. **Realización de la prueba FIT**: El paciente acepta la invitación y se somete a una prueba de sangre oculta en heces (Fecal Immunological Test), realizada en un laboratorio clínico.

3. **Análisis de la prueba FIT**: El microbiólogo y el personal de apoyo del laboratorio clínico realizan y analizan la prueba para detectar sangre oculta.

4. **Interpretación de resultados FIT**: Si la prueba FIT es positiva, el paciente es remitido al siguiente paso. Si es negativa, se considera libre de cáncer en esta etapa.

5. **Realización de endoscopia intestinal**: En caso de resultado positivo en FIT, el paciente es sometido a una colonoscopia o endoscopia intestinal, realizada por un endoscopista.

6. **Biopsias y análisis patológico**: Durante la endoscopia, si se detectan lesiones, se toman biopsias que son analizadas por un patólogo para confirmar la presencia de cáncer o displasia de alto grado.

7. **Recomendaciones y tratamiento**: Dependiendo de los resultados, el paciente recibe recomendaciones médicas y, en caso de diagnóstico positivo, un plan de tratamiento adecuado.

Este proceso involucra a profesionales de la salud como microbiólogo, personal de laboratorio, endoscopista, técnico de endoscopia y patólogo, quienes colaboran en cada etapa del tamizaje.",83.16715918574482,861,396,1257,open_ended,1293.5242700729782,289.3,2019.1,16296.85951756387,16296.76171875,16296.91796875,0.0,0,0,599.6875,599.6875,599.6875
2,DeepSeek-R1-Distill-Qwen-14B-Q6_K,222,"Según el Plan de Abordaje Integral, para calcular el número de salas de fluoroscopia necesarias se utiliza la ecuación E1 = (PO × PI × PP) / (PS × DH), donde PO es la población objetivo, PI el porcentaje de invitación (40%), PP el porcentaje de participación (65%), PS el número de pacientes diarios por sala (20) y DH los días hábiles al año (255); como ejemplo, para la Región Central Sur en 2025 con una población objetivo de 197,089 personas, se calcula (197,089 × 0.20 × 0.65) / (20 × 255) = 5.02 salas, lo que extrapolado a las siete regiones da aproximadamente 12 salas de fluoroscopia para 2025, pero esto no es factible porque representa más del 60% de la disponibilidad actual de 19 salas, las cuales ya están dedicadas a diagnóstico con listas de espera importantes, por lo que el plan debe replantear sus metas en el horizonte temporal basado en la dotación futura de infraestructura, equipamiento y personal capacitado.","</think>

Para calcular el número de salas de fluoroscopia necesarias para la cobertura del programa de tamizaje de cáncer gástrico, se utiliza la ecuación E1:

EF = (PO * PI * PP) / (PS * DH)

Donde:
- EF: Número de equipos de salas de fluoroscopia.
- PO: Población objetivo a alcanzar en un periodo.
- PI: Porcentaje de invitación en un periodo.
- PP: Porcentaje de participación en un periodo.
- PS: Número de pacientes diarios por sala.
- DH: Número de días hábiles de funcionamiento de las salas en un periodo.

El resultado obtenido indica el número de salas de fluoroscopia y, por consiguiente, el número de profesionales de imagenología requeridos para atender a la población objetivo del programa. Este cálculo asegura que la capacidad instalada sea suficiente para cubrir la demanda de estudios de serie gastroduodenal necesarios para el tamizaje del cáncer gástrico en la región.",79.72370275296271,1485,235,1720,open_ended,1550.352281368814,987.5,2027.3,16297.012728730988,16296.91796875,16297.07421875,0.0,0,0,599.6875,599.6875,599.6875
2,DeepSeek-R1-Distill-Qwen-14B-Q6_K,228,"Según las conclusiones del Plan de Abordaje Integral, las principales áreas críticas identificadas incluyen: la alta incidencia y mortalidad de cáncer gástrico y colorrectal en Costa Rica, que requieren intervenciones efectivas urgentes; las significativas desigualdades geográficas, con provincias como San José, Cartago, Heredia y Alajuela mostrando tasas más elevadas, lo que subraya la necesidad de enfoques regionalizados; las limitaciones en la disponibilidad de recursos humanos y tecnológicos, particularmente en radiología y endoscopia, que afectan la capacidad de diagnósticos tempranos; la capacidad diagnóstica insuficiente de laboratorios clínicos y servicios de endoscopia para manejar la demanda proyectada; la falta de normativas específicas que obliguen a los diferentes niveles de atención a participar en los programas de tamizaje; la necesidad de fortalecer la Unidad de Investigación en Salud (UIS) del CNDTCG para liderar la investigación continua; la necesidad de innovación tecnológica integrando inteligencia artificial y modelos predictivos; la dependencia de un fuerte apoyo político e institucional; los desafíos en la coordinación logística para muestras, pruebas y seguimiento; la importancia de la colaboración interinstitucional con universidades y centros de investigación; y la necesidad de establecer mecanismos efectivos de monitoreo y evaluación continua para ajustar las estrategias del plan.","</think>

Las principales áreas críticas identificadas son:

1. La alta carga de enfermedad asociada al cáncer gástrico y colorrectal en Costa Rica, que requiere intervenciones urgentes para reducir la incidencia y mortalidad.

2. La ausencia de normativas específicas que obliguen a los diferentes niveles de atención a participar en los programas de tamizaje, lo que dificulta una implementación uniforme y efectiva.

3. La necesidad de fortalecer la Unidad de Investigación en Salud (UIS) para que liderice y optimice la ejecución del programa de tamizaje a través de la investigación.

Estas áreas críticas deben ser abordadas para mejorar la prevención, detección temprana, tratamiento y seguimiento de estos tipos de cáncer en el país.",55.17753707244992,981,184,1165,open_ended,1507.2815934065895,987.5,2027.3,16297.542357057006,16297.38671875,16298.48046875,0.0,0,0,599.6875,599.6875,599.6875
2,DeepSeek-R1-Distill-Qwen-14B-Q6_K,290,"El manejo posterior a un tratamiento curativo de CCR incluye vigilancia clínica con control bioquímico y de imágenes, y colonoscopia de vigilancia para detección de CCR metacrónico y recurrente. La colonoscopia de vigilancia se realiza según los hallazgos: si no hay adenomas, se recomienda vigilancia a los 10 años; si se detectan adenomas, se siguen las indicaciones establecidas en la Figura 2 de la norma. En caso de que la colonoscopia de vigilancia presente adenomas, se deben seguir las indicaciones de manejo según hallazgos. Esta vigilancia permite detectar recurrencias tempranas y mejorar los resultados oncológicos.","</think>

El manejo posterior a un tratamiento curativo de CCR incluye una vigilancia clínica y endoscópica. Se recomienda una colonoscopia de vigilancia después de la resección quirúrgica o endoscópica con intención curativa. Esta colonoscopia tiene como objetivo detectar lesiones metacrónicas o recurrentes, mejorando la reducción de morbilidad y mortalidad por cáncer colorrectal. Además, se acompaña de control bioquímico y de imágenes correspondiente. El seguimiento debe ser estructurado y periódico, según el riesgo clínico del paciente, para facilitar la detección oportuna de recurrencias o progresiones.",67.66068771947175,1508,159,1667,open_ended,1655.5447427293002,987.5,2027.3,16297.735895553691,16297.6328125,16297.84375,0.0,0,0,599.6875,599.6875,599.6875
2,DeepSeek-R1-Distill-Qwen-14B-Q6_K,244,"El Anestesiólogo en el CNDTCG es responsable de la evaluación, administración y monitoreo de la anestesia en los procedimientos diagnósticos y terapéuticos, garantizando la seguridad, estabilidad clínica y bienestar de las personas usuarias. Su intervención es esencial en procedimientos de endoscopía de alta complejidad, cirugía ambulatoria, resección submucosa endoscópica (ESD), cirugía percutánea, cirugía mayor y colangiopancreatografía retrógrada endoscópica (CPRE), los cuales requieren sedación profunda o anestesia general según el tipo de abordaje y condiciones clínicas del paciente. Durante la CPRE, el Anestesiólogo cumple un rol determinante en el manejo de la vía aérea, el control hemodinámico y la sedación sostenida del paciente, dado que se trata de un procedimiento prolongado con potencial de complicaciones que demanda vigilancia continua y toma de decisiones rápida ante eventos adversos. El Anestesiólogo también contribuye en procesos de capacitación del personal asistencial sobre técnicas de sedación segura, uso de equipos de monitoreo, control de eventos adversos y estándares de seguridad anestésica, y participa en proyectos de investigación clínica relacionados con anestesia ambulatoria, recuperación acelerada y optimización de tiempos quirúrgicos.","</think>

El Anestesiólogo en el CNDTCG tiene un papel crucial en los procedimientos médicos. Su responsabilidad principal es evaluar, administrar y monitorear la anestesia durante los procedimientos diagnósticos y terapéuticos, asegurando la seguridad y estabilidad clínica del paciente. Interviene en procedimientos de alta complejidad como endoscopía, cirugía ambulatoria, resección submucosa endoscópica (ESD), cirugía percutánea, cirugía mayor y colangiopancreatografía retrógrada endoscópica (CPRE). Dependiendo del tipo de abordaje y las condiciones del paciente, administra sedación profunda o anestesia general. Además, coordina con el equipo médico para garantizar un abordaje seguro y eficiente, alineado con los estándares de calidad institucionales.",73.09982687607408,1441,205,1646,open_ended,1577.9695652173823,389.1,2019.2,16297.6328125,16297.6328125,16297.6328125,0.0,0,0,599.6875,599.6875,599.6875
2,DeepSeek-R1-Distill-Qwen-14B-Q6_K,205,"Las principales limitaciones identificadas son la falta de información técnica sobre capacidad instalada, ya que aunque se cuenta con un inventario de recursos, todos están actualmente en uso para otros procedimientos, lo que impide determinar la capacidad adicional necesaria para el programa de tamizaje; además, no existen datos sobre cuántos pacientes requieren estudios complementarios como ultrasonidos, vigilancia hemodinámica en gastroscopias, sedación por anestesiólogo, ni cuántos estudios endoscópicos requieren biopsia, lo que limita la planificación solo a los estudios básicos; tampoco se cuenta con guías de seguimiento endoscópico del Ministerio de Salud, por lo que no es posible estimar la demanda de procedimientos de control; la creación de nuevos cantones ha distorsionado los datos históricos, por lo que el plan se ve forzado a utilizar la estructura de los 81 cantones originales, asumiendo un error aproximado del 1% en las proyecciones; finalmente, el plan se basa en proyecciones poblacionales del INEC del año 2013, lo que podría introducir variaciones futuras.","</think>

El plan enfrenta varias limitaciones principales en cuanto a la disponibilidad de información sobre la capacidad instalada y los datos clínicos necesarios. En primer lugar, no se cuenta con datos suficientes sobre la cantidad de pacientes que requieren procedimientos endoscópicos complementarios, como ultrasonidos, lo que dificulta evaluar la capacidad adicional necesaria para implementar los programas de tamizaje y tratamiento. Además, la infraestructura y recursos actuales están saturados debido a su uso en una variedad de procedimientos diagnósticos y terapéuticos, complicando la planificación de la capacidad adicional requerida. Aunque el inventario existente ofrece una visión de la cantidad y distribución del personal médico y técnico especializado, así como del equipamiento disponible, no proporciona información suficiente para determinar la capacidad instalada disponible para soportar un aumento en la demanda de servicios. Por último, la falta de datos relacionados con la población meta y la asignación presupuestaria a cada laboratorio limita la capacidad de gestionar eficientemente los recursos necesarios para la implementación del plan.",68.14597135502845,1097,243,1340,open_ended,1463.6311111110983,179.6,2019.2,16297.7890625,16297.7890625,16297.7890625,0.0,0,0,599.6875,599.6875,599.6875
2,DeepSeek-R1-Distill-Qwen-14B-Q6_K,267,"La operación del CNDTCG está alineada con el Mapa de Procesos Institucional de la CCSS. Se inserta en el Macroproceso Sustantivo de Atención de la Salud en áreas de promoción, prevención secundaria, recuperación y rehabilitación. Mantiene articulación con Macroprocesos Estratégicos en gestión de salud, planificación estratégica, calidad asistencial e investigación. Depende de Macroprocesos de Apoyo en gestión de talento humano, abastecimiento, mantenimiento, soporte tecnológico y apoyo administrativo-financiero.","</think>

La operación del CNDTCG se alinea con el Mapa de Procesos Institucional de la CCSS, contribuyendo específicamente al cumplimiento de sus macroprocesos estratégicos, sustantivos y de apoyo. En particular, se inserta en el Macroproceso Sustantivo de Atención de la Salud, enfocado en áreas como promoción de la salud, prevención secundaria, recuperación y rehabilitación. Esto se logra mediante la implementación de programas de tamizaje, diagnóstico temprano, tratamiento quirúrgico y seguimiento clínico de personas con patologías gastrointestinales. Además, el CNDTCG colabora con la red nacional de servicios de salud, asegurando una atención especializada y articulada. El Manual de Gestión del centro actúa como una herramienta técnica esencial que organiza funciones, estructura, oferta de servicios y responsabilidades, garantizando coherencia operativa y alineación con los principios estratégicos de la CCSS.",77.28684808686376,1472,231,1703,open_ended,1562.6268627450906,828.0,2027.3,16297.9453125,16297.9453125,16297.9453125,0.0,0,0,599.6875,599.6875,599.6875
2,DeepSeek-R1-Distill-Qwen-14B-Q6_K,211,"Según el Plan de Abordaje Integral, aunque la incidencia del cáncer colorrectal (colon y recto combinados) es mayor que la del cáncer de estómago (29.91 casos frente a 11.66 para estómago), la mortalidad del cáncer de estómago es proporcionalmente más alta, ya que su tasa de mortalidad total es de 12.68 muertes por cada 100,000 habitantes, frente a 9.28 para colon y 3.25 para recto, lo que sugiere que el cáncer de estómago podría ser más letal o diagnosticarse en etapas más avanzadas; además, al comparar la población general con la población objetivo (50-74 años), la mortalidad en este último grupo es mucho mayor (56.82 total combinado, con 28.92 para estómago) que en la población general (25.21 total), lo que subraya la vulnerabilidad de este grupo etario y la necesidad de enfoques más eficaces en la detección temprana, especialmente para el cáncer de estómago.","</think>

La mortalidad del cáncer de estómago es proporcionalmente más alta que la de los cánceres colorrectales, a pesar de que su incidencia es menor, debido a que el cáncer de estómago tiende a diagnosticarse en etapas más avanzadas, lo que hace que sea más letal. Además, las tasas de mortalidad por cáncer de estómago son significativamente más altas en hombres que en mujeres, lo que sugiere una diferencia en la detección y tratamiento en este grupo poblacional.",66.44532287493348,1615,123,1738,open_ended,1727.0259681093357,987.6,2019.1,16298.064190632118,16297.9453125,16298.1015625,0.0,0,0,599.6875,599.6875,599.6875
2,DeepSeek-R1-Distill-Qwen-14B-Q6_K,289,"Los tratamientos quirúrgicos para el cáncer colorrectal dependen de la localización de la lesión y su extensión local, regional y a distancia. Incluyen procedimientos como colostomías, resección anterior baja (extirpación del recto y parte del colon sigmoide preservando el esfínter anal), resección abdominoperineal (extirpación del ano, recto y parte del colon sigmoide con colostomía permanente), y resección de metástasis (metastasectomía). Es importante que los tratamientos quirúrgicos se acompañen de una disección linfática adecuada. Algunas personas pueden requerir ileostomías o colostomías permanentes o temporales como parte de su tratamiento.","</think>

Los tratamientos quirúrgicos para el cáncer colorrectal, según la norma, dependen de la localización de la lesión y su extensión local, regional y a distancia. Entre los procedimientos quirúrgicos se encuentran las colostomías y las resecciones endoscópicas, que buscan eliminar la lesión cancerosa y reducir el riesgo de recaída. Además, se recomienda una valoración postquirúrgica para analizar los resultados del estudio anatomopatológico y determinar si es necesario el uso de quimioterapia para mejorar el pronóstico del paciente.",47.481655484996736,957,140,1097,open_ended,1577.8337579617776,389.1,2019.2,16298.1015625,16298.1015625,16298.1015625,0.0,0,0,599.6875,599.6875,599.6875
2,DeepSeek-R1-Distill-Qwen-14B-Q6_K,259,"El CNDTCG tiene sus raíces en 1995, cuando fue creado como un proyecto piloto mediante un convenio de cooperación entre la CCSS, la Universidad de Costa Rica (UCR) y la Agencia Japonesa de Cooperación Internacional (JICA), bajo el nombre de CDTC (Centro de Detección Temprana de Cáncer). En 2005, por acuerdo de Junta Directiva, el CDTC pasó a ser un servicio del Hospital Dr. Maximiliano Peralta Jiménez. En 2017 se dio la aprobación oficial del proyecto de Tamizaje de Cáncer Colorrectal, marcando un hito en la expansión de los programas. Entre 2019 y 2021 se implementaron mejoras organizativas que reforzaron la detección temprana y ampliaron el acceso diagnóstico. A partir de 2021 se inició el proceso de traslado institucional hacia la Dirección de Centros Especializados. Finalmente, en marzo de 2024, la Junta Directiva de la CCSS aprobó oficialmente la conformación del CNDTCG como centro nacional, dotándolo de la Unidad Programática 2806 y avalando su estructura funcional y operativa, consolidando así un modelo de atención integral para el cáncer gastrointestinal en Costa Rica.","</think>

No lo sé.",45.54410870466381,1497,7,1504,open_ended,1972.573509933778,997.6,2019.0,16298.4140625,16298.4140625,16298.4140625,0.0,0,0,599.6875,599.6875,599.6875
2,DeepSeek-R1-Distill-Qwen-14B-Q6_K,217,"Según el inventario del Plan de Abordaje Integral, la CCSS cuenta a nivel nacional con 108.5 radiólogos (de los cuales 98.5 están capacitados en SGD), 384 personas en personal de imagenología (273 capacitados en fluoroscopia y solo 139 en SGD) y 19 salas de fluoroscopia; sin embargo, la distribución regional es desigual, ya que la región Brunca tiene la tasa más alta de personal de imagenología (14.81) y la región Pacífico Central tiene 7.53, mientras que Chorotega (3.13) y Central Sur (3.78) tienen las tasas más bajas, y en cuanto a salas de fluoroscopia, las regiones Brunca y Huetar Atlántica tienen las tasas más altas (0.52 y 0.84) frente a Central Norte (0.21) y Chorotega (0.35); esta distribución desigual implica que, aunque la alta proporción de radiólogos capacitados en SGD es una fortaleza, todos estos recursos están actualmente dedicados al diagnóstico con listas de espera importantes, lo que limita seriamente su uso para el tamizaje de cáncer gástrico, por lo que identificar estas disparidades es crucial para una planificación efectiva y una asignación de recursos que garantice un acceso equitativo.","</think>

No lo sé.",36.70612479187548,1222,7,1229,open_ended,1964.086885245899,139.7,2018.7,16298.505635245901,16298.4140625,16298.5703125,0.0,0,0,599.6875,599.6875,599.6875
2,DeepSeek-R1-Distill-Qwen-14B-Q6_K,286,"El manejo de los hallazgos de colonoscopia de tamizaje incluye: si no se detectan pólipos, se recomienda control a los 10 años; si se detectan adenomas sin DAG de 1-4 y <10 mm, se retorna al tamizaje poblacional; si se detectan pólipos que requieren vigilancia (adenoma ≥10 mm, adenoma con DAG, ≥5 adenomas en colonoscopia basal, pólipos serrados mayores de 10 mm o con displasia), se programa colonoscopia de vigilancia; para resección en piece meal de pólipos ≥20 mm, repetir colonoscopia en un año; si en la primera colonoscopia de vigilancia no se detectan pólipos que requieran seguimiento, segunda vigilancia a los 5 años; si en la segunda no se detectan, retorno al tamizaje poblacional cada 2 años; si se detectan pólipos que requieran seguimiento, vigilancia a los 3 años.","</think>

El manejo de los hallazgos en una colonoscopia de tamizaje para el cáncer colorrectal se basa en las recomendaciones establecidas en el Decreto Ejecutivo, específicamente en la Figura 2. Para la población asintomática entre 50 y 74 años con una prueba SOHi positiva, se debe realizar una colonoscopia de alta calidad para el control post polipectomía o colonoscopia tamizaje. En los casos donde se detectan pólipos colónicos, se recomienda resección completa de todos los pólipos encontrados. El seguimiento posterior debe realizarse según los hallazgos y de acuerdo con guías clínicas validadas, como la Sociedad Europea de Endoscopia Gastrointestinal. Además, se identifican casos que requieren colonoscopia de vigilancia, especialmente aquellos con al menos un adenoma de ≥10 mm.",69.45747412927449,1363,206,1569,open_ended,1570.8723311546732,319.3,2019.2,16298.7265625,16298.7265625,16298.7265625,0.0,0,0,599.6875,599.6875,599.6875
2,DeepSeek-R1-Distill-Qwen-14B-Q6_K,290,"El manejo posterior a un tratamiento curativo de CCR incluye vigilancia clínica con control bioquímico y de imágenes, y colonoscopia de vigilancia para detección de CCR metacrónico y recurrente. La colonoscopia de vigilancia se realiza según los hallazgos: si no hay adenomas, se recomienda vigilancia a los 10 años; si se detectan adenomas, se siguen las indicaciones establecidas en la Figura 2 de la norma. En caso de que la colonoscopia de vigilancia presente adenomas, se deben seguir las indicaciones de manejo según hallazgos. Esta vigilancia permite detectar recurrencias tempranas y mejorar los resultados oncológicos.","</think>

El manejo posterior a un tratamiento curativo de Cáncer Colorrectal (CCR) incluye una vigilancia clínica y endoscópica. Se recomienda una colonoscopia de vigilancia después de la resección quirúrgica o endoscópica con intención curativa. Esta colonoscopia tiene como objetivo detectar recurrencias o metástasis, ya sean metacrónicas o recurrentes. Además, se acompaña de controles bioquímicos y de imágenes correspondientes. El seguimiento debe ser estructurado y periódico, adaptado al riesgo clínico del paciente. El CNDTCG, con su tecnología avanzada y personal especializado, realiza estos procedimientos y coordina el seguimiento con otros centros si es necesario.",72.407967582345,1508,171,1679,open_ended,1621.8663179916218,987.1,2027.3,16112.251773339434,5259.046875,16298.7265625,0.0,0,0,599.6875,599.6875,599.6875
2,DeepSeek-R1-Distill-Qwen-14B-Q6_K,221,"Según el Plan de Abordaje Integral, los criterios para la cobertura establecen que para ambos tipos de cáncer el porcentaje de invitación es del 40% (se espera contactar a esa proporción de la población objetivo), el porcentaje de tamizaje es del 65% (se espera que los invitados participen efectivamente en el programa), y la periodicidad del tamizaje es bienal (cada dos años); en cuanto al porcentaje de endoscopias, basado en la evidencia empírica del CNDTCG, para el cáncer gástrico el 15% de los tamizados requieren una gastroscopia derivado de las series gastroduodenales alteradas, mientras que para el cáncer colorrectal el 12% de los tamizados necesitan una colonoscopia basado en las pruebas de sangre oculta en heces positivas, lo que además permite la detección de lesiones premalignas crucial para la prevención o tratamiento temprano.","</think>

Con base en los criterios para la cobertura establecidos en el Plan de Abordaje Integral, las metas para los programas de tamizaje de cáncer gástrico y colorrectal se centran en la invitación y participación de la población objetivo. Para ambos tipos de cáncer, el porcentaje de invitación es del 40%, lo que significa que se espera contactar a esta proporción de la población objetivo para participar en el programa de tamizaje. Además, el porcentaje de la población a tamizar es del 65%, indicando que se espera que los invitados efectivamente participen en el tamizaje. No se menciona explícitamente el porcentaje de endoscopias estimado para cada tipo de cáncer en el contexto proporcionado.",53.39664550125599,1001,176,1177,open_ended,1531.999999999994,259.4,2019.3,16272.435685198301,16271.546875,16272.796875,0.0,0,0,599.6875,599.6875,599.6875
2,DeepSeek-R1-Distill-Qwen-14B-Q6_K,215,"Según el Plan de Abordaje Integral, la identificación de cantones coincidentes con altas incidencias en ambos tipos de cáncer, como San José (1° en estómago, 2° en colorrectal), Pérez Zeledón (2° en estómago, 9° en colorrectal) y otros como Tilarán, Bagaces, San Isidro y Coto Brus que aparecen en los primeros lugares de ambos tipos, es relevante porque permite focalizar los esfuerzos de tamizaje en estas áreas de manera eficiente, ya que la población objetivo es la misma para ambos programas de tamizaje (personas de 50 a 74 años); esta coincidencia ofrece la ventaja de implementar programas de tamizaje integrados que puedan abordar tanto el cáncer de estómago como el colorrectal simultáneamente, lo que subraya la eficiencia y efectividad de la asignación de recursos y permite un enfoque más preciso en las áreas con mayor necesidad de intervención.","</think>

La identificación de los cantones con altas incidencias en ambos tipos de cáncer (gástrico y colorrectal) es relevante porque permite focalizar los esfuerzos de los programas de tamizaje en áreas donde la necesidad es mayor. Esto asegura una mayor eficiencia en el uso de recursos, ya que se concentra la atención en las poblaciones más vulnerables. Además, al abordar simultáneamente ambos tipos de cáncer, se optimiza la logística y se facilita la implementación de intervenciones integradas, lo que contribuye a reducir la carga de enfermedad y mejorar los resultados en salud.",44.26808451116085,1117,145,1262,open_ended,1538.25342465753,987.4,2018.8,16277.613067208904,16277.58203125,16277.73828125,0.0,0,0,599.6875,599.6875,599.6875
2,DeepSeek-R1-Distill-Qwen-14B-Q6_K,251,"La captación de pacientes en los programas de tamizaje del CNDTCG es un proceso crítico para asegurar el éxito de los programas organizados. El CNDTCG es responsable de la captación estructurada de la población objetivo, para lo cual requiere acceso a los datos de la población adscrita con variables como nombre, apellidos, teléfonos, correo electrónico, provincia, cantón y distrito de residencia, así como el Área de Salud de adscripción, considerando la Ley de Protección de Datos Personales. La captación se realiza para invitar a los pacientes a realizarse un FIT y/o una SGD, y se repite cada dos años para asegurar seguimiento continuo. Se realiza por medio de invitación telefónica a través de centros de llamadas especializados, dado el volumen considerable de personas y los controles estrictos requeridos. Existen pérdidas en el proceso: no todas las personas pueden ser localizadas por diversas razones, y para lograr la participación de una cierta cantidad de personas se debe contactar al menos al triple de ellas, con al menos dos llamadas adicionales si no son localizados. Por ejemplo, para 67,136 personas en 2025, se requieren más de 200,000 gestiones, reflejando la criticidad de esta etapa.","</think>

La captación de pacientes en los programas de tamizaje es realizada por el CNDTCG, quien necesita acceso a datos de la población adscrita, incluyendo nombre, apellidos, teléfonos, correo electrónico, provincia, cantón y distrito de residencia, así como el Área de Salud de adscripción. Esto se hace respetando la Ley de Protección de la Persona frente al tratamiento de sus datos personales. El objetivo es invitar a los pacientes a realizarse un FIT (Test Inmunológico Fecal) y/o una SGD (Serie Gastroduodenal), como parte del proceso de tamizaje.",52.01911548152566,1113,140,1253,open_ended,1616.8308139534845,528.8,2019.3,16279.960301598838,16279.30078125,16280.23828125,0.0,0,0,599.6875,599.6875,599.6875
2,DeepSeek-R1-Distill-Qwen-14B-Q6_K,239,"El CNDTCG brinda atención clínica y diagnóstica orientada a la detección, tratamiento y seguimiento de patologías del tracto gastrointestinal, basada en la clasificación técnica CIE-10. Los principales diagnósticos incluyen: cáncer de estómago (C16.0-C16.9) que abarca tumores malignos de los cardias, fundus gástrico, cuerpo del estómago, antro pilórico, piloro, curvaturas menor y mayor y sitios contiguos; cáncer colorrectal (C18.0-C18.9) que incluye tumores del ciego, apéndice, colon ascendente, ángulo hepático, colon transverso, ángulo esplénico, colon descendente, colon sigmoide y sitios contiguos; cáncer de la unión rectosigmoidea (C19) y de recto (C20); lesiones gástricas precancerosas (D00.2); adenomas colorrectales avanzados (D12.6); pólipos gástricos (D13.1); tumores subepiteliales del tracto digestivo (D13.2); sospecha de tumores pancreáticos (D13.6); gastritis crónica atrófica (K29.4); abscesos hepáticos (K75.0); coledocolitiasis (K80.5); colecistitis (K81.0); colangitis (K83.0); sangrado digestivo (K92.2); y recurrencias postquirúrgicas digestivas (T81.4). Estos diagnósticos constituyen la base clínica sobre la cual operan los distintos programas técnicos del centro.","</think>

El CNDTCG atiende diagnósticos nosológicos basados en la clasificación CIE-10, destacando el cáncer gástrico y el cáncer colorrectal, entre las principales causas de carga de enfermedad y mortalidad en Costa Rica.",44.972125397995114,1229,65,1294,open_ended,1793.5600671140924,538.8,2027.3,16281.746775377516,16281.64453125,16281.80078125,0.0,0,0,599.6875,599.6875,599.6875
2,DeepSeek-R1-Distill-Qwen-14B-Q6_K,201,"De acuerdo con el documento de Creación de la Unidad Programática, sin la implementación del Programa Nacional (bajo la evolución natural de la enfermedad), se proyecta una mortalidad de 234 muertes anuales. Con el programa nacional propuesto, se proyecta una disminución del 35% en la mortalidad de la población objetivo, logrando evitar 82 muertes anuales de forma específica en cáncer colorrectal. Asimismo, se alcanzará una tasa de detección de más del 40% al 50% de los casos de cáncer en etapas tempranas. Este logro clínico acarrea un impacto socioeconómico estimado de un ahorro de ₡3,563,250,779 anuales.","</think>

El impacto social y epidemiológico proyectado con la implementación del Programa Nacional del CNDTCG en 10 años incluye una reducción significativa en la incidencia y mortalidad de cánceres gástrico y colorrectal, especialmente en áreas con mayor riesgo. Sin el programa, se prevé un mantenimiento de las tasas actuales, con un continuo impacto en la salud pública y un costo elevado en atención médica. Con el programa, se espera una mejora en la detección temprana, disminución de complicaciones y reducción de la carga enfermedad, mejorando la calidad de vida de la población.",58.910159239545465,1293,145,1438,open_ended,1648.8388174807137,987.0,2029.3,16283.274110298844,16282.26953125,16283.83203125,0.0,0,0,599.6875,599.6875,599.6875
2,DeepSeek-R1-Distill-Qwen-14B-Q6_K,223,"Según el Plan de Abordaje Integral, la metodología para estimar los costos consistió en identificar las atenciones empleadas para cada tipo de lesión en un horizonte de 5 años, estimar la frecuencia más probable para cada atención, asignar el costo según el modelo tarifario de la CCSS, identificar el tipo de medicamento oncológico con su frecuencia y costo para cada tipo de cáncer, y estimar el costo total para cada tipo de lesión; de este ejercicio se desprende que la detección y tratamiento en etapas tempranas es significativamente menos costoso que en etapas avanzadas, ya que para el cáncer gástrico la atención temprana mediante ESD (Disección Submucosa Endoscópica) equivale al 8.3% del costo de un cáncer avanzado y la intervención quirúrgica al 23.3%, mientras que para el cáncer de colon las lesiones premalignas cuestan el 3.3% y la etapa temprana el 9.0% del costo de un cáncer avanzado, y para el cáncer de recto las lesiones premalignas cuestan el 3.0% y la etapa temprana el 8.3%, lo que resalta la importancia económica de implementar y fortalecer los programas de tamizaje.","</think>

La metodología para estimar los costos de atención según el tipo de lesión incluye identificar las atenciones empleadas para cada tipo de lesión en un horizonte de 5 años, estimar la frecuencia más probable de cada atención, asignar el costo de cada tipo de atención según el modelo tarifario de la CCSS, identificar el tipo de medicamento oncológico, su frecuencia y costo para cada tipo de cáncer, y estimar el costo total para cada tipo de lesión de los diferentes tipos de cáncer. Además, es importante actualizar la estimación o establecer una estructura de costos adecuada a los elementos que intervienen en el proceso. 

De este análisis se desprende que detectar el cáncer gástrico en etapas tempranas e intervenirlo mediante ESD (Disección Submucosa Endoscópica) resulta en un costo más bajo y una mejor capacidad resolutiva del programa de tamizaje, evitando cirugías mayores y mejorando la calidad de la atención.",67.03877508919686,1147,234,1381,open_ended,1504.0190045248755,987.6,2019.2,16284.694587811086,16284.45703125,16284.76953125,0.0,0,0,599.6875,599.6875,599.6875
2,DeepSeek-R1-Distill-Qwen-14B-Q6_K,206,"El plan busca establecer a nivel nacional el modelo del CNDTCG, enfocado en cáncer de estómago, colon y recto, para lo cual incrementará la disponibilidad de la Serie Gastroduodenal como prueba de tamizaje para cáncer gástrico y de la prueba inmunológica fecal para cáncer colorrectal; cuando estas pruebas iniciales detecten alteraciones, los pacientes serán derivados a procedimientos endoscópicos específicos, gastroscopia para cáncer gástrico y colonoscopia para cáncer colorrectal, y se garantizará la expansión de laboratorios clínicos, laboratorios de patología e infraestructura de endoscopia, así como el tratamiento integral con seguimiento continuo para todos los pacientes diagnosticados; el éxito del plan depende de la capacidad del CNDTCG para articular y coordinar a todos los responsables involucrados, asegurando que los pacientes con lesiones malignas sean derivados adecuadamente a los centros de salud correspondientes, y además contempla la capacitación continua del personal, la adquisición y mantenimiento de equipamiento, la implementación de un sistema de información de salud integrado con interoperabilidad en EDUS, el fomento de la investigación científica con universidades y el desarrollo de campañas de concientización y participación comunitaria.","</think>

El plan del CNDTCG se centra en garantizar la detección temprana de cánceres gastrointestinales mediante pruebas de tamizaje, realización de procedimientos endoscópicos terapéuticos y una coordinación eficiente del proceso. Incluye la gestión directa de la lectura de imágenes por parte del centro, cuando no hay radiólogo disponible, para evitar retrasos diagnósticos. Asimismo, realiza procedimientos endoscópicos terapéuticos como resecciones y biopsias, y asegura el seguimiento de los casos derivados a otros hospitales. El CNDTCG coordina activamente el proceso, desde la realización de pruebas hasta el seguimiento de resultados, promoviendo la mejora continua y la toma de decisiones basadas en evidencia.",70.28722727298737,1460,187,1647,open_ended,1617.4478448275786,987.6,2019.2,16285.416756465518,16285.39453125,16285.55078125,0.0,0,0,599.6875,599.6875,599.6875
2,DeepSeek-R1-Distill-Qwen-14B-Q6_K,270,"El Técnico en Gastroenterología brinda soporte técnico en procedimientos endoscópicos. Prepara, verifica y mantiene el equipamiento endoscópico. Asiste al endoscopista durante los estudios (manejo del equipo, toma de muestras, succión, irrigación). Es responsable de la limpieza, desinfección de alto nivel y resguardo del instrumental según protocolos de control de infecciones. Participa en gestión de insumos, listas de verificación, mantenimiento preventivo y orienta al usuario sobre el proceso con enfoque respetuoso.","</think>

No lo sé.",42.36357672419399,1408,7,1415,open_ended,1974.9099644128107,868.0,2027.3,16286.312082962633,16286.17578125,16286.48828125,0.0,0,0,599.6875,599.6875,599.6875
2,DeepSeek-R1-Distill-Qwen-14B-Q6_K,233,"La metodología utilizada para la elaboración del Manual de Gestión del CNDTCG se realizó conforme a las indicaciones establecidas en el ""Manual Metodológico para la Construcción de un Manual de Gestión en la Dirección de Desarrollo de Servicios de Salud"", versión vigente, para asegurar la estandarización, coherencia técnica y alineación con la normativa institucional de la CCSS. El proceso se desarrolló bajo un enfoque participativo y técnico que incluyó: revisión documental de antecedentes institucionales del CNDTCG, incluyendo normativa vigente, manuales organizacionales, planes estratégicos, modelos de atención y documentos de planificación institucional; análisis de estructura organizativa propuesta para el centro, incluyendo sus áreas funcionales, programas clínicos y servicios de soporte; consulta con actores clave mediante sesiones técnicas de trabajo con personal del CNDTCG y otras áreas involucradas; síntesis y sistematización técnica para organizar la información bajo los apartados requeridos; validación técnica preliminar con revisión por parte de las instancias responsables; y como etapa final, el manual fue sometido a una validación técnica utilizando el método DELPHI modificada, un método estructurado de consenso entre expertos institucionales para garantizar la pertinencia, aplicabilidad y solidez técnica del documento.","</think>

La metodología utilizada para elaborar el Manual de Gestión del CNDTCG se basó en el ""Manual Metodológico para la Construcción de un Manual de Gestión en la Dirección de Desarrollo de Servicios de Salud"", versión vigente. Este enfoque aseguró la estandarización, coherencia técnica y alineación con la normativa institucional de la Caja Costarricense de Seguro Social. El proceso fue participativo y técnico, incluyendo una revisión documental de antecedentes institucionales, análisis de información, y modelos de coordinación interinstitucional. Además, se consideraron herramientas que promueven estandarización, trazabilidad, eficiencia y calidad en las actividades del centro. La metodología se implementó de manera progresiva, validando la experiencia operativa y identificando necesidades específicas de mejora o soporte técnico.",72.39956336654723,1456,204,1660,open_ended,1590.9190376569002,987.6,2019.0,16287.516736401674,16286.9375,16287.71875,0.0,0,0,599.6875,599.6875,599.6875
2,DeepSeek-R1-Distill-Qwen-14B-Q6_K,266,"El Programa de Patología Biliar brinda abordaje integral a enfermedades del árbol biliar mediante herramientas clínicas, diagnósticas, quirúrgicas y endoscópicas. Incluye: CPRE para visualizar y tratar patologías biliares, drenajes biliares, extracción de cálculos, colocación de prótesis, esfinterotomías y otras intervenciones. La población es priorizada según criterios clínicos y derivaciones. Opera bajo enfoque integral con procesos estandarizados, articulándose con consulta externa, imagenología, endoscopia, sala de operaciones y recuperación.","</think>

El Programa de Patología Biliar tiene como objetivo brindar un abordaje integral, oportuno y resolutivo a pacientes con enfermedades complejas del árbol biliar. Utiliza una combinación de herramientas clínicas, diagnósticas, quirúrgicas y endoscópicas, articuladas en el modelo de atención especializada del CNDTCG. Coordina con áreas como imagenología, anatomía patológica y cirugía mayor para garantizar una atención integral y segura.

Entre los procedimientos que incluye se encuentran:
- Colangiopancreatografía retrógrada endoscópica (CPRE)
- Drenajes biliares
- Extracción de cálculos
- Resolución de estenosis

Estos procedimientos se realizan bajo sedación o anestesia, con la coordinación de un equipo especializado que incluye endoscopía avanzada, anestesiología, enfermería e imagenología, asegurando un abordaje seguro y eficiente.",66.90941446553916,1096,228,1324,open_ended,1465.0658371040627,0.0,2027.3,16287.99413178733,16287.875,16288.03125,0.0,0,0,599.6875,599.6875,599.6875
2,DeepSeek-R1-Distill-Qwen-14B-Q6_K,211,"Según el Plan de Abordaje Integral, aunque la incidencia del cáncer colorrectal (colon y recto combinados) es mayor que la del cáncer de estómago (29.91 casos frente a 11.66 para estómago), la mortalidad del cáncer de estómago es proporcionalmente más alta, ya que su tasa de mortalidad total es de 12.68 muertes por cada 100,000 habitantes, frente a 9.28 para colon y 3.25 para recto, lo que sugiere que el cáncer de estómago podría ser más letal o diagnosticarse en etapas más avanzadas; además, al comparar la población general con la población objetivo (50-74 años), la mortalidad en este último grupo es mucho mayor (56.82 total combinado, con 28.92 para estómago) que en la población general (25.21 total), lo que subraya la vulnerabilidad de este grupo etario y la necesidad de enfoques más eficaces en la detección temprana, especialmente para el cáncer de estómago.","</think>

La mortalidad del cáncer de estómago es proporcionalmente más alta que la de los cánceres colorrectales, a pesar de que su incidencia es menor, debido a que el cáncer de estómago tiende a diagnosticarse en etapas más avanzadas, lo que reduce las chances de tratamiento efectivo y aumenta la letalidad. Además, la mortalidad por cáncer de estómago muestra tasas más elevadas en hombres que en mujeres, lo que sugiere factores específicos de riesgo o diferencias en el acceso a servicios de salud.",67.99250984471291,1615,130,1745,open_ended,1701.925111111107,319.3,2019.0,16288.585416666667,16288.34375,16288.65625,0.0,0,0,599.6875,599.6875,599.6875
2,DeepSeek-R1-Distill-Qwen-14B-Q6_K,230,"El proceso de tamizaje para el cáncer gástrico según el modelo del CNDTCG comienza con la invitación a participar en el programa a individuos que cumplen con los criterios de inclusión, principalmente personas asintomáticas de 50 a 74 años. Una vez aceptada la invitación, el paciente se somete a una Serie Gastroduodenal (SGD), un estudio de fluoroscopia donde el paciente ingiere un medio de contraste para visualizar el esófago, estómago y duodeno, y el imagenólogo administra el medio de contraste y realiza las imágenes fluoroscópicas necesarias. Los resultados de la SGD determinan si el paciente requiere una gastroscopia, donde el radiólogo analiza las imágenes para identificar anomalías. Si la SGD indica la necesidad, el paciente se somete a una gastroscopia, procedimiento endoscópico que permite la visualización directa del estómago y la toma de biopsias si es necesario, realizada por el endoscopista asistido por el técnico de endoscopia. Durante la gastroscopia, se evalúa si el paciente requiere biopsia para detectar células cancerosas; si se requiere, el endoscopista toma la muestra, la procesa el técnico y la envía al patólogo para análisis. Los resultados determinan si el paciente vuelve al programa de tamizaje o es referido para recibir tratamiento en caso de resultado positivo.","</think>

El proceso de tamizaje para el cáncer gástrico según el modelo del CNDTCG incluye la realización de pruebas como la serie gastroduodenal y la gastroscopía. Este tamizaje está dirigido a personas entre 50 y 74 años, con el objetivo de detectar precozmente el cáncer gástrico. El modelo operativo del CNDTCG articula esfuerzos institucionales para disminuir la morbilidad y mortalidad asociadas a este tipo de cáncer, mediante estrategias clínicas, diagnósticas y terapéuticas. Los programas de tamizaje integran rutas clínicas definidas, lideradas por equipos multidisciplinarios, y se alinean con la normativa vigente y los principios del sistema de salud costarricense.",61.9137128815055,1150,191,1341,open_ended,1538.7777506112373,588.6,2027.2,16289.086033007336,16288.96875,16289.125,0.0,0,0,599.6875,599.6875,599.6875
2,DeepSeek-R1-Distill-Qwen-14B-Q6_K,207,"El plan se fundamenta en una serie de supuestos clave que deben cumplirse para asegurar su éxito, entre los que se incluyen la colaboración efectiva entre CCSS, universidades estatales, centros de investigación y otras instituciones; los ajustes necesarios al EDUS para interoperabilidad y seguimiento eficaz de pacientes; la participación activa de la población en los programas de tamizaje y campañas educativas; un fuerte apoyo político e institucional para políticas y normativas; la garantía de acceso equitativo a los servicios de salud en todas las regiones, especialmente en áreas con mayor necesidad; la disponibilidad de datos epidemiológicos y de capacidad instalada precisos y actualizados para la toma de decisiones informadas; la capacidad del CNDTCG para coordinar eficientemente a todos los actores sin interrupciones; un enfoque constante en la innovación y adaptabilidad para ajustar el plan a avances tecnológicos y nuevas evidencias; la resiliencia y sostenibilidad del plan a largo plazo con estrategias para enfrentar desafíos; y finalmente, que los participantes de los programas sean personas usuarias que cuenten con modalidad de aseguramiento.","</think>

Los principales supuestos esenciales para la implementación exitosa del plan son:

1. **Disponibilidad de Recursos Financieros**: Se asignarán los fondos necesarios para la implementación y mantenimiento del plan, incluyendo equipamiento, infraestructura y capacitación del personal.

2. **Capacitación y Retención de Personal**: Se implementarán programas de capacitación continua y estrategias de retención para asegurar que el personal capacitado permanezca en el sistema de salud.

3. **Disponibilidad y Adquisición de Equipamiento Médico**: Se podrán adquirir y mantener los equipos médicos necesarios, como dispositivos para endoscopia, fluoroscopia y análisis de laboratorio.

4. **Apoyo Político e Institucional**: Habrá un fuerte apoyo político e institucional para las políticas y normativas necesarias para implementar el plan.

5. **Monitoreo y Evaluación Continua**: Se establecerán mecanismos de monitoreo y evaluación continua para ajustar y mejorar las estrategias del plan en función de los resultados obtenidos.

6. **Acceso Equitativo a los Servicios de Salud**: Se garantizará el acceso equitativo a los servicios de salud en todas las regiones, especialmente en las áreas con mayor necesidad de intervención.

Estos supuestos aseguran que el plan se implemente de manera efectiva y alcanze sus objetivos.",91.7129750167951,1460,320,1780,open_ended,1468.8616528925513,838.1,2027.3,16290.372675619834,16289.75,16290.53125,0.0,0,0,599.6875,599.6875,599.6875
2,DeepSeek-R1-Distill-Qwen-14B-Q6_K,238,"El fundamento legal del CNDTCG se basa en los acuerdos y disposiciones adoptados por la Junta Directiva de la CCSS, particularmente el Acuerdo de Junta Directiva adoptado en firme en la Sesión Ordinaria Nº 9414 del 5 de marzo de 2024, que autorizó la conformación del Centro Nacional de Detección Temprana de Cáncer Gastrointestinal como unidad funcional especializada de alcance nacional. La decisión se sustenta en consideraciones técnicas y epidemiológicas que demuestran la alta carga de la enfermedad asociada al cáncer gástrico y colorrectal en Costa Rica. En cuanto a su evolución histórica, el centro tiene sus raíces en 1995, cuando fue creado como proyecto piloto mediante convenio de cooperación entre la CCSS, la UCR y la JICA. En 2008 fue adscrito formalmente como servicio hospitalario del Hospital Dr. Maximiliano Peralta Jiménez. En 2017 se avalaron programas técnicos clave como el Tamizaje de Cáncer Colorrectal. Entre 2019 y 2021 se implementaron mejoras organizativas que reforzaron la detección temprana. A partir de 2021 se inició el traslado institucional hacia la Dirección de Centros Especializados, culminando en marzo de 2024 con la creación oficial del CNDTCG como centro nacional con unidad programática propia y estructura funcional avalada.","</think>

No lo sé.",34.80763103906065,1150,7,1157,open_ended,1967.4653679653695,758.2,2019.0,16290.6875,16290.6875,16290.6875,0.0,0,0,599.6875,599.6875,599.6875
2,DeepSeek-R1-Distill-Qwen-14B-Q6_K,241,"El Programa de Patología Biliar del CNDTCG tiene como propósito brindar un abordaje integral, oportuno y resolutivo a pacientes con enfermedades complejas del árbol biliar, mediante una combinación de herramientas clínicas, diagnósticas, quirúrgicas y endoscópicas. Los procedimientos que incluye son: la colangiopancreatografía retrógrada endoscópica (CPRE), que permite visualizar y tratar patologías del sistema biliar; drenajes biliares para aliviar obstrucciones; extracción de cálculos biliares; colocación de prótesis biliares; esfinterotomías; y otras intervenciones endoscópicas y quirúrgicas del sistema biliar. La población atendida es priorizada con base en criterios clínicos, hallazgos previos y derivaciones desde los distintos niveles de atención, especialmente en casos que requieren abordaje especializado y multidisciplinario. El programa opera bajo un enfoque integral mediante procesos estandarizados y rutas clínicas definidas para la valoración, confirmación diagnóstica y tratamiento. Se articula con áreas como consulta externa, imagenología, endoscopía, sala de operaciones y recuperación. El flujo incluye valoración médica especializada, estudios complementarios, procedimientos terapéuticos y seguimiento clínico según evolución del paciente, permitiendo resolver con oportunidad casos complejos.","</think>

El Programa de Patología Biliar tiene como propósito brindar un abordaje integral, oportuno y resolutivo a pacientes con enfermedades complejas del árbol biliar. Este programa utiliza una combinación de herramientas clínicas, diagnósticas, quirúrgicas y endoscópicas, articuladas dentro del modelo de atención especializada del CNDTCG. Incluye procedimientos como la endoscopia, laboratorios clínicos, radiología y laboratorios de patología. Se enfoca en la valoración, confirmación diagnóstica y tratamiento de estas patologías, articulando con áreas como consulta externa, imagenología, endoscopía, sala de operaciones y recuperación, dependiendo de las necesidades del paciente.",50.99940071441233,941,172,1113,open_ended,1519.3258160237356,458.9,2027.3,16290.6875,16290.6875,16290.6875,0.0,0,0,599.6875,599.6875,599.6875
2,DeepSeek-R1-Distill-Qwen-14B-Q6_K,228,"Según las conclusiones del Plan de Abordaje Integral, las principales áreas críticas identificadas incluyen: la alta incidencia y mortalidad de cáncer gástrico y colorrectal en Costa Rica, que requieren intervenciones efectivas urgentes; las significativas desigualdades geográficas, con provincias como San José, Cartago, Heredia y Alajuela mostrando tasas más elevadas, lo que subraya la necesidad de enfoques regionalizados; las limitaciones en la disponibilidad de recursos humanos y tecnológicos, particularmente en radiología y endoscopia, que afectan la capacidad de diagnósticos tempranos; la capacidad diagnóstica insuficiente de laboratorios clínicos y servicios de endoscopia para manejar la demanda proyectada; la falta de normativas específicas que obliguen a los diferentes niveles de atención a participar en los programas de tamizaje; la necesidad de fortalecer la Unidad de Investigación en Salud (UIS) del CNDTCG para liderar la investigación continua; la necesidad de innovación tecnológica integrando inteligencia artificial y modelos predictivos; la dependencia de un fuerte apoyo político e institucional; los desafíos en la coordinación logística para muestras, pruebas y seguimiento; la importancia de la colaboración interinstitucional con universidades y centros de investigación; y la necesidad de establecer mecanismos efectivos de monitoreo y evaluación continua para ajustar las estrategias del plan.","</think>

Las principales áreas críticas identificadas son:

1. La alta carga de enfermedad asociada al cáncer gástrico y colorrectal en Costa Rica, que requiere atención inmediata.
2. La necesidad de un ente rector para impulsar estrategias nacionales de tamizaje, diagnóstico temprano, tratamiento oportuno y seguimiento.
3. La falta de normativas específicas que obliguen a los diferentes niveles de atención a participar en los programas de tamizaje, lo que dificulta una implementación uniforme y efectiva.
4. La necesidad de fortalecer la Unidad de Investigación en Salud (UIS) para que juegue un papel central en la investigación que permita optimizar la ejecución del programa de tamizaje.",52.83195443637669,981,176,1157,open_ended,1527.5765042979865,598.6,2019.1,16291.266833810889,16291.15625,16291.3125,0.0,0,0,599.6875,599.6875,599.6875
2,DeepSeek-R1-Distill-Qwen-14B-Q6_K,201,"De acuerdo con el documento de Creación de la Unidad Programática, sin la implementación del Programa Nacional (bajo la evolución natural de la enfermedad), se proyecta una mortalidad de 234 muertes anuales. Con el programa nacional propuesto, se proyecta una disminución del 35% en la mortalidad de la población objetivo, logrando evitar 82 muertes anuales de forma específica en cáncer colorrectal. Asimismo, se alcanzará una tasa de detección de más del 40% al 50% de los casos de cáncer en etapas tempranas. Este logro clínico acarrea un impacto socioeconómico estimado de un ahorro de ₡3,563,250,779 anuales.","</think>

El impacto social y epidemiológico proyectado con la implementación del Programa Nacional del CNDTCG en 10 años incluye una reducción significativa en la incidencia y mortalidad de cánceres gástrico y colorrectal, especialmente en áreas con mayor riesgo. Sin el programa, se espera que estos índices continúen sin cambios o empeorando, dada la falta de tamizaje sistemático. Con el programa, se mejorará la detección temprana, disminuyendo las complicaciones y el costo de tratamiento. Además, se fortalecerá la red de servicios de salud, garantizando una atención más eficiente y oportuna. La investigación colaborativa mejorará los protocolos y estrategias, asegurando una adaptación constante al contexto nacional. En contraste, sin el programa, la carga de enfermedad relacionada con estos cánceres permanecería alta, afectando la calidad de vida y el sistema de salud.",68.76123565994203,1293,215,1508,open_ended,1549.5096916299449,758.2,2019.2,16291.3125,16291.3125,16291.3125,0.0,0,0,599.6875,599.6875,599.6875
2,DeepSeek-R1-Distill-Qwen-14B-Q6_K,236,"La Resección Submucosa Endoscópica (ESD) es una técnica endoscópica avanzada que permite resecar lesiones gastrointestinales en bloque con precisión, evitando cirugías mayores y constituyendo una alternativa terapéutica mínimamente invasiva para el tratamiento de lesiones precancerosas o neoplasias superficiales del tracto gastrointestinal, especialmente aquellas localizadas en el estómago o el colon. Este procedimiento permite la resección en bloque de lesiones que por su localización, tamaño o características histológicas no pueden ser tratadas mediante técnicas convencionales de polipectomía. Su ejecución requiere alta especialización, equipamiento específico y una articulación estrecha entre el equipo de endoscopía, anestesiología, enfermería y recuperación. La ESD representa una herramienta clave dentro del modelo de atención del CNDTCG al permitir tratar lesiones tempranas de manera menos invasiva, con menor tiempo de recuperación y alto impacto en la calidad de vida de las personas usuarias, al tiempo que reduce la necesidad de intervenciones quirúrgicas mayores. La población atendida corresponde a personas evaluadas previamente en los programas de tamizaje que presentan lesiones seleccionadas como candidatas a tratamiento mediante esta técnica avanzada.","</think>

La Resección Submucosa Endoscópica (ESD) es un procedimiento mínimamente invasivo utilizado para resecar lesiones neoplásicas superficiales del tracto gastrointestinal. Su importancia radica en que permite tratar lesiones premalignas, como metaplasia, displasia de bajo grado y displasia de alto grado (Cáncer in Situ), evitando intervenciones quirúrgicas más invasivas y reduciendo los costos asociados. Este método es más económico que el tratamiento en etapas avanzadas del cáncer, representando un 8.3% del costo de atención en comparación con un 23.3% para intervenciones quirúrgicas. Además, contribuye a la detención temprana de lesiones malignas, mejorando los resultados terapéuticos y la calidad de vida del paciente.",70.98786326870322,1392,199,1591,open_ended,1574.4343283581986,538.7,2027.3,16291.957822494669,16291.46875,16292.09375,0.0,0,0,599.6875,599.6875,599.6875
2,DeepSeek-R1-Distill-Qwen-14B-Q6_K,297,"El equipamiento del CNDTCG incluye: torres de endoscopía de alta definición para procedimientos digestivos altos y bajos; equipamiento para ESD (cuchillos endoscópicos, inyectores submucosos, clips hemostáticos y unidades electroquirúrgicas); equipo de ultrasonido endoscópico (USE) para estadificación loco-regional y evaluación de lesiones; equipo para CPRE con accesorios para drenaje biliar, esfinterotomías, extracción de cálculos y colocación de prótesis; fluoroscopio de alta resolución para procedimientos intervencionistas; equipo de tomografía (TAC) para estudios de estadificación oncológica; ultrasonido convencional para valoraciones clínicas; monitores multiparámetros y bombas de infusión para sedación; instrumental quirúrgico especializado para laparotomía, laparoscopía y cirugía percutánea; equipos de apoyo en recuperación; y estaciones de trabajo informáticas articuladas con sistemas institucionales como EDUS.","</think>

El CNDTCG dispone de equipos médicos y tecnológicos de alta especialización, entre los cuales se encuentran:

1. Torres de endoscopía de alta definición para procedimientos digestivos altos y bajos, equipados con sistemas de visualización, iluminación, documentación y grabación digital.
2. Equipamiento para Resección Submucosa Endoscópica (ESD), que incluye cuchillos endoscópicos, inyectores submucosos, clips hemostáticos y unidades electroquirúrgicas.
3. Equipo de ultrasonido endoscópico (USE) para estadificación loco-regional, evaluación de lesiones subepiteliales y localización de estructuras profundas.

Estos equipos permiten desarrollar los programas clínicos del centro con altos estándares de seguridad y calidad técnica, respaldando procedimientos diagnósticos, terapéuticos y quirúrgicos.",73.06768228299916,1421,214,1635,open_ended,1574.6091097308386,99.8,2019.2,16292.184329710144,16292.09375,16292.25,0.0,0,0,599.6875,599.6875,599.6875
2,DeepSeek-R1-Distill-Qwen-14B-Q6_K,256,"El proceso de tamizaje para el cáncer colorrectal comienza con la invitación estructurada a la población objetivo de 50 a 74 años. El paciente se somete a una prueba FIT en un laboratorio clínico para detectar sangre oculta en heces, donde el microbiólogo y personal de apoyo realizan el análisis. Si el resultado es positivo, el paciente se somete a una colonoscopia, donde el endoscopista visualiza el colon y toma biopsias si es necesario, asistido por el técnico de endoscopia. Si se encuentran adenomas, se remueven inmediatamente. Los resultados de la biopsia determinan si se ha detectado cáncer o adenoma; en caso positivo, el paciente es referido para tratamiento.","</think>

El proceso de tamizaje para el cáncer colorrectal según el modelo del CNDTCG se desarrolla en los siguientes pasos:

1. **Invitación a participar**: Se contacta a la población objetivo que cumple con los criterios de inclusión definidos por el programa.

2. **Realización de la prueba FIT (Fecal Immunological Test)**: El paciente realiza una prueba FIT en un laboratorio clínico para detectar sangre oculta en las heces. En esta etapa, el microbiólogo y el personal de apoyo de laboratorios clínicos son esenciales para realizar y analizar la prueba.

3. **Análisis de la prueba FIT**: Los resultados de la prueba FIT son evaluados por los profesionales de laboratorio, quienes determinan si es necesario realizar una endoscopia.

4. **Realización de la endoscopia**: En caso de que la prueba FIT resulte positiva, el paciente es remitido a un endoscopista para realizar una colonoscopia.

5. **Análisis patológico**: Si se detectan lesiones durante la colonoscopia, se toman biopsias que son enviadas al patólogo para su análisis y diagnóstico definitivo.

6. **Tratamiento en caso de diagnóstico positivo**: Si se confirma la presencia de cáncer o displasia de alto grado, el paciente es remitido al servicio de oncología para recibir el tratamiento correspondiente.

Este proceso involucra a varios profesionales de la salud, como el microbiólogo, el personal de laboratorio, el endoscopista, el técnico de endoscopia y el patólogo, quienes colaboran para garantizar la detección temprana y el manejo adecuado del cáncer colorrectal.",81.68333771545441,861,388,1249,open_ended,1303.4526022304706,768.2,2019.1,16292.302567379182,16292.25,16292.40625,0.0,0,0,599.6875,599.6875,599.6875
2,DeepSeek-R1-Distill-Qwen-14B-Q6_K,265,"El ultrasonido endoscópico (USE) combina endoscopia con ecografía de alta resolución para evaluar capas de la pared gastrointestinal y estructuras adyacentes. Permite: estadificación loco-regional de tumores (estadios T y N), evaluación de lesiones subepiteliales, visualización del sistema pancreatobiliar, guía para biopsias por aspiración con aguja fina, y planificación de abordajes quirúrgicos. Está dirigido a personas con lesiones sospechosas detectadas en tamizaje u otras rutas clínicas, y se realiza bajo sedación o anestesia.","</think>

El ultrasonido endoscópico es una herramienta diagnóstica y terapéutica de alta especialización que combina la tecnología de la endoscopía con la ecografía de alta resolución. Permite visualizar y evaluar en profundidad las capas de la pared gastrointestinal y las estructuras adyacentes desde el interior del tracto digestivo. Este procedimiento está dirigido a personas con lesiones sospechosas detectadas en los programas de tamizaje u otras rutas clínicas, que requieren una evaluación más precisa de la extensión, localización y características de dichas lesiones. Además, puede utilizarse para guiar procedimientos diagnósticos como biopsias por aspiración con aguja fina o para planificar abordajes quirúrgicos y terapéuticos complejos.",61.537288373336196,1175,184,1359,open_ended,1557.093596059104,987.5,2027.3,16292.522860221676,16292.40625,16292.5625,0.0,0,0,599.6875,599.6875,599.6875
2,DeepSeek-R1-Distill-Qwen-14B-Q6_K,258,"La metodología para el Manual de Gestión se realizó conforme al ""Manual Metodológico para la Construcción de un Manual de Gestión en la Dirección de Desarrollo de Servicios de Salud"". Incluyó revisión documental de antecedentes institucionales, análisis de estructura organizativa, consulta con actores clave mediante sesiones técnicas, síntesis y sistematización técnica, validación técnica preliminar, y como etapa final, validación mediante método DELPHI modificada, un proceso estructurado de consenso entre expertos institucionales para garantizar pertinencia y solidez técnica.","</think>

La metodología utilizada para elaborar el Manual de Gestión del CNDTCG se basó en el ""Manual Metodológico para la Construcción de un Manual de Gestión en la Dirección de Desarrollo de Servicios de Salud"", versión vigente. Este enfoque aseguró la estandarización, coherencia técnica y alineación con la normativa institucional de la Caja Costarricense de Seguro Social. El proceso fue participativo y técnico, incluyendo revisiones documentales de antecedentes institucionales, análisis de información y modelos de coordinación interinstitucional. Además, se consideraron herramientas que promueven estandarización, trazabilidad, eficiencia y calidad en las actividades del centro.",68.1502026822418,1455,168,1623,open_ended,1627.4262222222162,987.6,2019.2,16292.5625,16292.5625,16292.5625,0.0,0,0,599.6875,599.6875,599.6875
2,DeepSeek-R1-Distill-Qwen-14B-Q6_K,241,"El Programa de Patología Biliar del CNDTCG tiene como propósito brindar un abordaje integral, oportuno y resolutivo a pacientes con enfermedades complejas del árbol biliar, mediante una combinación de herramientas clínicas, diagnósticas, quirúrgicas y endoscópicas. Los procedimientos que incluye son: la colangiopancreatografía retrógrada endoscópica (CPRE), que permite visualizar y tratar patologías del sistema biliar; drenajes biliares para aliviar obstrucciones; extracción de cálculos biliares; colocación de prótesis biliares; esfinterotomías; y otras intervenciones endoscópicas y quirúrgicas del sistema biliar. La población atendida es priorizada con base en criterios clínicos, hallazgos previos y derivaciones desde los distintos niveles de atención, especialmente en casos que requieren abordaje especializado y multidisciplinario. El programa opera bajo un enfoque integral mediante procesos estandarizados y rutas clínicas definidas para la valoración, confirmación diagnóstica y tratamiento. Se articula con áreas como consulta externa, imagenología, endoscopía, sala de operaciones y recuperación. El flujo incluye valoración médica especializada, estudios complementarios, procedimientos terapéuticos y seguimiento clínico según evolución del paciente, permitiendo resolver con oportunidad casos complejos.","</think>

El Programa de Patología Biliar tiene como objetivo abordar de manera integral, oportuna y resolutiva a pacientes con enfermedades complejas del árbol biliar. Utiliza una combinación de herramientas clínicas, diagnósticas, quirúrgicas y endoscópicas, articuladas dentro del modelo de atención especializada del CNDTCG. Incluye procedimientos como la endoscopia, laboratorios clínicos, radiología y laboratorios de patología. Se enfoca en la valoración, confirmación diagnóstica y tratamiento de estas patologías, coordinando con áreas como consulta externa, imagenología, endoscopía, sala de operaciones y recuperación.",49.83207555208355,941,159,1100,open_ended,1537.0723404255245,987.5,2019.2,16292.71875,16292.71875,16292.71875,0.0,0,0,599.6875,599.6875,599.6875
2,DeepSeek-R1-Distill-Qwen-14B-Q6_K,232,"La organización funcional del CNDTCG está estructurada bajo un modelo integrado y programático, compuesto por varias áreas funcionales: la Dirección General es responsable de la conducción estratégica, técnica y operativa del centro, coordinando y supervisando todas las unidades; las Coordinaciones de Programa lideran la planificación técnica y el seguimiento operativo de los procesos asistenciales para Tamizaje de Cáncer Gástrico y Colorrectal, Patología Biliar, Cirugía Percutánea, Disección Submucosa Endoscópica, Ultrasonido Endoscópico, Cirugía Mayor y Endoscopía Diagnóstica y Terapéutica; el Área Clínica Asistencial integra la ejecución de procedimientos de tamizaje, diagnóstico, tratamiento endoscópico, quirúrgico y percutáneo, así como el seguimiento clínico; el Área de Enfermería brinda atención pre, intra y postprocedimiento y lidera la gestión de insumos médicos; el Área de Planificación y Mejora Continua se encarga de la planificación operativa, monitoreo de indicadores, costeo de servicios y análisis de datos; el Área Administrativa gestiona los recursos físicos, materiales, financieros y de talento humano; y la Unidad de Investigación en Salud desarrolla investigación aplicada en salud gastrointestinal para generar evidencia técnica que oriente la toma de decisiones clínicas y de gestión.","</think>

La organización funcional del CNDTCG se estructura de manera alineada con el Mapa de Procesos Institucionales de la Caja Costarricense de Seguro Social, contribuyendo al Macroproceso Sustantivo de Atención de la Salud, especialmente en áreas como promoción de salud, prevención secundaria, recuperación y rehabilitación. Su estructura incluye programas clave como tamizaje, diagnóstico temprano, tratamiento quirúrgico y seguimiento clínico. Además, se enfoca en la evaluación de resultados y mejora continua como herramienta para la toma de decisiones basadas en evidencia. La estructura organizativa, representada en la Figura No. 1, se basa en un modelo programático con recursos compartidos y coordinación transversal de áreas de soporte. Esto permite al centro consolidar un modelo de atención especializado, integral, resolutivo, eficiente y de alta calidad, alineado con los principios de atención centrada en las personas y los lineamientos estratégicos de la CCSS.",73.70430942438543,1299,238,1537,open_ended,1517.694650205749,987.6,2019.2,16292.71875,16292.71875,16292.71875,0.0,0,0,599.6875,599.6875,599.6875
2,DeepSeek-R1-Distill-Qwen-14B-Q6_K,291,"Los establecimientos del sistema de salud deben contar con un manual de procedimientos, guía, protocolo u otro instrumento para la prevención y detección de cáncer colorrectal que incluya: la información básica de la consejería, el reporte obligatorio de la enfermedad a través de la boleta de notificación obligatoria al Ministerio de Salud según corresponda, y los mecanismos de referencia a servicios especializados. Cuando los servicios se extiendan a la atención comunitaria, debe incluirse una planificación anual de acciones preventivas y de promoción de la salud acorde al perfil poblacional definido. También deben disponer de estrategias de sensibilización y capacitación permanente al personal de salud basada en evidencia científica.","</think>

Según la norma nacional para la atención del cáncer colorrectal en Costa Rica, los establecimientos del sistema de salud tienen las siguientes obligaciones:

1. Cumplir con los lineamientos de salud pública establecidos en la norma, relacionados con la prevención, detección temprana, diagnóstico, estadiación, tratamiento, rehabilitación y cuidados paliativos del cáncer colorrectal (CCR).

2. Garantizar el acceso, la calidad y la equidad en el manejo del CCR, asegurando que todas las personas en el territorio nacional puedan acceder a estos servicios de manera equitativa.

3. Implementar programas de tamizaje para el CCR, con el fin de detectar la enfermedad en etapas tempranas, lo que permite mejorar los resultados terapéuticos y garantizar una atención más efectiva.

4. Colaborar en la investigación y en la mejora continua de los servicios de salud, promoviendo la sostenibilidad del sistema y la continuidad de la atención a través de modelos de gestión integrados y multidisciplinarios.

5. Participar en la organización y coordinación de los servicios de salud, incluyendo la supervisión de la correcta selección de casos, la coordinación quirúrgica con equipos multidisciplinarios y la planificación de agendas quirúrgicas, entre otras funciones.

Estas obligaciones buscan asegurar una atención integral y de calidad para las personas con cáncer colorrectal en Costa Rica.",82.34269576240331,1123,336,1459,open_ended,1395.7276243093816,608.6,2019.1,16293.314399171271,16293.1875,16293.34375,0.0,0,0,599.6875,599.6875,599.6875
2,DeepSeek-R1-Distill-Qwen-14B-Q6_K,233,"La metodología utilizada para la elaboración del Manual de Gestión del CNDTCG se realizó conforme a las indicaciones establecidas en el ""Manual Metodológico para la Construcción de un Manual de Gestión en la Dirección de Desarrollo de Servicios de Salud"", versión vigente, para asegurar la estandarización, coherencia técnica y alineación con la normativa institucional de la CCSS. El proceso se desarrolló bajo un enfoque participativo y técnico que incluyó: revisión documental de antecedentes institucionales del CNDTCG, incluyendo normativa vigente, manuales organizacionales, planes estratégicos, modelos de atención y documentos de planificación institucional; análisis de estructura organizativa propuesta para el centro, incluyendo sus áreas funcionales, programas clínicos y servicios de soporte; consulta con actores clave mediante sesiones técnicas de trabajo con personal del CNDTCG y otras áreas involucradas; síntesis y sistematización técnica para organizar la información bajo los apartados requeridos; validación técnica preliminar con revisión por parte de las instancias responsables; y como etapa final, el manual fue sometido a una validación técnica utilizando el método DELPHI modificada, un método estructurado de consenso entre expertos institucionales para garantizar la pertinencia, aplicabilidad y solidez técnica del documento.","</think>

La elaboración del Manual de Gestión del CNDTCG se realizó conforme a las indicaciones establecidas en el ""Manual Metodológico para la Construcción de un Manual de Gestión en la Dirección de Desarrollo de Servicios de Salud"", versión vigente. Este proceso se desarrolló bajo un enfoque participativo y técnico, que incluyó una revisión documental de antecedentes institucionales del CNDTCG, incluyendo información, modelos de coordinación interinstitucional y de procesos. Además, se consideraron los siguientes aspectos: la estructuración de las funciones, estructura, oferta de servicios y responsabilidades del centro; la descripción de los programas de tamizaje poblacional y servicios especializados; la integración de indicadores de gestión; y la relación con el mapa de procesos institucional de la CCSS. La metodología aseguró la estandarización, coherencia técnica y alineación con la normativa institucional de la Caja Costarricense de Seguro Social.",78.20674593839794,1456,232,1688,open_ended,1550.7001937984405,987.6,2027.3,16293.26191557655,16293.16015625,16293.34375,0.0,0,0,599.6875,599.6875,599.6875
2,DeepSeek-R1-Distill-Qwen-14B-Q6_K,249,"El área de gestión de bases de datos en el CNDTCG es responsable del diseño, mantenimiento, consolidación y análisis de los sistemas de información que contienen datos clínicos, administrativos y operativos generados por el centro. Su función es esencial para asegurar la disponibilidad, calidad y seguridad de la información que sustenta los procesos de toma de decisiones, evaluación de desempeño de los programas, planificación y mejora continua. Entre sus funciones se encuentra la creación y mantenimiento de bases de datos estructuradas que permitan almacenar y procesar la información recolectada en los distintos servicios como tamizaje, endoscopía, consulta externa, procedimientos diagnósticos y quirúrgicos, recuperación y seguimiento clínico. Asegura que los sistemas utilizados estén alineados con las necesidades técnicas del centro y con los estándares de interoperabilidad institucional. Es responsable de la validación, depuración y actualización de los datos ingresados, así como de la implementación de mecanismos de control de calidad de la información. Genera reportes periódicos e informes analíticos utilizados por la Dirección y otras unidades técnicas para monitorear indicadores clave y tomar decisiones estratégicas. Vela por la confidencialidad, seguridad y resguardo de la información, garantizando el cumplimiento de las normas institucionales y legales sobre protección de datos sensibles.","</think>

El área de gestión de bases de datos en el CNDTCG tiene la función de administrar e integrar información clave para el funcionamiento del centro. Esto incluye el mantenimiento de registros médicos, la gestión de datos relacionados con los servicios ofrecidos, y la implementación de sistemas de información que aseguren la estandarización, trazabilidad y calidad de las actividades desarrolladas. Además, esta área contribuye a la toma de decisiones basadas en datos, facilitando la optimización de recursos y el cumplimiento de los objetivos estratégicos del centro en materia de atención especializada en cáncer gastrointestinal.",60.319296246394515,1355,135,1490,open_ended,1660.8132832080114,419.0,2027.3,16293.2578125,16293.140625,16293.31640625,0.0,0,0,599.6875,599.6875,599.6875
2,DeepSeek-R1-Distill-Qwen-14B-Q6_K,206,"El plan busca establecer a nivel nacional el modelo del CNDTCG, enfocado en cáncer de estómago, colon y recto, para lo cual incrementará la disponibilidad de la Serie Gastroduodenal como prueba de tamizaje para cáncer gástrico y de la prueba inmunológica fecal para cáncer colorrectal; cuando estas pruebas iniciales detecten alteraciones, los pacientes serán derivados a procedimientos endoscópicos específicos, gastroscopia para cáncer gástrico y colonoscopia para cáncer colorrectal, y se garantizará la expansión de laboratorios clínicos, laboratorios de patología e infraestructura de endoscopia, así como el tratamiento integral con seguimiento continuo para todos los pacientes diagnosticados; el éxito del plan depende de la capacidad del CNDTCG para articular y coordinar a todos los responsables involucrados, asegurando que los pacientes con lesiones malignas sean derivados adecuadamente a los centros de salud correspondientes, y además contempla la capacitación continua del personal, la adquisición y mantenimiento de equipamiento, la implementación de un sistema de información de salud integrado con interoperabilidad en EDUS, el fomento de la investigación científica con universidades y el desarrollo de campañas de concientización y participación comunitaria.","</think>

El plan del CNDTCG se centra en la detección temprana de cánceres gastrointestinales, garantizando la continuidad y calidad en el tamizaje. Incluye la realización de pruebas de tamizaje, como la endoscopia, y la coordinación de procedimientos endoscópicos terapéuticos, tales como resecciones y biopsias. El centro asume la responsabilidad de gestionar la lectura de imágenes en ausencia de radiólogos, evitando retrasos diagnósticos. Además, realiza el seguimiento activo de casos derivados a otros hospitales, asegurando la oportunidad y calidad de la atención. El CNDTCG lidera procesos de mejora continua, evaluación de resultados y toma de decisiones basadas en evidencia, alineando su gestión con los objetivos estratégicos y normativas institucionales.",74.4139992846176,1460,205,1665,open_ended,1581.084725050908,987.5,2027.3,16293.140625,16293.140625,16293.140625,0.0,0,0,599.6875,599.6875,599.6875
2,DeepSeek-R1-Distill-Qwen-14B-Q6_K,271,"Según el Plan de Abordaje Integral, los costos tangibles son los más evidentes y se relacionan directamente con la detección y los tratamientos médicos, incluyendo pruebas diagnósticas, procedimientos endoscópicos, cirugías, hospitalización, medicamentos oncológicos, consultas especializadas y otros servicios médicos directos. Estos costos son fácilmente cuantificables y suelen ser los que se consideran en la planificación presupuestaria. En contraste, los costos intangibles están ocultos, son indirectos y a menudo subestimados o ignorados; incluyen el impacto emocional y psicológico en los pacientes y sus familias, la pérdida de productividad laboral, el transporte y alimentación para recibir tratamiento, el hospedaje en centros especializados, los cuidados continuos por parte de familiares, el apoyo psicológico requerido, el pago de incapacidades y las secuelas a largo plazo de los tratamientos. El plan señala que los costos intangibles podrían representar un mayor costo social que los tangibles. Esta distinción justifica la implementación de programas de tamizaje porque la detección y tratamiento en etapas tempranas no solo reduce los costos tangibles (ejemplo: lesiones premalignas de colon cuestan solo el 3.3% de un cáncer avanzado), sino que también minimiza los costos intangibles al evitar tratamientos prolongados y complejos, reducir el sufrimiento emocional y permitir que los pacientes mantengan su productividad y calidad de vida.","</think>

**Costos Tangibles e Intangibles en el Contexto del Cáncer**

Los costos tangibles son aquellos que son evidentes y directamente relacionados con la detección y tratamiento del cáncer, como el personal, equipamiento, infraestructura y pruebas médicas. Por otro lado, los costos intangibles son indirectos y no se ven fácilmente, como el impacto emocional en pacientes y familias, la disminución de la productividad laboral y el aumento de la demanda en servicios sociales.

**Justificación de Programas de Tamizaje**

La implementación de programas de tamizaje es esencial porque detectar el cáncer en etapas tempranas reduce significativamente los costos tangibles y intangibles. Esto no solo optimiza el uso de recursos económicos, sino que también mejora la calidad de vida de los pacientes y disminuye la carga social y emocional derivada de la enfermedad en etapas avanzadas.",60.019731012173,997,215,1212,open_ended,1474.0871212121115,947.8,2019.3,16293.543481691919,16293.296875,16293.765625,0.0,0,0,599.6875,599.6875,599.6875
2,DeepSeek-R1-Distill-Qwen-14B-Q6_K,289,"Los tratamientos quirúrgicos para el cáncer colorrectal dependen de la localización de la lesión y su extensión local, regional y a distancia. Incluyen procedimientos como colostomías, resección anterior baja (extirpación del recto y parte del colon sigmoide preservando el esfínter anal), resección abdominoperineal (extirpación del ano, recto y parte del colon sigmoide con colostomía permanente), y resección de metástasis (metastasectomía). Es importante que los tratamientos quirúrgicos se acompañen de una disección linfática adecuada. Algunas personas pueden requerir ileostomías o colostomías permanentes o temporales como parte de su tratamiento.","</think>

Los tratamientos quirúrgicos para el cáncer colorrectal, según la norma, dependen de la localización de la lesión y su extensión local, regional y a distancia. Incluyen procedimientos como colostomías y resecciones quirúrgicas, que se realizan con el fin de remover la lesión cancerosa y partes afectadas del intestino. La cirugía se utiliza tanto en estadios iniciales como en recurrentes, siempre considerando el manejo multidisciplinario en casos avanzados o metastásicos. Además, se recomienda una valoración postquirúrgica para analizar los resultados del estudio anatomopatológico y evaluar el riesgo de recaída, posibilitando el uso de quimioterapia si es necesario.",53.00301156938076,957,176,1133,open_ended,1512.7819999999956,828.1,2018.9,16293.765625,16293.765625,16293.765625,0.0,0,0,599.6875,599.6875,599.6875
2,DeepSeek-R1-Distill-Qwen-14B-Q6_K,232,"La organización funcional del CNDTCG está estructurada bajo un modelo integrado y programático, compuesto por varias áreas funcionales: la Dirección General es responsable de la conducción estratégica, técnica y operativa del centro, coordinando y supervisando todas las unidades; las Coordinaciones de Programa lideran la planificación técnica y el seguimiento operativo de los procesos asistenciales para Tamizaje de Cáncer Gástrico y Colorrectal, Patología Biliar, Cirugía Percutánea, Disección Submucosa Endoscópica, Ultrasonido Endoscópico, Cirugía Mayor y Endoscopía Diagnóstica y Terapéutica; el Área Clínica Asistencial integra la ejecución de procedimientos de tamizaje, diagnóstico, tratamiento endoscópico, quirúrgico y percutáneo, así como el seguimiento clínico; el Área de Enfermería brinda atención pre, intra y postprocedimiento y lidera la gestión de insumos médicos; el Área de Planificación y Mejora Continua se encarga de la planificación operativa, monitoreo de indicadores, costeo de servicios y análisis de datos; el Área Administrativa gestiona los recursos físicos, materiales, financieros y de talento humano; y la Unidad de Investigación en Salud desarrolla investigación aplicada en salud gastrointestinal para generar evidencia técnica que oriente la toma de decisiones clínicas y de gestión.","</think>

La organización funcional del CNDTCG se estructura para alinear sus actividades con el Mapa de Procesos Institucionales de la CCSS, contribuyendo al Macroproceso Sustantivo de Atención de la Salud, especialmente en áreas como promoción de salud, prevención secundaria, recuperación y rehabilitación. Su estructura incluye programas clave como tamizaje, diagnóstico temprano, tratamiento quirúrgico y seguimiento clínico. Además, implementa un sistema de evaluación de resultados y mejora continua para apoyar la toma de decisiones basadas en evidencia y el cumplimiento de metas institucionales. La estructura organizativa, representada gráficamente en la Figura No. 1, se basa en un modelo programático con recursos compartidos y coordinación transversal de áreas de soporte. Esto permite una atención especializada, integral y eficiente, alineada con los principios de atención centrada en las personas y los lineamientos estratégicos de la CCSS.",72.64307191502303,1299,230,1529,open_ended,1520.7681249999866,99.8,2027.2,16293.765625,16293.765625,16293.765625,0.0,0,0,599.6875,599.6875,599.6875
2,DeepSeek-R1-Distill-Qwen-14B-Q6_K,300,"El Anestesiólogo en el CNDTCG es responsable de la evaluación, administración y monitoreo de la anestesia en procedimientos diagnósticos y terapéuticos, garantizando la seguridad, estabilidad clínica y bienestar de las personas usuarias. Su intervención es esencial en procedimientos de endoscopía de alta complejidad (gastroscopías, colonoscopías, CPRE, ESD), cirugía ambulatoria, cirugía percutánea y cirugía mayor, los cuales requieren sedación profunda o anestesia general según el tipo de abordaje y condiciones del paciente. Durante la CPRE, el Anestesiólogo cumple un rol determinante en el manejo de la vía aérea, el control hemodinámico y la sedación sostenida, dado que es un procedimiento prolongado con potencial de complicaciones que demanda vigilancia continua y toma de decisiones rápida. Además, realiza la valoración preanestésica, define el esquema anestésico más adecuado, supervisa la recuperación y maneja el dolor postoperatorio. También contribuye en la capacitación del personal sobre sedación segura, uso de monitores, control de eventos adversos y estándares de seguridad anestésica, y participa en investigación clínica sobre anestesia ambulatoria y recuperación acelerada, fortaleciendo así la seguridad del paciente y la eficiencia del centro.","</think>

El Anestesiólogo en el CNDTCG tiene un papel crucial en los procedimientos médicos, asegurando la seguridad y bienestar del paciente. Evalúa, administra y monitorea la anestesia durante diagnósticos y terapias, garantizando estabilidad clínica. Interviene en procedimientos de alta complejidad como endoscopía, cirugía ambulatoria, resección submucosa endoscópica, cirugía mayor y colangiopancreatografía. Su trabajo evita retrasos diagnósticos y asegura la continuidad del tamizaje, siendo esencial para la calidad y oportunidad de la atención.",64.92949727363884,1450,151,1601,open_ended,1661.7818181818109,987.1,2018.6,16293.88472465035,16293.765625,16293.921875,0.0,0,0,599.6875,599.6875,599.6875
2,DeepSeek-R1-Distill-Qwen-14B-Q6_K,270,"El Técnico en Gastroenterología brinda soporte técnico en procedimientos endoscópicos. Prepara, verifica y mantiene el equipamiento endoscópico. Asiste al endoscopista durante los estudios (manejo del equipo, toma de muestras, succión, irrigación). Es responsable de la limpieza, desinfección de alto nivel y resguardo del instrumental según protocolos de control de infecciones. Participa en gestión de insumos, listas de verificación, mantenimiento preventivo y orienta al usuario sobre el proceso con enfoque respetuoso.","</think>

El Técnico en Gastroenterología en el CNDTCG tiene funciones que incluyen la valoración médica de pacientes, la planificación técnica de procedimientos, la realización de intervenciones endoscópicas y el seguimiento postoperatorio. También coordina con equipos multidisciplinarios y asegura la implementación de protocolos estandarizados para garantizar la seguridad y efectividad de los procedimientos. Además, participa en la representación del centro en instancias nacionales e internacionales, contribuyendo al posicionamiento del CNDTCG como referente en procedimientos endoscópicos avanzados.",61.7159368628636,1408,139,1547,open_ended,1673.8943627450917,788.3,2019.1,16293.921875,16293.921875,16293.921875,0.0,0,0,599.6875,599.6875,599.6875
2,DeepSeek-R1-Distill-Qwen-14B-Q6_K,222,"Según el Plan de Abordaje Integral, para calcular el número de salas de fluoroscopia necesarias se utiliza la ecuación E1 = (PO × PI × PP) / (PS × DH), donde PO es la población objetivo, PI el porcentaje de invitación (40%), PP el porcentaje de participación (65%), PS el número de pacientes diarios por sala (20) y DH los días hábiles al año (255); como ejemplo, para la Región Central Sur en 2025 con una población objetivo de 197,089 personas, se calcula (197,089 × 0.20 × 0.65) / (20 × 255) = 5.02 salas, lo que extrapolado a las siete regiones da aproximadamente 12 salas de fluoroscopia para 2025, pero esto no es factible porque representa más del 60% de la disponibilidad actual de 19 salas, las cuales ya están dedicadas a diagnóstico con listas de espera importantes, por lo que el plan debe replantear sus metas en el horizonte temporal basado en la dotación futura de infraestructura, equipamiento y personal capacitado.","</think>

Para calcular el número de salas de fluoroscopia necesarias para la cobertura del programa de tamizaje de cáncer gástrico, se utiliza la ecuación E1:

EF = (PO * PI * PP) / (PS * DH)

Donde:
- EF: Número de equipos de salas de fluoroscopia.
- PO: Población objetivo a alcanzar en un periodo.
- PI: Porcentaje de invitación en un periodo.
- PP: Porcentaje de participación en un periodo.
- PS: Número de pacientes diarios por sala.
- DH: Número de días hábiles de funcionamiento de las salas en un periodo.

El resultado obtenido representa el número de salas de fluoroscopia y, por consiguiente, el número de profesionales de imagenología requeridos para atender a la población objetivo en el periodo establecido. Este cálculo asegura que el programa de tamizaje cuente con la capacidad necesaria para realizar las series gastroduodenales y, en consecuencia, para detectar precozmente el cáncer gástrico.",80.40818503964692,1485,239,1724,open_ended,1547.565536723152,548.7,2019.3,16294.55246586629,16294.234375,16294.703125,0.0,0,0,599.6875,599.6875,599.6875
2,DeepSeek-R1-Distill-Qwen-14B-Q6_K,290,"El manejo posterior a un tratamiento curativo de CCR incluye vigilancia clínica con control bioquímico y de imágenes, y colonoscopia de vigilancia para detección de CCR metacrónico y recurrente. La colonoscopia de vigilancia se realiza según los hallazgos: si no hay adenomas, se recomienda vigilancia a los 10 años; si se detectan adenomas, se siguen las indicaciones establecidas en la Figura 2 de la norma. En caso de que la colonoscopia de vigilancia presente adenomas, se deben seguir las indicaciones de manejo según hallazgos. Esta vigilancia permite detectar recurrencias tempranas y mejorar los resultados oncológicos.","</think>

El manejo posterior a un tratamiento curativo de Cáncer Colorrectal (CCR) incluye una vigilancia clínica y endoscópica. Se recomienda una colonoscopia de vigilancia después de la resección quirúrgica o endoscópica con intención curativa. Esta colonoscopia tiene como objetivo detectar recurrencias o metástasis, especialmente en el intestino grueso. Además, se realizan controles bioquímicos y de imágenes correspondientes para evaluar la evolución del paciente. El seguimiento debe ser estructurado y periódico, adaptado al riesgo clínico de cada individuo, asegurando la continuidad del cuidado y la detección oportuna de cualquier recurrencia o progresión del tumor.",70.1108716186136,1508,175,1683,open_ended,1632.717062634983,169.6,2019.3,16295.171875,16295.171875,16295.171875,0.0,0,0,599.6875,599.6875,599.6875
2,DeepSeek-R1-Distill-Qwen-14B-Q6_K,219,"Según el inventario del Plan de Abordaje Integral, la CCSS cuenta con 63.5 gastroenterólogos, de los cuales 56 (88%) están capacitados en detección temprana de lesiones premalignas y malignas, lo que refleja una alta especialización, y también tiene 139 cirujanos generales, de los cuales solo 31 (22%) están capacitados en detección temprana, lo que revela una brecha significativa en la capacitación de este grupo; además, se dispone de 45.5 técnicos en gastroenterología y 52 salas de endoscopia a nivel nacional, pero todos estos recursos, a excepción de los del CNDTCG, están prácticamente dedicados en su totalidad a procedimientos de diagnóstico para consulta externa, hospitalización y emergencias, no para tamizaje, por lo que la oportunidad de mejora identificada es fortalecer la formación de los cirujanos generales en detección temprana de cáncer para aumentar la capacidad de endoscopistas capacitados (actualmente 87 en total), lo que permitiría ampliar la disponibilidad de personal para los programas de tamizaje.","</think>

La situación actual de los recursos humanos para endoscopia en la CCSS se refleja en el Cuadro No. 3, donde se menciona que hay 4 médicos especialistas en Endoscopía con jornada completa. Además, se identifica la necesidad de mejorar la capacitación del personal de imagenología en técnicas de SGD (Sistemas de Gestiòn de Dispositivos y Medicamentos), ya que, aunque hay una alta proporción de radiólogos capacitados, el personal de imagenología no recibe suficiente formación en este procedimiento. Esta área de mejora es crucial para garantizar la calidad y eficiencia de los servicios de endoscopia y fluoroscopia en la CCSS.",67.7061609653756,1470,160,1630,open_ended,1640.8279642058076,987.6,2019.1,16295.807711129753,16295.484375,16295.953125,0.0,0,0,599.6875,599.6875,599.6875
2,DeepSeek-R1-Distill-Qwen-14B-Q6_K,214,"Según el Plan de Abordaje Integral, el análisis de las pirámides poblacionales muestra un desplazamiento de la población hacia los grupos de mayor edad (35-74 años), con una base más estrecha que refleja un proceso de envejecimiento poblacional, donde una mayor proporción de la población está compuesta por personas de mediana y tercera edad y la población de 75 años y más también muestra un incremento notable que indica una mayor longevidad; este desplazamiento tiene importantes implicaciones para la epidemiología del cáncer gástrico y colorrectal, ya que el aumento de la población general implica un incremento en el número de personas en los grupos de edad más vulnerables a estos tipos de cáncer, y además la carga sobre los recursos de salud también aumentará, por lo que es esencial que los programas de tamizaje, prevención y tratamiento se expandan y adapten para satisfacer esta demanda creciente, subrayando la necesidad de una planificación proactiva para asegurar que la infraestructura sanitaria, incluyendo laboratorios clínicos, servicios de endoscopia y recursos humanos especializados, esté adecuadamente preparada para manejar el incremento proyectado en la demanda de servicios.","</think>

El desplazamiento de la pirámide poblacional hacia grupos de mayor edad incrementa la incidencia y mortalidad de cánceres como el gástrico y colorrectal, debido a que estos tumores son más prevalentes en adultos mayores. Esto obliga a la planificación de salud pública a considerar estrategias específicas de detección temprana y tratamiento oportuno, dirigidas a esta población objetivo, especialmente en zonas con alta incidencia. Además, se debe priorizar la captación diferenciada de hombres y mujeres en el grupo de edad de 50 a 74 años, dada su relevancia para los programas de tamizaje.",64.21222515683621,1425,148,1573,open_ended,1651.68702830188,987.1,2019.1,16296.421875,16296.421875,16296.421875,0.0,0,0,599.6875,599.6875,599.6875
2,DeepSeek-R1-Distill-Qwen-14B-Q6_K,233,"La metodología utilizada para la elaboración del Manual de Gestión del CNDTCG se realizó conforme a las indicaciones establecidas en el ""Manual Metodológico para la Construcción de un Manual de Gestión en la Dirección de Desarrollo de Servicios de Salud"", versión vigente, para asegurar la estandarización, coherencia técnica y alineación con la normativa institucional de la CCSS. El proceso se desarrolló bajo un enfoque participativo y técnico que incluyó: revisión documental de antecedentes institucionales del CNDTCG, incluyendo normativa vigente, manuales organizacionales, planes estratégicos, modelos de atención y documentos de planificación institucional; análisis de estructura organizativa propuesta para el centro, incluyendo sus áreas funcionales, programas clínicos y servicios de soporte; consulta con actores clave mediante sesiones técnicas de trabajo con personal del CNDTCG y otras áreas involucradas; síntesis y sistematización técnica para organizar la información bajo los apartados requeridos; validación técnica preliminar con revisión por parte de las instancias responsables; y como etapa final, el manual fue sometido a una validación técnica utilizando el método DELPHI modificada, un método estructurado de consenso entre expertos institucionales para garantizar la pertinencia, aplicabilidad y solidez técnica del documento.","</think>

La metodología utilizada para elaborar el Manual de Gestión del CNDTCG se basó en el ""Manual Metodológico para la Construcción de un Manual de Gestión en la Dirección de Desarrollo de Servicios de Salud"", versión vigente. Este enfoque aseguró la estandarización, coherencia técnica y alineación con la normativa institucional de la Caja Costarricense de Seguro Social. El proceso fue participativo y técnico, incluyendo revisiones documentales de antecedentes institucionales, análisis de información y modelos de coordinación interinstitucional. Además, se consideraron herramientas que promueven estandarización, trazabilidad, eficiencia y calidad en las actividades del centro.",68.00061239860952,1456,168,1624,open_ended,1628.4917594654717,987.3,2027.3,16296.421875,16296.421875,16296.421875,0.0,0,0,599.6875,599.6875,599.6875
2,DeepSeek-R1-Distill-Qwen-14B-Q6_K,268,"La oferta de servicios del CNDTCG incluye: Programa de Patología Biliar (CPRE, drenajes); Programa de ESD (resección en bloque); Programa de Cirugía Mayor (quirúrgico especializado); Programa de Cirugía Percutánea (mínimamente invasivo guiado por imagen); Programa de Ultrasonido Endoscópico (evaluación avanzada y estadificación); Programa de Endoscopia Diagnóstica y de Control (confirmación y seguimiento); además de docencia, formación continua, investigación científica y apoyo técnico a la red institucional.","</think>

El CNDTCG ofrece servicios complementarios más allá de los programas de tamizaje, incluyendo patología biliar, resección submucosa endoscópica (ESD), cirugía mayor, cirugía percutánea, ultrasonido endoscópico, y endoscopía diagnóstica y de control. Estos servicios amplían su capacidad resolutiva y consolidan su papel como centro especializado de referencia nacional. Además, articula la red de servicios de salud para garantizar la implementación estandarizada de estrategias de captación, diagnóstico, tratamiento y seguimiento en todo el país.",64.89423059578985,1470,145,1615,open_ended,1672.7764568764514,798.1,2019.2,16296.503460081585,16296.421875,16296.578125,0.0,0,0,599.6875,599.6875,599.6875
2,DeepSeek-R1-Distill-Qwen-14B-Q6_K,235,"El área de Planificación y Mejora Continua en el CNDTCG tiene como función principal liderar los procesos de planificación operativa, seguimiento de resultados, evaluación del desempeño de los programas y promoción de la calidad. Entre sus funciones específicas se encuentran: la elaboración, revisión y actualización del Plan Anual Operativo, así como el acompañamiento técnico a las distintas unidades funcionales y programas para garantizar la formulación de metas claras, medibles y pertinentes; el seguimiento sistemático de los indicadores clínicos, administrativos e institucionales; la elaboración de informes técnicos que respaldan la toma de decisiones; el liderazgo de procesos de mejora continua mediante metodologías de gestión de la calidad, análisis de brechas, auditorías técnicas y formulación de acciones correctivas; la implementación de herramientas de análisis avanzado de datos incluyendo Big Data, Minería de Datos e Inteligencia de Negocios (BI) para detectar patrones, predecir comportamientos y fortalecer la toma de decisiones estratégicas; la coordinación de procesos de costeo de servicios para sustentar decisiones presupuestarias; el monitoreo continuo de la demanda de servicios para identificar necesidades emergentes y cuellos de botella; y la formulación de requerimientos técnicos para la gestión oportuna de recursos humanos, materiales, tecnológicos y de infraestructura.","</think>

El área de Planificación y Mejora Continua en el CNDTCG tiene funciones clave que incluyen la elaboración, revisión y actualización del Plan Anual Operativo, asegurando que las metas sean claras, medibles y pertinentes. Además, acompaña técnicamente a las unidades funcionales y programas del centro. Realiza el seguimiento sistemático de indicadores clínicos, administrativos e institucionales, y elabora informes técnicos que respaldan la toma de decisiones de la Dirección. También lidera procesos de mejora continua mediante metodologías de gestión de la calidad, análisis de brechas, auditorías técnicas, evaluaciones internas y formulación de planes correctivos.",66.33884042780846,1464,158,1622,open_ended,1653.722602739719,987.6,2027.3,16296.734375,16296.734375,16296.734375,0.0,0,0,599.6875,599.6875,599.6875
2,DeepSeek-R1-Distill-Qwen-14B-Q6_K,231,"El proceso de tamizaje para el cáncer colorrectal según el modelo del CNDTCG comienza con la invitación estructurada a la población objetivo de personas asintomáticas entre 50 y 74 años. Una vez aceptada la invitación, el paciente se somete a una prueba FIT (Test Inmunológico Fecal) en un laboratorio clínico para detectar sangre oculta en las heces, donde el microbiólogo y el personal de apoyo juegan un papel crucial en la realización y análisis. Los resultados de la prueba FIT determinan si el paciente requiere una colonoscopia; en caso positivo, el paciente se somete al procedimiento, que permite la visualización directa del colon y la toma de biopsias si es necesario, realizado por el endoscopista asistido por el técnico de endoscopia. Durante la colonoscopia, el endoscopista evalúa si existe alguna lesión; si no se encuentra, el paciente vuelve al programa de tamizaje. Si se revela alguna anomalía, se toma biopsia y se envía a patología; además, si se identifican adenomas, se remueven inmediatamente. Los resultados de la biopsia determinan si se ha detectado cáncer o adenoma; si no hay cáncer ni adenoma, el paciente vuelve al programa de tamizaje; si se detecta cáncer, el paciente es referido para recibir tratamiento.","</think>

El proceso de tamizaje para el cáncer colorrectal según el modelo del CNDTCG incluye varias etapas. Primero, se invita a los individuos que cumplen con los criterios de inclusión definidos por el programa. Una vez aceptada la invitación, el paciente se somete a una prueba FIT (Fecal Immunological Test) en un laboratorio clínico para detectar sangre oculta en las heces. En esta etapa, el microbiólogo y el personal de apoyo de laboratorios clínicos realizan y analizan la prueba. Si la prueba FIT resulta positiva, el paciente es remitido a un endoscopista para una colonoscopia. Durante la colonoscopia, el técnico de endoscopia y el patólogo participan en el procedimiento y el análisis de las muestras. Si se detecta una lesión sospechosa, se realiza un biopsia, y si se confirma el cáncer, el paciente recibe tratamiento adecuado. Todo este proceso está detallado en el diagrama de flujo de la Figura No. 11.",59.729518888518214,859,250,1109,open_ended,1407.4243654822258,668.5,2019.1,16296.734375,16296.734375,16296.734375,0.0,0,0,599.6875,599.6875,599.6875
2,DeepSeek-R1-Distill-Qwen-14B-Q6_K,228,"Según las conclusiones del Plan de Abordaje Integral, las principales áreas críticas identificadas incluyen: la alta incidencia y mortalidad de cáncer gástrico y colorrectal en Costa Rica, que requieren intervenciones efectivas urgentes; las significativas desigualdades geográficas, con provincias como San José, Cartago, Heredia y Alajuela mostrando tasas más elevadas, lo que subraya la necesidad de enfoques regionalizados; las limitaciones en la disponibilidad de recursos humanos y tecnológicos, particularmente en radiología y endoscopia, que afectan la capacidad de diagnósticos tempranos; la capacidad diagnóstica insuficiente de laboratorios clínicos y servicios de endoscopia para manejar la demanda proyectada; la falta de normativas específicas que obliguen a los diferentes niveles de atención a participar en los programas de tamizaje; la necesidad de fortalecer la Unidad de Investigación en Salud (UIS) del CNDTCG para liderar la investigación continua; la necesidad de innovación tecnológica integrando inteligencia artificial y modelos predictivos; la dependencia de un fuerte apoyo político e institucional; los desafíos en la coordinación logística para muestras, pruebas y seguimiento; la importancia de la colaboración interinstitucional con universidades y centros de investigación; y la necesidad de establecer mecanismos efectivos de monitoreo y evaluación continua para ajustar las estrategias del plan.","</think>

Las principales áreas críticas identificadas son:

1. La alta carga de enfermedad asociada al cáncer gástrico y colorrectal en Costa Rica, que requiere atención inmediata.
2. La necesidad de un ente rector para impulsar estrategias nacionales de tamizaje, diagnóstico temprano, tratamiento oportuno y seguimiento.
3. La falta de normativas específicas que obliguen a los diferentes niveles de atención a participar en los programas de tamizaje, lo que dificulta una implementación uniforme y efectiva.
4. La necesidad de fortalecer la Unidad de Investigación en Salud (UIS) para optimizar la ejecución del programa de tamizaje y mejorar la prevención, detección temprana, tratamiento y seguimiento de estos tipos de cáncer.",54.65467713028192,981,188,1169,open_ended,1509.2941828254782,528.8,2018.8,16296.734375,16296.734375,16296.734375,0.0,0,0,599.6875,599.6875,599.6875
2,DeepSeek-R1-Distill-Qwen-14B-Q6_K,228,"Según las conclusiones del Plan de Abordaje Integral, las principales áreas críticas identificadas incluyen: la alta incidencia y mortalidad de cáncer gástrico y colorrectal en Costa Rica, que requieren intervenciones efectivas urgentes; las significativas desigualdades geográficas, con provincias como San José, Cartago, Heredia y Alajuela mostrando tasas más elevadas, lo que subraya la necesidad de enfoques regionalizados; las limitaciones en la disponibilidad de recursos humanos y tecnológicos, particularmente en radiología y endoscopia, que afectan la capacidad de diagnósticos tempranos; la capacidad diagnóstica insuficiente de laboratorios clínicos y servicios de endoscopia para manejar la demanda proyectada; la falta de normativas específicas que obliguen a los diferentes niveles de atención a participar en los programas de tamizaje; la necesidad de fortalecer la Unidad de Investigación en Salud (UIS) del CNDTCG para liderar la investigación continua; la necesidad de innovación tecnológica integrando inteligencia artificial y modelos predictivos; la dependencia de un fuerte apoyo político e institucional; los desafíos en la coordinación logística para muestras, pruebas y seguimiento; la importancia de la colaboración interinstitucional con universidades y centros de investigación; y la necesidad de establecer mecanismos efectivos de monitoreo y evaluación continua para ajustar las estrategias del plan.","</think>

Las principales áreas críticas identificadas son:

1. La alta carga de enfermedad relacionada con el cáncer gástrico y colorrectal en Costa Rica, que requiere intervenciones urgentes para reducir su incidencia y mortalidad.

2. La falta de normativas específicas que obliguen a los diferentes niveles de atención a participar en programas de tamizaje, lo que dificulta una implementación uniforme y efectiva.

3. La necesidad de fortalecer la Unidad de Investigación en Salud (UIS) para que liderice y optimice la ejecución del programa de tamizaje, asegurando una mejor prevención, detección temprana, tratamiento y seguimiento de los pacientes.",23.110518767498434,981,162,1143,open_ended,998.9157894736863,858.0,1017.6,16296.734375,16296.734375,16296.734375,0.0,0,0,599.6875,599.6875,599.6875
2,DeepSeek-R1-Distill-Qwen-14B-Q6_K,297,"El equipamiento del CNDTCG incluye: torres de endoscopía de alta definición para procedimientos digestivos altos y bajos; equipamiento para ESD (cuchillos endoscópicos, inyectores submucosos, clips hemostáticos y unidades electroquirúrgicas); equipo de ultrasonido endoscópico (USE) para estadificación loco-regional y evaluación de lesiones; equipo para CPRE con accesorios para drenaje biliar, esfinterotomías, extracción de cálculos y colocación de prótesis; fluoroscopio de alta resolución para procedimientos intervencionistas; equipo de tomografía (TAC) para estudios de estadificación oncológica; ultrasonido convencional para valoraciones clínicas; monitores multiparámetros y bombas de infusión para sedación; instrumental quirúrgico especializado para laparotomía, laparoscopía y cirugía percutánea; equipos de apoyo en recuperación; y estaciones de trabajo informáticas articuladas con sistemas institucionales como EDUS.","</think>

El CNDTCG dispone de equipos médicos y tecnológicos de alta especialización, entre los cuales se encuentran:

1. Torres de endoscopía de alta definición para procedimientos digestivos altos y bajos, equipados con sistemas de visualización, iluminación, documentación y grabación digital.
2. Equipamiento para Resección Submucosa Endoscópica (ESD), que incluye cuchillos endoscópicos, inyectores submucosos, clips hemostáticos y unidades electroquirúrgicas.
3. Equipo de ultrasonido endoscópico (USE) para estadificación loco-regional, evaluación de lesiones subepiteliales y localización de estructuras profundas.

Estos equipos permiten desarrollar los programas clínicos del centro con altos estándares de seguridad y calidad técnica, respaldando procedimientos diagnósticos, terapéuticos y quirúrgicos.",73.13538954406977,1421,214,1635,open_ended,1573.5144927536135,648.5,2019.0,16296.734375,16296.734375,16296.734375,0.0,0,0,599.6875,599.6875,599.6875
2,DeepSeek-R1-Distill-Qwen-14B-Q6_K,259,"El CNDTCG tiene sus raíces en 1995, cuando fue creado como un proyecto piloto mediante un convenio de cooperación entre la CCSS, la Universidad de Costa Rica (UCR) y la Agencia Japonesa de Cooperación Internacional (JICA), bajo el nombre de CDTC (Centro de Detección Temprana de Cáncer). En 2005, por acuerdo de Junta Directiva, el CDTC pasó a ser un servicio del Hospital Dr. Maximiliano Peralta Jiménez. En 2017 se dio la aprobación oficial del proyecto de Tamizaje de Cáncer Colorrectal, marcando un hito en la expansión de los programas. Entre 2019 y 2021 se implementaron mejoras organizativas que reforzaron la detección temprana y ampliaron el acceso diagnóstico. A partir de 2021 se inició el proceso de traslado institucional hacia la Dirección de Centros Especializados. Finalmente, en marzo de 2024, la Junta Directiva de la CCSS aprobó oficialmente la conformación del CNDTCG como centro nacional, dotándolo de la Unidad Programática 2806 y avalando su estructura funcional y operativa, consolidando así un modelo de atención integral para el cáncer gastrointestinal en Costa Rica.","</think>

No lo sé.",44.85492226853967,1497,7,1504,open_ended,1971.5714765100693,139.7,2019.3,16296.890625,16296.890625,16296.890625,0.0,0,0,599.6875,599.6875,599.6875
2,DeepSeek-R1-Distill-Qwen-14B-Q6_K,267,"La operación del CNDTCG está alineada con el Mapa de Procesos Institucional de la CCSS. Se inserta en el Macroproceso Sustantivo de Atención de la Salud en áreas de promoción, prevención secundaria, recuperación y rehabilitación. Mantiene articulación con Macroprocesos Estratégicos en gestión de salud, planificación estratégica, calidad asistencial e investigación. Depende de Macroprocesos de Apoyo en gestión de talento humano, abastecimiento, mantenimiento, soporte tecnológico y apoyo administrativo-financiero.","</think>

La operación del CNDTCG se alinea con el Mapa de Procesos Institucional de la CCSS, contribuyendo específicamente al cumplimiento de sus macroprocesos estratégicos, sustantivos y de apoyo. Se inserta en el Macroproceso Sustantivo de Atención de la Salud, enfocado en áreas como promoción de la salud, prevención secundaria, recuperación y rehabilitación. Esto se logra mediante la implementación de programas de tamizaje, diagnóstico temprano, tratamiento quirúrgico y seguimiento clínico de personas con patologías gastrointestinales. Además, el CNDTCG trabaja articulado con la red nacional de servicios de salud, asegurando una atención especializada y complementaria. Este alineamiento garantiza la coherencia operativa, eficiencia en la prestación de servicios y alineación con los principios estratégicos de la CCSS.",75.7219012901187,1472,212,1684,open_ended,1572.5089999999916,937.9,2019.2,16296.81609375,16296.71484375,16296.890625,0.0,0,0,599.6875,599.6875,599.6875
2,DeepSeek-R1-Distill-Qwen-14B-Q6_K,243,"La oferta de servicios del CNDTCG más allá de los programas de tamizaje incluye una gama de servicios clínicos, diagnósticos, quirúrgicos, técnicos, de formación y apoyo, enfocados en la detección temprana, tratamiento oportuno y seguimiento de patologías del tracto gastrointestinal. Estos servicios incluyen: el Programa de Patología Biliar, que brinda abordaje integral a enfermedades complejas del árbol biliar mediante CPRE, drenajes biliares y extracción de cálculos; el Programa de Resección Submucosa Endoscópica (ESD), que permite la resección en bloque de lesiones precancerosas o neoplasias superficiales; el Programa de Cirugía Mayor, que ofrece tratamiento quirúrgico especializado a personas con lesiones que requieren intervención quirúrgica mayor; el Programa de Cirugía Percutánea, que ofrece alternativa terapéutica mínimamente invasiva mediante técnicas guiadas por imagen; el Programa de Ultrasonido Endoscópico, para evaluación avanzada de lesiones y estadificación; y el Programa de Endoscopía Diagnóstica y de Control, para confirmación diagnóstica y seguimiento de lesiones. Además, el CNDTCG ofrece servicios de docencia y formación continua, investigación científica y apoyo técnico a la red institucional.","</think>

El CNDTCG ofrece servicios complementarios más allá de los programas de tamizaje, incluyendo patología biliar, resección submucosa endoscópica (ESD), cirugía mayor, cirugía percutánea, ultrasonido endoscópico, y endoscopía diagnóstica y de control. Estos servicios amplían su capacidad resolutiva y consolidan su papel como centro especializado de referencia nacional.",60.374479772523046,1513,104,1617,open_ended,1738.6666666666622,987.2,2019.2,16296.71484375,16296.71484375,16296.71484375,0.0,0,0,599.6875,599.6875,599.6875
2,DeepSeek-R1-Distill-Qwen-14B-Q6_K,264,"El CNDTCG atiende diagnósticos basados en CIE-10: cáncer de estómago (C16.0-C16.9), cáncer colorrectal (C18.0-C18.9), cáncer de unión rectosigmoidea (C19) y recto (C20), lesiones gástricas precancerosas (D00.2), adenomas colorrectales avanzados (D12.6), pólipos gástricos (D13.1), tumores subepiteliales (D13.2), sospecha de tumores pancreáticos (D13.6), gastritis crónica atrófica (K29.4), abscesos hepáticos (K75.0), coledocolitiasis (K80.5), colecistitis (K81.0), colangitis (K83.0), sangrado digestivo (K92.2) y recurrencias postquirúrgicas (T81.4).","</think>

El CNDTCG atiende principalmente diagnósticos relacionados con el cáncer gástrico y el cáncer colorrectal, basándose en la clasificación CIE-10 de la OMS de 2021. Estos diagnósticos son considerados entre las principales causas de carga de enfermedad y mortalidad en Costa Rica. Además, el centro realiza programas de tamizaje poblacional para detectar tempranamente estos tipos de cáncer, lo que permite una atención más efectiva y oportuna.",55.89950320310891,1289,121,1410,open_ended,1672.5824324324217,269.4,2019.2,16296.745671452703,16296.71484375,16296.87109375,0.0,0,0,599.6875,599.6875,599.6875
2,DeepSeek-R1-Distill-Qwen-14B-Q6_K,278,"El CNDTCG utiliza: EDUS (expediente digital), SIAC (programación de procedimientos), SIES (registro y análisis de datos), ARCA (registro de procedimientos y resultados), y bases internas como FileMaker. Estos sistemas permiten registrar, monitorear y analizar información clínica, administrativa y operativa. La interoperabilidad entre módulos es fundamental para asegurar la trazabilidad efectiva de los pacientes desde la invitación inicial hasta el tratamiento y seguimiento.","</think>

El CNDTCG utiliza sistemas de información institucionales que incluyen el expediente digital, la imagenología y las bases de datos. Estos sistemas son esenciales para su operación, permitiendo una gestión eficiente de la información clínica, administrativa y tecnológica.",51.09147587232292,1409,63,1472,open_ended,1812.8547337278094,987.6,2019.2,16296.83936991494,16296.6953125,16296.87109375,0.0,0,0,599.6875,599.6875,599.6875
2,DeepSeek-R1-Distill-Qwen-14B-Q6_K,261,"La Resección Submucosa Endoscópica (ESD) es una técnica endoscópica avanzada que permite resecar lesiones gastrointestinales en bloque con precisión, evitando cirugías mayores. Es una alternativa terapéutica mínimamente invasiva para lesiones precancerosas o neoplasias superficiales del tracto gastrointestinal, especialmente en estómago y colon. Permite resecar lesiones que no pueden tratarse con polipectomía convencional. Requiere alta especialización y equipamiento específico. Reduce el tiempo de recuperación y mejora la calidad de vida, disminuyendo la necesidad de cirugías mayores.","</think>

La Resección Submucosa Endoscópica (ESD) es una técnica mínimamente invasiva utilizada para remover lesiones neoplásicas superficiales en el tracto gastrointestinal. Se realiza a través de la endoscopía, permitiendo la resección de lesiones en la mucosa y submucosa sin necesidad de cirugía abdominal. Los beneficios incluyen menores riesgos quirúrgicos, rápida recuperación del paciente, menor tiempo de hospitalización y la preservación de la funcionalidad del intestino. Además, ESD permite una resección más precisa con márgenes libres de lesión, reduciendo la necesidad de intervenciones complementarias.",68.10228969715536,1515,159,1674,open_ended,1658.7053333333272,987.5,2027.1,16296.8515625,16296.8515625,16296.8515625,0.0,0,0,599.6875,599.6875,599.6875
2,DeepSeek-R1-Distill-Qwen-14B-Q6_K,267,"La operación del CNDTCG está alineada con el Mapa de Procesos Institucional de la CCSS. Se inserta en el Macroproceso Sustantivo de Atención de la Salud en áreas de promoción, prevención secundaria, recuperación y rehabilitación. Mantiene articulación con Macroprocesos Estratégicos en gestión de salud, planificación estratégica, calidad asistencial e investigación. Depende de Macroprocesos de Apoyo en gestión de talento humano, abastecimiento, mantenimiento, soporte tecnológico y apoyo administrativo-financiero.","</think>

La operación del CNDTCG se alinea con el Mapa de Procesos Institucional de la CCSS, contribuyendo específicamente al cumplimiento de sus macroprocesos estratégicos, sustantivos y de apoyo. Se inserta en el Macroproceso Sustantivo de Atención de la Salud, enfocado en áreas como promoción de la salud, prevención secundaria, recuperación y rehabilitación, mediante programas de tamizaje, diagnóstico temprano, tratamiento quirúrgico y seguimiento clínico de personas con patologías gastrointestinales. Además, está articulado con la red nacional de servicios de salud, lo que asegura una atención integral y coordinada. El Manual de Gestión del CNDTCG actúa como una herramienta técnica que organiza funciones, estructura, oferta de servicios y responsabilidades, garantizando coherencia operativa y alineación con los principios estratégicos de la CCSS.",75.33754041232169,1472,216,1688,open_ended,1579.4335341365377,129.7,2019.2,16296.8515625,16296.8515625,16296.8515625,0.0,0,0,599.6875,599.6875,599.6875
2,DeepSeek-R1-Distill-Qwen-14B-Q6_K,294,"El CNDTCG se alinea con el Macroproceso Sustantivo de Atención de la Salud en promoción, prevención, recuperación y rehabilitación, y depende de Macroprocesos de Apoyo como gestión de talento humano, abastecimiento, mantenimiento y soporte tecnológico.","</think>

El CNDTCG se alinea con el Mapa de Procesos Institucionales de la CCSS, contribuyendo específicamente al Macroproceso Sustantivo de Atención de la Salud, dentro de las áreas de promoción, prevención secundaria, recuperación y rehabilitación. Su operación se centra en programas de tamizaje, diagnóstico temprano, tratamiento quirúrgico y seguimiento clínico de personas con patologías gastrointestinales, asegurando la coherencia operativa y alineación con los principios de calidad, oportunidad, equidad, continuidad e integralidad de la CCSS.",55.17483960092068,1412,149,1561,open_ended,1609.8819178082106,249.4,2027.6,16297.34428510274,16296.8515625,16300.4453125,0.0,0,0,599.6875,599.6875,599.6875
2,DeepSeek-R1-Distill-Qwen-14B-Q6_K,279,"Las herramientas de aplicabilidad incluyen: protocolos y procedimientos normalizados que definen el ""cómo hacer""; documentos técnicos normativos complementarios; sistemas de información institucionales (SIES, SIAC, ARCA, FileMaker); matrices de indicadores e instrumentos de evaluación; instancias de coordinación y supervisión; y capacitación y formación interna. Estas herramientas se desarrollarán progresivamente para fortalecer la estandarización, trazabilidad, eficiencia y calidad de las actividades del CNDTCG.","</think>

El Manual de Gestión del CNDTCG incluye herramientas de aplicabilidad como indicadores clave para evaluar su desempeño. Estos indicadores comprenden el ""Número de cirugías mayores realizadas"" y la ""Tasa de complicaciones quirúrgicas"", los cuales se calculan mediante fórmulas específicas y se registran en bases de datos como el Registro Quirúrgico y el SIES. Además, el manual utiliza un enfoque participativo y técnico que incluye revisiones documentales, consultas con actores clave y validaciones mediante metodologías como el método DELPHI. Estas herramientas buscan asegurar la estandarización, trazabilidad, eficiencia y calidad en las actividades del centro, promoviendo su aplicabilidad en el entorno operativo real.",70.67954015545547,1510,180,1690,open_ended,1626.8646680942131,858.0,2027.3,16300.621972028908,16300.6015625,16300.7578125,0.0,0,0,599.6875,599.6875,599.6875
2,DeepSeek-R1-Distill-Qwen-14B-Q6_K,239,"El CNDTCG brinda atención clínica y diagnóstica orientada a la detección, tratamiento y seguimiento de patologías del tracto gastrointestinal, basada en la clasificación técnica CIE-10. Los principales diagnósticos incluyen: cáncer de estómago (C16.0-C16.9) que abarca tumores malignos de los cardias, fundus gástrico, cuerpo del estómago, antro pilórico, piloro, curvaturas menor y mayor y sitios contiguos; cáncer colorrectal (C18.0-C18.9) que incluye tumores del ciego, apéndice, colon ascendente, ángulo hepático, colon transverso, ángulo esplénico, colon descendente, colon sigmoide y sitios contiguos; cáncer de la unión rectosigmoidea (C19) y de recto (C20); lesiones gástricas precancerosas (D00.2); adenomas colorrectales avanzados (D12.6); pólipos gástricos (D13.1); tumores subepiteliales del tracto digestivo (D13.2); sospecha de tumores pancreáticos (D13.6); gastritis crónica atrófica (K29.4); abscesos hepáticos (K75.0); coledocolitiasis (K80.5); colecistitis (K81.0); colangitis (K83.0); sangrado digestivo (K92.2); y recurrencias postquirúrgicas digestivas (T81.4). Estos diagnósticos constituyen la base clínica sobre la cual operan los distintos programas técnicos del centro.","</think>

El CNDTCG atiende diagnósticos nosológicos relacionados con el cáncer gástrico y el cáncer colorrectal, los cuales se encuentran entre las principales causas de carga de enfermedad y mortalidad en Costa Rica. Estos diagnósticos se basan en la clasificación técnica CIE-10 (OMS, 2021). Además, el centro realiza programas de tamizaje poblacional para la detección temprana de estos cánceres, lo que refuerza su enfoque en la prevención y control de estas enfermedades.",54.73954263702035,1229,133,1362,open_ended,1651.2646408839703,628.6,2019.1,16301.000604281768,16300.7421875,16301.5390625,0.0,0,0,599.6875,599.6875,599.6875
2,DeepSeek-R1-Distill-Qwen-14B-Q6_K,205,"Las principales limitaciones identificadas son la falta de información técnica sobre capacidad instalada, ya que aunque se cuenta con un inventario de recursos, todos están actualmente en uso para otros procedimientos, lo que impide determinar la capacidad adicional necesaria para el programa de tamizaje; además, no existen datos sobre cuántos pacientes requieren estudios complementarios como ultrasonidos, vigilancia hemodinámica en gastroscopias, sedación por anestesiólogo, ni cuántos estudios endoscópicos requieren biopsia, lo que limita la planificación solo a los estudios básicos; tampoco se cuenta con guías de seguimiento endoscópico del Ministerio de Salud, por lo que no es posible estimar la demanda de procedimientos de control; la creación de nuevos cantones ha distorsionado los datos históricos, por lo que el plan se ve forzado a utilizar la estructura de los 81 cantones originales, asumiendo un error aproximado del 1% en las proyecciones; finalmente, el plan se basa en proyecciones poblacionales del INEC del año 2013, lo que podría introducir variaciones futuras.","</think>

Las principales limitaciones del plan en cuanto a la disponibilidad de información sobre la capacidad instalada y los datos clínicos necesarios son las siguientes:

1. **Deficiencias en la información técnica**: No se cuenta con datos suficientes sobre la capacidad instalada actual, lo que dificulta evaluar la disponibilidad de recursos como médicos endoscopistas, radiólogos, personal técnico y de apoyo necesarios para expandir los servicios de tamizaje, diagnóstico y tratamiento.

2. **Ausencia de datos sobre pacientes**: No se tienen registros de la cantidad de pacientes que requieren procedimientos endoscópicos complementarios, como ultrasonidos, lo que complica la planificación de los servicios.

3. **Inventario insuficiente**: El inventario existente solo muestra la cantidad y distribución del personal y equipamiento, pero no proporciona información detallada sobre la capacidad instalada disponible para manejar un aumento en la demanda de servicios.

4. **Problemas con el equipamiento médico**: La falta de equipos adecuados, como dispositivos para endoscopia y análisis de laboratorio, puede retrasar el diagnóstico y tratamiento de los pacientes. Además, la adquisición y mantenimiento de estos equipos son esenciales para el éxito del plan.

5. **Distribución de pruebas**: La prueba de tamizaje distribuida institucionalmente requiere conocer la población meta para determinar la cantidad de pruebas y frascos de heces necesarios, lo que implica posibles ajustes presupuestarios y logísticos.

Estas limitaciones representan desafíos significativos para la planificación y ejecución efectiva del plan.",83.7181393681094,1097,364,1461,open_ended,1378.4570652173797,419.0,2019.3,16301.280570652174,16300.8984375,16301.3671875,0.0,0,0,599.6875,599.6875,599.6875
2,DeepSeek-R1-Distill-Qwen-14B-Q6_K,297,"El equipamiento del CNDTCG incluye: torres de endoscopía de alta definición para procedimientos digestivos altos y bajos; equipamiento para ESD (cuchillos endoscópicos, inyectores submucosos, clips hemostáticos y unidades electroquirúrgicas); equipo de ultrasonido endoscópico (USE) para estadificación loco-regional y evaluación de lesiones; equipo para CPRE con accesorios para drenaje biliar, esfinterotomías, extracción de cálculos y colocación de prótesis; fluoroscopio de alta resolución para procedimientos intervencionistas; equipo de tomografía (TAC) para estudios de estadificación oncológica; ultrasonido convencional para valoraciones clínicas; monitores multiparámetros y bombas de infusión para sedación; instrumental quirúrgico especializado para laparotomía, laparoscopía y cirugía percutánea; equipos de apoyo en recuperación; y estaciones de trabajo informáticas articuladas con sistemas institucionales como EDUS.","</think>

El CNDTCG dispone de equipos médicos y tecnológicos de alta especialización que respaldan procedimientos diagnósticos, terapéuticos y quirúrgicos con altos estándares de seguridad y calidad técnica. Entre los principales equipos se encuentran:

- Torres de endoscopía de alta definición para procedimientos digestivos altos y bajos, con sistemas de visualización, iluminación, documentación y grabación digital.
- Equipamiento para Resección Submucosa Endoscópica (ESD), que incluye cuchillos endoscópicos, inyectores submucosos, clips hemostáticos y unidades electroquirúrgicas.
- Equipo de ultrasonido endoscópico (USE) para estadificación loco-regional, evaluación de lesiones subepiteliales y localización de estructuras profundas.

Estos recursos permiten desarrollar los programas clínicos del centro con capacidad resolutiva y eficiencia operativa.",74.00928635150194,1421,221,1642,open_ended,1564.5153374233034,159.6,2027.3,16301.3671875,16301.3671875,16301.3671875,0.0,0,0,599.6875,599.6875,599.6875
2,DeepSeek-R1-Distill-Qwen-14B-Q6_K,291,"Los establecimientos del sistema de salud deben contar con un manual de procedimientos, guía, protocolo u otro instrumento para la prevención y detección de cáncer colorrectal que incluya: la información básica de la consejería, el reporte obligatorio de la enfermedad a través de la boleta de notificación obligatoria al Ministerio de Salud según corresponda, y los mecanismos de referencia a servicios especializados. Cuando los servicios se extiendan a la atención comunitaria, debe incluirse una planificación anual de acciones preventivas y de promoción de la salud acorde al perfil poblacional definido. También deben disponer de estrategias de sensibilización y capacitación permanente al personal de salud basada en evidencia científica.","</think>

Según la norma nacional para la atención del cáncer colorrectal en Costa Rica, los establecimientos del sistema de salud tienen las siguientes obligaciones:

1. Cumplir con los lineamientos de salud pública en prevención, detección temprana, diagnóstico, estadiación, tratamiento, rehabilitación y cuidados paliativos del cáncer colorrectal (CCR).

2. Garantizar el acceso, la calidad y la equidad en el manejo del CCR para todas las personas en el territorio nacional.

3. Participar en programas de tamizaje para detectar el CCR de manera temprana, lo que permite un mejor pronóstico y tratamiento.

4. Colaborar en la investigación y en la implementación de estrategias para mejorar la atención integral de las personas con CCR.

5. Asegurar la continuidad de la atención a través de un modelo de gestión que promueva la colaboración y complementariedad de los servicios, contribuyendo a la sostenibilidad del sistema de salud.

6. Organizar y coordinar actividades relacionadas con la atención integral de las personas con CCR, incluyendo la supervisión de la correcta selección de casos, la coordinación quirúrgica con equipos multidisciplinarios y la programación de agendas quirúrgicas.

7. Mantener registros médicos y asegurar la custodia, elaboración, archivado y localización de los mismos, en coordinación con el personal de Registros Médicos en Salud (REDES).

8. Desarrollar tareas de limpieza básica, organización del mobiliario, traslado de insumos no clínicos y gestión de desechos comunes, en apoyo a las actividades operativas.

9. Brindar atención al público, orientación y resolución de dudas básicas sobre trámites o procesos internos, actuando como primer punto de contacto institucional.

Estas obligaciones buscan asegurar una atención integral, oportuna y de calidad para las personas con cáncer colorrectal en Costa Rica.",100.82144220545888,1123,455,1578,open_ended,1325.8649096385373,977.7,2027.1,16301.391895707831,16301.3671875,16301.5234375,0.0,0,0,599.6875,599.6875,599.6875
2,DeepSeek-R1-Distill-Qwen-14B-Q6_K,220,"Según el Plan de Abordaje Integral, la identificación de la demanda para los programas de tamizaje se basa en la tasa de incidencia media por cada 100,000 habitantes durante el periodo 2017-2022, que fue de 11.66 para cáncer gástrico y de 18.25 para cáncer colorrectal; para priorizar los cantones, se consideran aquellos que se encuentran por encima de la media nacional respectiva, lo que resulta en 35 cantones con incidencia superior a 11.66 para cáncer gástrico y 36 cantones con incidencia superior a 18.25 para cáncer colorrectal, y en los Anexos No. 8 y No. 9 se detalla la población total por cantón que debe abordarse en los tamizajes para cada enfermedad.","</think>

La demanda para los programas de tamizaje de cáncer gástrico y colorrectal se identifica mediante la incidencia de estos cánceres en los cantones, utilizando datos del Ministerio de Salud. Los cantones con mayores tasas de incidencia son prioritarios, como se muestra en el Cuadro No. 6, donde los primeros 20 cantones presentan tasas superiores a la media nacional. El criterio para priorizar los cantones se basa en su incidencia, con un enfoque en aquellos que superan las tasas promedio, lo que sugiere una mayor carga de enfermedad y la necesidad de intervenciones específicas.",56.922236101701856,1161,152,1313,open_ended,1599.1260638297802,957.7,2029.3,16301.5234375,16301.5234375,16301.5234375,0.0,0,0,599.6875,599.6875,599.6875
2,DeepSeek-R1-Distill-Qwen-14B-Q6_K,239,"El CNDTCG brinda atención clínica y diagnóstica orientada a la detección, tratamiento y seguimiento de patologías del tracto gastrointestinal, basada en la clasificación técnica CIE-10. Los principales diagnósticos incluyen: cáncer de estómago (C16.0-C16.9) que abarca tumores malignos de los cardias, fundus gástrico, cuerpo del estómago, antro pilórico, piloro, curvaturas menor y mayor y sitios contiguos; cáncer colorrectal (C18.0-C18.9) que incluye tumores del ciego, apéndice, colon ascendente, ángulo hepático, colon transverso, ángulo esplénico, colon descendente, colon sigmoide y sitios contiguos; cáncer de la unión rectosigmoidea (C19) y de recto (C20); lesiones gástricas precancerosas (D00.2); adenomas colorrectales avanzados (D12.6); pólipos gástricos (D13.1); tumores subepiteliales del tracto digestivo (D13.2); sospecha de tumores pancreáticos (D13.6); gastritis crónica atrófica (K29.4); abscesos hepáticos (K75.0); coledocolitiasis (K80.5); colecistitis (K81.0); colangitis (K83.0); sangrado digestivo (K92.2); y recurrencias postquirúrgicas digestivas (T81.4). Estos diagnósticos constituyen la base clínica sobre la cual operan los distintos programas técnicos del centro.","</think>

El CNDTCG atiende diagnósticos nosológicos basados en la clasificación CIE-10, con un enfoque especial en el cáncer gástrico y colorrectal, siendo estas las principales causas de carga de enfermedad y mortalidad en Costa Rica. Además, ofrece servicios complementarios como patología biliar, resección submucosa endoscópica (ESD), cirugía mayor, cirugía percutánea, ultrasonido endoscópico, y endoscopía diagnóstica y de control, lo que refuerza su papel como centro especializado de referencia nacional.",57.68989307805896,1229,144,1373,open_ended,1625.7661417322786,987.4,2027.3,16301.5234375,16301.5234375,16301.5234375,0.0,0,0,599.6875,599.6875,599.6875
2,DeepSeek-R1-Distill-Qwen-14B-Q6_K,272,"Es una clasificación endoscópica que divide los pólipos en cuatro subtipos según el riesgo de malignidad: JNET 1 (hiperplásico), JNET 2A (neoplasia de bajo grado), JNET 2B (neoplasia de alto grado o invasión superficial), JNET 3 (cáncer invasor profundo).","</think>

La Clasificación JNET (Japan NBI Expert Team) para pólipos colorrectales es una sistema de categorización que divide los pólipos en cuatro subtipos basados en su características endoscópicas y grado de neoplasia. 

1. **JNET 1**: Pólipo hiperplásico.  
2. **JNET 2A**: Pólipo con neoplasia intramucosa de bajo grado.  
3. **JNET 2B**: Pólipo con neoplasia intramucosa de alto grado o invasión superficial de la submucosa.  
4. **JNET 3**: Lesión con cáncer invasor en la submucosa profunda.  

Esta clasificación ayuda a evaluar el riesgo de progreso maligno y guía la decisión terapéutica.",73.62510074581951,1498,193,1691,open_ended,1602.5709876543117,987.6,2028.8,16302.172228652264,16301.8359375,16302.3046875,0.0,0,0,599.6875,599.6875,599.6875
2,DeepSeek-R1-Distill-Qwen-14B-Q6_K,213,"Según el Plan de Abordaje Integral, el análisis de los años de vida potencialmente perdidos (YPLL) revela que, aunque mueren más hombres por cáncer de estómago, colon y recto (40,104 años perdidos en hombres frente a 31,933 en mujeres, con un 47% más de hombres fallecidos), las mujeres pierden en promedio más años de vida que los hombres, ya que la media de YPLL para las mujeres es de 16.49 años, significativamente mayor que la de los hombres que es de 14.10 años, y además los intervalos de confianza muestran que las mujeres tienen un límite superior de 17.00 años frente a 14.47 en hombres; esto significa que las mujeres que fallecen por estos tipos de cáncer lo hacen a edades más tempranas que los hombres, lo que representa una mayor pérdida de productividad y bienestar social, y resalta la importancia de implementar intervenciones efectivas de salud pública, incluyendo programas de tamizaje y detección temprana, que permitan reducir tanto la incidencia como la mortalidad, minimizando así los YPLL.","</think>

En el contexto proporcionado, se menciona que las tasas de mortalidad por cáncer de estómago, colon y recto son mayores en hombres que en mujeres. Sin embargo, también se señala que las mujeres sufren muertes más prematuras, lo que sugiere que, aunque los hombres mueren en mayor número, las mujeres tienden a fallecer a edades más jóvenes o en etapas tempranas de la enfermedad. Esto refleja una diferencia en la distribución de la mortalidad según el sexo, donde la incidencia y la mortalidad varían significativamente entre hombres y mujeres, afectando de manera desigual a cada grupo.",73.19620050303638,1654,147,1801,open_ended,1692.9650826446239,678.4,2027.3,14939.938912383781,5433.11328125,16302.4609375,0.0,0,0,599.6875,599.6875,599.6875
2,DeepSeek-R1-Distill-Qwen-14B-Q6_K,229,"Según el Plan de Abordaje Integral, las recomendaciones adicionales para fortalecer la implementación del plan incluyen: realizar una evaluación de viabilidad para implementar tamizaje de cáncer gástrico mediante EGD directa en zonas prioritarias con recursos disponibles, ya que es más preciso que la SGD; estandarizar las tasas de incidencia y mortalidad por edad para evitar que las diferencias en la distribución etaria entre cantones afecten la priorización de pacientes; crear una unidad móvil de endoscopia con dos salas para desplazarse a zonas de alta incidencia y baja capacidad de recursos, operada por especialistas mediante servicio social o contratos de retribución, mejorando la equidad en el acceso; establecer una red de voluntarios entrenados (estudiantes de medicina, enfermería y comunidad) para apoyar campañas de concientización y logística; integrar soluciones de telemedicina para consultas especializadas y seguimientos en regiones alejadas; forjar alianzas con el sector privado para apoyo financiero, logístico y tecnológico, incluyendo donación de equipos; implementar programas educativos sobre estilos de vida saludables como medida preventiva; invertir en investigación genética y desarrollo de biomarcadores para identificar individuos con mayor riesgo; y realizar convenios con entidades nacionales e internacionales para investigación en detección temprana, tratamiento y seguimiento, facilitando la transferencia de tecnología y capacitación especializada.","</think>

Las principales sugerencias propuestas para fortalecer la implementación y efectividad del plan son:

1. **Realizar una evaluación exhaustiva de la viabilidad** de implementar programas de tamizaje de cáncer gástrico mediante EGD directa en zonas prioritarias con recursos necesarios, debido a la alta incidencia y mortalidad en estas regiones.

2. **Desarrollar un sistema de seguimiento y evaluación continua**, que permita monitorear el progreso, identificar áreas de mejora y ajustar estrategias según sea necesario, asegurando transparencia en la presentación de avances y resultados.

3. **Implementar programas de capacitación continua** para el personal médico y técnico, y estrategias de retención para asegurar que el personal capacitado permanezca en el sistema de salud.

4. **Adquirir y mantener equipos médicos necesarios**, incluyendo dispositivos para endoscopia, fluoroscopia y análisis de laboratorio, para garantizar la calidad de los servicios.

5. **Realizar análisis de riesgos** y desarrollar estrategias de mitigación, identificando condiciones críticas y proponiendo acciones de mejora continua que fortalezcan los programas de tamizaje.

6. **Revisar mejores prácticas y análisis de resultados previos**, para desarrollar propuestas de mejora, implementar acciones piloto, monitorear y evaluar continuamente, asegurando un programa de mejora continua con mecanismos de evaluación y ajuste constante.",92.97531223390251,1480,337,1817,open_ended,1471.013376835226,987.4,2019.2,16281.941278803019,16280.76953125,16282.33203125,0.0,0,0,599.6875,599.6875,599.6875
2,DeepSeek-R1-Distill-Qwen-14B-Q6_K,226,"Según el Plan de Abordaje Integral, la colaboración con la academia es crucial para mejorar los programas de tamizaje: con la UCR y el CICICA se busca utilizar sus instalaciones (dos salas de endoscopia equipadas) y desarrollar inteligencia artificial para priorizar la interpretación de SGD's, permitiendo que el radiólogo interprete primero las imágenes que el algoritmo identifica con alteraciones; con el TEC se busca desarrollar modelos predictivos para identificar pacientes y grupos poblacionales con mayor probabilidad de desarrollar cáncer, además de colaborar en la identificación de requerimientos para el EDUS que mejoren el flujo de información y faciliten la gobernanza del CNDTCG sobre las DRIPSS; en cuanto a la desvinculación administrativa, el CNDTCG ha estado ubicado en el Hospital Max Peralta por 29 años, generando una codependencia en recursos financieros, humanos, equipamiento, infraestructura y procesos, por lo que debe realizarse un proceso ordenado de desvinculación que considere el traslado de recursos y el establecimiento de un nuevo modelo de coexistencia, ya que el CNDTCG no cuenta aún con estructura administrativa completa para absorber procesos como mantenimiento, vigilancia, aseo y tecnologías de información.","</think>

La colaboración con la academia, como la UCR/CICICA y el TEC, es fundamental para los programas de tamizaje ya que aporta conocimientos y avances tecnológicos que mejoran la detección temprana del cáncer. Esto asegura que los servicios médicos estén alineados con las mejores prácticas internacionales y fomenta la innovación en el diagnóstico y tratamiento. Además, estas alianzas fortalecen la capacitación del personal médico, garantizando un cuidado de calidad y actualizado para los pacientes.

La desvinculación administrativa del CNDTCG del Hospital Max Peralta podría tener implicaciones significativas. Sin esta relación, se podría afectar la coordinación en la atención de pacientes derivados, lo que podría retrasar los tiempos de resolución y disminuir la continuidad en el cuidado. Asimismo, la comunicación formal entre los establecimientos podría verse comprometida, lo que podría dificultar la planificación integral y el monitoreo de desempeño de los programas de tamizaje. Esto podría impactar negativamente en la optimización de recursos y en el cumplimiento de los objetivos estratégicos de atención especializada en cáncer gastrointestinal.",82.38316922541708,1366,275,1641,open_ended,1489.7014705882227,129.7,2018.9,16284.862189797794,16283.89453125,16285.30078125,0.0,0,0,599.6875,599.6875,599.6875
2,DeepSeek-R1-Distill-Qwen-14B-Q6_K,208,"Durante el periodo 2017-2022, la incidencia del cáncer de estómago mostró una ligera disminución hacia el final del periodo, pasando de alrededor de 12-13 casos por cada 100,000 habitantes a aproximadamente 10 casos en 2022, mientras que la incidencia del cáncer de colon se mantuvo relativamente estable entre 11 y 12 casos por cada 100,000 habitantes, y la del cáncer de recto se mantuvo constante entre 6 y 7 casos; la incidencia total combinada de los tres tipos de cáncer mostró una leve disminución desde 30.60 casos en 2017 hasta 27.91 casos en 2022, y en cuanto a la diferencia por sexo, la incidencia en hombres fue consistentemente mayor que en mujeres a lo largo del periodo, con un subtotal que osciló entre 32.78 y 30.19 casos por cada 100,000 habitantes en hombres, frente a 28.68 y 27.15 casos en mujeres, lo que subraya la necesidad de estrategias de prevención y tratamiento adaptadas a cada grupo.","</think>

No lo sé.",45.4874338582158,1503,7,1510,open_ended,1970.417880794707,449.0,2019.3,16286.382114031458,16285.92578125,16286.70703125,0.0,0,0,599.6875,599.6875,599.6875
2,DeepSeek-R1-Distill-Qwen-14B-Q6_K,225,"Según el Plan de Abordaje Integral, para garantizar el seguimiento efectivo de los pacientes se requieren varias condiciones especiales: acceso a procedimientos programados a través del módulo SIAC del EDUS para conocer si un paciente con examen alterado recibió una endoscopía, cuándo y dónde, y si se presentó; acceso masivo a resultados de biopsias mediante ARCA-Patología para tomar acciones oportunas y medir el desempeño de los programas en detección de lesiones premalignas; y acceso a resultados de FIT a través del SILC, cuya implementación requiere un equipo especializado de 1 MQC3, 2 MQC2 y 5 Analistas de Sistemas 4, ubicado en el Área de Regulación y Sistematización de la DDSS, ya que actualmente el EDUS no fue diseñado para programas de tamizaje y la falta de interoperabilidad entre módulos impide la trazabilidad; además, la CCSS no cuenta con una normativa específica que obligue a los diferentes niveles de atención a participar en los programas de tamizaje, por lo que es necesario establecer políticas claras que definan las responsabilidades de laboratorios clínicos, servicios de radiología y gastroenterología para garantizar una cobertura uniforme y efectiva.","</think>

Las condiciones especiales necesarias para garantizar el seguimiento de los pacientes en los programas de tamizaje incluyen el acceso a datos personales de los pacientes, como nombre, apellidos, teléfono, correo electrónico, dirección y área de salud, respetando la Ley de Protección de Datos Personales (Ley No. 8968). Además, es fundamental la coordinación con diferentes equipos clínicos y servicios, como anestesia, endoscopía, imagenología y enfermería, para asegurar la disponibilidad de recursos y atención oportuna. La normativa institucional juega un papel crucial al definir los protocolos y técnicas adecuadas para cada paciente, así como al garantizar la calidad y continuidad de los procesos clínicos y administrativos.",65.22798901237547,1335,174,1509,open_ended,1598.178422273775,638.5,2029.2,16287.541935542344,16287.17578125,16287.80078125,0.0,0,0,599.6875,599.6875,599.6875
2,DeepSeek-R1-Distill-Qwen-14B-Q6_K,283,"El informe de anatomía patológica debe incluir: el número total de adenomas y de pólipos serrados encontrados; el diagnóstico histopatológico de cada pólipo, especificando su tipo; la presencia de componente velloso en cada pólipo; y el grado de displasia de cada pólipo, indicando si es de bajo o alto grado. Esta información es fundamental para determinar el riesgo de progresión a cáncer y la necesidad de vigilancia endoscópica posterior.","</think>

El informe de anatomía patológica debe incluir la interpretación de los resultados de las biopsias, correlacionando los hallazgos con la clínica del paciente y los estudios complementarios. Además, debe indicar el estadio clínico y por imágenes, y activar las rutas terapéuticas oportunas.",47.6079650465399,1251,76,1327,open_ended,1770.4638095238029,987.5,2027.3,16288.95455109127,16288.42578125,16289.36328125,0.0,0,0,599.6875,599.6875,599.6875
2,DeepSeek-R1-Distill-Qwen-14B-Q6_K,280,"Los factores de riesgo para cáncer colorrectal se clasifican en tres categorías: estilo de vida, que incluye consumo de carnes rojas procesadas (embutidos, salchichas, jamón, tocino), dieta baja en fibra, obesidad, tabaco y alcohol; factores patológicos que incluyen personas con antecedentes de irradiación abdominal, enfermedad inflamatoria intestinal (enfermedad de Crohn y colitis ulcerativa), antecedentes de pólipos intestinales y antecedente de cáncer colorrectal; y factores familiares que incluyen antecedentes de familiares (padre, madre, hijos y hermanos) menores de 50 años con cáncer colorrectal, así como síndromes hereditarios como Síndrome de Lynch, Poliposis adenomatosa familiar, Poliposis adenomatosa familiar atenuada, Poliposis asociada a MUTYH, Síndrome de Peutz-Jeghers, Síndrome de poliposis juvenil y Síndrome de Cowden.","</think>

Según la norma proporcionada, los factores de riesgo para el cáncer colorrectal se pueden clasificar de la siguiente manera:

**Factores de riesgo patológicos:**
- Antecedentes patológicos personales.

**Factores de riesgo familiares:**
- Antecedentes heredofamiliares de cáncer colorrectal de primer grado (madre, padre, hermanos, hijos).

No se mencionan factores de riesgo relacionados con el estilo de vida en el contexto proporcionado.",64.79252545256168,1563,120,1683,open_ended,1718.8336448598088,987.6,2027.3,16290.35262120327,16289.83203125,16290.76953125,0.0,0,0,599.6875,599.6875,599.6875
2,DeepSeek-R1-Distill-Qwen-14B-Q6_K,243,"La oferta de servicios del CNDTCG más allá de los programas de tamizaje incluye una gama de servicios clínicos, diagnósticos, quirúrgicos, técnicos, de formación y apoyo, enfocados en la detección temprana, tratamiento oportuno y seguimiento de patologías del tracto gastrointestinal. Estos servicios incluyen: el Programa de Patología Biliar, que brinda abordaje integral a enfermedades complejas del árbol biliar mediante CPRE, drenajes biliares y extracción de cálculos; el Programa de Resección Submucosa Endoscópica (ESD), que permite la resección en bloque de lesiones precancerosas o neoplasias superficiales; el Programa de Cirugía Mayor, que ofrece tratamiento quirúrgico especializado a personas con lesiones que requieren intervención quirúrgica mayor; el Programa de Cirugía Percutánea, que ofrece alternativa terapéutica mínimamente invasiva mediante técnicas guiadas por imagen; el Programa de Ultrasonido Endoscópico, para evaluación avanzada de lesiones y estadificación; y el Programa de Endoscopía Diagnóstica y de Control, para confirmación diagnóstica y seguimiento de lesiones. Además, el CNDTCG ofrece servicios de docencia y formación continua, investigación científica y apoyo técnico a la red institucional.","</think>

El CNDTCG ofrece servicios complementarios más allá de los programas de tamizaje, incluyendo patología biliar, resección submucosa endoscópica (ESD), cirugía mayor, cirugía percutánea, ultrasonido endoscópico, y endoscopía diagnóstica y de control. Estos servicios amplían su capacidad resolutiva y consolidan su papel como centro especializado de referencia nacional.",60.41514896415174,1513,104,1617,open_ended,1736.5969999999966,389.1,2027.3,16291.15859375,16290.92578125,16291.23828125,0.0,0,0,599.6875,599.6875,599.6875
2,DeepSeek-R1-Distill-Qwen-14B-Q6_K,256,"El proceso de tamizaje para el cáncer colorrectal comienza con la invitación estructurada a la población objetivo de 50 a 74 años. El paciente se somete a una prueba FIT en un laboratorio clínico para detectar sangre oculta en heces, donde el microbiólogo y personal de apoyo realizan el análisis. Si el resultado es positivo, el paciente se somete a una colonoscopia, donde el endoscopista visualiza el colon y toma biopsias si es necesario, asistido por el técnico de endoscopia. Si se encuentran adenomas, se remueven inmediatamente. Los resultados de la biopsia determinan si se ha detectado cáncer o adenoma; en caso positivo, el paciente es referido para tratamiento.","</think>

El proceso de tamizaje para el cáncer colorrectal según el modelo del CNDTCG se desarrolla en los siguientes pasos:

1. **Invitación a participar**: Se contacta a la población objetivo que cumple con los criterios de inclusión definidos por el programa.

2. **Realización de la prueba FIT**: El paciente se somete a una prueba de sangre oculta en las heces (Fecal Immunological Test), realizada en un laboratorio clínico. Aquí, el microbiólogo y el personal de apoyo de laboratorios clínicos intervienen en el análisis.

3. **Interpretación de resultados**: Los resultados de la prueba FIT son evaluados para determinar la presencia de sangre oculta, lo que puede indicar la necesidad de una endoscopia.

4. **Endoscopia**: En caso de resultados positivos en la prueba FIT, el paciente es derivado a un endoscopista para una colonoscopia, realizada por un técnico de endoscopia.

5. **Análisis patológico**: Si se detectan lesiones durante la colonoscopia, se toman biopsias que son enviadas al patólogo para su examen y diagnóstico definitivo.

6. **Tratamiento**: En caso de diagnóstico positivo, el paciente recibe el tratamiento correspondiente.

Este proceso involucra a varios profesionales de la salud, cada uno con un papel específico en diferentes etapas del tamizaje.",70.45806473027915,861,323,1184,open_ended,1355.5349137930925,987.5,2027.3,16291.836004849138,16291.70703125,16292.01953125,0.0,0,0,599.6875,599.6875,599.6875
2,DeepSeek-R1-Distill-Qwen-14B-Q6_K,253,"El CNDTCG utiliza múltiples sistemas de información institucionales para su operación: el Expediente Digital Único en Salud (EDUS) como fuente oficial y legal de la información de las atenciones en salud de los pacientes; el Sistema de Identificación Agendas y Citas (SIAC) para la programación de procedimientos; el Sistema de Información de Estadísticas en Salud (SIES) para el registro y análisis de datos; el Sistema ARCA para el registro de procedimientos y resultados de laboratorio y patología; y bases de datos internas como FileMaker para gestión específica de programas. Estos sistemas permiten registrar, monitorear y analizar la información clínica, administrativa y operativa necesaria para la toma de decisiones y evaluación del desempeño. El acceso a estos sistemas debe garantizar la interoperabilidad entre módulos para asegurar la trazabilidad efectiva de los pacientes. La integración de estos sistemas es fundamental para el seguimiento de pacientes desde la invitación inicial hasta el tratamiento y seguimiento, permitiendo medir indicadores de desempeño, ausentismo, tiempos de espera y resultados clínicos.","</think>

El CNDTCG utiliza sistemas de información institucionales que incluyen el expediente digital, la imagenología y las bases de datos.",46.13479726947844,1410,32,1442,open_ended,1894.4114379084954,478.9,2028.9,16292.48521752451,16292.17578125,16292.64453125,0.0,0,0,599.6875,599.6875,599.6875
2,DeepSeek-R1-Distill-Qwen-14B-Q6_K,242,"La operación del CNDTCG se encuentra alineada con el Mapa de Procesos Institucional de la CCSS, contribuyendo al cumplimiento de sus macroprocesos estratégicos, sustantivos y de apoyo. En su quehacer principal, el CNDTCG se inserta dentro del Macroproceso Sustantivo de Atención de la Salud, particularmente en las áreas de promoción de la salud, prevención secundaria, recuperación y rehabilitación, mediante la implementación de programas de tamizaje, diagnóstico temprano, tratamiento quirúrgico y seguimiento clínico. Además, mantiene articulación funcional con los Macroprocesos Estratégicos en aspectos de gestión de salud, planificación estratégica, aseguramiento de la calidad asistencial y fortalecimiento de la investigación en salud. Para el soporte de su operación, el CNDTCG depende de los Macroprocesos de Apoyo en áreas de gestión de talento humano, abastecimiento de insumos médicos y materiales, mantenimiento y gestión de infraestructura hospitalaria, soporte tecnológico e informático (expediente digital, imagenología, bases de datos), y apoyo administrativo y financiero. Esta interrelación asegura la integración del CNDTCG dentro de la Red de Servicios de Salud, facilitando la continuidad del cuidado y la optimización de recursos.","</think>

El CNDTCG opera alineado con el Mapa de Procesos Institucionales de la CCSS, contribuyendo específicamente al Macroproceso Sustantivo de Atención de la Salud. Se enfoca en áreas como promoción de salud, prevención secundaria, recuperación y rehabilitación, mediante programas de tamizaje, diagnóstico temprano, tratamiento quirúrgico y seguimiento clínico de personas con patologías gastrointestinales. Esta alineación asegura que el centro cumpla con los principios de calidad, oportunidad, equidad, continuidad e integralidad de los servicios de salud de la CCSS.",56.529857273213565,1411,150,1561,open_ended,1594.9700534759304,79.8,2018.9,16292.64453125,16292.64453125,16292.64453125,0.0,0,0,599.6875,599.6875,599.6875
2,DeepSeek-R1-Distill-Qwen-14B-Q6_K,207,"El plan se fundamenta en una serie de supuestos clave que deben cumplirse para asegurar su éxito, entre los que se incluyen la colaboración efectiva entre CCSS, universidades estatales, centros de investigación y otras instituciones; los ajustes necesarios al EDUS para interoperabilidad y seguimiento eficaz de pacientes; la participación activa de la población en los programas de tamizaje y campañas educativas; un fuerte apoyo político e institucional para políticas y normativas; la garantía de acceso equitativo a los servicios de salud en todas las regiones, especialmente en áreas con mayor necesidad; la disponibilidad de datos epidemiológicos y de capacidad instalada precisos y actualizados para la toma de decisiones informadas; la capacidad del CNDTCG para coordinar eficientemente a todos los actores sin interrupciones; un enfoque constante en la innovación y adaptabilidad para ajustar el plan a avances tecnológicos y nuevas evidencias; la resiliencia y sostenibilidad del plan a largo plazo con estrategias para enfrentar desafíos; y finalmente, que los participantes de los programas sean personas usuarias que cuenten con modalidad de aseguramiento.","</think>

Los principales supuestos esenciales para la implementación exitosa del plan son:

1. **Disponibilidad de Recursos Financieros**: Se asignarán los fondos necesarios para la implementación y mantenimiento del plan, incluyendo equipamiento, infraestructura y capacitación del personal.

2. **Capacitación y Retención de Personal**: Se implementarán programas de capacitación continua y estrategias de retención para asegurar que el personal capacitado permanezca en el sistema de salud.

3. **Disponibilidad y Adquisición de Equipamiento Médico**: Se podrán adquirir y mantener los equipos médicos necesarios, como dispositivos para endoscopia, fluoroscopia y análisis de laboratorio.

4. **Apoyo Político e Institucional**: Habrá un fuerte apoyo político e institucional para las políticas y normativas necesarias para implementar el plan.

5. **Monitoreo y Evaluación Continua**: Se establecerán mecanismos de monitoreo y evaluación continua para ajustar y mejorar las estrategias del plan en función de los resultados.

6. **Acceso Equitativo a los Servicios de Salud**: Se garantizará el acceso equitativo a los servicios de salud en todas las regiones, especialmente en áreas con mayor necesidad de intervención.

Estos supuestos aseguran que el plan se implemente de manera efectiva, optimizando los resultados y cumpliendo con los objetivos establecidos.",91.38530906755479,1460,326,1786,open_ended,1473.8089552238746,498.9,2019.3,16292.978538298094,16292.64453125,16293.11328125,0.0,0,0,599.6875,599.6875,599.6875
2,DeepSeek-R1-Distill-Qwen-14B-Q6_K,251,"La captación de pacientes en los programas de tamizaje del CNDTCG es un proceso crítico para asegurar el éxito de los programas organizados. El CNDTCG es responsable de la captación estructurada de la población objetivo, para lo cual requiere acceso a los datos de la población adscrita con variables como nombre, apellidos, teléfonos, correo electrónico, provincia, cantón y distrito de residencia, así como el Área de Salud de adscripción, considerando la Ley de Protección de Datos Personales. La captación se realiza para invitar a los pacientes a realizarse un FIT y/o una SGD, y se repite cada dos años para asegurar seguimiento continuo. Se realiza por medio de invitación telefónica a través de centros de llamadas especializados, dado el volumen considerable de personas y los controles estrictos requeridos. Existen pérdidas en el proceso: no todas las personas pueden ser localizadas por diversas razones, y para lograr la participación de una cierta cantidad de personas se debe contactar al menos al triple de ellas, con al menos dos llamadas adicionales si no son localizados. Por ejemplo, para 67,136 personas en 2025, se requieren más de 200,000 gestiones, reflejando la criticidad de esta etapa.","</think>

La captación de pacientes en los programas de tamizaje es realizada por el CNDTCG, quien necesita acceso a datos personales de la población adscrita, tales como nombre, apellidos, teléfonos, correo electrónico, provincia, cantón y distrito de residencia, así como el Área de Salud de adscripción. Estos datos son fundamentales para localizar a los pacientes y garantizar una captación efectiva y oportuna. El proceso incluye invitar a los pacientes a realizarse un FIT (Test Inmunológico Fecal) y/o una SGD (Serie Gastroduodenal), con el fin de detectar precozmente condiciones específicas. Además, se deben considerar las disposiciones legales, como la Ley de Protección de la Persona frente al tratamiento de sus datos personales, Ley No. 8968.",58.90999314561486,1113,187,1300,open_ended,1549.3017994858528,808.2,2019.1,16293.499287034061,16293.26953125,16293.58203125,0.0,0,0,599.6875,599.6875,599.6875
