bag_id,model,question_id,question_type,f1_token,acierto_binario,rouge1,rouge2,meteor,bertscore
0,Qwen3.5-4B,79,yes_no,0.0,,,,,
0,Qwen3.5-4B,71,yes_no,0.0,,,,,
0,Qwen3.5-4B,75,yes_no,0.0,,,,,
0,Qwen3.5-4B,8,yes_no,0.0,,,,,
0,Qwen3.5-4B,72,yes_no,0.0,,,,,
0,Qwen3.5-4B,67,yes_no,0.0,,,,,
0,Qwen3.5-4B,108,yes_no,0.0,,,,,
0,Qwen3.5-4B,12,yes_no,0.0,,,,,
0,Qwen3.5-4B,95,yes_no,0.0,,,,,
0,Qwen3.5-4B,72,yes_no,0.0,,,,,
0,Qwen3.5-4B,50,yes_no,0.0,,,,,
0,Qwen3.5-4B,84,yes_no,0.0,,,,,
0,Qwen3.5-4B,13,yes_no,0.0,,,,,
0,Qwen3.5-4B,56,yes_no,0.0,0.0,,,,
0,Qwen3.5-4B,47,yes_no,0.0,,,,,
0,Qwen3.5-4B,115,yes_no,0.0,,,,,
0,Qwen3.5-4B,46,yes_no,0.0,,,,,
0,Qwen3.5-4B,11,yes_no,0.0,,,,,
0,Qwen3.5-4B,41,yes_no,0.0,0.0,,,,
0,Qwen3.5-4B,110,yes_no,0.0,,,,,
0,Qwen3.5-4B,95,yes_no,0.0,,,,,
0,Qwen3.5-4B,26,yes_no,0.0,,,,,
0,Qwen3.5-4B,102,yes_no,0.0,,,,,
0,Qwen3.5-4B,90,yes_no,0.0,,,,,
0,Qwen3.5-4B,79,yes_no,0.0,,,,,
0,Qwen3.5-4B,14,yes_no,0.0,,,,,
0,Qwen3.5-4B,91,yes_no,0.0,0.0,,,,
0,Qwen3.5-4B,17,yes_no,0.0,,,,,
0,Qwen3.5-4B,75,yes_no,0.0,,,,,
0,Qwen3.5-4B,44,yes_no,0.0,,,,,
0,Qwen3.5-4B,120,yes_no,0.0,,,,,
0,Qwen3.5-4B,110,yes_no,0.0,,,,,
0,Qwen3.5-4B,44,yes_no,0.0,,,,,
0,Qwen3.5-4B,55,yes_no,0.0,,,,,
0,Qwen3.5-4B,104,yes_no,0.0,,,,,
0,Qwen3.5-4B,14,yes_no,0.0,,,,,
0,Qwen3.5-4B,83,yes_no,0.0,,,,,
0,Qwen3.5-4B,104,yes_no,0.0,,,,,
0,Qwen3.5-4B,69,yes_no,0.0,0.0,,,,
0,Qwen3.5-4B,74,yes_no,0.0,,,,,
0,Qwen3.5-4B,5,yes_no,0.0,,,,,
0,Qwen3.5-4B,94,yes_no,0.0,,,,,
0,Qwen3.5-4B,19,yes_no,0.0,,,,,
0,Qwen3.5-4B,90,yes_no,0.0,,,,,
0,Qwen3.5-4B,73,yes_no,0.0,,,,,
0,Qwen3.5-4B,29,yes_no,0.0,,,,,
0,Qwen3.5-4B,6,yes_no,1.0,1.0,,,,
0,Qwen3.5-4B,28,yes_no,0.0,,,,,
0,Qwen3.5-4B,73,yes_no,0.0,,,,,
0,Qwen3.5-4B,13,yes_no,0.0,,,,,
0,Qwen3.5-4B,29,yes_no,0.0,,,,,
0,Qwen3.5-4B,12,yes_no,0.0,,,,,
0,Qwen3.5-4B,85,yes_no,0.0,,,,,
0,Qwen3.5-4B,21,yes_no,0.0,,,,,
0,Qwen3.5-4B,28,yes_no,0.0,,,,,
0,Qwen3.5-4B,95,yes_no,0.0,,,,,
0,Qwen3.5-4B,48,yes_no,0.0,,,,,
0,Qwen3.5-4B,75,yes_no,0.0,,,,,
0,Qwen3.5-4B,7,yes_no,0.0,,,,,
0,Qwen3.5-4B,98,yes_no,1.0,1.0,,,,
0,Qwen3.5-4B,10,yes_no,0.0,,,,,
0,Qwen3.5-4B,33,yes_no,0.0,,,,,
0,Qwen3.5-4B,112,yes_no,0.0,,,,,
0,Qwen3.5-4B,64,yes_no,0.0,,,,,
0,Qwen3.5-4B,81,yes_no,0.0,,,,,
0,Qwen3.5-4B,75,yes_no,0.0,,,,,
0,Qwen3.5-4B,97,yes_no,0.0,,,,,
0,Qwen3.5-4B,1,yes_no,0.0,,,,,
0,Qwen3.5-4B,1,yes_no,0.0,,,,,
0,Qwen3.5-4B,78,yes_no,0.0,,,,,
0,Qwen3.5-4B,75,yes_no,0.0,,,,,
0,Qwen3.5-4B,30,yes_no,0.0,,,,,
0,Qwen3.5-4B,113,yes_no,0.0,,,,,
0,Qwen3.5-4B,16,yes_no,0.0,,,,,
0,Qwen3.5-4B,113,yes_no,0.0,,,,,
0,Qwen3.5-4B,109,yes_no,0.0,,,,,
0,Qwen3.5-4B,21,yes_no,0.0,,,,,
0,Qwen3.5-4B,4,yes_no,0.0,,,,,
0,Qwen3.5-4B,86,yes_no,0.0,,,,,
0,Qwen3.5-4B,105,yes_no,0.0,,,,,
0,Qwen3.5-4B,109,yes_no,0.0,,,,,
0,Qwen3.5-4B,7,yes_no,0.0,,,,,
0,Qwen3.5-4B,68,yes_no,0.0,,,,,
0,Qwen3.5-4B,54,yes_no,0.0,,,,,
0,Qwen3.5-4B,93,yes_no,0.0,,,,,
0,Qwen3.5-4B,28,yes_no,0.0,,,,,
0,Qwen3.5-4B,11,yes_no,0.0,,,,,
0,Qwen3.5-4B,31,yes_no,0.0,,,,,
0,Qwen3.5-4B,77,yes_no,0.0,,,,,
0,Qwen3.5-4B,48,yes_no,0.0,,,,,
0,Qwen3.5-4B,8,yes_no,0.0,,,,,
0,Qwen3.5-4B,87,yes_no,0.0,0.0,,,,
0,Qwen3.5-4B,100,yes_no,0.0,,,,,
0,Qwen3.5-4B,2,yes_no,0.0,,,,,
0,Qwen3.5-4B,5,yes_no,0.0,,,,,
0,Qwen3.5-4B,13,yes_no,0.0,,,,,
0,Qwen3.5-4B,75,yes_no,0.0,,,,,
0,Qwen3.5-4B,47,yes_no,0.0,,,,,
0,Qwen3.5-4B,107,yes_no,0.0,,,,,
0,Qwen3.5-4B,88,yes_no,1.0,1.0,,,,
0,Qwen3.5-4B,138,short_answer,0.0,,,,,
0,Qwen3.5-4B,161,short_answer,0.017094017094017096,,,,,
0,Qwen3.5-4B,150,short_answer,0.05454545454545455,,,,,
0,Qwen3.5-4B,150,short_answer,0.048,,,,,
0,Qwen3.5-4B,154,short_answer,0.0,,,,,
0,Qwen3.5-4B,213,short_answer,0.0,,,,,
0,Qwen3.5-4B,141,short_answer,0.0,,,,,
0,Qwen3.5-4B,217,short_answer,0.0,,,,,
0,Qwen3.5-4B,159,short_answer,0.0,,,,,
0,Qwen3.5-4B,156,short_answer,0.016129032258064516,,,,,
0,Qwen3.5-4B,160,short_answer,0.016129032258064516,,,,,
0,Qwen3.5-4B,171,short_answer,0.0,,,,,
0,Qwen3.5-4B,207,short_answer,0.03361344537815126,,,,,
0,Qwen3.5-4B,211,short_answer,0.0,,,,,
0,Qwen3.5-4B,197,short_answer,0.0,,,,,
0,Qwen3.5-4B,167,short_answer,0.0,,,,,
0,Qwen3.5-4B,178,short_answer,0.0,,,,,
0,Qwen3.5-4B,219,short_answer,0.0,,,,,
0,Qwen3.5-4B,156,short_answer,0.0,,,,,
0,Qwen3.5-4B,169,short_answer,0.034782608695652174,,,,,
0,Qwen3.5-4B,150,short_answer,0.06956521739130435,,,,,
0,Qwen3.5-4B,197,short_answer,0.0,,,,,
0,Qwen3.5-4B,193,short_answer,0.017699115044247787,,,,,
0,Qwen3.5-4B,212,short_answer,0.0,,,,,
0,Qwen3.5-4B,191,short_answer,0.0,,,,,
0,Qwen3.5-4B,145,short_answer,0.0,,,,,
0,Qwen3.5-4B,187,short_answer,0.0,,,,,
0,Qwen3.5-4B,210,short_answer,0.0,,,,,
0,Qwen3.5-4B,189,short_answer,0.017241379310344827,,,,,
0,Qwen3.5-4B,195,short_answer,0.01680672268907563,,,,,
0,Qwen3.5-4B,139,short_answer,0.0,,,,,
0,Qwen3.5-4B,177,short_answer,0.0,,,,,
0,Qwen3.5-4B,193,short_answer,0.0,,,,,
0,Qwen3.5-4B,163,short_answer,0.0,,,,,
0,Qwen3.5-4B,166,short_answer,0.016129032258064516,,,,,
0,Qwen3.5-4B,159,short_answer,0.0,,,,,
0,Qwen3.5-4B,162,short_answer,0.03305785123966942,,,,,
0,Qwen3.5-4B,187,short_answer,0.0,,,,,
0,Qwen3.5-4B,155,short_answer,0.0,,,,,
0,Qwen3.5-4B,143,short_answer,0.0,,,,,
0,Qwen3.5-4B,153,short_answer,0.0,,,,,
0,Qwen3.5-4B,208,short_answer,0.03278688524590164,,,,,
0,Qwen3.5-4B,172,short_answer,0.0,,,,,
0,Qwen3.5-4B,208,short_answer,0.015384615384615385,,,,,
0,Qwen3.5-4B,205,short_answer,0.0,,,,,
0,Qwen3.5-4B,184,short_answer,0.0,,,,,
0,Qwen3.5-4B,177,short_answer,0.0,,,,,
0,Qwen3.5-4B,126,short_answer,0.0,,,,,
0,Qwen3.5-4B,122,short_answer,0.0,,,,,
0,Qwen3.5-4B,194,short_answer,0.01652892561983471,,,,,
0,Qwen3.5-4B,198,short_answer,0.0,,,,,
0,Qwen3.5-4B,123,short_answer,0.0784313725490196,,,,,
0,Qwen3.5-4B,202,short_answer,0.0,,,,,
0,Qwen3.5-4B,205,short_answer,0.0,,,,,
0,Qwen3.5-4B,173,short_answer,0.048780487804878044,,,,,
0,Qwen3.5-4B,211,short_answer,0.0,,,,,
0,Qwen3.5-4B,133,short_answer,0.0,,,,,
0,Qwen3.5-4B,209,short_answer,0.0,,,,,
0,Qwen3.5-4B,170,short_answer,0.0,,,,,
0,Qwen3.5-4B,122,short_answer,0.0,,,,,
0,Qwen3.5-4B,140,short_answer,0.01785714285714286,,,,,
0,Qwen3.5-4B,200,short_answer,0.0,,,,,
0,Qwen3.5-4B,193,short_answer,0.017094017094017096,,,,,
0,Qwen3.5-4B,197,short_answer,0.0,,,,,
0,Qwen3.5-4B,149,short_answer,0.0,,,,,
0,Qwen3.5-4B,190,short_answer,0.0,,,,,
0,Qwen3.5-4B,212,short_answer,0.0,,,,,
0,Qwen3.5-4B,161,short_answer,0.01818181818181818,,,,,
0,Qwen3.5-4B,182,short_answer,0.0,,,,,
0,Qwen3.5-4B,215,short_answer,0.0,,,,,
0,Qwen3.5-4B,143,short_answer,0.0,,,,,
0,Qwen3.5-4B,173,short_answer,0.0,,,,,
0,Qwen3.5-4B,208,short_answer,0.049586776859504134,,,,,
0,Qwen3.5-4B,158,short_answer,0.017241379310344827,,,,,
0,Qwen3.5-4B,187,short_answer,0.0,,,,,
0,Qwen3.5-4B,183,short_answer,0.016129032258064516,,,,,
0,Qwen3.5-4B,196,short_answer,0.0,,,,,
0,Qwen3.5-4B,196,short_answer,0.0,,,,,
0,Qwen3.5-4B,205,short_answer,0.0,,,,,
0,Qwen3.5-4B,188,short_answer,0.0,,,,,
0,Qwen3.5-4B,194,short_answer,0.0,,,,,
0,Qwen3.5-4B,140,short_answer,0.0,,,,,
0,Qwen3.5-4B,124,short_answer,0.0,,,,,
0,Qwen3.5-4B,125,short_answer,0.0,,,,,
0,Qwen3.5-4B,166,short_answer,0.03389830508474576,,,,,
0,Qwen3.5-4B,209,short_answer,0.0,,,,,
0,Qwen3.5-4B,122,short_answer,0.0,,,,,
0,Qwen3.5-4B,207,short_answer,0.03225806451612903,,,,,
0,Qwen3.5-4B,185,short_answer,0.0,,,,,
0,Qwen3.5-4B,141,short_answer,0.0,,,,,
0,Qwen3.5-4B,160,short_answer,0.016666666666666666,,,,,
0,Qwen3.5-4B,125,short_answer,0.0,,,,,
0,Qwen3.5-4B,169,short_answer,0.034188034188034185,,,,,
0,Qwen3.5-4B,137,short_answer,0.0,,,,,
0,Qwen3.5-4B,196,short_answer,0.0,,,,,
0,Qwen3.5-4B,181,short_answer,0.0,,,,,
0,Qwen3.5-4B,166,short_answer,0.031746031746031744,,,,,
0,Qwen3.5-4B,194,short_answer,0.016129032258064516,,,,,
0,Qwen3.5-4B,190,short_answer,0.016129032258064516,,,,,
0,Qwen3.5-4B,135,short_answer,0.0,,,,,
0,Qwen3.5-4B,295,open_ended,,,0.10999999999999999,0.015075376884422112,0.14002997302592443,0.6041104197502136
0,Qwen3.5-4B,310,open_ended,,,0.08398950131233596,0.026385224274406333,0.14545955341115238,0.5976638793945312
0,Qwen3.5-4B,292,open_ended,,,0.05056179775280899,0.0,0.10816125860373649,0.566623330116272
0,Qwen3.5-4B,316,open_ended,,,0.08252427184466019,0.014634146341463414,0.17571002132196165,0.6056088805198669
0,Qwen3.5-4B,246,open_ended,,,0.06896551724137931,0.009237875288683603,0.10788941335131491,0.6332107782363892
0,Qwen3.5-4B,314,open_ended,,,0.11764705882352941,0.04301075268817204,0.23614001189060646,0.5475233793258667
0,Qwen3.5-4B,248,open_ended,,,0.0995260663507109,0.009523809523809525,0.13142236484411554,0.5944773554801941
0,Qwen3.5-4B,248,open_ended,,,0.031531531531531536,0.0,0.08934072704867528,0.6069367527961731
0,Qwen3.5-4B,246,open_ended,,,0.08899297423887588,0.014117647058823532,0.12757436756667673,0.6255548000335693
0,Qwen3.5-4B,288,open_ended,,,0.07712082262210798,0.031007751937984496,0.08566275924256087,0.5845921039581299
0,Qwen3.5-4B,258,open_ended,,,0.045,0.010050251256281407,0.08564925465618584,0.5952619910240173
0,Qwen3.5-4B,268,open_ended,,,0.04741379310344828,0.012987012987012986,0.0883838383838384,0.5776699781417847
0,Qwen3.5-4B,229,open_ended,,,0.06535947712418301,0.0175054704595186,0.09533096468852369,0.5803748369216919
0,Qwen3.5-4B,307,open_ended,,,0.06565656565656565,0.005076142131979695,0.08605072463768118,0.5940704941749573
0,Qwen3.5-4B,226,open_ended,,,0.0684931506849315,0.0,0.11176857330703485,0.6122109293937683
0,Qwen3.5-4B,233,open_ended,,,0.1542168674698795,0.004842615012106538,0.1892080057183703,0.6136160492897034
0,Qwen3.5-4B,297,open_ended,,,0.10584958217270196,0.03361344537815125,0.1719567810960591,0.5944257974624634
0,Qwen3.5-4B,319,open_ended,,,0.029126213592233007,0.0,0.06770490454246214,0.577885091304779
0,Qwen3.5-4B,304,open_ended,,,0.07894736842105264,0.006622516556291391,0.11782564911683059,0.6002107858657837
0,Qwen3.5-4B,283,open_ended,,,0.06806282722513089,0.02631578947368421,0.14009157045214163,0.5966195464134216
0,Qwen3.5-4B,278,open_ended,,,0.11320754716981132,0.005420054200542005,0.12251148545176112,0.5824489593505859
0,Qwen3.5-4B,246,open_ended,,,0.0787037037037037,0.018604651162790697,0.12042256600515241,0.6172428727149963
0,Qwen3.5-4B,279,open_ended,,,0.1187214611872146,0.045871559633027525,0.20757322718670435,0.6000121831893921
0,Qwen3.5-4B,245,open_ended,,,0.12403100775193797,0.015584415584415584,0.14445479962721344,0.6015292406082153
0,Qwen3.5-4B,307,open_ended,,,0.1227621483375959,0.015424164524421594,0.1628352490421456,0.6341015100479126
0,Qwen3.5-4B,233,open_ended,,,0.13333333333333333,0.008928571428571428,0.16877637130801687,0.6019810438156128
0,Qwen3.5-4B,307,open_ended,,,0.06989247311827956,0.010810810810810811,0.10540821033210336,0.6034628748893738
0,Qwen3.5-4B,271,open_ended,,,0.07387862796833775,0.015915119363395222,0.10451422275484938,0.6272584199905396
0,Qwen3.5-4B,250,open_ended,,,0.054669703872437345,0.0,0.13303278059445883,0.5937164425849915
0,Qwen3.5-4B,311,open_ended,,,0.06965174129353234,0.0,0.09520682862770848,0.5441528558731079
0,Qwen3.5-4B,308,open_ended,,,0.08854166666666666,0.0,0.14250814332247558,0.5639952421188354
0,Qwen3.5-4B,307,open_ended,,,0.11671087533156499,0.016,0.13539651837524178,0.6403597593307495
0,Qwen3.5-4B,283,open_ended,,,0.08994708994708994,0.026595744680851064,0.13620071684587817,0.5819618105888367
0,Qwen3.5-4B,255,open_ended,,,0.04878048780487805,0.008908685968819599,0.09168791604601649,0.6081874966621399
0,Qwen3.5-4B,301,open_ended,,,0.033734939759036145,0.0,0.12135922330097088,0.5887503623962402
0,Qwen3.5-4B,259,open_ended,,,0.05508474576271186,0.00851063829787234,0.11888943972212249,0.5882169604301453
0,Qwen3.5-4B,295,open_ended,,,0.09433962264150943,0.014218009478672985,0.10736196319018405,0.5767332911491394
0,Qwen3.5-4B,237,open_ended,,,0.13829787234042556,0.0106951871657754,0.1720269259536275,0.6076568365097046
0,Qwen3.5-4B,235,open_ended,,,0.04830917874396135,0.004854368932038835,0.09606365587625502,0.582278847694397
0,Qwen3.5-4B,308,open_ended,,,0.029268292682926828,0.0,0.10113268608414243,0.5794758200645447
0,Qwen3.5-4B,283,open_ended,,,0.09183673469387756,0.025641025641025637,0.1505881263838824,0.5846821069717407
0,Qwen3.5-4B,271,open_ended,,,0.10294117647058823,0.014778325123152709,0.12265978050355068,0.5949192643165588
0,Qwen3.5-4B,281,open_ended,,,0.004123711340206186,0.0,0.03121748178980229,0.6024200916290283
0,Qwen3.5-4B,261,open_ended,,,0.04687499999999999,0.0,0.08226691042047532,0.5555819869041443
0,Qwen3.5-4B,261,open_ended,,,0.14110429447852763,0.01851851851851852,0.14818355640535372,0.607132077217102
0,Qwen3.5-4B,238,open_ended,,,0.05454545454545455,0.0045662100456621,0.08972772277227721,0.5980244278907776
0,Qwen3.5-4B,263,open_ended,,,0.09643605870020965,0.008421052631578949,0.14471991319917943,0.5713533163070679
0,Qwen3.5-4B,317,open_ended,,,0.19222903885480572,0.03285420944558522,0.22433950232969152,0.6438062787055969
0,Qwen3.5-4B,268,open_ended,,,0.05929919137466308,0.005420054200542005,0.12175371179039306,0.5723676681518555
0,Qwen3.5-4B,319,open_ended,,,0.03428571428571429,0.0,0.059931506849315065,0.5795172452926636
0,Qwen3.5-4B,290,open_ended,,,0.06451612903225806,0.014962593516209476,0.08524833209785028,0.5508310794830322
0,Qwen3.5-4B,286,open_ended,,,0.04275534441805225,0.0,0.11125654450261781,0.582229495048523
0,Qwen3.5-4B,232,open_ended,,,0.0330188679245283,0.0,0.07075471698113209,0.5987406969070435
0,Qwen3.5-4B,246,open_ended,,,0.09545454545454546,0.0182648401826484,0.1678537326388889,0.6222253441810608
0,Qwen3.5-4B,289,open_ended,,,0.06088992974238877,0.0,0.12077294685990339,0.6024565696716309
0,Qwen3.5-4B,291,open_ended,,,0.08114558472553698,0.023980815347721826,0.131725383254717,0.6164669990539551
0,Qwen3.5-4B,224,open_ended,,,0.05741626794258374,0.004807692307692308,0.13742690058479531,0.6041663289070129
0,Qwen3.5-4B,269,open_ended,,,0.07095343680709534,0.0089086859688196,0.11505588428665352,0.5821698307991028
0,Qwen3.5-4B,242,open_ended,,,0.09174311926605505,0.02304147465437788,0.1289806410081384,0.5802496075630188
0,Qwen3.5-4B,275,open_ended,,,0.06299212598425197,0.026385224274406333,0.11016949152542374,0.5943154692649841
0,Qwen3.5-4B,317,open_ended,,,0.1749271137026239,0.023460410557184747,0.18185991597805298,0.6101333498954773
0,Qwen3.5-4B,297,open_ended,,,0.14792899408284024,0.06547619047619048,0.2518323968647532,0.6488191485404968
0,Qwen3.5-4B,302,open_ended,,,0.061224489795918366,0.015384615384615384,0.1205234803188839,0.6138429641723633
0,Qwen3.5-4B,237,open_ended,,,0.028397565922920892,0.004073319755600815,0.08297258297258296,0.603520393371582
0,Qwen3.5-4B,253,open_ended,,,0.041189931350114416,0.0,0.10153846153846152,0.5690286755561829
0,Qwen3.5-4B,241,open_ended,,,0.10602409638554217,0.01937046004842615,0.17420634072427424,0.6135465502738953
0,Qwen3.5-4B,222,open_ended,,,0.04962779156327543,0.009975062344139652,0.07481296758104738,0.6283646821975708
0,Qwen3.5-4B,259,open_ended,,,0.08374384236453201,0.0049504950495049506,0.12209648600357356,0.5873799920082092
0,Qwen3.5-4B,294,open_ended,,,0.15418502202643172,0.01327433628318584,0.1810805785123967,0.6304709315299988
0,Qwen3.5-4B,292,open_ended,,,0.08211143695014662,0.04129793510324483,0.15924251207729473,0.6106257438659668
0,Qwen3.5-4B,228,open_ended,,,0.07390300230946882,0.0,0.1357711335135738,0.5926187038421631
0,Qwen3.5-4B,319,open_ended,,,0.04221635883905013,0.010610079575596818,0.07892787856543625,0.5591278672218323
0,Qwen3.5-4B,313,open_ended,,,0.03550295857988165,0.0,0.11866235167206042,0.5765561461448669
0,Qwen3.5-4B,311,open_ended,,,0.09160305343511452,0.010230179028132991,0.11304909560723515,0.5758177638053894
0,Qwen3.5-4B,314,open_ended,,,0.06303724928366763,0.0,0.09394572025052192,0.5134203433990479
0,Qwen3.5-4B,287,open_ended,,,0.03764705882352941,0.0,0.07639419404125286,0.5769169926643372
0,Qwen3.5-4B,291,open_ended,,,0.03491271820448878,0.0,0.10582010582010581,0.5784287452697754
0,Qwen3.5-4B,282,open_ended,,,0.0987012987012987,0.005221932114882506,0.15315315315315317,0.5653635859489441
0,Qwen3.5-4B,306,open_ended,,,0.07582938388625593,0.0,0.12024048096192386,0.565632700920105
0,Qwen3.5-4B,251,open_ended,,,0.10377358490566038,0.004739336492890996,0.14212620807276863,0.6060787439346313
0,Qwen3.5-4B,242,open_ended,,,0.16705336426914152,0.11655011655011654,0.22835836369336143,0.6394841074943542
0,Qwen3.5-4B,306,open_ended,,,0.10244988864142537,0.013422818791946312,0.13716525146962769,0.5898552536964417
0,Qwen3.5-4B,316,open_ended,,,0.1497326203208556,0.032432432432432434,0.2072604556803995,0.6274290084838867
0,Qwen3.5-4B,269,open_ended,,,0.08928571428571429,0.03139013452914798,0.12171684817424729,0.591755747795105
0,Qwen3.5-4B,316,open_ended,,,0.09970674486803519,0.011799410029498525,0.13248847926267282,0.6060588359832764
0,Qwen3.5-4B,255,open_ended,,,0.10756972111553786,0.036000000000000004,0.17409272445963447,0.6170914173126221
0,Qwen3.5-4B,262,open_ended,,,0.0723514211886305,0.005194805194805195,0.125,0.5804118514060974
0,Qwen3.5-4B,302,open_ended,,,0.10982658959537572,0.023255813953488372,0.13941395601561926,0.5712984204292297
0,Qwen3.5-4B,282,open_ended,,,0.064,0.010723860589812333,0.09909909909909911,0.5798975229263306
0,Qwen3.5-4B,256,open_ended,,,0.07978723404255318,0.0,0.11063829787234042,0.6032434105873108
0,Qwen3.5-4B,254,open_ended,,,0.066815144766147,0.0,0.10346756152125279,0.5876176357269287
0,Qwen3.5-4B,307,open_ended,,,0.06914893617021275,0.005347593582887701,0.0831792975970425,0.5924143195152283
0,Qwen3.5-4B,266,open_ended,,,0.16591928251121077,0.031531531531531536,0.18431292011608225,0.5980973243713379
0,Qwen3.5-4B,266,open_ended,,,0.06593406593406594,0.013245033112582781,0.11851015801354402,0.5842157006263733
0,Qwen3.5-4B,283,open_ended,,,0.1135135135135135,0.021739130434782608,0.14391143911439117,0.5811206698417664
0,Qwen3.5-4B,306,open_ended,,,0.17703349282296652,0.02403846153846154,0.18887152908724555,0.6375768780708313
0,Qwen3.5-4B,231,open_ended,,,0.14536340852130325,0.04534005037783375,0.17105018423440904,0.5885854959487915
0,Qwen3.5-4B,268,open_ended,,,0.03389830508474576,0.0,0.08539709649871904,0.5651344656944275
0,Qwen3.5-4B,312,open_ended,,,0.1319796954314721,0.025510204081632654,0.1781933986795098,0.658804714679718
0,Qwen3.5-4B,310,open_ended,,,0.0949868073878628,0.02122015915119363,0.11975264675881962,0.6104878187179565
1,Qwen3.5-4B,59,yes_no,0.0,,,,,
1,Qwen3.5-4B,83,yes_no,0.0,,,,,
1,Qwen3.5-4B,23,yes_no,0.0,,,,,
1,Qwen3.5-4B,75,yes_no,0.0,,,,,
1,Qwen3.5-4B,11,yes_no,0.0,,,,,
1,Qwen3.5-4B,42,yes_no,0.0,,,,,
1,Qwen3.5-4B,47,yes_no,0.0,,,,,
1,Qwen3.5-4B,33,yes_no,0.0,,,,,
1,Qwen3.5-4B,95,yes_no,0.0,,,,,
1,Qwen3.5-4B,56,yes_no,0.0,0.0,,,,
1,Qwen3.5-4B,72,yes_no,0.0,,,,,
1,Qwen3.5-4B,53,yes_no,0.0,,,,,
1,Qwen3.5-4B,93,yes_no,0.0,,,,,
1,Qwen3.5-4B,88,yes_no,1.0,1.0,,,,
1,Qwen3.5-4B,47,yes_no,0.0,,,,,
1,Qwen3.5-4B,109,yes_no,0.0,,,,,
1,Qwen3.5-4B,58,yes_no,0.0,,,,,
1,Qwen3.5-4B,45,yes_no,0.0,,,,,
1,Qwen3.5-4B,18,yes_no,0.0,,,,,
1,Qwen3.5-4B,105,yes_no,0.0,,,,,
1,Qwen3.5-4B,84,yes_no,0.0,,,,,
1,Qwen3.5-4B,59,yes_no,0.0,0.0,,,,
1,Qwen3.5-4B,81,yes_no,0.0,,,,,
1,Qwen3.5-4B,112,yes_no,0.0,,,,,
1,Qwen3.5-4B,4,yes_no,0.0,,,,,
1,Qwen3.5-4B,41,yes_no,0.0,,,,,
1,Qwen3.5-4B,120,yes_no,1.0,1.0,,,,
1,Qwen3.5-4B,31,yes_no,0.0,,,,,
1,Qwen3.5-4B,43,yes_no,1.0,1.0,,,,
1,Qwen3.5-4B,10,yes_no,0.0,,,,,
1,Qwen3.5-4B,89,yes_no,0.0,,,,,
1,Qwen3.5-4B,26,yes_no,0.0,,,,,
1,Qwen3.5-4B,112,yes_no,0.0,,,,,
1,Qwen3.5-4B,76,yes_no,0.0,,,,,
1,Qwen3.5-4B,76,yes_no,0.0,,,,,
1,Qwen3.5-4B,80,yes_no,0.0,,,,,
1,Qwen3.5-4B,79,yes_no,0.0,,,,,
1,Qwen3.5-4B,109,yes_no,0.0,,,,,
1,Qwen3.5-4B,6,yes_no,0.0,,,,,
1,Qwen3.5-4B,24,yes_no,0.0,,,,,
1,Qwen3.5-4B,78,yes_no,0.0,,,,,
1,Qwen3.5-4B,5,yes_no,0.0,,,,,
1,Qwen3.5-4B,21,yes_no,0.0,,,,,
1,Qwen3.5-4B,18,yes_no,0.0,,,,,
1,Qwen3.5-4B,38,yes_no,0.0,,,,,
1,Qwen3.5-4B,24,yes_no,0.0,,,,,
1,Qwen3.5-4B,21,yes_no,0.0,,,,,
1,Qwen3.5-4B,63,yes_no,0.0,,,,,
1,Qwen3.5-4B,74,yes_no,1.0,1.0,,,,
1,Qwen3.5-4B,11,yes_no,0.0,,,,,
1,Qwen3.5-4B,41,yes_no,0.0,,,,,
1,Qwen3.5-4B,46,yes_no,0.0,,,,,
1,Qwen3.5-4B,109,yes_no,0.0,,,,,
1,Qwen3.5-4B,100,yes_no,1.0,1.0,,,,
1,Qwen3.5-4B,91,yes_no,0.0,0.0,,,,
1,Qwen3.5-4B,22,yes_no,0.0,,,,,
1,Qwen3.5-4B,37,yes_no,0.0,,,,,
1,Qwen3.5-4B,50,yes_no,0.0,,,,,
1,Qwen3.5-4B,114,yes_no,0.0,,,,,
1,Qwen3.5-4B,28,yes_no,0.0,,,,,
1,Qwen3.5-4B,67,yes_no,0.0,,,,,
1,Qwen3.5-4B,111,yes_no,0.0,,,,,
1,Qwen3.5-4B,103,yes_no,0.0,,,,,
1,Qwen3.5-4B,49,yes_no,0.0,,,,,
1,Qwen3.5-4B,11,yes_no,0.0,,,,,
1,Qwen3.5-4B,80,yes_no,0.0,,,,,
1,Qwen3.5-4B,3,yes_no,0.0,,,,,
1,Qwen3.5-4B,106,yes_no,0.0,,,,,
1,Qwen3.5-4B,65,yes_no,0.0,,,,,
1,Qwen3.5-4B,115,yes_no,0.0,,,,,
1,Qwen3.5-4B,65,yes_no,0.0,,,,,
1,Qwen3.5-4B,19,yes_no,0.0,,,,,
1,Qwen3.5-4B,65,yes_no,0.0,,,,,
1,Qwen3.5-4B,83,yes_no,0.0,,,,,
1,Qwen3.5-4B,81,yes_no,1.0,1.0,,,,
1,Qwen3.5-4B,99,yes_no,0.0,,,,,
1,Qwen3.5-4B,67,yes_no,0.0,0.0,,,,
1,Qwen3.5-4B,80,yes_no,0.0,,,,,
1,Qwen3.5-4B,83,yes_no,0.0,,,,,
1,Qwen3.5-4B,32,yes_no,0.0,,,,,
1,Qwen3.5-4B,20,yes_no,0.0,,,,,
1,Qwen3.5-4B,72,yes_no,0.0,,,,,
1,Qwen3.5-4B,14,yes_no,0.0,,,,,
1,Qwen3.5-4B,8,yes_no,0.0,,,,,
1,Qwen3.5-4B,35,yes_no,0.0,,,,,
1,Qwen3.5-4B,9,yes_no,0.0,,,,,
1,Qwen3.5-4B,112,yes_no,0.0,,,,,
1,Qwen3.5-4B,41,yes_no,0.0,,,,,
1,Qwen3.5-4B,86,yes_no,0.0,,,,,
1,Qwen3.5-4B,7,yes_no,0.0,,,,,
1,Qwen3.5-4B,52,yes_no,0.0,,,,,
1,Qwen3.5-4B,112,yes_no,0.0,,,,,
1,Qwen3.5-4B,30,yes_no,0.0,,,,,
1,Qwen3.5-4B,106,yes_no,0.0,,,,,
1,Qwen3.5-4B,7,yes_no,0.0,,,,,
1,Qwen3.5-4B,115,yes_no,0.0,,,,,
1,Qwen3.5-4B,67,yes_no,0.0,,,,,
1,Qwen3.5-4B,6,yes_no,1.0,1.0,,,,
1,Qwen3.5-4B,120,yes_no,0.0,,,,,
1,Qwen3.5-4B,103,yes_no,0.0,,,,,
1,Qwen3.5-4B,137,short_answer,0.0,,,,,
1,Qwen3.5-4B,163,short_answer,0.0,,,,,
1,Qwen3.5-4B,158,short_answer,0.0,,,,,
1,Qwen3.5-4B,143,short_answer,0.0,,,,,
1,Qwen3.5-4B,130,short_answer,0.0,,,,,
1,Qwen3.5-4B,204,short_answer,0.0,,,,,
1,Qwen3.5-4B,175,short_answer,0.0,,,,,
1,Qwen3.5-4B,154,short_answer,0.0,,,,,
1,Qwen3.5-4B,133,short_answer,0.0,,,,,
1,Qwen3.5-4B,196,short_answer,0.0,,,,,
1,Qwen3.5-4B,167,short_answer,0.0,,,,,
1,Qwen3.5-4B,145,short_answer,0.0,,,,,
1,Qwen3.5-4B,197,short_answer,0.0,,,,,
1,Qwen3.5-4B,137,short_answer,0.0,,,,,
1,Qwen3.5-4B,165,short_answer,0.0,,,,,
1,Qwen3.5-4B,212,short_answer,0.0,,,,,
1,Qwen3.5-4B,188,short_answer,0.0,,,,,
1,Qwen3.5-4B,202,short_answer,0.0,,,,,
1,Qwen3.5-4B,161,short_answer,0.01801801801801802,,,,,
1,Qwen3.5-4B,209,short_answer,0.0,,,,,
1,Qwen3.5-4B,162,short_answer,0.0,,,,,
1,Qwen3.5-4B,149,short_answer,0.0,,,,,
1,Qwen3.5-4B,150,short_answer,0.07142857142857142,,,,,
1,Qwen3.5-4B,163,short_answer,0.0,,,,,
1,Qwen3.5-4B,138,short_answer,0.0,,,,,
1,Qwen3.5-4B,206,short_answer,0.0,,,,,
1,Qwen3.5-4B,190,short_answer,0.01652892561983471,,,,,
1,Qwen3.5-4B,201,short_answer,0.018867924528301886,,,,,
1,Qwen3.5-4B,166,short_answer,0.05128205128205129,,,,,
1,Qwen3.5-4B,136,short_answer,0.0,,,,,
1,Qwen3.5-4B,208,short_answer,0.016528925619834708,,,,,
1,Qwen3.5-4B,130,short_answer,0.0,,,,,
1,Qwen3.5-4B,144,short_answer,0.0,,,,,
1,Qwen3.5-4B,155,short_answer,0.0,,,,,
1,Qwen3.5-4B,163,short_answer,0.0,,,,,
1,Qwen3.5-4B,186,short_answer,0.0,,,,,
1,Qwen3.5-4B,133,short_answer,0.0,,,,,
1,Qwen3.5-4B,168,short_answer,0.030534351145038167,,,,,
1,Qwen3.5-4B,124,short_answer,0.018348623853211007,,,,,
1,Qwen3.5-4B,121,short_answer,0.0,,,,,
1,Qwen3.5-4B,156,short_answer,0.017241379310344827,,,,,
1,Qwen3.5-4B,170,short_answer,0.0,,,,,
1,Qwen3.5-4B,174,short_answer,0.0,,,,,
1,Qwen3.5-4B,220,short_answer,0.0,,,,,
1,Qwen3.5-4B,196,short_answer,0.0,,,,,
1,Qwen3.5-4B,143,short_answer,0.0,,,,,
1,Qwen3.5-4B,141,short_answer,0.0,,,,,
1,Qwen3.5-4B,139,short_answer,0.0,,,,,
1,Qwen3.5-4B,171,short_answer,0.0,,,,,
1,Qwen3.5-4B,147,short_answer,0.01652892561983471,,,,,
1,Qwen3.5-4B,141,short_answer,0.03278688524590164,,,,,
1,Qwen3.5-4B,125,short_answer,0.0,,,,,
1,Qwen3.5-4B,172,short_answer,0.0,,,,,
1,Qwen3.5-4B,139,short_answer,0.0,,,,,
1,Qwen3.5-4B,181,short_answer,0.0,,,,,
1,Qwen3.5-4B,173,short_answer,0.03278688524590164,,,,,
1,Qwen3.5-4B,192,short_answer,0.0,,,,,
1,Qwen3.5-4B,186,short_answer,0.017094017094017096,,,,,
1,Qwen3.5-4B,174,short_answer,0.017699115044247787,,,,,
1,Qwen3.5-4B,187,short_answer,0.0,,,,,
1,Qwen3.5-4B,174,short_answer,0.020202020202020204,,,,,
1,Qwen3.5-4B,210,short_answer,0.0,,,,,
1,Qwen3.5-4B,170,short_answer,0.0,,,,,
1,Qwen3.5-4B,159,short_answer,0.0,,,,,
1,Qwen3.5-4B,180,short_answer,0.0,,,,,
1,Qwen3.5-4B,180,short_answer,0.0,,,,,
1,Qwen3.5-4B,182,short_answer,0.0,,,,,
1,Qwen3.5-4B,190,short_answer,0.0,,,,,
1,Qwen3.5-4B,164,short_answer,0.0,,,,,
1,Qwen3.5-4B,196,short_answer,0.0,,,,,
1,Qwen3.5-4B,123,short_answer,0.0,,,,,
1,Qwen3.5-4B,137,short_answer,0.017543859649122806,,,,,
1,Qwen3.5-4B,125,short_answer,0.0,,,,,
1,Qwen3.5-4B,146,short_answer,0.0,,,,,
1,Qwen3.5-4B,146,short_answer,0.0,,,,,
1,Qwen3.5-4B,188,short_answer,0.0,,,,,
1,Qwen3.5-4B,152,short_answer,0.0,,,,,
1,Qwen3.5-4B,166,short_answer,0.018518518518518517,,,,,
1,Qwen3.5-4B,173,short_answer,0.0,,,,,
1,Qwen3.5-4B,164,short_answer,0.0,,,,,
1,Qwen3.5-4B,195,short_answer,0.016949152542372885,,,,,
1,Qwen3.5-4B,212,short_answer,0.0,,,,,
1,Qwen3.5-4B,203,short_answer,0.0,,,,,
1,Qwen3.5-4B,179,short_answer,0.01785714285714286,,,,,
1,Qwen3.5-4B,173,short_answer,0.0,,,,,
1,Qwen3.5-4B,167,short_answer,0.0,,,,,
1,Qwen3.5-4B,172,short_answer,0.0,,,,,
1,Qwen3.5-4B,219,short_answer,0.0,,,,,
1,Qwen3.5-4B,122,short_answer,0.0,,,,,
1,Qwen3.5-4B,142,short_answer,0.0,,,,,
1,Qwen3.5-4B,145,short_answer,0.0,,,,,
1,Qwen3.5-4B,160,short_answer,0.015873015873015872,,,,,
1,Qwen3.5-4B,205,short_answer,0.0,,,,,
1,Qwen3.5-4B,188,short_answer,0.0,,,,,
1,Qwen3.5-4B,134,short_answer,0.0,,,,,
1,Qwen3.5-4B,124,short_answer,0.0,,,,,
1,Qwen3.5-4B,197,short_answer,0.0,,,,,
1,Qwen3.5-4B,139,short_answer,0.0,,,,,
1,Qwen3.5-4B,170,short_answer,0.0,,,,,
1,Qwen3.5-4B,167,short_answer,0.0,,,,,
1,Qwen3.5-4B,254,open_ended,,,0.03665987780040734,0.0,0.0955761878754779,0.6212400794029236
1,Qwen3.5-4B,232,open_ended,,,0.044334975369458136,0.0,0.10162601626016261,0.5941247940063477
1,Qwen3.5-4B,290,open_ended,,,0.04914004914004914,0.0,0.08487084870848709,0.5525895357131958
1,Qwen3.5-4B,242,open_ended,,,0.08558558558558557,0.004524886877828054,0.1400414937759336,0.6104260683059692
1,Qwen3.5-4B,247,open_ended,,,0.08045977011494253,0.0,0.10397412199630314,0.5928038358688354
1,Qwen3.5-4B,244,open_ended,,,0.07322654462242563,0.0,0.1145891559530464,0.6139220595359802
1,Qwen3.5-4B,265,open_ended,,,0.1443850267379679,0.010752688172043012,0.17647650461500375,0.60832279920578
1,Qwen3.5-4B,272,open_ended,,,0.08565310492505354,0.021505376344086023,0.13151233149509806,0.616804301738739
1,Qwen3.5-4B,265,open_ended,,,0.08805031446540881,0.008421052631578949,0.14527972027972033,0.5971904993057251
1,Qwen3.5-4B,279,open_ended,,,0.257372654155496,0.12398921832884097,0.26668491539685923,0.6296732425689697
1,Qwen3.5-4B,241,open_ended,,,0.11678832116788322,0.02444987775061124,0.18524504054749405,0.6066383719444275
1,Qwen3.5-4B,238,open_ended,,,0.05811138014527845,0.0,0.09931719428926133,0.5619094967842102
1,Qwen3.5-4B,297,open_ended,,,0.04395604395604395,0.0,0.10263929618768328,0.5649480819702148
1,Qwen3.5-4B,303,open_ended,,,0.02512562814070352,0.0,0.08381924198250729,0.5816141963005066
1,Qwen3.5-4B,245,open_ended,,,0.10187667560321717,0.01078167115902965,0.1357677902621723,0.5926690697669983
1,Qwen3.5-4B,279,open_ended,,,0.20398009950248758,0.08499999999999999,0.2408872215559583,0.6235610842704773
1,Qwen3.5-4B,270,open_ended,,,0.05164319248826291,0.0,0.1021566401816118,0.6242750883102417
1,Qwen3.5-4B,267,open_ended,,,0.04044943820224719,0.0,0.09482758620689656,0.5680811405181885
1,Qwen3.5-4B,228,open_ended,,,0.049661399548532735,0.0045351473922902496,0.1376889848812095,0.6135155558586121
1,Qwen3.5-4B,293,open_ended,,,0.04761904761904761,0.004784688995215312,0.08995502248875563,0.5576953887939453
1,Qwen3.5-4B,231,open_ended,,,0.18766756032171583,0.032345013477088944,0.19863126552036628,0.6095123887062073
1,Qwen3.5-4B,278,open_ended,,,0.04627249357326478,0.0,0.06813020439061317,0.5439621806144714
1,Qwen3.5-4B,284,open_ended,,,0.09929078014184396,0.004750593824228029,0.146206650189233,0.60720294713974
1,Qwen3.5-4B,302,open_ended,,,0.09245742092457422,0.019559902200488994,0.14094038619097277,0.5985063314437866
1,Qwen3.5-4B,241,open_ended,,,0.12103746397694524,0.02898550724637681,0.1670145228617328,0.6123079657554626
1,Qwen3.5-4B,269,open_ended,,,0.14285714285714288,0.043478260869565216,0.1796523835099265,0.5858381986618042
1,Qwen3.5-4B,253,open_ended,,,0.2178649237472767,0.087527352297593,0.24562015406780496,0.6484611630439758
1,Qwen3.5-4B,252,open_ended,,,0.17372881355932204,0.02127659574468085,0.20126091173617844,0.6135739088058472
1,Qwen3.5-4B,313,open_ended,,,0.04204204204204204,0.0,0.1141304347826087,0.6041713356971741
1,Qwen3.5-4B,294,open_ended,,,0.07881773399014778,0.009900990099009901,0.13714257188498405,0.594372034072876
1,Qwen3.5-4B,248,open_ended,,,0.05641025641025641,0.0,0.1056338028169014,0.5912442207336426
1,Qwen3.5-4B,237,open_ended,,,0.029629629629629627,0.0,0.09117432530999271,0.5917661190032959
1,Qwen3.5-4B,272,open_ended,,,0.07058823529411765,0.014184397163120569,0.1232344467118586,0.6228256821632385
1,Qwen3.5-4B,250,open_ended,,,0.061320754716981125,0.0,0.12135922330097086,0.5981586575508118
1,Qwen3.5-4B,297,open_ended,,,0.08403361344537816,0.02816901408450704,0.16223427569581417,0.5980607867240906
1,Qwen3.5-4B,317,open_ended,,,0.14653465346534653,0.02783300198807157,0.1829391682999127,0.6440718173980713
1,Qwen3.5-4B,226,open_ended,,,0.17278617710583155,0.01735357917570499,0.18822208760760245,0.6278394460678101
1,Qwen3.5-4B,266,open_ended,,,0.21826280623608016,0.04026845637583893,0.21777772567958828,0.5996828675270081
1,Qwen3.5-4B,233,open_ended,,,0.10267857142857144,0.017937219730941704,0.15925087108013944,0.61575847864151
1,Qwen3.5-4B,277,open_ended,,,0.03818615751789976,0.0,0.09823182711198428,0.5412773489952087
1,Qwen3.5-4B,312,open_ended,,,0.12903225806451613,0.010810810810810811,0.15151515151515155,0.6139217019081116
1,Qwen3.5-4B,267,open_ended,,,0.04618937644341801,0.0,0.09820912767186597,0.5648175477981567
1,Qwen3.5-4B,225,open_ended,,,0.07207207207207207,0.0,0.12532133676092547,0.58333820104599
1,Qwen3.5-4B,315,open_ended,,,0.11864406779661017,0.03409090909090909,0.17737129916617098,0.6046833992004395
1,Qwen3.5-4B,274,open_ended,,,0.06299212598425197,0.005277044854881266,0.11506276150627617,0.5866613984107971
1,Qwen3.5-4B,271,open_ended,,,0.1095890410958904,0.01376146788990826,0.12540192926045016,0.5885086059570312
1,Qwen3.5-4B,232,open_ended,,,0.03883495145631068,0.0,0.10383386581469647,0.5683737397193909
1,Qwen3.5-4B,272,open_ended,,,0.04545454545454546,0.005076142131979695,0.09584664536741214,0.6306535601615906
1,Qwen3.5-4B,221,open_ended,,,0.1021021021021021,0.0,0.11400651465798045,0.5758732557296753
1,Qwen3.5-4B,252,open_ended,,,0.0611764705882353,0.004728132387706856,0.13326752221125368,0.6065810918807983
1,Qwen3.5-4B,293,open_ended,,,0.10161662817551963,0.02320185614849188,0.14189693801344289,0.5357526540756226
1,Qwen3.5-4B,265,open_ended,,,0.06419753086419754,0.0,0.11261261261261263,0.6037818789482117
1,Qwen3.5-4B,305,open_ended,,,0.07058823529411765,0.0,0.11886503067484662,0.5684630274772644
1,Qwen3.5-4B,320,open_ended,,,0.1259445843828715,0.010126582278481015,0.15048543689320387,0.6143841743469238
1,Qwen3.5-4B,257,open_ended,,,0.0851063829787234,0.016042780748663103,0.1572173813345563,0.6170530915260315
1,Qwen3.5-4B,239,open_ended,,,0.0761904761904762,0.0,0.12382075471698113,0.5725506544113159
1,Qwen3.5-4B,224,open_ended,,,0.055045871559633024,0.0,0.11001737116386798,0.5708118677139282
1,Qwen3.5-4B,299,open_ended,,,0.05128205128205129,0.0,0.092790863668808,0.5644325613975525
1,Qwen3.5-4B,242,open_ended,,,0.10738255033557048,0.00449438202247191,0.13744813278008297,0.6093379855155945
1,Qwen3.5-4B,313,open_ended,,,0.022284122562674098,0.0,0.09968520461699895,0.5489290356636047
1,Qwen3.5-4B,263,open_ended,,,0.20689655172413793,0.046189376443418015,0.20420726212562942,0.6553565263748169
1,Qwen3.5-4B,300,open_ended,,,0.04519774011299435,0.011363636363636366,0.11294361494597839,0.5604025721549988
1,Qwen3.5-4B,268,open_ended,,,0.16145833333333337,0.05235602094240838,0.23781537548233897,0.6421756744384766
1,Qwen3.5-4B,307,open_ended,,,0.06876790830945559,0.011527377521613834,0.09673361073856276,0.6022719740867615
1,Qwen3.5-4B,288,open_ended,,,0.13720316622691292,0.04774535809018568,0.18823562356752663,0.584673285484314
1,Qwen3.5-4B,257,open_ended,,,0.049723756906077346,0.005555555555555556,0.09469696969696968,0.6097212433815002
1,Qwen3.5-4B,270,open_ended,,,0.05116279069767442,0.0,0.10601719197707736,0.601510763168335
1,Qwen3.5-4B,285,open_ended,,,0.058666666666666666,0.0,0.12522361359570663,0.5776600241661072
1,Qwen3.5-4B,308,open_ended,,,0.07957559681697612,0.005333333333333335,0.14460325833678542,0.5507128238677979
1,Qwen3.5-4B,251,open_ended,,,0.1279620853080569,0.014285714285714285,0.15271493212669685,0.6030247211456299
1,Qwen3.5-4B,287,open_ended,,,0.030150753768844223,0.0,0.06279434850863422,0.5780131816864014
1,Qwen3.5-4B,264,open_ended,,,0.25688073394495414,0.08,0.2034689793195464,0.6934790015220642
1,Qwen3.5-4B,320,open_ended,,,0.0997624703087886,0.00477326968973747,0.13552758954501454,0.6061525344848633
1,Qwen3.5-4B,318,open_ended,,,0.1680672268907563,0.011267605633802818,0.1808176100628931,0.6168227791786194
1,Qwen3.5-4B,268,open_ended,,,0.1176470588235294,0.028169014084507043,0.18333486685927752,0.6175467371940613
1,Qwen3.5-4B,266,open_ended,,,0.034188034188034185,0.0,0.0983698707138842,0.5873335003852844
1,Qwen3.5-4B,298,open_ended,,,0.07865168539325842,0.005649717514124295,0.10656436487638535,0.6068259477615356
1,Qwen3.5-4B,316,open_ended,,,0.09063444108761329,0.0060790273556231,0.1291093638032414,0.5957075953483582
1,Qwen3.5-4B,260,open_ended,,,0.03287671232876712,0.005509641873278236,0.09906790945406128,0.5829603672027588
1,Qwen3.5-4B,286,open_ended,,,0.15267175572519084,0.030690537084398978,0.20223451035860202,0.627699613571167
1,Qwen3.5-4B,292,open_ended,,,0.05291005291005291,0.0,0.11882129277566542,0.576828122138977
1,Qwen3.5-4B,295,open_ended,,,0.06451612903225806,0.0,0.09864364981504314,0.5777842998504639
1,Qwen3.5-4B,233,open_ended,,,0.004032258064516129,0.0,0.06258692628650904,0.6212915778160095
1,Qwen3.5-4B,319,open_ended,,,0.0918918918918919,0.010869565217391304,0.11120615911035074,0.5921184420585632
1,Qwen3.5-4B,305,open_ended,,,0.08607594936708861,0.015267175572519082,0.1448170731707317,0.5716142654418945
1,Qwen3.5-4B,232,open_ended,,,0.02364066193853428,0.0,0.08353221957040573,0.6051182746887207
1,Qwen3.5-4B,286,open_ended,,,0.027713625866050806,0.0,0.10091145833333334,0.5783367156982422
1,Qwen3.5-4B,279,open_ended,,,0.14388489208633093,0.06265060240963854,0.1880192992482525,0.594178318977356
1,Qwen3.5-4B,260,open_ended,,,0.030395136778115506,0.0,0.062154696132596686,0.5253856778144836
1,Qwen3.5-4B,238,open_ended,,,0.05591397849462366,0.0,0.0884685784014643,0.610291600227356
1,Qwen3.5-4B,226,open_ended,,,0.09111617312072892,0.004576659038901603,0.13613355007436648,0.6289405226707458
1,Qwen3.5-4B,265,open_ended,,,0.09330628803245435,0.004073319755600815,0.14146454131610664,0.596039354801178
1,Qwen3.5-4B,286,open_ended,,,0.02985074626865672,0.0,0.09790681971640784,0.613545835018158
1,Qwen3.5-4B,252,open_ended,,,0.14925373134328357,0.008565310492505354,0.19277051018212463,0.6223872303962708
1,Qwen3.5-4B,256,open_ended,,,0.05830903790087463,0.005865102639296188,0.09961857018308633,0.6196416616439819
1,Qwen3.5-4B,225,open_ended,,,0.06941431670281996,0.0,0.12925377496005863,0.5904831886291504
1,Qwen3.5-4B,276,open_ended,,,0.02150537634408602,0.0,0.05905511811023623,0.5406979322433472
1,Qwen3.5-4B,269,open_ended,,,0.11659192825112107,0.02252252252252252,0.14800514800514802,0.5831887722015381
1,Qwen3.5-4B,305,open_ended,,,0.06896551724137931,0.0,0.10845986984815618,0.5265994668006897
1,Qwen3.5-4B,277,open_ended,,,0.09655172413793105,0.03233256351039261,0.13179266130984452,0.5959627032279968
2,Qwen3.5-4B,67,yes_no,0.0,0.0,,,,
2,Qwen3.5-4B,32,yes_no,0.0,0.0,,,,
2,Qwen3.5-4B,71,yes_no,0.0,0.0,,,,
2,Qwen3.5-4B,63,yes_no,0.0,0.0,,,,
2,Qwen3.5-4B,85,yes_no,0.0,0.0,,,,
2,Qwen3.5-4B,39,yes_no,0.0,,,,,
2,Qwen3.5-4B,96,yes_no,0.0,,,,,
2,Qwen3.5-4B,53,yes_no,0.0,,,,,
2,Qwen3.5-4B,83,yes_no,0.0,,,,,
2,Qwen3.5-4B,62,yes_no,0.0,,,,,
2,Qwen3.5-4B,118,yes_no,0.0,,,,,
2,Qwen3.5-4B,96,yes_no,0.0,,,,,
2,Qwen3.5-4B,11,yes_no,0.0,,,,,
2,Qwen3.5-4B,52,yes_no,0.0,,,,,
2,Qwen3.5-4B,44,yes_no,0.0,,,,,
2,Qwen3.5-4B,46,yes_no,0.0,,,,,
2,Qwen3.5-4B,65,yes_no,0.0,,,,,
2,Qwen3.5-4B,73,yes_no,0.0,,,,,
2,Qwen3.5-4B,115,yes_no,0.0,,,,,
2,Qwen3.5-4B,105,yes_no,0.0,,,,,
2,Qwen3.5-4B,4,yes_no,0.0,,,,,
2,Qwen3.5-4B,55,yes_no,0.0,,,,,
2,Qwen3.5-4B,7,yes_no,0.0,,,,,
2,Qwen3.5-4B,104,yes_no,0.0,,,,,
2,Qwen3.5-4B,77,yes_no,0.0,,,,,
2,Qwen3.5-4B,77,yes_no,0.0,,,,,
2,Qwen3.5-4B,29,yes_no,0.0,,,,,
2,Qwen3.5-4B,99,yes_no,0.0,,,,,
2,Qwen3.5-4B,15,yes_no,0.0,,,,,
2,Qwen3.5-4B,53,yes_no,0.0,,,,,
2,Qwen3.5-4B,22,yes_no,0.0,,,,,
2,Qwen3.5-4B,58,yes_no,0.0,,,,,
2,Qwen3.5-4B,60,yes_no,0.0,,,,,
2,Qwen3.5-4B,97,yes_no,0.0,,,,,
2,Qwen3.5-4B,41,yes_no,0.0,,,,,
2,Qwen3.5-4B,114,yes_no,0.0,,,,,
2,Qwen3.5-4B,17,yes_no,0.0,,,,,
2,Qwen3.5-4B,8,yes_no,0.0,,,,,
2,Qwen3.5-4B,88,yes_no,0.0,,,,,
2,Qwen3.5-4B,19,yes_no,0.0,,,,,
2,Qwen3.5-4B,63,yes_no,0.0,,,,,
2,Qwen3.5-4B,106,yes_no,0.0,,,,,
2,Qwen3.5-4B,71,yes_no,0.0,,,,,
2,Qwen3.5-4B,71,yes_no,0.0,,,,,
2,Qwen3.5-4B,97,yes_no,0.0,,,,,
2,Qwen3.5-4B,1,yes_no,0.0,,,,,
2,Qwen3.5-4B,93,yes_no,0.0,,,,,
2,Qwen3.5-4B,39,yes_no,0.0,,,,,
2,Qwen3.5-4B,78,yes_no,0.0,,,,,
2,Qwen3.5-4B,104,yes_no,0.0,,,,,
2,Qwen3.5-4B,120,yes_no,0.0,,,,,
2,Qwen3.5-4B,2,yes_no,0.0,,,,,
2,Qwen3.5-4B,23,yes_no,0.0,,,,,
2,Qwen3.5-4B,90,yes_no,0.0,0.0,,,,
2,Qwen3.5-4B,7,yes_no,0.0,,,,,
2,Qwen3.5-4B,14,yes_no,0.0,,,,,
2,Qwen3.5-4B,117,yes_no,0.0,,,,,
2,Qwen3.5-4B,22,yes_no,0.0,,,,,
2,Qwen3.5-4B,70,yes_no,0.0,,,,,
2,Qwen3.5-4B,119,yes_no,0.0,,,,,
2,Qwen3.5-4B,102,yes_no,0.0,,,,,
2,Qwen3.5-4B,68,yes_no,0.0,,,,,
2,Qwen3.5-4B,74,yes_no,0.0,,,,,
2,Qwen3.5-4B,39,yes_no,0.0,,,,,
2,Qwen3.5-4B,115,yes_no,0.0,,,,,
2,Qwen3.5-4B,35,yes_no,0.0,,,,,
2,Qwen3.5-4B,21,yes_no,0.0,,,,,
2,Qwen3.5-4B,67,yes_no,0.0,0.0,,,,
2,Qwen3.5-4B,43,yes_no,0.0,,,,,
2,Qwen3.5-4B,37,yes_no,0.0,,,,,
2,Qwen3.5-4B,60,yes_no,0.0,,,,,
2,Qwen3.5-4B,13,yes_no,0.0,,,,,
2,Qwen3.5-4B,77,yes_no,0.0,,,,,
2,Qwen3.5-4B,62,yes_no,0.0,,,,,
2,Qwen3.5-4B,25,yes_no,0.0,,,,,
2,Qwen3.5-4B,60,yes_no,0.0,,,,,
2,Qwen3.5-4B,60,yes_no,0.0,,,,,
2,Qwen3.5-4B,58,yes_no,1.0,1.0,,,,
2,Qwen3.5-4B,21,yes_no,0.0,,,,,
2,Qwen3.5-4B,4,yes_no,0.0,,,,,
2,Qwen3.5-4B,55,yes_no,0.0,,,,,
2,Qwen3.5-4B,104,yes_no,0.0,,,,,
2,Qwen3.5-4B,77,yes_no,0.0,,,,,
2,Qwen3.5-4B,78,yes_no,0.0,,,,,
2,Qwen3.5-4B,100,yes_no,0.0,,,,,
2,Qwen3.5-4B,89,yes_no,0.0,,,,,
2,Qwen3.5-4B,56,yes_no,0.0,0.0,,,,
2,Qwen3.5-4B,112,yes_no,0.0,,,,,
2,Qwen3.5-4B,12,yes_no,0.0,,,,,
2,Qwen3.5-4B,64,yes_no,0.0,,,,,
2,Qwen3.5-4B,95,yes_no,0.0,,,,,
2,Qwen3.5-4B,33,yes_no,0.0,,,,,
2,Qwen3.5-4B,18,yes_no,0.0,,,,,
2,Qwen3.5-4B,61,yes_no,0.0,,,,,
2,Qwen3.5-4B,26,yes_no,0.0,,,,,
2,Qwen3.5-4B,79,yes_no,0.0,,,,,
2,Qwen3.5-4B,43,yes_no,1.0,1.0,,,,
2,Qwen3.5-4B,104,yes_no,0.0,,,,,
2,Qwen3.5-4B,67,yes_no,0.0,0.0,,,,
2,Qwen3.5-4B,114,yes_no,0.0,,,,,
2,Qwen3.5-4B,147,short_answer,0.02173913043478261,,,,,
2,Qwen3.5-4B,150,short_answer,0.05217391304347826,,,,,
2,Qwen3.5-4B,152,short_answer,0.0,,,,,
2,Qwen3.5-4B,148,short_answer,0.01785714285714286,,,,,
2,Qwen3.5-4B,137,short_answer,0.0,,,,,
2,Qwen3.5-4B,217,short_answer,0.0,,,,,
2,Qwen3.5-4B,132,short_answer,0.0,,,,,
2,Qwen3.5-4B,155,short_answer,0.0,,,,,
2,Qwen3.5-4B,122,short_answer,0.0,,,,,
2,Qwen3.5-4B,173,short_answer,0.017391304347826087,,,,,
2,Qwen3.5-4B,200,short_answer,0.0,,,,,
2,Qwen3.5-4B,126,short_answer,0.0,,,,,
2,Qwen3.5-4B,157,short_answer,0.0,,,,,
2,Qwen3.5-4B,165,short_answer,0.0,,,,,
2,Qwen3.5-4B,203,short_answer,0.0,,,,,
2,Qwen3.5-4B,196,short_answer,0.0,,,,,
2,Qwen3.5-4B,164,short_answer,0.0,,,,,
2,Qwen3.5-4B,145,short_answer,0.0,,,,,
2,Qwen3.5-4B,126,short_answer,0.0,,,,,
2,Qwen3.5-4B,178,short_answer,0.0,,,,,
2,Qwen3.5-4B,142,short_answer,0.0,,,,,
2,Qwen3.5-4B,177,short_answer,0.0,,,,,
2,Qwen3.5-4B,128,short_answer,0.0,,,,,
2,Qwen3.5-4B,207,short_answer,0.048,,,,,
2,Qwen3.5-4B,127,short_answer,0.030534351145038167,,,,,
2,Qwen3.5-4B,208,short_answer,0.015873015873015872,,,,,
2,Qwen3.5-4B,167,short_answer,0.0,,,,,
2,Qwen3.5-4B,189,short_answer,0.01612903225806452,,,,,
2,Qwen3.5-4B,207,short_answer,0.0,,,,,
2,Qwen3.5-4B,194,short_answer,0.0,,,,,
2,Qwen3.5-4B,147,short_answer,0.0,,,,,
2,Qwen3.5-4B,152,short_answer,0.0,,,,,
2,Qwen3.5-4B,171,short_answer,0.0,,,,,
2,Qwen3.5-4B,130,short_answer,0.0,,,,,
2,Qwen3.5-4B,146,short_answer,0.0,,,,,
2,Qwen3.5-4B,197,short_answer,0.0,,,,,
2,Qwen3.5-4B,194,short_answer,0.0,,,,,
2,Qwen3.5-4B,195,short_answer,0.0,,,,,
2,Qwen3.5-4B,219,short_answer,0.0,,,,,
2,Qwen3.5-4B,128,short_answer,0.0,,,,,
2,Qwen3.5-4B,186,short_answer,0.016,,,,,
2,Qwen3.5-4B,141,short_answer,0.0,,,,,
2,Qwen3.5-4B,194,short_answer,0.032,,,,,
2,Qwen3.5-4B,127,short_answer,0.015267175572519083,,,,,
2,Qwen3.5-4B,192,short_answer,0.0,,,,,
2,Qwen3.5-4B,156,short_answer,0.01818181818181818,,,,,
2,Qwen3.5-4B,202,short_answer,0.0,,,,,
2,Qwen3.5-4B,190,short_answer,0.016949152542372878,,,,,
2,Qwen3.5-4B,158,short_answer,0.0,,,,,
2,Qwen3.5-4B,147,short_answer,0.0,,,,,
2,Qwen3.5-4B,210,short_answer,0.0,,,,,
2,Qwen3.5-4B,135,short_answer,0.0,,,,,
2,Qwen3.5-4B,161,short_answer,0.015625,,,,,
2,Qwen3.5-4B,195,short_answer,0.01834862385321101,,,,,
2,Qwen3.5-4B,166,short_answer,0.031746031746031744,,,,,
2,Qwen3.5-4B,170,short_answer,0.0,,,,,
2,Qwen3.5-4B,165,short_answer,0.0,,,,,
2,Qwen3.5-4B,126,short_answer,0.0,,,,,
2,Qwen3.5-4B,179,short_answer,0.0,,,,,
2,Qwen3.5-4B,161,short_answer,0.015267175572519083,,,,,
2,Qwen3.5-4B,127,short_answer,0.030769230769230767,,,,,
2,Qwen3.5-4B,160,short_answer,0.016,,,,,
2,Qwen3.5-4B,200,short_answer,0.0,,,,,
2,Qwen3.5-4B,147,short_answer,0.0,,,,,
2,Qwen3.5-4B,163,short_answer,0.0,,,,,
2,Qwen3.5-4B,160,short_answer,0.016129032258064516,,,,,
2,Qwen3.5-4B,211,short_answer,0.0,,,,,
2,Qwen3.5-4B,159,short_answer,0.0,,,,,
2,Qwen3.5-4B,198,short_answer,0.0,,,,,
2,Qwen3.5-4B,143,short_answer,0.0,,,,,
2,Qwen3.5-4B,149,short_answer,0.0,,,,,
2,Qwen3.5-4B,211,short_answer,0.0,,,,,
2,Qwen3.5-4B,165,short_answer,0.0,,,,,
2,Qwen3.5-4B,141,short_answer,0.0,,,,,
2,Qwen3.5-4B,151,short_answer,0.0,,,,,
2,Qwen3.5-4B,126,short_answer,0.0,,,,,
2,Qwen3.5-4B,204,short_answer,0.0,,,,,
2,Qwen3.5-4B,164,short_answer,0.0,,,,,
2,Qwen3.5-4B,157,short_answer,0.0,,,,,
2,Qwen3.5-4B,137,short_answer,0.0,,,,,
2,Qwen3.5-4B,192,short_answer,0.0,,,,,
2,Qwen3.5-4B,170,short_answer,0.0,,,,,
2,Qwen3.5-4B,214,short_answer,0.0,,,,,
2,Qwen3.5-4B,169,short_answer,0.033898305084745756,,,,,
2,Qwen3.5-4B,177,short_answer,0.0,,,,,
2,Qwen3.5-4B,132,short_answer,0.0,,,,,
2,Qwen3.5-4B,197,short_answer,0.0,,,,,
2,Qwen3.5-4B,215,short_answer,0.0,,,,,
2,Qwen3.5-4B,158,short_answer,0.0,,,,,
2,Qwen3.5-4B,123,short_answer,0.0,,,,,
2,Qwen3.5-4B,177,short_answer,0.0,,,,,
2,Qwen3.5-4B,199,short_answer,0.0,,,,,
2,Qwen3.5-4B,186,short_answer,0.017241379310344827,,,,,
2,Qwen3.5-4B,158,short_answer,0.0,,,,,
2,Qwen3.5-4B,191,short_answer,0.0,,,,,
2,Qwen3.5-4B,123,short_answer,0.0,,,,,
2,Qwen3.5-4B,151,short_answer,0.0,,,,,
2,Qwen3.5-4B,171,short_answer,0.0,,,,,
2,Qwen3.5-4B,145,short_answer,0.0,,,,,
2,Qwen3.5-4B,171,short_answer,0.0,,,,,
2,Qwen3.5-4B,284,open_ended,,,0.11990407673860909,0.01927710843373494,0.15767725097868637,0.6132925152778625
2,Qwen3.5-4B,306,open_ended,,,0.2149532710280374,0.03755868544600939,0.25393260796221323,0.6270486116409302
2,Qwen3.5-4B,231,open_ended,,,0.019801980198019802,0.0,0.058823529411764705,0.5751197338104248
2,Qwen3.5-4B,308,open_ended,,,0.07088607594936708,0.005089058524173028,0.11798209926769733,0.5691388249397278
2,Qwen3.5-4B,228,open_ended,,,0.10859728506787329,0.01818181818181818,0.16906821750215842,0.5966302752494812
2,Qwen3.5-4B,299,open_ended,,,0.12608695652173912,0.039301310043668124,0.18245032141438325,0.6190321445465088
2,Qwen3.5-4B,303,open_ended,,,0.02608695652173913,0.0,0.08528784648187634,0.5988216996192932
2,Qwen3.5-4B,288,open_ended,,,0.11340206185567012,0.04145077720207254,0.15754063415933922,0.5911708474159241
2,Qwen3.5-4B,253,open_ended,,,0.05309734513274337,0.0,0.10340632603406326,0.582378625869751
2,Qwen3.5-4B,288,open_ended,,,0.1095890410958904,0.027548209366391192,0.13625987483328203,0.5909171104431152
2,Qwen3.5-4B,231,open_ended,,,0.16393442622950818,0.038461538461538464,0.157120874456118,0.5821171402931213
2,Qwen3.5-4B,235,open_ended,,,0.048648648648648644,0.0,0.09074410163339382,0.5652380585670471
2,Qwen3.5-4B,294,open_ended,,,0.1662921348314607,0.013544018058690746,0.18267901993684407,0.6277843713760376
2,Qwen3.5-4B,292,open_ended,,,0.042328042328042326,0.0,0.1002865329512894,0.5668182969093323
2,Qwen3.5-4B,221,open_ended,,,0.05978260869565217,0.0,0.0797872340425532,0.5887449979782104
2,Qwen3.5-4B,234,open_ended,,,0.04176334106728538,0.0,0.08742434431741762,0.5657404065132141
2,Qwen3.5-4B,263,open_ended,,,0.06779661016949153,0.0,0.11317907444668009,0.5679274201393127
2,Qwen3.5-4B,295,open_ended,,,0.09237875288683602,0.027842227378190254,0.1187955991196732,0.5795089602470398
2,Qwen3.5-4B,271,open_ended,,,0.13574660633484162,0.022727272727272728,0.15285021415973798,0.6288154125213623
2,Qwen3.5-4B,222,open_ended,,,0.06356968215158924,0.0,0.08957654723127036,0.6150287389755249
2,Qwen3.5-4B,233,open_ended,,,0.11682242990654208,0.009389671361502346,0.15449438202247193,0.6115275025367737
2,Qwen3.5-4B,255,open_ended,,,0.049999999999999996,0.008368200836820083,0.11104071524444228,0.6295050382614136
2,Qwen3.5-4B,308,open_ended,,,0.04071246819338422,0.0,0.10647010647010648,0.5617889761924744
2,Qwen3.5-4B,221,open_ended,,,0.09970674486803519,0.0058997050147492625,0.12154696132596686,0.5620558857917786
2,Qwen3.5-4B,242,open_ended,,,0.04319654427645788,0.0,0.10129870129870132,0.5802183747291565
2,Qwen3.5-4B,287,open_ended,,,0.05392156862745098,0.0,0.08825786646201077,0.5671606659889221
2,Qwen3.5-4B,222,open_ended,,,0.039603960396039604,0.0,0.07736156351791533,0.5974316596984863
2,Qwen3.5-4B,274,open_ended,,,0.15168539325842698,0.01129943502824859,0.194920471281296,0.6164056658744812
2,Qwen3.5-4B,281,open_ended,,,0.014814814814814814,0.0,0.05330490405117272,0.6244445443153381
2,Qwen3.5-4B,263,open_ended,,,0.08438818565400845,0.0,0.1340414769853313,0.5781438946723938
2,Qwen3.5-4B,308,open_ended,,,0.09090909090909091,0.005076142131979695,0.154095701540957,0.5851512551307678
2,Qwen3.5-4B,228,open_ended,,,0.0825515947467167,0.011299435028248586,0.13776067932140335,0.5974406003952026
2,Qwen3.5-4B,224,open_ended,,,0.05417607223476298,0.0,0.13244167644470062,0.6124732494354248
2,Qwen3.5-4B,268,open_ended,,,0.16620498614958448,0.05013927576601671,0.23214611872146118,0.636630654335022
2,Qwen3.5-4B,302,open_ended,,,0.18617021276595744,0.0481283422459893,0.20510483135824978,0.6466301083564758
2,Qwen3.5-4B,225,open_ended,,,0.025157232704402517,0.0,0.08866371120962634,0.602658212184906
2,Qwen3.5-4B,314,open_ended,,,0.11794871794871795,0.05670103092783505,0.18004643903924483,0.562603235244751
2,Qwen3.5-4B,249,open_ended,,,0.08920187793427231,0.009433962264150945,0.14715067611075341,0.596240758895874
2,Qwen3.5-4B,260,open_ended,,,0.07951070336391437,0.006153846153846154,0.1319523579943899,0.5961617827415466
2,Qwen3.5-4B,257,open_ended,,,0.0816326530612245,0.015384615384615385,0.12832263978001834,0.589510977268219
2,Qwen3.5-4B,266,open_ended,,,0.11037527593818984,0.013303769401330375,0.14148273910582912,0.5893862843513489
2,Qwen3.5-4B,276,open_ended,,,0.12541254125412543,0.013289036544850497,0.1963133908195198,0.5976504683494568
2,Qwen3.5-4B,240,open_ended,,,0.10120481927710843,0.009685230024213074,0.14139827179890024,0.5789384841918945
2,Qwen3.5-4B,229,open_ended,,,0.05286343612334801,0.0,0.09667673716012085,0.5839061141014099
2,Qwen3.5-4B,301,open_ended,,,0.10362694300518134,0.03125,0.18361572446103297,0.619011402130127
2,Qwen3.5-4B,246,open_ended,,,0.09790209790209789,0.0234192037470726,0.1351376079184456,0.6143735647201538
2,Qwen3.5-4B,303,open_ended,,,0.053191489361702135,0.0,0.10104790419161674,0.5545904040336609
2,Qwen3.5-4B,259,open_ended,,,0.06315789473684211,0.004228329809725159,0.11001737116386798,0.5914559960365295
2,Qwen3.5-4B,261,open_ended,,,0.05929919137466308,0.0054200542005420045,0.09259259259259259,0.5738224983215332
2,Qwen3.5-4B,296,open_ended,,,0.061538461538461535,0.005154639175257732,0.10251630941286115,0.5722061991691589
2,Qwen3.5-4B,313,open_ended,,,0.030120481927710847,0.0,0.10237068965517243,0.5931280851364136
2,Qwen3.5-4B,252,open_ended,,,0.1341991341991342,0.017391304347826084,0.1910955940125445,0.6241579651832581
2,Qwen3.5-4B,253,open_ended,,,0.047619047619047616,0.0,0.09561998766193706,0.5873984098434448
2,Qwen3.5-4B,284,open_ended,,,0.07657657657657657,0.0,0.13183564272098383,0.5933515429496765
2,Qwen3.5-4B,254,open_ended,,,0.07459207459207459,0.0,0.11465324384787473,0.604028582572937
2,Qwen3.5-4B,279,open_ended,,,0.052770448548812667,0.0,0.10294117647058823,0.5859811902046204
2,Qwen3.5-4B,268,open_ended,,,0.21465968586387435,0.0736842105263158,0.2638080471017433,0.6472126841545105
2,Qwen3.5-4B,229,open_ended,,,0.09545454545454544,0.0228310502283105,0.12067608639392031,0.5839935541152954
2,Qwen3.5-4B,278,open_ended,,,0.08376963350785341,0.005263157894736842,0.10059612518628913,0.5741420984268188
2,Qwen3.5-4B,228,open_ended,,,0.05415860735009671,0.01553398058252427,0.12456553638707119,0.5995437502861023
2,Qwen3.5-4B,228,open_ended,,,0.06535947712418301,0.0,0.13859275053304904,0.5723139643669128
2,Qwen3.5-4B,253,open_ended,,,0.05152224824355973,0.0,0.10153846153846152,0.5813905596733093
2,Qwen3.5-4B,260,open_ended,,,0.01807228915662651,0.0,0.047683923705722074,0.5160444974899292
2,Qwen3.5-4B,304,open_ended,,,0.078125,0.005235602094240838,0.10135135135135137,0.5957789421081543
2,Qwen3.5-4B,252,open_ended,,,0.11353711790393013,0.013157894736842105,0.1703737132181204,0.6264951229095459
2,Qwen3.5-4B,290,open_ended,,,0.0989247311827957,0.01727861771058315,0.13442326932915322,0.5574509501457214
2,Qwen3.5-4B,310,open_ended,,,0.08510638297872339,0.016042780748663103,0.10716401958178272,0.6124138832092285
2,Qwen3.5-4B,261,open_ended,,,0.12398921832884097,0.02710027100271003,0.16012489248853215,0.6120305061340332
2,Qwen3.5-4B,247,open_ended,,,0.12704918032786885,0.016460905349794237,0.146784715750233,0.6075751185417175
2,Qwen3.5-4B,270,open_ended,,,0.05627705627705627,0.0,0.11085844229675952,0.5766749382019043
2,Qwen3.5-4B,255,open_ended,,,0.14222222222222222,0.026785714285714284,0.17924831391784182,0.595466136932373
2,Qwen3.5-4B,237,open_ended,,,0.04889975550122249,0.0,0.10591672753834916,0.5811783075332642
2,Qwen3.5-4B,236,open_ended,,,0.06302521008403361,0.021097046413502112,0.16697686413203658,0.625468909740448
2,Qwen3.5-4B,280,open_ended,,,0.06896551724137931,0.0,0.09177430319510539,0.5550383925437927
2,Qwen3.5-4B,318,open_ended,,,0.12999999999999998,0.020100502512562814,0.16677078265865725,0.5734547972679138
2,Qwen3.5-4B,273,open_ended,,,0.049886621315192746,0.009111617312072893,0.12359591505092232,0.6023799777030945
2,Qwen3.5-4B,255,open_ended,,,0.1425287356321839,0.023094688221709007,0.16020725479127682,0.6123534440994263
2,Qwen3.5-4B,233,open_ended,,,0.1507537688442211,0.005050505050505051,0.19070749279538904,0.6091861724853516
2,Qwen3.5-4B,304,open_ended,,,0.11170212765957448,0.026737967914438502,0.2017503046416307,0.6046512722969055
2,Qwen3.5-4B,233,open_ended,,,0.13,0.0,0.15283842794759828,0.5925134420394897
2,Qwen3.5-4B,317,open_ended,,,0.11538461538461538,0.014492753623188406,0.14521376316094206,0.5759461522102356
2,Qwen3.5-4B,298,open_ended,,,0.04433497536945813,0.0,0.09068425391591098,0.6253381371498108
2,Qwen3.5-4B,233,open_ended,,,0.13278008298755187,0.0125,0.1646811492641906,0.6238464713096619
2,Qwen3.5-4B,237,open_ended,,,0.010989010989010988,0.0,0.07535795026375282,0.6087026000022888
2,Qwen3.5-4B,224,open_ended,,,0.05542725173210161,0.0,0.13556422504547602,0.5747313499450684
2,Qwen3.5-4B,289,open_ended,,,0.05371900826446282,0.008298755186721992,0.12128562765312312,0.6195943355560303
2,Qwen3.5-4B,287,open_ended,,,0.0418848167539267,0.0,0.06735340729001585,0.5719278454780579
2,Qwen3.5-4B,252,open_ended,,,0.17463617463617462,0.020876826722338204,0.22284673744032454,0.6544612646102905
2,Qwen3.5-4B,258,open_ended,,,0.03160270880361174,0.0,0.06892230576441102,0.5844578742980957
2,Qwen3.5-4B,243,open_ended,,,0.04149377593360996,0.004166666666666667,0.08709853021230267,0.5990495681762695
2,Qwen3.5-4B,229,open_ended,,,0.04954954954954955,0.0,0.08403361344537816,0.5759767889976501
2,Qwen3.5-4B,270,open_ended,,,0.05620608899297424,0.004705882352941177,0.12026315084702481,0.5735965371131897
2,Qwen3.5-4B,242,open_ended,,,0.12844036697247704,0.027649769585253458,0.1691440287032291,0.6259544491767883
2,Qwen3.5-4B,255,open_ended,,,0.08733624454148471,0.021929824561403508,0.15949366810741278,0.6198194622993469
2,Qwen3.5-4B,250,open_ended,,,0.08256880733944955,0.0,0.12765957446808512,0.6121112704277039
2,Qwen3.5-4B,279,open_ended,,,0.3012345679012346,0.12406947890818858,0.39400565989194747,0.6293502449989319
2,Qwen3.5-4B,259,open_ended,,,0.04,0.008032128514056224,0.08076940903823872,0.5834505558013916
2,Qwen3.5-4B,262,open_ended,,,0.13533834586466167,0.03022670025188917,0.1724137931034483,0.616767168045044
2,Qwen3.5-4B,320,open_ended,,,0.08379888268156425,0.0056179775280898875,0.12141456288739672,0.5942739248275757
2,Qwen3.5-4B,310,open_ended,,,0.1134020618556701,0.0155440414507772,0.13665594855305466,0.5901836156845093
0,Llama-3.1-8B-Instruct-Q4_K_M,79,yes_no,1.0,1.0,,,,
0,Llama-3.1-8B-Instruct-Q4_K_M,71,yes_no,1.0,1.0,,,,
0,Llama-3.1-8B-Instruct-Q4_K_M,75,yes_no,0.0,0.0,,,,
0,Llama-3.1-8B-Instruct-Q4_K_M,8,yes_no,0.0,0.0,,,,
0,Llama-3.1-8B-Instruct-Q4_K_M,72,yes_no,1.0,1.0,,,,
0,Llama-3.1-8B-Instruct-Q4_K_M,67,yes_no,1.0,1.0,,,,
0,Llama-3.1-8B-Instruct-Q4_K_M,108,yes_no,1.0,1.0,,,,
0,Llama-3.1-8B-Instruct-Q4_K_M,12,yes_no,1.0,1.0,,,,
0,Llama-3.1-8B-Instruct-Q4_K_M,95,yes_no,0.0,0.0,,,,
0,Llama-3.1-8B-Instruct-Q4_K_M,72,yes_no,1.0,1.0,,,,
0,Llama-3.1-8B-Instruct-Q4_K_M,50,yes_no,1.0,1.0,,,,
0,Llama-3.1-8B-Instruct-Q4_K_M,84,yes_no,1.0,1.0,,,,
0,Llama-3.1-8B-Instruct-Q4_K_M,13,yes_no,1.0,1.0,,,,
0,Llama-3.1-8B-Instruct-Q4_K_M,56,yes_no,1.0,1.0,,,,
0,Llama-3.1-8B-Instruct-Q4_K_M,47,yes_no,1.0,1.0,,,,
0,Llama-3.1-8B-Instruct-Q4_K_M,115,yes_no,0.0,0.0,,,,
0,Llama-3.1-8B-Instruct-Q4_K_M,46,yes_no,1.0,1.0,,,,
0,Llama-3.1-8B-Instruct-Q4_K_M,11,yes_no,1.0,1.0,,,,
0,Llama-3.1-8B-Instruct-Q4_K_M,41,yes_no,1.0,1.0,,,,
0,Llama-3.1-8B-Instruct-Q4_K_M,110,yes_no,1.0,1.0,,,,
0,Llama-3.1-8B-Instruct-Q4_K_M,95,yes_no,1.0,1.0,,,,
0,Llama-3.1-8B-Instruct-Q4_K_M,26,yes_no,1.0,1.0,,,,
0,Llama-3.1-8B-Instruct-Q4_K_M,102,yes_no,1.0,1.0,,,,
0,Llama-3.1-8B-Instruct-Q4_K_M,90,yes_no,1.0,1.0,,,,
0,Llama-3.1-8B-Instruct-Q4_K_M,79,yes_no,1.0,1.0,,,,
0,Llama-3.1-8B-Instruct-Q4_K_M,14,yes_no,0.0,0.0,,,,
0,Llama-3.1-8B-Instruct-Q4_K_M,91,yes_no,1.0,1.0,,,,
0,Llama-3.1-8B-Instruct-Q4_K_M,17,yes_no,0.0,0.0,,,,
0,Llama-3.1-8B-Instruct-Q4_K_M,75,yes_no,1.0,1.0,,,,
0,Llama-3.1-8B-Instruct-Q4_K_M,44,yes_no,1.0,1.0,,,,
0,Llama-3.1-8B-Instruct-Q4_K_M,120,yes_no,1.0,1.0,,,,
0,Llama-3.1-8B-Instruct-Q4_K_M,110,yes_no,0.0,0.0,,,,
0,Llama-3.1-8B-Instruct-Q4_K_M,44,yes_no,1.0,1.0,,,,
0,Llama-3.1-8B-Instruct-Q4_K_M,55,yes_no,1.0,1.0,,,,
0,Llama-3.1-8B-Instruct-Q4_K_M,104,yes_no,1.0,1.0,,,,
0,Llama-3.1-8B-Instruct-Q4_K_M,14,yes_no,1.0,1.0,,,,
0,Llama-3.1-8B-Instruct-Q4_K_M,83,yes_no,1.0,1.0,,,,
0,Llama-3.1-8B-Instruct-Q4_K_M,104,yes_no,0.0,0.0,,,,
0,Llama-3.1-8B-Instruct-Q4_K_M,69,yes_no,1.0,1.0,,,,
0,Llama-3.1-8B-Instruct-Q4_K_M,74,yes_no,0.0,0.0,,,,
0,Llama-3.1-8B-Instruct-Q4_K_M,5,yes_no,1.0,1.0,,,,
0,Llama-3.1-8B-Instruct-Q4_K_M,94,yes_no,1.0,1.0,,,,
0,Llama-3.1-8B-Instruct-Q4_K_M,19,yes_no,0.0,0.0,,,,
0,Llama-3.1-8B-Instruct-Q4_K_M,90,yes_no,1.0,1.0,,,,
0,Llama-3.1-8B-Instruct-Q4_K_M,73,yes_no,1.0,1.0,,,,
0,Llama-3.1-8B-Instruct-Q4_K_M,29,yes_no,1.0,1.0,,,,
0,Llama-3.1-8B-Instruct-Q4_K_M,6,yes_no,0.0,0.0,,,,
0,Llama-3.1-8B-Instruct-Q4_K_M,28,yes_no,1.0,1.0,,,,
0,Llama-3.1-8B-Instruct-Q4_K_M,73,yes_no,1.0,1.0,,,,
0,Llama-3.1-8B-Instruct-Q4_K_M,13,yes_no,1.0,1.0,,,,
0,Llama-3.1-8B-Instruct-Q4_K_M,29,yes_no,1.0,1.0,,,,
0,Llama-3.1-8B-Instruct-Q4_K_M,12,yes_no,1.0,1.0,,,,
0,Llama-3.1-8B-Instruct-Q4_K_M,85,yes_no,1.0,1.0,,,,
0,Llama-3.1-8B-Instruct-Q4_K_M,21,yes_no,1.0,1.0,,,,
0,Llama-3.1-8B-Instruct-Q4_K_M,28,yes_no,1.0,1.0,,,,
0,Llama-3.1-8B-Instruct-Q4_K_M,95,yes_no,1.0,1.0,,,,
0,Llama-3.1-8B-Instruct-Q4_K_M,48,yes_no,0.0,0.0,,,,
0,Llama-3.1-8B-Instruct-Q4_K_M,75,yes_no,0.0,0.0,,,,
0,Llama-3.1-8B-Instruct-Q4_K_M,7,yes_no,1.0,1.0,,,,
0,Llama-3.1-8B-Instruct-Q4_K_M,98,yes_no,1.0,1.0,,,,
0,Llama-3.1-8B-Instruct-Q4_K_M,10,yes_no,1.0,1.0,,,,
0,Llama-3.1-8B-Instruct-Q4_K_M,33,yes_no,0.0,0.0,,,,
0,Llama-3.1-8B-Instruct-Q4_K_M,112,yes_no,0.0,0.0,,,,
0,Llama-3.1-8B-Instruct-Q4_K_M,64,yes_no,0.0,0.0,,,,
0,Llama-3.1-8B-Instruct-Q4_K_M,81,yes_no,0.0,0.0,,,,
0,Llama-3.1-8B-Instruct-Q4_K_M,75,yes_no,0.0,0.0,,,,
0,Llama-3.1-8B-Instruct-Q4_K_M,97,yes_no,1.0,1.0,,,,
0,Llama-3.1-8B-Instruct-Q4_K_M,1,yes_no,1.0,1.0,,,,
0,Llama-3.1-8B-Instruct-Q4_K_M,1,yes_no,1.0,1.0,,,,
0,Llama-3.1-8B-Instruct-Q4_K_M,78,yes_no,1.0,1.0,,,,
0,Llama-3.1-8B-Instruct-Q4_K_M,75,yes_no,0.0,0.0,,,,
0,Llama-3.1-8B-Instruct-Q4_K_M,30,yes_no,1.0,1.0,,,,
0,Llama-3.1-8B-Instruct-Q4_K_M,113,yes_no,1.0,1.0,,,,
0,Llama-3.1-8B-Instruct-Q4_K_M,16,yes_no,1.0,1.0,,,,
0,Llama-3.1-8B-Instruct-Q4_K_M,113,yes_no,1.0,1.0,,,,
0,Llama-3.1-8B-Instruct-Q4_K_M,109,yes_no,1.0,1.0,,,,
0,Llama-3.1-8B-Instruct-Q4_K_M,21,yes_no,1.0,1.0,,,,
0,Llama-3.1-8B-Instruct-Q4_K_M,4,yes_no,1.0,1.0,,,,
0,Llama-3.1-8B-Instruct-Q4_K_M,86,yes_no,1.0,1.0,,,,
0,Llama-3.1-8B-Instruct-Q4_K_M,105,yes_no,1.0,1.0,,,,
0,Llama-3.1-8B-Instruct-Q4_K_M,109,yes_no,1.0,1.0,,,,
0,Llama-3.1-8B-Instruct-Q4_K_M,7,yes_no,1.0,1.0,,,,
0,Llama-3.1-8B-Instruct-Q4_K_M,68,yes_no,1.0,1.0,,,,
0,Llama-3.1-8B-Instruct-Q4_K_M,54,yes_no,1.0,1.0,,,,
0,Llama-3.1-8B-Instruct-Q4_K_M,93,yes_no,1.0,1.0,,,,
0,Llama-3.1-8B-Instruct-Q4_K_M,28,yes_no,1.0,1.0,,,,
0,Llama-3.1-8B-Instruct-Q4_K_M,11,yes_no,1.0,1.0,,,,
0,Llama-3.1-8B-Instruct-Q4_K_M,31,yes_no,1.0,1.0,,,,
0,Llama-3.1-8B-Instruct-Q4_K_M,77,yes_no,0.0,0.0,,,,
0,Llama-3.1-8B-Instruct-Q4_K_M,48,yes_no,0.0,0.0,,,,
0,Llama-3.1-8B-Instruct-Q4_K_M,8,yes_no,0.0,0.0,,,,
0,Llama-3.1-8B-Instruct-Q4_K_M,87,yes_no,1.0,1.0,,,,
0,Llama-3.1-8B-Instruct-Q4_K_M,100,yes_no,1.0,1.0,,,,
0,Llama-3.1-8B-Instruct-Q4_K_M,2,yes_no,1.0,1.0,,,,
0,Llama-3.1-8B-Instruct-Q4_K_M,5,yes_no,1.0,1.0,,,,
0,Llama-3.1-8B-Instruct-Q4_K_M,13,yes_no,1.0,1.0,,,,
0,Llama-3.1-8B-Instruct-Q4_K_M,75,yes_no,0.0,0.0,,,,
0,Llama-3.1-8B-Instruct-Q4_K_M,47,yes_no,1.0,1.0,,,,
0,Llama-3.1-8B-Instruct-Q4_K_M,107,yes_no,1.0,1.0,,,,
0,Llama-3.1-8B-Instruct-Q4_K_M,88,yes_no,0.0,0.0,,,,
0,Llama-3.1-8B-Instruct-Q4_K_M,138,short_answer,0.02439024390243903,,,,,
0,Llama-3.1-8B-Instruct-Q4_K_M,161,short_answer,0.0,,,,,
0,Llama-3.1-8B-Instruct-Q4_K_M,150,short_answer,0.0,,,,,
0,Llama-3.1-8B-Instruct-Q4_K_M,150,short_answer,0.0,,,,,
0,Llama-3.1-8B-Instruct-Q4_K_M,154,short_answer,0.05,,,,,
0,Llama-3.1-8B-Instruct-Q4_K_M,213,short_answer,0.03960396039603961,,,,,
0,Llama-3.1-8B-Instruct-Q4_K_M,141,short_answer,0.09411764705882353,,,,,
0,Llama-3.1-8B-Instruct-Q4_K_M,217,short_answer,0.024096385542168672,,,,,
0,Llama-3.1-8B-Instruct-Q4_K_M,159,short_answer,0.020618556701030924,,,,,
0,Llama-3.1-8B-Instruct-Q4_K_M,156,short_answer,0.09375,,,,,
0,Llama-3.1-8B-Instruct-Q4_K_M,160,short_answer,0.0,,,,,
0,Llama-3.1-8B-Instruct-Q4_K_M,171,short_answer,0.0,,,,,
0,Llama-3.1-8B-Instruct-Q4_K_M,207,short_answer,0.0,,,,,
0,Llama-3.1-8B-Instruct-Q4_K_M,211,short_answer,0.0,,,,,
0,Llama-3.1-8B-Instruct-Q4_K_M,197,short_answer,0.0,,,,,
0,Llama-3.1-8B-Instruct-Q4_K_M,167,short_answer,0.02857142857142857,,,,,
0,Llama-3.1-8B-Instruct-Q4_K_M,178,short_answer,0.02247191011235955,,,,,
0,Llama-3.1-8B-Instruct-Q4_K_M,219,short_answer,0.0,,,,,
0,Llama-3.1-8B-Instruct-Q4_K_M,156,short_answer,0.05940594059405941,,,,,
0,Llama-3.1-8B-Instruct-Q4_K_M,169,short_answer,0.01639344262295082,,,,,
0,Llama-3.1-8B-Instruct-Q4_K_M,150,short_answer,0.0,,,,,
0,Llama-3.1-8B-Instruct-Q4_K_M,197,short_answer,0.0,,,,,
0,Llama-3.1-8B-Instruct-Q4_K_M,193,short_answer,0.06349206349206349,,,,,
0,Llama-3.1-8B-Instruct-Q4_K_M,212,short_answer,0.0,,,,,
0,Llama-3.1-8B-Instruct-Q4_K_M,191,short_answer,0.0,,,,,
0,Llama-3.1-8B-Instruct-Q4_K_M,145,short_answer,0.0,,,,,
0,Llama-3.1-8B-Instruct-Q4_K_M,187,short_answer,0.054054054054054064,,,,,
0,Llama-3.1-8B-Instruct-Q4_K_M,210,short_answer,0.025,,,,,
0,Llama-3.1-8B-Instruct-Q4_K_M,189,short_answer,0.0,,,,,
0,Llama-3.1-8B-Instruct-Q4_K_M,195,short_answer,0.2535211267605634,,,,,
0,Llama-3.1-8B-Instruct-Q4_K_M,139,short_answer,0.02469135802469136,,,,,
0,Llama-3.1-8B-Instruct-Q4_K_M,177,short_answer,0.0,,,,,
0,Llama-3.1-8B-Instruct-Q4_K_M,193,short_answer,0.06779661016949151,,,,,
0,Llama-3.1-8B-Instruct-Q4_K_M,163,short_answer,0.035398230088495575,,,,,
0,Llama-3.1-8B-Instruct-Q4_K_M,166,short_answer,0.13793103448275862,,,,,
0,Llama-3.1-8B-Instruct-Q4_K_M,159,short_answer,0.02531645569620253,,,,,
0,Llama-3.1-8B-Instruct-Q4_K_M,162,short_answer,0.08450704225352113,,,,,
0,Llama-3.1-8B-Instruct-Q4_K_M,187,short_answer,0.0547945205479452,,,,,
0,Llama-3.1-8B-Instruct-Q4_K_M,155,short_answer,0.08333333333333333,,,,,
0,Llama-3.1-8B-Instruct-Q4_K_M,143,short_answer,0.0,,,,,
0,Llama-3.1-8B-Instruct-Q4_K_M,153,short_answer,0.05,,,,,
0,Llama-3.1-8B-Instruct-Q4_K_M,208,short_answer,0.05769230769230768,,,,,
0,Llama-3.1-8B-Instruct-Q4_K_M,172,short_answer,0.04255319148936171,,,,,
0,Llama-3.1-8B-Instruct-Q4_K_M,208,short_answer,0.07407407407407407,,,,,
0,Llama-3.1-8B-Instruct-Q4_K_M,205,short_answer,0.0,,,,,
0,Llama-3.1-8B-Instruct-Q4_K_M,184,short_answer,0.06521739130434782,,,,,
0,Llama-3.1-8B-Instruct-Q4_K_M,177,short_answer,0.0,,,,,
0,Llama-3.1-8B-Instruct-Q4_K_M,126,short_answer,0.11904761904761907,,,,,
0,Llama-3.1-8B-Instruct-Q4_K_M,122,short_answer,0.05128205128205127,,,,,
0,Llama-3.1-8B-Instruct-Q4_K_M,194,short_answer,0.052631578947368425,,,,,
0,Llama-3.1-8B-Instruct-Q4_K_M,198,short_answer,0.0,,,,,
0,Llama-3.1-8B-Instruct-Q4_K_M,123,short_answer,0.0689655172413793,,,,,
0,Llama-3.1-8B-Instruct-Q4_K_M,202,short_answer,0.0392156862745098,,,,,
0,Llama-3.1-8B-Instruct-Q4_K_M,205,short_answer,0.0,,,,,
0,Llama-3.1-8B-Instruct-Q4_K_M,173,short_answer,0.15625000000000003,,,,,
0,Llama-3.1-8B-Instruct-Q4_K_M,211,short_answer,0.0,,,,,
0,Llama-3.1-8B-Instruct-Q4_K_M,133,short_answer,0.048192771084337345,,,,,
0,Llama-3.1-8B-Instruct-Q4_K_M,209,short_answer,0.05454545454545455,,,,,
0,Llama-3.1-8B-Instruct-Q4_K_M,170,short_answer,0.6666666666666666,,,,,
0,Llama-3.1-8B-Instruct-Q4_K_M,122,short_answer,0.06451612903225806,,,,,
0,Llama-3.1-8B-Instruct-Q4_K_M,140,short_answer,0.019801980198019806,,,,,
0,Llama-3.1-8B-Instruct-Q4_K_M,200,short_answer,0.09999999999999999,,,,,
0,Llama-3.1-8B-Instruct-Q4_K_M,193,short_answer,0.06779661016949151,,,,,
0,Llama-3.1-8B-Instruct-Q4_K_M,197,short_answer,0.0,,,,,
0,Llama-3.1-8B-Instruct-Q4_K_M,149,short_answer,0.0,,,,,
0,Llama-3.1-8B-Instruct-Q4_K_M,190,short_answer,0.07407407407407407,,,,,
0,Llama-3.1-8B-Instruct-Q4_K_M,212,short_answer,0.0,,,,,
0,Llama-3.1-8B-Instruct-Q4_K_M,161,short_answer,0.0,,,,,
0,Llama-3.1-8B-Instruct-Q4_K_M,182,short_answer,0.03333333333333333,,,,,
0,Llama-3.1-8B-Instruct-Q4_K_M,215,short_answer,0.0,,,,,
0,Llama-3.1-8B-Instruct-Q4_K_M,143,short_answer,0.0,,,,,
0,Llama-3.1-8B-Instruct-Q4_K_M,173,short_answer,0.13114754098360654,,,,,
0,Llama-3.1-8B-Instruct-Q4_K_M,208,short_answer,0.036036036036036036,,,,,
0,Llama-3.1-8B-Instruct-Q4_K_M,158,short_answer,0.04040404040404041,,,,,
0,Llama-3.1-8B-Instruct-Q4_K_M,187,short_answer,0.054054054054054064,,,,,
0,Llama-3.1-8B-Instruct-Q4_K_M,183,short_answer,0.10309278350515465,,,,,
0,Llama-3.1-8B-Instruct-Q4_K_M,196,short_answer,0.0,,,,,
0,Llama-3.1-8B-Instruct-Q4_K_M,196,short_answer,0.0,,,,,
0,Llama-3.1-8B-Instruct-Q4_K_M,205,short_answer,0.0,,,,,
0,Llama-3.1-8B-Instruct-Q4_K_M,188,short_answer,0.0,,,,,
0,Llama-3.1-8B-Instruct-Q4_K_M,194,short_answer,0.23529411764705882,,,,,
0,Llama-3.1-8B-Instruct-Q4_K_M,140,short_answer,0.01886792452830189,,,,,
0,Llama-3.1-8B-Instruct-Q4_K_M,124,short_answer,0.06060606060606061,,,,,
0,Llama-3.1-8B-Instruct-Q4_K_M,125,short_answer,0.02531645569620253,,,,,
0,Llama-3.1-8B-Instruct-Q4_K_M,166,short_answer,0.1518987341772152,,,,,
0,Llama-3.1-8B-Instruct-Q4_K_M,209,short_answer,0.05769230769230769,,,,,
0,Llama-3.1-8B-Instruct-Q4_K_M,122,short_answer,0.09756097560975609,,,,,
0,Llama-3.1-8B-Instruct-Q4_K_M,207,short_answer,0.0,,,,,
0,Llama-3.1-8B-Instruct-Q4_K_M,185,short_answer,0.046511627906976744,,,,,
0,Llama-3.1-8B-Instruct-Q4_K_M,141,short_answer,0.09411764705882353,,,,,
0,Llama-3.1-8B-Instruct-Q4_K_M,160,short_answer,0.0,,,,,
0,Llama-3.1-8B-Instruct-Q4_K_M,125,short_answer,0.02531645569620253,,,,,
0,Llama-3.1-8B-Instruct-Q4_K_M,169,short_answer,0.01639344262295082,,,,,
0,Llama-3.1-8B-Instruct-Q4_K_M,137,short_answer,0.0851063829787234,,,,,
0,Llama-3.1-8B-Instruct-Q4_K_M,196,short_answer,0.0,,,,,
0,Llama-3.1-8B-Instruct-Q4_K_M,181,short_answer,0.025641025641025637,,,,,
0,Llama-3.1-8B-Instruct-Q4_K_M,166,short_answer,0.13953488372093023,,,,,
0,Llama-3.1-8B-Instruct-Q4_K_M,194,short_answer,0.06060606060606061,,,,,
0,Llama-3.1-8B-Instruct-Q4_K_M,190,short_answer,0.07692307692307693,,,,,
0,Llama-3.1-8B-Instruct-Q4_K_M,135,short_answer,0.025974025974025976,,,,,
0,Llama-3.1-8B-Instruct-Q4_K_M,295,open_ended,,,0.35629453681710216,0.18138424821002386,0.375402214876561,0.6573988795280457
0,Llama-3.1-8B-Instruct-Q4_K_M,310,open_ended,,,0.23437499999999997,0.07329842931937172,0.26311849147008254,0.6646178364753723
0,Llama-3.1-8B-Instruct-Q4_K_M,292,open_ended,,,0.3322475570032573,0.24262295081967214,0.6234625270640736,0.7543971538543701
0,Llama-3.1-8B-Instruct-Q4_K_M,316,open_ended,,,0.11622276029055689,0.0389294403892944,0.18721813295945788,0.6141065955162048
0,Llama-3.1-8B-Instruct-Q4_K_M,246,open_ended,,,0.20347394540942929,0.05985037406483791,0.22012647175352917,0.6732931733131409
0,Llama-3.1-8B-Instruct-Q4_K_M,314,open_ended,,,0.2193211488250653,0.13123359580052493,0.37079854906559456,0.6463190317153931
0,Llama-3.1-8B-Instruct-Q4_K_M,248,open_ended,,,0.3165829145728643,0.1313131313131313,0.3407686347519936,0.6870561838150024
0,Llama-3.1-8B-Instruct-Q4_K_M,248,open_ended,,,0.3115577889447236,0.12626262626262627,0.3300601921157685,0.6818988919258118
0,Llama-3.1-8B-Instruct-Q4_K_M,246,open_ended,,,0.18858560794044668,0.06483790523690773,0.22361013370865584,0.6265473961830139
0,Llama-3.1-8B-Instruct-Q4_K_M,288,open_ended,,,0.23204419889502764,0.061111111111111116,0.2660026560424967,0.6537282466888428
0,Llama-3.1-8B-Instruct-Q4_K_M,258,open_ended,,,0.2466487935656837,0.0431266846361186,0.2465989535241613,0.653464138507843
0,Llama-3.1-8B-Instruct-Q4_K_M,268,open_ended,,,0.3154929577464789,0.20963172804532576,0.43052874993817947,0.7030206918716431
0,Llama-3.1-8B-Instruct-Q4_K_M,229,open_ended,,,0.3524229074889868,0.18584070796460175,0.31555459999160973,0.6998359560966492
0,Llama-3.1-8B-Instruct-Q4_K_M,307,open_ended,,,0.0,0.0,0.022026431718061675,0.561253547668457
0,Llama-3.1-8B-Instruct-Q4_K_M,226,open_ended,,,0.2879177377892031,0.06718346253229973,0.2686139364739472,0.6805275678634644
0,Llama-3.1-8B-Instruct-Q4_K_M,233,open_ended,,,0.07894736842105264,0.030837004405286344,0.13255978260869566,0.5118220448493958
0,Llama-3.1-8B-Instruct-Q4_K_M,297,open_ended,,,0.26885245901639343,0.1782178217821782,0.49064231974082306,0.7174502611160278
0,Llama-3.1-8B-Instruct-Q4_K_M,319,open_ended,,,0.23563218390804597,0.09248554913294799,0.23158530183727036,0.6095095276832581
0,Llama-3.1-8B-Instruct-Q4_K_M,304,open_ended,,,0.15938303341902313,0.06201550387596899,0.20007053097252434,0.6644275188446045
0,Llama-3.1-8B-Instruct-Q4_K_M,283,open_ended,,,0.1518324607329843,0.042105263157894736,0.1839584458815652,0.6219282746315002
0,Llama-3.1-8B-Instruct-Q4_K_M,278,open_ended,,,0.13670886075949365,0.015267175572519083,0.12738853503184713,0.5920736193656921
0,Llama-3.1-8B-Instruct-Q4_K_M,246,open_ended,,,0.18140589569160995,0.05466970387243735,0.2134465576495054,0.6696311235427856
0,Llama-3.1-8B-Instruct-Q4_K_M,279,open_ended,,,0.3133640552995392,0.17592592592592593,0.3837638746042983,0.6927106380462646
0,Llama-3.1-8B-Instruct-Q4_K_M,245,open_ended,,,0.14795918367346939,0.035897435897435895,0.19536866602211317,0.6324271559715271
0,Llama-3.1-8B-Instruct-Q4_K_M,307,open_ended,,,0.156479217603912,0.04422604422604423,0.19266240047832453,0.6311191320419312
0,Llama-3.1-8B-Instruct-Q4_K_M,233,open_ended,,,0.23059866962305986,0.08463251670378619,0.24877635368975798,0.6117352247238159
0,Llama-3.1-8B-Instruct-Q4_K_M,307,open_ended,,,0.06018518518518518,0.004651162790697674,0.08348794063079779,0.5458365082740784
0,Llama-3.1-8B-Instruct-Q4_K_M,271,open_ended,,,0.2916666666666667,0.07906976744186046,0.2958144764386174,0.6813562512397766
0,Llama-3.1-8B-Instruct-Q4_K_M,250,open_ended,,,0.20289855072463767,0.04854368932038835,0.19861793786405763,0.6132367253303528
0,Llama-3.1-8B-Instruct-Q4_K_M,311,open_ended,,,0.23502304147465436,0.07407407407407407,0.23613249546207807,0.6904650926589966
0,Llama-3.1-8B-Instruct-Q4_K_M,308,open_ended,,,0.19696969696969696,0.08121827411167512,0.22528697494644684,0.6058639883995056
0,Llama-3.1-8B-Instruct-Q4_K_M,307,open_ended,,,0.06451612903225806,0.00997506234413965,0.08893280632411066,0.5900013446807861
0,Llama-3.1-8B-Instruct-Q4_K_M,283,open_ended,,,0.14146341463414636,0.0392156862745098,0.19088519168780013,0.6306312084197998
0,Llama-3.1-8B-Instruct-Q4_K_M,255,open_ended,,,0.2831050228310502,0.10091743119266054,0.29987564620069407,0.6726002097129822
0,Llama-3.1-8B-Instruct-Q4_K_M,301,open_ended,,,0.23357664233576642,0.10268948655256724,0.2769938978650777,0.6709406971931458
0,Llama-3.1-8B-Instruct-Q4_K_M,259,open_ended,,,0.1095100864553314,0.034782608695652174,0.13348122839901616,0.6355903148651123
0,Llama-3.1-8B-Instruct-Q4_K_M,295,open_ended,,,0.32794457274826794,0.14849187935034802,0.3194431438620036,0.6621406674385071
0,Llama-3.1-8B-Instruct-Q4_K_M,237,open_ended,,,0.13839285714285715,0.026905829596412557,0.1819939773519375,0.6409964561462402
0,Llama-3.1-8B-Instruct-Q4_K_M,235,open_ended,,,0.17158176943699732,0.04851752021563342,0.17674418604651165,0.5877797603607178
0,Llama-3.1-8B-Instruct-Q4_K_M,308,open_ended,,,0.22622107969151667,0.10852713178294573,0.3034712226463901,0.6826809644699097
0,Llama-3.1-8B-Instruct-Q4_K_M,283,open_ended,,,0.16020671834625325,0.05714285714285714,0.2138159509202455,0.6338452696800232
0,Llama-3.1-8B-Instruct-Q4_K_M,271,open_ended,,,0.2744186046511628,0.07943925233644861,0.27463855755718397,0.707015872001648
0,Llama-3.1-8B-Instruct-Q4_K_M,281,open_ended,,,0.18128654970760236,0.05882352941176472,0.2598053599374022,0.6267244219779968
0,Llama-3.1-8B-Instruct-Q4_K_M,261,open_ended,,,0.1964285714285714,0.04191616766467066,0.23087943639257694,0.6912785172462463
0,Llama-3.1-8B-Instruct-Q4_K_M,261,open_ended,,,0.18823529411764706,0.06508875739644969,0.2541582146373321,0.6970630884170532
0,Llama-3.1-8B-Instruct-Q4_K_M,238,open_ended,,,0.2831050228310502,0.11009174311926605,0.27572040928420566,0.6955509185791016
0,Llama-3.1-8B-Instruct-Q4_K_M,263,open_ended,,,0.28752642706131076,0.10615711252653928,0.27699635431737996,0.6597104668617249
0,Llama-3.1-8B-Instruct-Q4_K_M,317,open_ended,,,0.29292929292929293,0.0862944162436548,0.2896333022181439,0.6669574975967407
0,Llama-3.1-8B-Instruct-Q4_K_M,268,open_ended,,,0.3212121212121212,0.21341463414634143,0.4042302275552895,0.6432012915611267
0,Llama-3.1-8B-Instruct-Q4_K_M,319,open_ended,,,0.24293785310734464,0.07954545454545456,0.27435039876511447,0.6058447957038879
0,Llama-3.1-8B-Instruct-Q4_K_M,290,open_ended,,,0.12857142857142856,0.03349282296650717,0.1428507343567549,0.5701900720596313
0,Llama-3.1-8B-Instruct-Q4_K_M,286,open_ended,,,0.26740947075208915,0.0392156862745098,0.26133169714900484,0.663658857345581
0,Llama-3.1-8B-Instruct-Q4_K_M,232,open_ended,,,0.24637681159420288,0.08737864077669903,0.28769220303746745,0.6946957111358643
0,Llama-3.1-8B-Instruct-Q4_K_M,246,open_ended,,,0.20654911838790935,0.06582278481012659,0.22830262695127562,0.690985381603241
0,Llama-3.1-8B-Instruct-Q4_K_M,289,open_ended,,,0.2453703703703704,0.10232558139534884,0.2293983974973808,0.6337485313415527
0,Llama-3.1-8B-Instruct-Q4_K_M,291,open_ended,,,0.2200488997555012,0.0687960687960688,0.27676575505350776,0.6546583771705627
0,Llama-3.1-8B-Instruct-Q4_K_M,224,open_ended,,,0.23980815347721826,0.02891566265060241,0.20601036658653846,0.6790655851364136
0,Llama-3.1-8B-Instruct-Q4_K_M,269,open_ended,,,0.21204819277108433,0.07748184019370462,0.226678286151669,0.6070536971092224
0,Llama-3.1-8B-Instruct-Q4_K_M,242,open_ended,,,0.3021276595744681,0.10256410256410256,0.2690618162394591,0.7028995156288147
0,Llama-3.1-8B-Instruct-Q4_K_M,275,open_ended,,,0.17438692098092645,0.060273972602739714,0.24962191775334014,0.6090467572212219
0,Llama-3.1-8B-Instruct-Q4_K_M,317,open_ended,,,0.3538461538461538,0.11340206185567009,0.31416397668277823,0.712077260017395
0,Llama-3.1-8B-Instruct-Q4_K_M,297,open_ended,,,0.2857142857142857,0.1917808219178082,0.5457348193490521,0.7467362880706787
0,Llama-3.1-8B-Instruct-Q4_K_M,302,open_ended,,,0.15168539325842698,0.01694915254237288,0.16666666666666666,0.5865341424942017
0,Llama-3.1-8B-Instruct-Q4_K_M,237,open_ended,,,0.15903614457831328,0.03389830508474576,0.1643192488262911,0.6438570618629456
0,Llama-3.1-8B-Instruct-Q4_K_M,253,open_ended,,,0.3641304347826087,0.18032786885245905,0.33534011268903,0.7008011937141418
0,Llama-3.1-8B-Instruct-Q4_K_M,241,open_ended,,,0.28061224489795916,0.1435897435897436,0.2674498120285152,0.6284452676773071
0,Llama-3.1-8B-Instruct-Q4_K_M,222,open_ended,,,0.2627345844504022,0.12938005390835577,0.2530383629867552,0.661259651184082
0,Llama-3.1-8B-Instruct-Q4_K_M,259,open_ended,,,0.1038961038961039,0.04699738903394256,0.16008316358594102,0.6184641122817993
0,Llama-3.1-8B-Instruct-Q4_K_M,294,open_ended,,,0.27522935779816515,0.06451612903225806,0.2845434623813002,0.7323379516601562
0,Llama-3.1-8B-Instruct-Q4_K_M,292,open_ended,,,0.36231884057971014,0.26277372262773724,0.6578947368421053,0.7485734224319458
0,Llama-3.1-8B-Instruct-Q4_K_M,228,open_ended,,,0.18534482758620688,0.05627705627705627,0.182243120241327,0.6502359509468079
0,Llama-3.1-8B-Instruct-Q4_K_M,319,open_ended,,,0.23796033994334279,0.07977207977207977,0.2911539040168497,0.6050200462341309
0,Llama-3.1-8B-Instruct-Q4_K_M,313,open_ended,,,0.059800664451827246,0.0,0.14162561576354682,0.579218864440918
0,Llama-3.1-8B-Instruct-Q4_K_M,311,open_ended,,,0.27884615384615385,0.08212560386473429,0.26955001486121194,0.6879342198371887
0,Llama-3.1-8B-Instruct-Q4_K_M,314,open_ended,,,0.17460317460317462,0.06382978723404255,0.18602029312288618,0.6137915253639221
0,Llama-3.1-8B-Instruct-Q4_K_M,287,open_ended,,,0.1764705882352941,0.034482758620689655,0.2212648439657553,0.6116546392440796
0,Llama-3.1-8B-Instruct-Q4_K_M,291,open_ended,,,0.20638820638820637,0.05432098765432098,0.2536662001953898,0.6503030061721802
0,Llama-3.1-8B-Instruct-Q4_K_M,282,open_ended,,,0.23157894736842105,0.11640211640211641,0.3600174874351424,0.7144254446029663
0,Llama-3.1-8B-Instruct-Q4_K_M,306,open_ended,,,0.303448275862069,0.13856812933025403,0.30797009678407034,0.7283103466033936
0,Llama-3.1-8B-Instruct-Q4_K_M,251,open_ended,,,0.3577981651376147,0.14746543778801843,0.31624779033912215,0.6983357667922974
0,Llama-3.1-8B-Instruct-Q4_K_M,242,open_ended,,,0.2887473460721869,0.09381663113006397,0.2528949569355306,0.6884648203849792
0,Llama-3.1-8B-Instruct-Q4_K_M,306,open_ended,,,0.27314814814814814,0.11162790697674418,0.2868490605584794,0.692304790019989
0,Llama-3.1-8B-Instruct-Q4_K_M,316,open_ended,,,0.13227513227513227,0.058510638297872335,0.17917133258678614,0.6452605724334717
0,Llama-3.1-8B-Instruct-Q4_K_M,269,open_ended,,,0.2641509433962264,0.09004739336492891,0.23380093520374085,0.6234025955200195
0,Llama-3.1-8B-Instruct-Q4_K_M,316,open_ended,,,0.09183673469387756,0.020512820512820513,0.12213016934842262,0.5396265387535095
0,Llama-3.1-8B-Instruct-Q4_K_M,255,open_ended,,,0.29024943310657597,0.10478359908883828,0.3270177919796967,0.6713224649429321
0,Llama-3.1-8B-Instruct-Q4_K_M,262,open_ended,,,0.3137254901960785,0.16338028169014082,0.37347349150065656,0.6849852800369263
0,Llama-3.1-8B-Instruct-Q4_K_M,302,open_ended,,,0.14634146341463414,0.024539877300613498,0.16385015493581234,0.5893794298171997
0,Llama-3.1-8B-Instruct-Q4_K_M,282,open_ended,,,0.23376623376623376,0.10966057441253262,0.3137875131378415,0.7148003578186035
0,Llama-3.1-8B-Instruct-Q4_K_M,256,open_ended,,,0.23157894736842102,0.07407407407407407,0.2755415358563797,0.7329931855201721
0,Llama-3.1-8B-Instruct-Q4_K_M,254,open_ended,,,0.27505827505827507,0.08430913348946134,0.22814334723597485,0.6629454493522644
0,Llama-3.1-8B-Instruct-Q4_K_M,307,open_ended,,,0.04962779156327544,0.004987531172069825,0.0691699604743083,0.5805045962333679
0,Llama-3.1-8B-Instruct-Q4_K_M,266,open_ended,,,0.24947145877378435,0.06794055201698514,0.24177901036107988,0.6579715013504028
0,Llama-3.1-8B-Instruct-Q4_K_M,266,open_ended,,,0.28874734607218683,0.1023454157782516,0.2744540314051216,0.6976303458213806
0,Llama-3.1-8B-Instruct-Q4_K_M,283,open_ended,,,0.14077669902912623,0.03414634146341464,0.1861205275399614,0.6168085932731628
0,Llama-3.1-8B-Instruct-Q4_K_M,306,open_ended,,,0.27294117647058824,0.12293144208037825,0.2975985817781907,0.7131817936897278
0,Llama-3.1-8B-Instruct-Q4_K_M,231,open_ended,,,0.2893401015228427,0.18877551020408162,0.42594986449864497,0.7176707983016968
0,Llama-3.1-8B-Instruct-Q4_K_M,268,open_ended,,,0.3098591549295775,0.20963172804532576,0.37121719332879927,0.7141876816749573
0,Llama-3.1-8B-Instruct-Q4_K_M,312,open_ended,,,0.196969696969697,0.09644670050761421,0.2858731306137515,0.6744831800460815
0,Llama-3.1-8B-Instruct-Q4_K_M,310,open_ended,,,0.21875,0.09424083769633507,0.24761634103019547,0.6757398247718811
1,Llama-3.1-8B-Instruct-Q4_K_M,59,yes_no,1.0,1.0,,,,
1,Llama-3.1-8B-Instruct-Q4_K_M,83,yes_no,1.0,1.0,,,,
1,Llama-3.1-8B-Instruct-Q4_K_M,23,yes_no,0.0,0.0,,,,
1,Llama-3.1-8B-Instruct-Q4_K_M,75,yes_no,1.0,1.0,,,,
1,Llama-3.1-8B-Instruct-Q4_K_M,11,yes_no,1.0,1.0,,,,
1,Llama-3.1-8B-Instruct-Q4_K_M,42,yes_no,0.0,0.0,,,,
1,Llama-3.1-8B-Instruct-Q4_K_M,47,yes_no,1.0,1.0,,,,
1,Llama-3.1-8B-Instruct-Q4_K_M,33,yes_no,0.0,0.0,,,,
1,Llama-3.1-8B-Instruct-Q4_K_M,95,yes_no,1.0,1.0,,,,
1,Llama-3.1-8B-Instruct-Q4_K_M,56,yes_no,1.0,1.0,,,,
1,Llama-3.1-8B-Instruct-Q4_K_M,72,yes_no,1.0,1.0,,,,
1,Llama-3.1-8B-Instruct-Q4_K_M,53,yes_no,1.0,1.0,,,,
1,Llama-3.1-8B-Instruct-Q4_K_M,93,yes_no,1.0,1.0,,,,
1,Llama-3.1-8B-Instruct-Q4_K_M,88,yes_no,0.0,0.0,,,,
1,Llama-3.1-8B-Instruct-Q4_K_M,47,yes_no,1.0,1.0,,,,
1,Llama-3.1-8B-Instruct-Q4_K_M,109,yes_no,1.0,1.0,,,,
1,Llama-3.1-8B-Instruct-Q4_K_M,58,yes_no,1.0,1.0,,,,
1,Llama-3.1-8B-Instruct-Q4_K_M,45,yes_no,1.0,1.0,,,,
1,Llama-3.1-8B-Instruct-Q4_K_M,18,yes_no,1.0,1.0,,,,
1,Llama-3.1-8B-Instruct-Q4_K_M,105,yes_no,1.0,1.0,,,,
1,Llama-3.1-8B-Instruct-Q4_K_M,84,yes_no,1.0,1.0,,,,
1,Llama-3.1-8B-Instruct-Q4_K_M,59,yes_no,0.0,0.0,,,,
1,Llama-3.1-8B-Instruct-Q4_K_M,81,yes_no,0.0,0.0,,,,
1,Llama-3.1-8B-Instruct-Q4_K_M,112,yes_no,0.0,0.0,,,,
1,Llama-3.1-8B-Instruct-Q4_K_M,4,yes_no,1.0,1.0,,,,
1,Llama-3.1-8B-Instruct-Q4_K_M,41,yes_no,1.0,1.0,,,,
1,Llama-3.1-8B-Instruct-Q4_K_M,120,yes_no,1.0,1.0,,,,
1,Llama-3.1-8B-Instruct-Q4_K_M,31,yes_no,1.0,1.0,,,,
1,Llama-3.1-8B-Instruct-Q4_K_M,43,yes_no,1.0,1.0,,,,
1,Llama-3.1-8B-Instruct-Q4_K_M,10,yes_no,1.0,1.0,,,,
1,Llama-3.1-8B-Instruct-Q4_K_M,89,yes_no,1.0,1.0,,,,
1,Llama-3.1-8B-Instruct-Q4_K_M,26,yes_no,1.0,1.0,,,,
1,Llama-3.1-8B-Instruct-Q4_K_M,112,yes_no,0.0,0.0,,,,
1,Llama-3.1-8B-Instruct-Q4_K_M,76,yes_no,1.0,1.0,,,,
1,Llama-3.1-8B-Instruct-Q4_K_M,76,yes_no,1.0,1.0,,,,
1,Llama-3.1-8B-Instruct-Q4_K_M,80,yes_no,0.0,0.0,,,,
1,Llama-3.1-8B-Instruct-Q4_K_M,79,yes_no,1.0,1.0,,,,
1,Llama-3.1-8B-Instruct-Q4_K_M,109,yes_no,1.0,1.0,,,,
1,Llama-3.1-8B-Instruct-Q4_K_M,6,yes_no,0.0,0.0,,,,
1,Llama-3.1-8B-Instruct-Q4_K_M,24,yes_no,0.0,0.0,,,,
1,Llama-3.1-8B-Instruct-Q4_K_M,78,yes_no,1.0,1.0,,,,
1,Llama-3.1-8B-Instruct-Q4_K_M,5,yes_no,1.0,1.0,,,,
1,Llama-3.1-8B-Instruct-Q4_K_M,21,yes_no,1.0,1.0,,,,
1,Llama-3.1-8B-Instruct-Q4_K_M,18,yes_no,1.0,1.0,,,,
1,Llama-3.1-8B-Instruct-Q4_K_M,38,yes_no,0.0,0.0,,,,
1,Llama-3.1-8B-Instruct-Q4_K_M,24,yes_no,0.0,0.0,,,,
1,Llama-3.1-8B-Instruct-Q4_K_M,21,yes_no,1.0,1.0,,,,
1,Llama-3.1-8B-Instruct-Q4_K_M,63,yes_no,1.0,1.0,,,,
1,Llama-3.1-8B-Instruct-Q4_K_M,74,yes_no,0.0,0.0,,,,
1,Llama-3.1-8B-Instruct-Q4_K_M,11,yes_no,1.0,1.0,,,,
1,Llama-3.1-8B-Instruct-Q4_K_M,41,yes_no,1.0,1.0,,,,
1,Llama-3.1-8B-Instruct-Q4_K_M,46,yes_no,1.0,1.0,,,,
1,Llama-3.1-8B-Instruct-Q4_K_M,109,yes_no,1.0,1.0,,,,
1,Llama-3.1-8B-Instruct-Q4_K_M,100,yes_no,1.0,1.0,,,,
1,Llama-3.1-8B-Instruct-Q4_K_M,91,yes_no,1.0,1.0,,,,
1,Llama-3.1-8B-Instruct-Q4_K_M,22,yes_no,1.0,1.0,,,,
1,Llama-3.1-8B-Instruct-Q4_K_M,37,yes_no,0.0,0.0,,,,
1,Llama-3.1-8B-Instruct-Q4_K_M,50,yes_no,1.0,1.0,,,,
1,Llama-3.1-8B-Instruct-Q4_K_M,114,yes_no,0.0,0.0,,,,
1,Llama-3.1-8B-Instruct-Q4_K_M,28,yes_no,1.0,1.0,,,,
1,Llama-3.1-8B-Instruct-Q4_K_M,67,yes_no,1.0,1.0,,,,
1,Llama-3.1-8B-Instruct-Q4_K_M,111,yes_no,0.0,0.0,,,,
1,Llama-3.1-8B-Instruct-Q4_K_M,103,yes_no,1.0,1.0,,,,
1,Llama-3.1-8B-Instruct-Q4_K_M,49,yes_no,0.0,0.0,,,,
1,Llama-3.1-8B-Instruct-Q4_K_M,11,yes_no,1.0,1.0,,,,
1,Llama-3.1-8B-Instruct-Q4_K_M,80,yes_no,0.0,0.0,,,,
1,Llama-3.1-8B-Instruct-Q4_K_M,3,yes_no,1.0,1.0,,,,
1,Llama-3.1-8B-Instruct-Q4_K_M,106,yes_no,1.0,1.0,,,,
1,Llama-3.1-8B-Instruct-Q4_K_M,65,yes_no,0.0,0.0,,,,
1,Llama-3.1-8B-Instruct-Q4_K_M,115,yes_no,0.0,0.0,,,,
1,Llama-3.1-8B-Instruct-Q4_K_M,65,yes_no,0.0,0.0,,,,
1,Llama-3.1-8B-Instruct-Q4_K_M,19,yes_no,0.0,0.0,,,,
1,Llama-3.1-8B-Instruct-Q4_K_M,65,yes_no,0.0,0.0,,,,
1,Llama-3.1-8B-Instruct-Q4_K_M,83,yes_no,1.0,1.0,,,,
1,Llama-3.1-8B-Instruct-Q4_K_M,81,yes_no,0.0,0.0,,,,
1,Llama-3.1-8B-Instruct-Q4_K_M,99,yes_no,1.0,1.0,,,,
1,Llama-3.1-8B-Instruct-Q4_K_M,67,yes_no,1.0,1.0,,,,
1,Llama-3.1-8B-Instruct-Q4_K_M,80,yes_no,1.0,1.0,,,,
1,Llama-3.1-8B-Instruct-Q4_K_M,83,yes_no,1.0,1.0,,,,
1,Llama-3.1-8B-Instruct-Q4_K_M,32,yes_no,1.0,1.0,,,,
1,Llama-3.1-8B-Instruct-Q4_K_M,20,yes_no,1.0,1.0,,,,
1,Llama-3.1-8B-Instruct-Q4_K_M,72,yes_no,1.0,1.0,,,,
1,Llama-3.1-8B-Instruct-Q4_K_M,14,yes_no,0.0,0.0,,,,
1,Llama-3.1-8B-Instruct-Q4_K_M,8,yes_no,0.0,0.0,,,,
1,Llama-3.1-8B-Instruct-Q4_K_M,35,yes_no,1.0,1.0,,,,
1,Llama-3.1-8B-Instruct-Q4_K_M,9,yes_no,1.0,1.0,,,,
1,Llama-3.1-8B-Instruct-Q4_K_M,112,yes_no,0.0,0.0,,,,
1,Llama-3.1-8B-Instruct-Q4_K_M,41,yes_no,1.0,1.0,,,,
1,Llama-3.1-8B-Instruct-Q4_K_M,86,yes_no,1.0,1.0,,,,
1,Llama-3.1-8B-Instruct-Q4_K_M,7,yes_no,1.0,1.0,,,,
1,Llama-3.1-8B-Instruct-Q4_K_M,52,yes_no,1.0,1.0,,,,
1,Llama-3.1-8B-Instruct-Q4_K_M,112,yes_no,1.0,1.0,,,,
1,Llama-3.1-8B-Instruct-Q4_K_M,30,yes_no,1.0,1.0,,,,
1,Llama-3.1-8B-Instruct-Q4_K_M,106,yes_no,1.0,1.0,,,,
1,Llama-3.1-8B-Instruct-Q4_K_M,7,yes_no,1.0,1.0,,,,
1,Llama-3.1-8B-Instruct-Q4_K_M,115,yes_no,0.0,0.0,,,,
1,Llama-3.1-8B-Instruct-Q4_K_M,67,yes_no,1.0,1.0,,,,
1,Llama-3.1-8B-Instruct-Q4_K_M,6,yes_no,0.0,0.0,,,,
1,Llama-3.1-8B-Instruct-Q4_K_M,120,yes_no,1.0,1.0,,,,
1,Llama-3.1-8B-Instruct-Q4_K_M,103,yes_no,1.0,1.0,,,,
1,Llama-3.1-8B-Instruct-Q4_K_M,137,short_answer,0.05882352941176471,,,,,
1,Llama-3.1-8B-Instruct-Q4_K_M,163,short_answer,0.03225806451612903,,,,,
1,Llama-3.1-8B-Instruct-Q4_K_M,158,short_answer,0.03960396039603961,,,,,
1,Llama-3.1-8B-Instruct-Q4_K_M,143,short_answer,0.0,,,,,
1,Llama-3.1-8B-Instruct-Q4_K_M,130,short_answer,0.0,,,,,
1,Llama-3.1-8B-Instruct-Q4_K_M,204,short_answer,0.0,,,,,
1,Llama-3.1-8B-Instruct-Q4_K_M,175,short_answer,0.02631578947368421,,,,,
1,Llama-3.1-8B-Instruct-Q4_K_M,154,short_answer,0.05063291139240506,,,,,
1,Llama-3.1-8B-Instruct-Q4_K_M,133,short_answer,0.02898550724637681,,,,,
1,Llama-3.1-8B-Instruct-Q4_K_M,196,short_answer,0.0,,,,,
1,Llama-3.1-8B-Instruct-Q4_K_M,167,short_answer,0.028985507246376812,,,,,
1,Llama-3.1-8B-Instruct-Q4_K_M,145,short_answer,0.0,,,,,
1,Llama-3.1-8B-Instruct-Q4_K_M,197,short_answer,0.0,,,,,
1,Llama-3.1-8B-Instruct-Q4_K_M,137,short_answer,0.06779661016949151,,,,,
1,Llama-3.1-8B-Instruct-Q4_K_M,165,short_answer,0.0,,,,,
1,Llama-3.1-8B-Instruct-Q4_K_M,212,short_answer,0.0,,,,,
1,Llama-3.1-8B-Instruct-Q4_K_M,188,short_answer,0.0,,,,,
1,Llama-3.1-8B-Instruct-Q4_K_M,202,short_answer,0.0392156862745098,,,,,
1,Llama-3.1-8B-Instruct-Q4_K_M,161,short_answer,0.0,,,,,
1,Llama-3.1-8B-Instruct-Q4_K_M,209,short_answer,0.05769230769230769,,,,,
1,Llama-3.1-8B-Instruct-Q4_K_M,162,short_answer,0.1090909090909091,,,,,
1,Llama-3.1-8B-Instruct-Q4_K_M,149,short_answer,0.0,,,,,
1,Llama-3.1-8B-Instruct-Q4_K_M,150,short_answer,0.0,,,,,
1,Llama-3.1-8B-Instruct-Q4_K_M,163,short_answer,0.03333333333333333,,,,,
1,Llama-3.1-8B-Instruct-Q4_K_M,138,short_answer,0.02898550724637681,,,,,
1,Llama-3.1-8B-Instruct-Q4_K_M,206,short_answer,0.02857142857142857,,,,,
1,Llama-3.1-8B-Instruct-Q4_K_M,190,short_answer,0.09638554216867469,,,,,
1,Llama-3.1-8B-Instruct-Q4_K_M,201,short_answer,0.14814814814814814,,,,,
1,Llama-3.1-8B-Instruct-Q4_K_M,166,short_answer,0.14634146341463414,,,,,
1,Llama-3.1-8B-Instruct-Q4_K_M,136,short_answer,0.0,,,,,
1,Llama-3.1-8B-Instruct-Q4_K_M,208,short_answer,0.03669724770642203,,,,,
1,Llama-3.1-8B-Instruct-Q4_K_M,130,short_answer,0.0,,,,,
1,Llama-3.1-8B-Instruct-Q4_K_M,144,short_answer,0.09523809523809523,,,,,
1,Llama-3.1-8B-Instruct-Q4_K_M,155,short_answer,0.08333333333333333,,,,,
1,Llama-3.1-8B-Instruct-Q4_K_M,163,short_answer,0.027586206896551724,,,,,
1,Llama-3.1-8B-Instruct-Q4_K_M,186,short_answer,0.0,,,,,
1,Llama-3.1-8B-Instruct-Q4_K_M,133,short_answer,0.02898550724637681,,,,,
1,Llama-3.1-8B-Instruct-Q4_K_M,168,short_answer,0.1075268817204301,,,,,
1,Llama-3.1-8B-Instruct-Q4_K_M,124,short_answer,0.05405405405405406,,,,,
1,Llama-3.1-8B-Instruct-Q4_K_M,121,short_answer,0.025316455696202535,,,,,
1,Llama-3.1-8B-Instruct-Q4_K_M,156,short_answer,0.025641025641025644,,,,,
1,Llama-3.1-8B-Instruct-Q4_K_M,170,short_answer,0.6666666666666666,,,,,
1,Llama-3.1-8B-Instruct-Q4_K_M,174,short_answer,0.0,,,,,
1,Llama-3.1-8B-Instruct-Q4_K_M,220,short_answer,0.0,,,,,
1,Llama-3.1-8B-Instruct-Q4_K_M,196,short_answer,0.0,,,,,
1,Llama-3.1-8B-Instruct-Q4_K_M,143,short_answer,0.0,,,,,
1,Llama-3.1-8B-Instruct-Q4_K_M,141,short_answer,0.09411764705882353,,,,,
1,Llama-3.1-8B-Instruct-Q4_K_M,139,short_answer,0.021978021978021976,,,,,
1,Llama-3.1-8B-Instruct-Q4_K_M,171,short_answer,0.03225806451612903,,,,,
1,Llama-3.1-8B-Instruct-Q4_K_M,147,short_answer,0.02298850574712644,,,,,
1,Llama-3.1-8B-Instruct-Q4_K_M,141,short_answer,0.09411764705882353,,,,,
1,Llama-3.1-8B-Instruct-Q4_K_M,125,short_answer,0.0,,,,,
1,Llama-3.1-8B-Instruct-Q4_K_M,172,short_answer,0.048780487804878044,,,,,
1,Llama-3.1-8B-Instruct-Q4_K_M,139,short_answer,0.02105263157894737,,,,,
1,Llama-3.1-8B-Instruct-Q4_K_M,181,short_answer,0.07272727272727272,,,,,
1,Llama-3.1-8B-Instruct-Q4_K_M,173,short_answer,0.13114754098360654,,,,,
1,Llama-3.1-8B-Instruct-Q4_K_M,192,short_answer,0.05333333333333332,,,,,
1,Llama-3.1-8B-Instruct-Q4_K_M,186,short_answer,0.0,,,,,
1,Llama-3.1-8B-Instruct-Q4_K_M,174,short_answer,0.0,,,,,
1,Llama-3.1-8B-Instruct-Q4_K_M,187,short_answer,0.0547945205479452,,,,,
1,Llama-3.1-8B-Instruct-Q4_K_M,174,short_answer,0.0,,,,,
1,Llama-3.1-8B-Instruct-Q4_K_M,210,short_answer,0.07058823529411765,,,,,
1,Llama-3.1-8B-Instruct-Q4_K_M,170,short_answer,0.6666666666666666,,,,,
1,Llama-3.1-8B-Instruct-Q4_K_M,159,short_answer,0.02531645569620253,,,,,
1,Llama-3.1-8B-Instruct-Q4_K_M,180,short_answer,0.047619047619047616,,,,,
1,Llama-3.1-8B-Instruct-Q4_K_M,180,short_answer,0.02531645569620253,,,,,
1,Llama-3.1-8B-Instruct-Q4_K_M,182,short_answer,0.023255813953488372,,,,,
1,Llama-3.1-8B-Instruct-Q4_K_M,190,short_answer,0.07407407407407407,,,,,
1,Llama-3.1-8B-Instruct-Q4_K_M,164,short_answer,0.0,,,,,
1,Llama-3.1-8B-Instruct-Q4_K_M,196,short_answer,0.0,,,,,
1,Llama-3.1-8B-Instruct-Q4_K_M,123,short_answer,0.0821917808219178,,,,,
1,Llama-3.1-8B-Instruct-Q4_K_M,137,short_answer,0.052631578947368425,,,,,
1,Llama-3.1-8B-Instruct-Q4_K_M,125,short_answer,0.02531645569620253,,,,,
1,Llama-3.1-8B-Instruct-Q4_K_M,146,short_answer,0.0,,,,,
1,Llama-3.1-8B-Instruct-Q4_K_M,146,short_answer,0.0,,,,,
1,Llama-3.1-8B-Instruct-Q4_K_M,188,short_answer,0.0,,,,,
1,Llama-3.1-8B-Instruct-Q4_K_M,152,short_answer,0.0,,,,,
1,Llama-3.1-8B-Instruct-Q4_K_M,166,short_answer,0.13953488372093023,,,,,
1,Llama-3.1-8B-Instruct-Q4_K_M,173,short_answer,0.07058823529411765,,,,,
1,Llama-3.1-8B-Instruct-Q4_K_M,164,short_answer,0.0,,,,,
1,Llama-3.1-8B-Instruct-Q4_K_M,195,short_answer,0.1095890410958904,,,,,
1,Llama-3.1-8B-Instruct-Q4_K_M,212,short_answer,0.0,,,,,
1,Llama-3.1-8B-Instruct-Q4_K_M,203,short_answer,0.022988505747126436,,,,,
1,Llama-3.1-8B-Instruct-Q4_K_M,179,short_answer,0.01923076923076923,,,,,
1,Llama-3.1-8B-Instruct-Q4_K_M,173,short_answer,0.13114754098360654,,,,,
1,Llama-3.1-8B-Instruct-Q4_K_M,167,short_answer,0.028985507246376812,,,,,
1,Llama-3.1-8B-Instruct-Q4_K_M,172,short_answer,0.02150537634408602,,,,,
1,Llama-3.1-8B-Instruct-Q4_K_M,219,short_answer,0.0,,,,,
1,Llama-3.1-8B-Instruct-Q4_K_M,122,short_answer,0.09756097560975609,,,,,
1,Llama-3.1-8B-Instruct-Q4_K_M,142,short_answer,0.0,,,,,
1,Llama-3.1-8B-Instruct-Q4_K_M,145,short_answer,0.0,,,,,
1,Llama-3.1-8B-Instruct-Q4_K_M,160,short_answer,0.0,,,,,
1,Llama-3.1-8B-Instruct-Q4_K_M,205,short_answer,0.0,,,,,
1,Llama-3.1-8B-Instruct-Q4_K_M,188,short_answer,0.0,,,,,
1,Llama-3.1-8B-Instruct-Q4_K_M,134,short_answer,0.04938271604938272,,,,,
1,Llama-3.1-8B-Instruct-Q4_K_M,124,short_answer,0.06060606060606061,,,,,
1,Llama-3.1-8B-Instruct-Q4_K_M,197,short_answer,0.028169014084507043,,,,,
1,Llama-3.1-8B-Instruct-Q4_K_M,139,short_answer,0.15384615384615385,,,,,
1,Llama-3.1-8B-Instruct-Q4_K_M,170,short_answer,0.6666666666666666,,,,,
1,Llama-3.1-8B-Instruct-Q4_K_M,167,short_answer,0.022988505747126436,,,,,
1,Llama-3.1-8B-Instruct-Q4_K_M,254,open_ended,,,0.33333333333333337,0.09302325581395349,0.2717958884433539,0.7021226286888123
1,Llama-3.1-8B-Instruct-Q4_K_M,232,open_ended,,,0.26666666666666666,0.10723860589812333,0.29090283917870124,0.724277675151825
1,Llama-3.1-8B-Instruct-Q4_K_M,290,open_ended,,,0.1312335958005249,0.036939313984168866,0.1340919355879398,0.5696881413459778
1,Llama-3.1-8B-Instruct-Q4_K_M,242,open_ended,,,0.31877729257641924,0.11403508771929825,0.2547426920322612,0.6914348006248474
1,Llama-3.1-8B-Instruct-Q4_K_M,247,open_ended,,,0.33936651583710414,0.1272727272727273,0.24981376321196025,0.650143027305603
1,Llama-3.1-8B-Instruct-Q4_K_M,244,open_ended,,,0.2669789227166276,0.07058823529411765,0.21027683161612512,0.6795110702514648
1,Llama-3.1-8B-Instruct-Q4_K_M,265,open_ended,,,0.18367346938775508,0.020512820512820513,0.1717579009838093,0.6397062540054321
1,Llama-3.1-8B-Instruct-Q4_K_M,272,open_ended,,,0.2055137844611529,0.050377833753148624,0.2004569035178879,0.6120990514755249
1,Llama-3.1-8B-Instruct-Q4_K_M,265,open_ended,,,0.17,0.01507537688442211,0.15758371634931057,0.6001258492469788
1,Llama-3.1-8B-Instruct-Q4_K_M,279,open_ended,,,0.3552311435523114,0.22004889975550124,0.4059357178532708,0.7158750295639038
1,Llama-3.1-8B-Instruct-Q4_K_M,241,open_ended,,,0.328125,0.17277486910994763,0.299249280069382,0.7020741105079651
1,Llama-3.1-8B-Instruct-Q4_K_M,238,open_ended,,,0.2553191489361702,0.0997624703087886,0.2348594452762358,0.6685305237770081
1,Llama-3.1-8B-Instruct-Q4_K_M,297,open_ended,,,0.27586206896551724,0.19444444444444445,0.5085547347373716,0.7514998912811279
1,Llama-3.1-8B-Instruct-Q4_K_M,303,open_ended,,,0.11594202898550723,0.0048543689320388345,0.1519756838905775,0.5888598561286926
1,Llama-3.1-8B-Instruct-Q4_K_M,245,open_ended,,,0.15706806282722513,0.042105263157894736,0.19095477386934676,0.6833525896072388
1,Llama-3.1-8B-Instruct-Q4_K_M,279,open_ended,,,0.3562945368171021,0.2195704057279236,0.38164942074819613,0.7399005889892578
1,Llama-3.1-8B-Instruct-Q4_K_M,270,open_ended,,,0.2119815668202765,0.04166666666666666,0.18588527468749233,0.6280187964439392
1,Llama-3.1-8B-Instruct-Q4_K_M,267,open_ended,,,0.31496062992125984,0.12137203166226913,0.2909505899546519,0.680281937122345
1,Llama-3.1-8B-Instruct-Q4_K_M,228,open_ended,,,0.22125813449023862,0.0915032679738562,0.21414005162979377,0.6488932967185974
1,Llama-3.1-8B-Instruct-Q4_K_M,293,open_ended,,,0.3609022556390977,0.27707808564231734,0.535607964920472,0.7309693694114685
1,Llama-3.1-8B-Instruct-Q4_K_M,231,open_ended,,,0.28132992327365725,0.17994858611825193,0.4910761877427177,0.7275406122207642
1,Llama-3.1-8B-Instruct-Q4_K_M,278,open_ended,,,0.12594458438287157,0.015189873417721518,0.11544585987261145,0.5734220743179321
1,Llama-3.1-8B-Instruct-Q4_K_M,284,open_ended,,,0.2211055276381909,0.0404040404040404,0.21625586972732225,0.6714445352554321
1,Llama-3.1-8B-Instruct-Q4_K_M,302,open_ended,,,0.1694915254237288,0.022727272727272728,0.17191977077363896,0.5970439910888672
1,Llama-3.1-8B-Instruct-Q4_K_M,241,open_ended,,,0.2815533980582524,0.15609756097560976,0.2817913832199546,0.704534649848938
1,Llama-3.1-8B-Instruct-Q4_K_M,269,open_ended,,,0.24824355971896955,0.08470588235294119,0.2387416449204977,0.6031479835510254
1,Llama-3.1-8B-Instruct-Q4_K_M,253,open_ended,,,0.3341404358353511,0.18491484184914841,0.33031114084978247,0.7059149742126465
1,Llama-3.1-8B-Instruct-Q4_K_M,252,open_ended,,,0.29796839729119634,0.08616780045351476,0.27182556015457,0.653050422668457
1,Llama-3.1-8B-Instruct-Q4_K_M,313,open_ended,,,0.03717472118959107,0.0,0.0967741935483871,0.5669349431991577
1,Llama-3.1-8B-Instruct-Q4_K_M,294,open_ended,,,0.2644230769230769,0.10144927536231882,0.3133560115174513,0.6530372500419617
1,Llama-3.1-8B-Instruct-Q4_K_M,248,open_ended,,,0.31738035264483627,0.12151898734177216,0.33390227781895343,0.68316251039505
1,Llama-3.1-8B-Instruct-Q4_K_M,237,open_ended,,,0.15311004784688995,0.02403846153846154,0.1784412330653542,0.6102045178413391
1,Llama-3.1-8B-Instruct-Q4_K_M,272,open_ended,,,0.2543640897755611,0.10526315789473686,0.2691564965413348,0.6680060029029846
1,Llama-3.1-8B-Instruct-Q4_K_M,250,open_ended,,,0.2179176755447942,0.0535279805352798,0.2088590989264118,0.6279389262199402
1,Llama-3.1-8B-Instruct-Q4_K_M,297,open_ended,,,0.26829268292682923,0.1656441717791411,0.4393621180299847,0.7375257611274719
1,Llama-3.1-8B-Instruct-Q4_K_M,317,open_ended,,,0.2857142857142857,0.05839416058394162,0.2986061411386088,0.6888131499290466
1,Llama-3.1-8B-Instruct-Q4_K_M,226,open_ended,,,0.28350515463917525,0.05181347150259068,0.24079734651404786,0.662487804889679
1,Llama-3.1-8B-Instruct-Q4_K_M,266,open_ended,,,0.2826086956521739,0.06550218340611354,0.266989544684452,0.6840705275535583
1,Llama-3.1-8B-Instruct-Q4_K_M,233,open_ended,,,0.15837104072398192,0.049999999999999996,0.19987477954144625,0.5885828733444214
1,Llama-3.1-8B-Instruct-Q4_K_M,277,open_ended,,,0.3738872403560831,0.1373134328358209,0.3499268928272431,0.7033496499061584
1,Llama-3.1-8B-Instruct-Q4_K_M,312,open_ended,,,0.20512820512820515,0.08762886597938144,0.2775091260352616,0.6863452792167664
1,Llama-3.1-8B-Instruct-Q4_K_M,267,open_ended,,,0.26252983293556087,0.11510791366906477,0.28632800764016714,0.669987678527832
1,Llama-3.1-8B-Instruct-Q4_K_M,225,open_ended,,,0.28640776699029125,0.11219512195121951,0.26348618965089826,0.6993921995162964
1,Llama-3.1-8B-Instruct-Q4_K_M,315,open_ended,,,0.22910216718266255,0.0498442367601246,0.18687707641196014,0.6106889843940735
1,Llama-3.1-8B-Instruct-Q4_K_M,274,open_ended,,,0.18018018018018017,0.012084592145015106,0.1874521805661821,0.626549243927002
1,Llama-3.1-8B-Instruct-Q4_K_M,271,open_ended,,,0.240343347639485,0.06465517241379311,0.24918599086347895,0.6816307902336121
1,Llama-3.1-8B-Instruct-Q4_K_M,232,open_ended,,,0.2285714285714286,0.07177033492822965,0.251264908137168,0.6918553113937378
1,Llama-3.1-8B-Instruct-Q4_K_M,272,open_ended,,,0.23444976076555024,0.06730769230769232,0.23172762546012057,0.6847776770591736
1,Llama-3.1-8B-Instruct-Q4_K_M,221,open_ended,,,0.1712707182320442,0.05,0.24270826175588084,0.6032317280769348
1,Llama-3.1-8B-Instruct-Q4_K_M,252,open_ended,,,0.2811791383219955,0.07289293849658314,0.23581291495253986,0.6595531702041626
1,Llama-3.1-8B-Instruct-Q4_K_M,293,open_ended,,,0.36272040302267,0.27848101265822783,0.5281374501992032,0.7307450175285339
1,Llama-3.1-8B-Instruct-Q4_K_M,265,open_ended,,,0.2,0.021164021164021166,0.16779779202383213,0.6541473865509033
1,Llama-3.1-8B-Instruct-Q4_K_M,305,open_ended,,,0.29292929292929293,0.1878172588832487,0.4421391398230631,0.6755264401435852
1,Llama-3.1-8B-Instruct-Q4_K_M,320,open_ended,,,0.2414860681114551,0.09345794392523364,0.29405619377583275,0.6997858285903931
1,Llama-3.1-8B-Instruct-Q4_K_M,257,open_ended,,,0.1935483870967742,0.053097345132743355,0.2764665286404417,0.6862750053405762
1,Llama-3.1-8B-Instruct-Q4_K_M,239,open_ended,,,0.19867549668874174,0.044345898004434586,0.18879415347137637,0.624680757522583
1,Llama-3.1-8B-Instruct-Q4_K_M,224,open_ended,,,0.23111111111111107,0.03125,0.19239196274696801,0.671500563621521
1,Llama-3.1-8B-Instruct-Q4_K_M,299,open_ended,,,0.362116991643454,0.20168067226890754,0.4493319997219834,0.6951047778129578
1,Llama-3.1-8B-Instruct-Q4_K_M,242,open_ended,,,0.30434782608695654,0.11353711790393015,0.2603783808022002,0.7009590864181519
1,Llama-3.1-8B-Instruct-Q4_K_M,313,open_ended,,,0.037037037037037035,0.0,0.09640102827763497,0.5673315525054932
1,Llama-3.1-8B-Instruct-Q4_K_M,263,open_ended,,,0.2749445676274945,0.111358574610245,0.2705816881229571,0.6576907634735107
1,Llama-3.1-8B-Instruct-Q4_K_M,300,open_ended,,,0.14814814814814814,0.04745762711864407,0.2627554543525346,0.6229600310325623
1,Llama-3.1-8B-Instruct-Q4_K_M,268,open_ended,,,0.332378223495702,0.21325648414985587,0.5017341040462429,0.7070410847663879
1,Llama-3.1-8B-Instruct-Q4_K_M,307,open_ended,,,0.05797101449275362,0.009708737864077669,0.07820136852394917,0.5921639800071716
1,Llama-3.1-8B-Instruct-Q4_K_M,288,open_ended,,,0.2185792349726776,0.04945054945054944,0.24026260796656435,0.6237910389900208
1,Llama-3.1-8B-Instruct-Q4_K_M,257,open_ended,,,0.19701492537313434,0.06606606606606606,0.25142031421888156,0.6959108710289001
1,Llama-3.1-8B-Instruct-Q4_K_M,270,open_ended,,,0.28641975308641976,0.04962779156327543,0.26158211456429015,0.6847602725028992
1,Llama-3.1-8B-Instruct-Q4_K_M,285,open_ended,,,0.18343195266272191,0.07738095238095238,0.3090970807875085,0.6261810660362244
1,Llama-3.1-8B-Instruct-Q4_K_M,308,open_ended,,,0.24456521739130432,0.09836065573770492,0.3343624118229117,0.708873450756073
1,Llama-3.1-8B-Instruct-Q4_K_M,251,open_ended,,,0.3462414578587699,0.12356979405034325,0.3039303975192819,0.6847913265228271
1,Llama-3.1-8B-Instruct-Q4_K_M,287,open_ended,,,0.1715686274509804,0.029556650246305417,0.22342283827030582,0.6310235857963562
1,Llama-3.1-8B-Instruct-Q4_K_M,264,open_ended,,,0.44192634560906513,0.18233618233618232,0.3808737096444231,0.7431133985519409
1,Llama-3.1-8B-Instruct-Q4_K_M,320,open_ended,,,0.22492401215805471,0.07339449541284404,0.26079340130845396,0.69815993309021
1,Llama-3.1-8B-Instruct-Q4_K_M,318,open_ended,,,0.1792717086834734,0.028169014084507046,0.19742103443366485,0.6230403780937195
1,Llama-3.1-8B-Instruct-Q4_K_M,268,open_ended,,,0.3241590214067278,0.2153846153846154,0.4394928703821856,0.6798715591430664
1,Llama-3.1-8B-Instruct-Q4_K_M,266,open_ended,,,0.28758169934640526,0.0787746170678337,0.27526267616471245,0.6691499352455139
1,Llama-3.1-8B-Instruct-Q4_K_M,298,open_ended,,,0.2727272727272727,0.15228426395939088,0.44774207484762896,0.7170902490615845
1,Llama-3.1-8B-Instruct-Q4_K_M,316,open_ended,,,0.09223300970873786,0.03414634146341464,0.12742099898063203,0.586167573928833
1,Llama-3.1-8B-Instruct-Q4_K_M,260,open_ended,,,0.1575757575757576,0.10365853658536586,0.26962987030943225,0.6457191705703735
1,Llama-3.1-8B-Instruct-Q4_K_M,286,open_ended,,,0.22872340425531917,0.026737967914438505,0.2163239786177931,0.6270864009857178
1,Llama-3.1-8B-Instruct-Q4_K_M,292,open_ended,,,0.3489932885906041,0.25675675675675674,0.6182711749103417,0.7622043490409851
1,Llama-3.1-8B-Instruct-Q4_K_M,295,open_ended,,,0.3914081145584726,0.18225419664268586,0.39419913419913416,0.6970568895339966
1,Llama-3.1-8B-Instruct-Q4_K_M,233,open_ended,,,0.23394495412844035,0.08294930875576037,0.24880418077334282,0.6239175200462341
1,Llama-3.1-8B-Instruct-Q4_K_M,319,open_ended,,,0.2556818181818182,0.09714285714285714,0.2732048044548045,0.624410092830658
1,Llama-3.1-8B-Instruct-Q4_K_M,305,open_ended,,,0.27763496143958866,0.18604651162790695,0.38851511730947763,0.6247526407241821
1,Llama-3.1-8B-Instruct-Q4_K_M,232,open_ended,,,0.263681592039801,0.1,0.3479235440812372,0.7303572297096252
1,Llama-3.1-8B-Instruct-Q4_K_M,286,open_ended,,,0.2108108108108108,0.03260869565217391,0.21607686159773448,0.6294695138931274
1,Llama-3.1-8B-Instruct-Q4_K_M,279,open_ended,,,0.37593984962406013,0.23173803526448364,0.396502280178141,0.6957566142082214
1,Llama-3.1-8B-Instruct-Q4_K_M,260,open_ended,,,0.16300940438871475,0.10725552050473187,0.27770262091749914,0.6582939624786377
1,Llama-3.1-8B-Instruct-Q4_K_M,238,open_ended,,,0.25882352941176473,0.09929078014184398,0.23659089557015484,0.6764128804206848
1,Llama-3.1-8B-Instruct-Q4_K_M,226,open_ended,,,0.24170616113744078,0.047619047619047616,0.2219745357326376,0.668984591960907
1,Llama-3.1-8B-Instruct-Q4_K_M,265,open_ended,,,0.17085427135678394,0.015151515151515152,0.1511875358493159,0.5968334674835205
1,Llama-3.1-8B-Instruct-Q4_K_M,286,open_ended,,,0.2680965147453083,0.04851752021563342,0.26287562457572855,0.6477192640304565
1,Llama-3.1-8B-Instruct-Q4_K_M,252,open_ended,,,0.3456221198156682,0.10185185185185185,0.2857143459634054,0.6940426230430603
1,Llama-3.1-8B-Instruct-Q4_K_M,256,open_ended,,,0.233983286908078,0.10084033613445378,0.30780598215454835,0.7104076147079468
1,Llama-3.1-8B-Instruct-Q4_K_M,225,open_ended,,,0.27601809954751133,0.10454545454545452,0.26634161370978787,0.7087598443031311
1,Llama-3.1-8B-Instruct-Q4_K_M,276,open_ended,,,0.16720257234726685,0.02588996763754045,0.28074562165471256,0.6306444406509399
1,Llama-3.1-8B-Instruct-Q4_K_M,269,open_ended,,,0.26128266033254155,0.09069212410501194,0.2339572192513369,0.611828088760376
1,Llama-3.1-8B-Instruct-Q4_K_M,305,open_ended,,,0.2806122448979592,0.18974358974358974,0.3322520751717172,0.6880752444267273
1,Llama-3.1-8B-Instruct-Q4_K_M,277,open_ended,,,0.3738872403560831,0.1373134328358209,0.3499268928272431,0.7033496499061584
2,Llama-3.1-8B-Instruct-Q4_K_M,67,yes_no,1.0,1.0,,,,
2,Llama-3.1-8B-Instruct-Q4_K_M,32,yes_no,1.0,1.0,,,,
2,Llama-3.1-8B-Instruct-Q4_K_M,71,yes_no,1.0,1.0,,,,
2,Llama-3.1-8B-Instruct-Q4_K_M,63,yes_no,1.0,1.0,,,,
2,Llama-3.1-8B-Instruct-Q4_K_M,85,yes_no,1.0,1.0,,,,
2,Llama-3.1-8B-Instruct-Q4_K_M,39,yes_no,0.0,0.0,,,,
2,Llama-3.1-8B-Instruct-Q4_K_M,96,yes_no,1.0,1.0,,,,
2,Llama-3.1-8B-Instruct-Q4_K_M,53,yes_no,1.0,1.0,,,,
2,Llama-3.1-8B-Instruct-Q4_K_M,83,yes_no,1.0,1.0,,,,
2,Llama-3.1-8B-Instruct-Q4_K_M,62,yes_no,1.0,1.0,,,,
2,Llama-3.1-8B-Instruct-Q4_K_M,118,yes_no,1.0,1.0,,,,
2,Llama-3.1-8B-Instruct-Q4_K_M,96,yes_no,1.0,1.0,,,,
2,Llama-3.1-8B-Instruct-Q4_K_M,11,yes_no,1.0,1.0,,,,
2,Llama-3.1-8B-Instruct-Q4_K_M,52,yes_no,1.0,1.0,,,,
2,Llama-3.1-8B-Instruct-Q4_K_M,44,yes_no,0.0,0.0,,,,
2,Llama-3.1-8B-Instruct-Q4_K_M,46,yes_no,1.0,1.0,,,,
2,Llama-3.1-8B-Instruct-Q4_K_M,65,yes_no,0.0,0.0,,,,
2,Llama-3.1-8B-Instruct-Q4_K_M,73,yes_no,1.0,1.0,,,,
2,Llama-3.1-8B-Instruct-Q4_K_M,115,yes_no,0.0,0.0,,,,
2,Llama-3.1-8B-Instruct-Q4_K_M,105,yes_no,1.0,1.0,,,,
2,Llama-3.1-8B-Instruct-Q4_K_M,4,yes_no,1.0,1.0,,,,
2,Llama-3.1-8B-Instruct-Q4_K_M,55,yes_no,1.0,1.0,,,,
2,Llama-3.1-8B-Instruct-Q4_K_M,7,yes_no,1.0,1.0,,,,
2,Llama-3.1-8B-Instruct-Q4_K_M,104,yes_no,0.0,0.0,,,,
2,Llama-3.1-8B-Instruct-Q4_K_M,77,yes_no,1.0,1.0,,,,
2,Llama-3.1-8B-Instruct-Q4_K_M,77,yes_no,0.0,0.0,,,,
2,Llama-3.1-8B-Instruct-Q4_K_M,29,yes_no,1.0,1.0,,,,
2,Llama-3.1-8B-Instruct-Q4_K_M,99,yes_no,1.0,1.0,,,,
2,Llama-3.1-8B-Instruct-Q4_K_M,15,yes_no,1.0,1.0,,,,
2,Llama-3.1-8B-Instruct-Q4_K_M,53,yes_no,1.0,1.0,,,,
2,Llama-3.1-8B-Instruct-Q4_K_M,22,yes_no,1.0,1.0,,,,
2,Llama-3.1-8B-Instruct-Q4_K_M,58,yes_no,1.0,1.0,,,,
2,Llama-3.1-8B-Instruct-Q4_K_M,60,yes_no,1.0,1.0,,,,
2,Llama-3.1-8B-Instruct-Q4_K_M,97,yes_no,1.0,1.0,,,,
2,Llama-3.1-8B-Instruct-Q4_K_M,41,yes_no,1.0,1.0,,,,
2,Llama-3.1-8B-Instruct-Q4_K_M,114,yes_no,0.0,0.0,,,,
2,Llama-3.1-8B-Instruct-Q4_K_M,17,yes_no,0.0,0.0,,,,
2,Llama-3.1-8B-Instruct-Q4_K_M,8,yes_no,1.0,1.0,,,,
2,Llama-3.1-8B-Instruct-Q4_K_M,88,yes_no,0.0,0.0,,,,
2,Llama-3.1-8B-Instruct-Q4_K_M,19,yes_no,0.0,0.0,,,,
2,Llama-3.1-8B-Instruct-Q4_K_M,63,yes_no,1.0,1.0,,,,
2,Llama-3.1-8B-Instruct-Q4_K_M,106,yes_no,1.0,1.0,,,,
2,Llama-3.1-8B-Instruct-Q4_K_M,71,yes_no,1.0,1.0,,,,
2,Llama-3.1-8B-Instruct-Q4_K_M,71,yes_no,1.0,1.0,,,,
2,Llama-3.1-8B-Instruct-Q4_K_M,97,yes_no,1.0,1.0,,,,
2,Llama-3.1-8B-Instruct-Q4_K_M,1,yes_no,1.0,1.0,,,,
2,Llama-3.1-8B-Instruct-Q4_K_M,93,yes_no,1.0,1.0,,,,
2,Llama-3.1-8B-Instruct-Q4_K_M,39,yes_no,0.0,0.0,,,,
2,Llama-3.1-8B-Instruct-Q4_K_M,78,yes_no,1.0,1.0,,,,
2,Llama-3.1-8B-Instruct-Q4_K_M,104,yes_no,1.0,1.0,,,,
2,Llama-3.1-8B-Instruct-Q4_K_M,120,yes_no,1.0,1.0,,,,
2,Llama-3.1-8B-Instruct-Q4_K_M,2,yes_no,1.0,1.0,,,,
2,Llama-3.1-8B-Instruct-Q4_K_M,23,yes_no,0.0,0.0,,,,
2,Llama-3.1-8B-Instruct-Q4_K_M,90,yes_no,1.0,1.0,,,,
2,Llama-3.1-8B-Instruct-Q4_K_M,7,yes_no,1.0,1.0,,,,
2,Llama-3.1-8B-Instruct-Q4_K_M,14,yes_no,0.0,0.0,,,,
2,Llama-3.1-8B-Instruct-Q4_K_M,117,yes_no,1.0,1.0,,,,
2,Llama-3.1-8B-Instruct-Q4_K_M,22,yes_no,1.0,1.0,,,,
2,Llama-3.1-8B-Instruct-Q4_K_M,70,yes_no,1.0,1.0,,,,
2,Llama-3.1-8B-Instruct-Q4_K_M,119,yes_no,0.0,0.0,,,,
2,Llama-3.1-8B-Instruct-Q4_K_M,102,yes_no,1.0,1.0,,,,
2,Llama-3.1-8B-Instruct-Q4_K_M,68,yes_no,1.0,1.0,,,,
2,Llama-3.1-8B-Instruct-Q4_K_M,74,yes_no,0.0,0.0,,,,
2,Llama-3.1-8B-Instruct-Q4_K_M,39,yes_no,0.0,0.0,,,,
2,Llama-3.1-8B-Instruct-Q4_K_M,115,yes_no,0.0,0.0,,,,
2,Llama-3.1-8B-Instruct-Q4_K_M,35,yes_no,1.0,1.0,,,,
2,Llama-3.1-8B-Instruct-Q4_K_M,21,yes_no,1.0,1.0,,,,
2,Llama-3.1-8B-Instruct-Q4_K_M,67,yes_no,1.0,1.0,,,,
2,Llama-3.1-8B-Instruct-Q4_K_M,43,yes_no,1.0,1.0,,,,
2,Llama-3.1-8B-Instruct-Q4_K_M,37,yes_no,0.0,0.0,,,,
2,Llama-3.1-8B-Instruct-Q4_K_M,60,yes_no,1.0,1.0,,,,
2,Llama-3.1-8B-Instruct-Q4_K_M,13,yes_no,1.0,1.0,,,,
2,Llama-3.1-8B-Instruct-Q4_K_M,77,yes_no,0.0,0.0,,,,
2,Llama-3.1-8B-Instruct-Q4_K_M,62,yes_no,1.0,1.0,,,,
2,Llama-3.1-8B-Instruct-Q4_K_M,25,yes_no,1.0,1.0,,,,
2,Llama-3.1-8B-Instruct-Q4_K_M,60,yes_no,1.0,1.0,,,,
2,Llama-3.1-8B-Instruct-Q4_K_M,60,yes_no,1.0,1.0,,,,
2,Llama-3.1-8B-Instruct-Q4_K_M,58,yes_no,1.0,1.0,,,,
2,Llama-3.1-8B-Instruct-Q4_K_M,21,yes_no,1.0,1.0,,,,
2,Llama-3.1-8B-Instruct-Q4_K_M,4,yes_no,1.0,1.0,,,,
2,Llama-3.1-8B-Instruct-Q4_K_M,55,yes_no,1.0,1.0,,,,
2,Llama-3.1-8B-Instruct-Q4_K_M,104,yes_no,0.0,0.0,,,,
2,Llama-3.1-8B-Instruct-Q4_K_M,77,yes_no,0.0,0.0,,,,
2,Llama-3.1-8B-Instruct-Q4_K_M,78,yes_no,1.0,1.0,,,,
2,Llama-3.1-8B-Instruct-Q4_K_M,100,yes_no,1.0,1.0,,,,
2,Llama-3.1-8B-Instruct-Q4_K_M,89,yes_no,1.0,1.0,,,,
2,Llama-3.1-8B-Instruct-Q4_K_M,56,yes_no,1.0,1.0,,,,
2,Llama-3.1-8B-Instruct-Q4_K_M,112,yes_no,0.0,0.0,,,,
2,Llama-3.1-8B-Instruct-Q4_K_M,12,yes_no,1.0,1.0,,,,
2,Llama-3.1-8B-Instruct-Q4_K_M,64,yes_no,0.0,0.0,,,,
2,Llama-3.1-8B-Instruct-Q4_K_M,95,yes_no,1.0,1.0,,,,
2,Llama-3.1-8B-Instruct-Q4_K_M,33,yes_no,0.0,0.0,,,,
2,Llama-3.1-8B-Instruct-Q4_K_M,18,yes_no,1.0,1.0,,,,
2,Llama-3.1-8B-Instruct-Q4_K_M,61,yes_no,1.0,1.0,,,,
2,Llama-3.1-8B-Instruct-Q4_K_M,26,yes_no,0.0,0.0,,,,
2,Llama-3.1-8B-Instruct-Q4_K_M,79,yes_no,1.0,1.0,,,,
2,Llama-3.1-8B-Instruct-Q4_K_M,43,yes_no,1.0,1.0,,,,
2,Llama-3.1-8B-Instruct-Q4_K_M,104,yes_no,0.0,0.0,,,,
2,Llama-3.1-8B-Instruct-Q4_K_M,67,yes_no,1.0,1.0,,,,
2,Llama-3.1-8B-Instruct-Q4_K_M,114,yes_no,0.0,0.0,,,,
2,Llama-3.1-8B-Instruct-Q4_K_M,147,short_answer,0.05797101449275362,,,,,
2,Llama-3.1-8B-Instruct-Q4_K_M,150,short_answer,0.02469135802469136,,,,,
2,Llama-3.1-8B-Instruct-Q4_K_M,152,short_answer,0.35294117647058826,,,,,
2,Llama-3.1-8B-Instruct-Q4_K_M,148,short_answer,0.0,,,,,
2,Llama-3.1-8B-Instruct-Q4_K_M,137,short_answer,0.05797101449275362,,,,,
2,Llama-3.1-8B-Instruct-Q4_K_M,217,short_answer,0.0,,,,,
2,Llama-3.1-8B-Instruct-Q4_K_M,132,short_answer,0.0,,,,,
2,Llama-3.1-8B-Instruct-Q4_K_M,155,short_answer,0.05882352941176471,,,,,
2,Llama-3.1-8B-Instruct-Q4_K_M,122,short_answer,0.05633802816901409,,,,,
2,Llama-3.1-8B-Instruct-Q4_K_M,173,short_answer,0.13114754098360654,,,,,
2,Llama-3.1-8B-Instruct-Q4_K_M,200,short_answer,0.09999999999999999,,,,,
2,Llama-3.1-8B-Instruct-Q4_K_M,126,short_answer,0.10869565217391304,,,,,
2,Llama-3.1-8B-Instruct-Q4_K_M,157,short_answer,0.025974025974025976,,,,,
2,Llama-3.1-8B-Instruct-Q4_K_M,165,short_answer,0.0,,,,,
2,Llama-3.1-8B-Instruct-Q4_K_M,203,short_answer,0.028985507246376812,,,,,
2,Llama-3.1-8B-Instruct-Q4_K_M,196,short_answer,0.0,,,,,
2,Llama-3.1-8B-Instruct-Q4_K_M,164,short_answer,0.0,,,,,
2,Llama-3.1-8B-Instruct-Q4_K_M,145,short_answer,0.0,,,,,
2,Llama-3.1-8B-Instruct-Q4_K_M,126,short_answer,0.12048192771084336,,,,,
2,Llama-3.1-8B-Instruct-Q4_K_M,178,short_answer,0.027777777777777776,,,,,
2,Llama-3.1-8B-Instruct-Q4_K_M,142,short_answer,0.0,,,,,
2,Llama-3.1-8B-Instruct-Q4_K_M,177,short_answer,0.0,,,,,
2,Llama-3.1-8B-Instruct-Q4_K_M,128,short_answer,0.0,,,,,
2,Llama-3.1-8B-Instruct-Q4_K_M,207,short_answer,0.075,,,,,
2,Llama-3.1-8B-Instruct-Q4_K_M,127,short_answer,0.14084507042253522,,,,,
2,Llama-3.1-8B-Instruct-Q4_K_M,208,short_answer,0.05405405405405406,,,,,
2,Llama-3.1-8B-Instruct-Q4_K_M,167,short_answer,0.020408163265306124,,,,,
2,Llama-3.1-8B-Instruct-Q4_K_M,189,short_answer,0.0,,,,,
2,Llama-3.1-8B-Instruct-Q4_K_M,207,short_answer,0.0,,,,,
2,Llama-3.1-8B-Instruct-Q4_K_M,194,short_answer,0.052631578947368425,,,,,
2,Llama-3.1-8B-Instruct-Q4_K_M,147,short_answer,0.02298850574712644,,,,,
2,Llama-3.1-8B-Instruct-Q4_K_M,152,short_answer,0.0,,,,,
2,Llama-3.1-8B-Instruct-Q4_K_M,171,short_answer,0.04166666666666667,,,,,
2,Llama-3.1-8B-Instruct-Q4_K_M,130,short_answer,0.0,,,,,
2,Llama-3.1-8B-Instruct-Q4_K_M,146,short_answer,0.0,,,,,
2,Llama-3.1-8B-Instruct-Q4_K_M,197,short_answer,0.03278688524590164,,,,,
2,Llama-3.1-8B-Instruct-Q4_K_M,194,short_answer,0.05797101449275362,,,,,
2,Llama-3.1-8B-Instruct-Q4_K_M,195,short_answer,0.1095890410958904,,,,,
2,Llama-3.1-8B-Instruct-Q4_K_M,219,short_answer,0.0,,,,,
2,Llama-3.1-8B-Instruct-Q4_K_M,128,short_answer,0.022222222222222223,,,,,
2,Llama-3.1-8B-Instruct-Q4_K_M,186,short_answer,0.0,,,,,
2,Llama-3.1-8B-Instruct-Q4_K_M,141,short_answer,0.09411764705882353,,,,,
2,Llama-3.1-8B-Instruct-Q4_K_M,194,short_answer,0.052631578947368425,,,,,
2,Llama-3.1-8B-Instruct-Q4_K_M,127,short_answer,0.08771929824561404,,,,,
2,Llama-3.1-8B-Instruct-Q4_K_M,192,short_answer,0.043010752688172046,,,,,
2,Llama-3.1-8B-Instruct-Q4_K_M,156,short_answer,0.09375,,,,,
2,Llama-3.1-8B-Instruct-Q4_K_M,202,short_answer,0.0392156862745098,,,,,
2,Llama-3.1-8B-Instruct-Q4_K_M,190,short_answer,0.07999999999999999,,,,,
2,Llama-3.1-8B-Instruct-Q4_K_M,158,short_answer,0.039999999999999994,,,,,
2,Llama-3.1-8B-Instruct-Q4_K_M,147,short_answer,0.05797101449275362,,,,,
2,Llama-3.1-8B-Instruct-Q4_K_M,210,short_answer,0.01639344262295082,,,,,
2,Llama-3.1-8B-Instruct-Q4_K_M,135,short_answer,0.025974025974025976,,,,,
2,Llama-3.1-8B-Instruct-Q4_K_M,161,short_answer,0.0,,,,,
2,Llama-3.1-8B-Instruct-Q4_K_M,195,short_answer,0.05555555555555555,,,,,
2,Llama-3.1-8B-Instruct-Q4_K_M,166,short_answer,0.2033898305084746,,,,,
2,Llama-3.1-8B-Instruct-Q4_K_M,170,short_answer,0.6666666666666666,,,,,
2,Llama-3.1-8B-Instruct-Q4_K_M,165,short_answer,0.0,,,,,
2,Llama-3.1-8B-Instruct-Q4_K_M,126,short_answer,0.1282051282051282,,,,,
2,Llama-3.1-8B-Instruct-Q4_K_M,179,short_answer,0.0,,,,,
2,Llama-3.1-8B-Instruct-Q4_K_M,161,short_answer,0.0,,,,,
2,Llama-3.1-8B-Instruct-Q4_K_M,127,short_answer,0.11494252873563218,,,,,
2,Llama-3.1-8B-Instruct-Q4_K_M,160,short_answer,0.0,,,,,
2,Llama-3.1-8B-Instruct-Q4_K_M,200,short_answer,0.09999999999999999,,,,,
2,Llama-3.1-8B-Instruct-Q4_K_M,147,short_answer,0.02298850574712644,,,,,
2,Llama-3.1-8B-Instruct-Q4_K_M,163,short_answer,0.026845637583892617,,,,,
2,Llama-3.1-8B-Instruct-Q4_K_M,160,short_answer,0.0,,,,,
2,Llama-3.1-8B-Instruct-Q4_K_M,211,short_answer,0.0,,,,,
2,Llama-3.1-8B-Instruct-Q4_K_M,159,short_answer,0.02469135802469136,,,,,
2,Llama-3.1-8B-Instruct-Q4_K_M,198,short_answer,0.0,,,,,
2,Llama-3.1-8B-Instruct-Q4_K_M,143,short_answer,0.0,,,,,
2,Llama-3.1-8B-Instruct-Q4_K_M,149,short_answer,0.0,,,,,
2,Llama-3.1-8B-Instruct-Q4_K_M,211,short_answer,0.0,,,,,
2,Llama-3.1-8B-Instruct-Q4_K_M,165,short_answer,0.0,,,,,
2,Llama-3.1-8B-Instruct-Q4_K_M,141,short_answer,0.09411764705882353,,,,,
2,Llama-3.1-8B-Instruct-Q4_K_M,151,short_answer,0.14814814814814814,,,,,
2,Llama-3.1-8B-Instruct-Q4_K_M,126,short_answer,0.1282051282051282,,,,,
2,Llama-3.1-8B-Instruct-Q4_K_M,204,short_answer,0.0,,,,,
2,Llama-3.1-8B-Instruct-Q4_K_M,164,short_answer,0.0,,,,,
2,Llama-3.1-8B-Instruct-Q4_K_M,157,short_answer,0.025641025641025637,,,,,
2,Llama-3.1-8B-Instruct-Q4_K_M,137,short_answer,0.4444444444444445,,,,,
2,Llama-3.1-8B-Instruct-Q4_K_M,192,short_answer,0.04081632653061225,,,,,
2,Llama-3.1-8B-Instruct-Q4_K_M,170,short_answer,0.6666666666666666,,,,,
2,Llama-3.1-8B-Instruct-Q4_K_M,214,short_answer,0.031746031746031744,,,,,
2,Llama-3.1-8B-Instruct-Q4_K_M,169,short_answer,0.0909090909090909,,,,,
2,Llama-3.1-8B-Instruct-Q4_K_M,177,short_answer,0.0,,,,,
2,Llama-3.1-8B-Instruct-Q4_K_M,132,short_answer,0.0,,,,,
2,Llama-3.1-8B-Instruct-Q4_K_M,197,short_answer,0.02777777777777778,,,,,
2,Llama-3.1-8B-Instruct-Q4_K_M,215,short_answer,0.0,,,,,
2,Llama-3.1-8B-Instruct-Q4_K_M,158,short_answer,0.0392156862745098,,,,,
2,Llama-3.1-8B-Instruct-Q4_K_M,123,short_answer,0.07692307692307693,,,,,
2,Llama-3.1-8B-Instruct-Q4_K_M,177,short_answer,0.0,,,,,
2,Llama-3.1-8B-Instruct-Q4_K_M,199,short_answer,0.05333333333333333,,,,,
2,Llama-3.1-8B-Instruct-Q4_K_M,186,short_answer,0.0,,,,,
2,Llama-3.1-8B-Instruct-Q4_K_M,158,short_answer,0.039999999999999994,,,,,
2,Llama-3.1-8B-Instruct-Q4_K_M,191,short_answer,0.0,,,,,
2,Llama-3.1-8B-Instruct-Q4_K_M,123,short_answer,0.07407407407407407,,,,,
2,Llama-3.1-8B-Instruct-Q4_K_M,151,short_answer,0.048192771084337345,,,,,
2,Llama-3.1-8B-Instruct-Q4_K_M,171,short_answer,0.0,,,,,
2,Llama-3.1-8B-Instruct-Q4_K_M,145,short_answer,0.0,,,,,
2,Llama-3.1-8B-Instruct-Q4_K_M,171,short_answer,0.01785714285714286,,,,,
2,Llama-3.1-8B-Instruct-Q4_K_M,284,open_ended,,,0.24070021881838072,0.04395604395604396,0.23007562737657203,0.655720591545105
2,Llama-3.1-8B-Instruct-Q4_K_M,306,open_ended,,,0.2796208530805688,0.11904761904761904,0.2971797238165043,0.6910234689712524
2,Llama-3.1-8B-Instruct-Q4_K_M,231,open_ended,,,0.052757793764988015,0.0,0.06616257088846882,0.5169678330421448
2,Llama-3.1-8B-Instruct-Q4_K_M,308,open_ended,,,0.17158176943699735,0.04851752021563343,0.18835616438356165,0.6086105108261108
2,Llama-3.1-8B-Instruct-Q4_K_M,228,open_ended,,,0.24890829694323147,0.09210526315789473,0.2300440525687297,0.6794707775115967
2,Llama-3.1-8B-Instruct-Q4_K_M,299,open_ended,,,0.38726790450928383,0.22933333333333333,0.4567919203169099,0.7395703196525574
2,Llama-3.1-8B-Instruct-Q4_K_M,303,open_ended,,,0.0,0.0,0.02248875562218891,0.4876800775527954
2,Llama-3.1-8B-Instruct-Q4_K_M,288,open_ended,,,0.25230769230769234,0.07430340557275543,0.2675434909675237,0.6449181437492371
2,Llama-3.1-8B-Instruct-Q4_K_M,253,open_ended,,,0.3155216284987277,0.17391304347826084,0.30471856287425153,0.702727735042572
2,Llama-3.1-8B-Instruct-Q4_K_M,288,open_ended,,,0.1727019498607242,0.05602240896358543,0.18474789668561295,0.6610475182533264
2,Llama-3.1-8B-Instruct-Q4_K_M,231,open_ended,,,0.04761904761904761,0.0,0.05763688760806917,0.4721071124076843
2,Llama-3.1-8B-Instruct-Q4_K_M,235,open_ended,,,0.20623501199040767,0.07228915662650602,0.2819110972931857,0.6742119193077087
2,Llama-3.1-8B-Instruct-Q4_K_M,294,open_ended,,,0.2707423580786026,0.10964912280701757,0.2774818273399769,0.7478265762329102
2,Llama-3.1-8B-Instruct-Q4_K_M,292,open_ended,,,0.3207547169811321,0.23417721518987342,0.6262102136866985,0.7473198771476746
2,Llama-3.1-8B-Instruct-Q4_K_M,221,open_ended,,,0.196078431372549,0.07323943661971831,0.2627225879929792,0.6219261884689331
2,Llama-3.1-8B-Instruct-Q4_K_M,234,open_ended,,,0.2966507177033493,0.10096153846153846,0.2756809262079355,0.6232396960258484
2,Llama-3.1-8B-Instruct-Q4_K_M,263,open_ended,,,0.2931442080378251,0.1187648456057007,0.2736170543718414,0.6811040043830872
2,Llama-3.1-8B-Instruct-Q4_K_M,295,open_ended,,,0.39443155452436196,0.1958041958041958,0.40642760303190634,0.6907476782798767
2,Llama-3.1-8B-Instruct-Q4_K_M,271,open_ended,,,0.26258205689277897,0.07912087912087912,0.28768538127704957,0.69162917137146
2,Llama-3.1-8B-Instruct-Q4_K_M,222,open_ended,,,0.24671916010498687,0.11081794195250658,0.242811424587635,0.652064323425293
2,Llama-3.1-8B-Instruct-Q4_K_M,233,open_ended,,,0.20045558086560364,0.05949656750572082,0.24882333250208372,0.6582673788070679
2,Llama-3.1-8B-Instruct-Q4_K_M,255,open_ended,,,0.3160377358490566,0.10900473933649288,0.350098159632732,0.6704869866371155
2,Llama-3.1-8B-Instruct-Q4_K_M,308,open_ended,,,0.22278481012658224,0.08651399491094147,0.2626979676076426,0.7056708335876465
2,Llama-3.1-8B-Instruct-Q4_K_M,221,open_ended,,,0.16748768472906403,0.06930693069306931,0.24572413212891328,0.6918354034423828
2,Llama-3.1-8B-Instruct-Q4_K_M,242,open_ended,,,0.29723991507430997,0.11513859275053305,0.2726669559444735,0.7003567814826965
2,Llama-3.1-8B-Instruct-Q4_K_M,287,open_ended,,,0.2328042328042328,0.053191489361702135,0.26760217012712606,0.6714059710502625
2,Llama-3.1-8B-Instruct-Q4_K_M,222,open_ended,,,0.2112676056338028,0.04245283018867925,0.22703585749914426,0.6235640048980713
2,Llama-3.1-8B-Instruct-Q4_K_M,274,open_ended,,,0.16666666666666669,0.011976047904191616,0.16845329249617153,0.6147573590278625
2,Llama-3.1-8B-Instruct-Q4_K_M,281,open_ended,,,0.17699115044247787,0.05341246290801187,0.22838872225120274,0.6251288056373596
2,Llama-3.1-8B-Instruct-Q4_K_M,263,open_ended,,,0.31759656652360513,0.1120689655172414,0.2953017186128565,0.6655357480049133
2,Llama-3.1-8B-Instruct-Q4_K_M,308,open_ended,,,0.20448877805486282,0.08521303258145363,0.2632321777104866,0.7029319405555725
2,Llama-3.1-8B-Instruct-Q4_K_M,228,open_ended,,,0.23931623931623935,0.09442060085836909,0.25364140103570576,0.6734546422958374
2,Llama-3.1-8B-Instruct-Q4_K_M,224,open_ended,,,0.198547215496368,0.0340632603406326,0.1807831007480821,0.6104860901832581
2,Llama-3.1-8B-Instruct-Q4_K_M,268,open_ended,,,0.3304843304843304,0.21203438395415475,0.4951817354848917,0.7219633460044861
2,Llama-3.1-8B-Instruct-Q4_K_M,302,open_ended,,,0.10579345088161209,0.025316455696202528,0.13889526315521086,0.5376862287521362
2,Llama-3.1-8B-Instruct-Q4_K_M,225,open_ended,,,0.45038167938931295,0.16153846153846155,0.28616237487253876,0.6738032102584839
2,Llama-3.1-8B-Instruct-Q4_K_M,314,open_ended,,,0.21750663129973477,0.144,0.34733830999784787,0.6242790818214417
2,Llama-3.1-8B-Instruct-Q4_K_M,249,open_ended,,,0.1670761670761671,0.014814814814814817,0.16150211307444012,0.5949822664260864
2,Llama-3.1-8B-Instruct-Q4_K_M,260,open_ended,,,0.16507936507936508,0.10862619808306707,0.29492106641158894,0.7149769067764282
2,Llama-3.1-8B-Instruct-Q4_K_M,257,open_ended,,,0.16216216216216217,0.054380664652567974,0.19131334022750776,0.6887322068214417
2,Llama-3.1-8B-Instruct-Q4_K_M,266,open_ended,,,0.2657952069716775,0.05689277899343544,0.23361153682243604,0.6723954081535339
2,Llama-3.1-8B-Instruct-Q4_K_M,276,open_ended,,,0.17880794701986755,0.04,0.23858326979844785,0.638886570930481
2,Llama-3.1-8B-Instruct-Q4_K_M,240,open_ended,,,0.2004889975550122,0.08845208845208845,0.2395032856727919,0.6557501554489136
2,Llama-3.1-8B-Instruct-Q4_K_M,229,open_ended,,,0.3990267639902676,0.24449877750611243,0.34929227570661003,0.6607998609542847
2,Llama-3.1-8B-Instruct-Q4_K_M,301,open_ended,,,0.2456140350877193,0.10075566750629722,0.26098448401252045,0.6839086413383484
2,Llama-3.1-8B-Instruct-Q4_K_M,246,open_ended,,,0.21428571428571425,0.06220095693779905,0.22225994714432537,0.674614667892456
2,Llama-3.1-8B-Instruct-Q4_K_M,303,open_ended,,,0.10738255033557048,0.0044943820224719105,0.12309920347574221,0.5747542977333069
2,Llama-3.1-8B-Instruct-Q4_K_M,259,open_ended,,,0.06334841628959276,0.022727272727272728,0.09844737017088903,0.5656723380088806
2,Llama-3.1-8B-Instruct-Q4_K_M,261,open_ended,,,0.19710144927536233,0.05830903790087463,0.2616430525004434,0.6910207271575928
2,Llama-3.1-8B-Instruct-Q4_K_M,296,open_ended,,,0.3356643356643357,0.18309859154929575,0.35168402188291104,0.7296578288078308
2,Llama-3.1-8B-Instruct-Q4_K_M,313,open_ended,,,0.04861111111111111,0.0,0.13157894736842105,0.5879784226417542
2,Llama-3.1-8B-Instruct-Q4_K_M,252,open_ended,,,0.27232142857142855,0.06726457399103139,0.24621150528357377,0.6423743367195129
2,Llama-3.1-8B-Instruct-Q4_K_M,253,open_ended,,,0.3641304347826087,0.18032786885245905,0.33534011268903,0.7008011937141418
2,Llama-3.1-8B-Instruct-Q4_K_M,284,open_ended,,,0.2,0.028037383177570097,0.20315662703849383,0.6566349267959595
2,Llama-3.1-8B-Instruct-Q4_K_M,254,open_ended,,,0.3279445727482679,0.08352668213457078,0.24916000983913708,0.687300443649292
2,Llama-3.1-8B-Instruct-Q4_K_M,279,open_ended,,,0.3492822966507177,0.22596153846153846,0.38662351048053767,0.7358651757240295
2,Llama-3.1-8B-Instruct-Q4_K_M,268,open_ended,,,0.34078212290502796,0.2303370786516854,0.4822670109554535,0.7276543974876404
2,Llama-3.1-8B-Instruct-Q4_K_M,229,open_ended,,,0.34913793103448276,0.18614718614718617,0.357059946653022,0.7213883996009827
2,Llama-3.1-8B-Instruct-Q4_K_M,278,open_ended,,,0.13043478260869562,0.014563106796116507,0.12195121951219513,0.5904996991157532
2,Llama-3.1-8B-Instruct-Q4_K_M,228,open_ended,,,0.25110132158590304,0.08849557522123894,0.22881346962761667,0.6739040613174438
2,Llama-3.1-8B-Instruct-Q4_K_M,228,open_ended,,,0.2165605095541401,0.06396588486140725,0.1839464882943144,0.6439095735549927
2,Llama-3.1-8B-Instruct-Q4_K_M,253,open_ended,,,0.33587786259541985,0.17391304347826084,0.3067651930759592,0.70212721824646
2,Llama-3.1-8B-Instruct-Q4_K_M,260,open_ended,,,0.16828478964401294,0.11074918566775246,0.28064349587426535,0.6893599629402161
2,Llama-3.1-8B-Instruct-Q4_K_M,304,open_ended,,,0.14720812182741114,0.05102040816326531,0.20920100153701224,0.6649187803268433
2,Llama-3.1-8B-Instruct-Q4_K_M,252,open_ended,,,0.29977628635346754,0.07191011235955057,0.25457459989946124,0.6412882208824158
2,Llama-3.1-8B-Instruct-Q4_K_M,290,open_ended,,,0.13917525773195877,0.04145077720207253,0.1369316090031419,0.5748833417892456
2,Llama-3.1-8B-Instruct-Q4_K_M,310,open_ended,,,0.25414364640883974,0.11666666666666667,0.27958491088743187,0.6909328103065491
2,Llama-3.1-8B-Instruct-Q4_K_M,261,open_ended,,,0.20786516853932582,0.06779661016949153,0.2468983612436312,0.7183703184127808
2,Llama-3.1-8B-Instruct-Q4_K_M,247,open_ended,,,0.3431151241534988,0.19047619047619047,0.2800083700270212,0.6530836820602417
2,Llama-3.1-8B-Instruct-Q4_K_M,270,open_ended,,,0.22828784119106701,0.0399002493765586,0.2262060687738213,0.6526543498039246
2,Llama-3.1-8B-Instruct-Q4_K_M,255,open_ended,,,0.3140096618357488,0.12135922330097088,0.3151360821382007,0.6898218989372253
2,Llama-3.1-8B-Instruct-Q4_K_M,237,open_ended,,,0.1743119266055046,0.027649769585253458,0.20053181818181817,0.6286597847938538
2,Llama-3.1-8B-Instruct-Q4_K_M,236,open_ended,,,0.28820960698689957,0.08771929824561404,0.2973963388542743,0.6467419266700745
2,Llama-3.1-8B-Instruct-Q4_K_M,280,open_ended,,,0.2797202797202797,0.08430913348946135,0.3059607122379571,0.7137913703918457
2,Llama-3.1-8B-Instruct-Q4_K_M,318,open_ended,,,0.20273972602739726,0.033057851239669415,0.22161693072350344,0.6743264198303223
2,Llama-3.1-8B-Instruct-Q4_K_M,273,open_ended,,,0.22349570200573063,0.04610951008645533,0.1939666491304437,0.5942563414573669
2,Llama-3.1-8B-Instruct-Q4_K_M,255,open_ended,,,0.3081081081081081,0.11956521739130437,0.29833804423122434,0.6583917140960693
2,Llama-3.1-8B-Instruct-Q4_K_M,233,open_ended,,,0.20501138952164008,0.05949656750572082,0.2351194062397198,0.6096378564834595
2,Llama-3.1-8B-Instruct-Q4_K_M,304,open_ended,,,0.15384615384615385,0.064,0.19161309826883915,0.6455036401748657
2,Llama-3.1-8B-Instruct-Q4_K_M,233,open_ended,,,0.049689440993788817,0.0,0.05931612002791347,0.5081227421760559
2,Llama-3.1-8B-Instruct-Q4_K_M,317,open_ended,,,0.30917874396135264,0.0825242718446602,0.2940185212531281,0.6793696284294128
2,Llama-3.1-8B-Instruct-Q4_K_M,298,open_ended,,,0.30412371134020616,0.1761658031088083,0.419445588479472,0.7391976118087769
2,Llama-3.1-8B-Instruct-Q4_K_M,233,open_ended,,,0.23841059602649003,0.07538802660753881,0.27047537142137973,0.6634023189544678
2,Llama-3.1-8B-Instruct-Q4_K_M,237,open_ended,,,0.1671018276762402,0.03674540682414698,0.16849529780564265,0.6201812028884888
2,Llama-3.1-8B-Instruct-Q4_K_M,224,open_ended,,,0.22113022113022116,0.034567901234567905,0.17691100674963864,0.5978662967681885
2,Llama-3.1-8B-Instruct-Q4_K_M,289,open_ended,,,0.2334096109839817,0.06436781609195404,0.22828912366446066,0.6881911158561707
2,Llama-3.1-8B-Instruct-Q4_K_M,287,open_ended,,,0.20111731843575417,0.028089887640449434,0.2364119998293054,0.6431257724761963
2,Llama-3.1-8B-Instruct-Q4_K_M,252,open_ended,,,0.3310657596371882,0.1093394077448747,0.2706067472731528,0.6901238560676575
2,Llama-3.1-8B-Instruct-Q4_K_M,258,open_ended,,,0.17085427135678394,0.03535353535353535,0.17799162987490802,0.5812632441520691
2,Llama-3.1-8B-Instruct-Q4_K_M,243,open_ended,,,0.3584070796460177,0.18222222222222226,0.33970903405155,0.7058898210525513
2,Llama-3.1-8B-Instruct-Q4_K_M,229,open_ended,,,0.3280898876404494,0.17155756207674944,0.30533022278449135,0.6482032537460327
2,Llama-3.1-8B-Instruct-Q4_K_M,270,open_ended,,,0.23471882640586797,0.044226044226044224,0.2432037886925105,0.6781352162361145
2,Llama-3.1-8B-Instruct-Q4_K_M,242,open_ended,,,0.32272727272727275,0.10502283105022832,0.2800028551145798,0.6601343750953674
2,Llama-3.1-8B-Instruct-Q4_K_M,255,open_ended,,,0.2625298329355608,0.10551558752997603,0.27417165140318517,0.622222363948822
2,Llama-3.1-8B-Instruct-Q4_K_M,250,open_ended,,,0.170316301703163,0.04400977995110024,0.16766522839121092,0.5990477800369263
2,Llama-3.1-8B-Instruct-Q4_K_M,279,open_ended,,,0.3520782396088019,0.21621621621621623,0.41231278621094464,0.7155337333679199
2,Llama-3.1-8B-Instruct-Q4_K_M,259,open_ended,,,0.03636363636363636,0.012195121951219513,0.04289674325447422,0.5209386944770813
2,Llama-3.1-8B-Instruct-Q4_K_M,262,open_ended,,,0.3107344632768361,0.17613636363636362,0.3456812800616717,0.6904237270355225
2,Llama-3.1-8B-Instruct-Q4_K_M,320,open_ended,,,0.19718309859154928,0.056657223796033995,0.2425979391036473,0.6890475153923035
2,Llama-3.1-8B-Instruct-Q4_K_M,310,open_ended,,,0.28032345013477084,0.1138211382113821,0.3205120512051205,0.7013317942619324
0,DeepSeek-R1-Distill-Qwen-14B-Q2_K,79,yes_no,1.0,1.0,,,,
0,DeepSeek-R1-Distill-Qwen-14B-Q2_K,71,yes_no,1.0,1.0,,,,
0,DeepSeek-R1-Distill-Qwen-14B-Q2_K,75,yes_no,1.0,1.0,,,,
0,DeepSeek-R1-Distill-Qwen-14B-Q2_K,8,yes_no,1.0,1.0,,,,
0,DeepSeek-R1-Distill-Qwen-14B-Q2_K,72,yes_no,1.0,1.0,,,,
0,DeepSeek-R1-Distill-Qwen-14B-Q2_K,67,yes_no,1.0,1.0,,,,
0,DeepSeek-R1-Distill-Qwen-14B-Q2_K,108,yes_no,1.0,1.0,,,,
0,DeepSeek-R1-Distill-Qwen-14B-Q2_K,12,yes_no,1.0,1.0,,,,
0,DeepSeek-R1-Distill-Qwen-14B-Q2_K,95,yes_no,1.0,1.0,,,,
0,DeepSeek-R1-Distill-Qwen-14B-Q2_K,72,yes_no,1.0,1.0,,,,
0,DeepSeek-R1-Distill-Qwen-14B-Q2_K,50,yes_no,0.0,0.0,,,,
0,DeepSeek-R1-Distill-Qwen-14B-Q2_K,84,yes_no,1.0,1.0,,,,
0,DeepSeek-R1-Distill-Qwen-14B-Q2_K,13,yes_no,0.0,0.0,,,,
0,DeepSeek-R1-Distill-Qwen-14B-Q2_K,56,yes_no,1.0,1.0,,,,
0,DeepSeek-R1-Distill-Qwen-14B-Q2_K,47,yes_no,1.0,1.0,,,,
0,DeepSeek-R1-Distill-Qwen-14B-Q2_K,115,yes_no,1.0,1.0,,,,
0,DeepSeek-R1-Distill-Qwen-14B-Q2_K,46,yes_no,1.0,1.0,,,,
0,DeepSeek-R1-Distill-Qwen-14B-Q2_K,11,yes_no,1.0,1.0,,,,
0,DeepSeek-R1-Distill-Qwen-14B-Q2_K,41,yes_no,0.0,0.0,,,,
0,DeepSeek-R1-Distill-Qwen-14B-Q2_K,110,yes_no,1.0,1.0,,,,
0,DeepSeek-R1-Distill-Qwen-14B-Q2_K,95,yes_no,1.0,1.0,,,,
0,DeepSeek-R1-Distill-Qwen-14B-Q2_K,26,yes_no,1.0,1.0,,,,
0,DeepSeek-R1-Distill-Qwen-14B-Q2_K,102,yes_no,1.0,1.0,,,,
0,DeepSeek-R1-Distill-Qwen-14B-Q2_K,90,yes_no,0.0,0.0,,,,
0,DeepSeek-R1-Distill-Qwen-14B-Q2_K,79,yes_no,1.0,1.0,,,,
0,DeepSeek-R1-Distill-Qwen-14B-Q2_K,14,yes_no,1.0,1.0,,,,
0,DeepSeek-R1-Distill-Qwen-14B-Q2_K,91,yes_no,0.0,0.0,,,,
0,DeepSeek-R1-Distill-Qwen-14B-Q2_K,17,yes_no,1.0,1.0,,,,
0,DeepSeek-R1-Distill-Qwen-14B-Q2_K,75,yes_no,1.0,1.0,,,,
0,DeepSeek-R1-Distill-Qwen-14B-Q2_K,44,yes_no,0.0,0.0,,,,
0,DeepSeek-R1-Distill-Qwen-14B-Q2_K,120,yes_no,1.0,1.0,,,,
0,DeepSeek-R1-Distill-Qwen-14B-Q2_K,110,yes_no,1.0,1.0,,,,
0,DeepSeek-R1-Distill-Qwen-14B-Q2_K,44,yes_no,0.0,0.0,,,,
0,DeepSeek-R1-Distill-Qwen-14B-Q2_K,55,yes_no,1.0,1.0,,,,
0,DeepSeek-R1-Distill-Qwen-14B-Q2_K,104,yes_no,1.0,1.0,,,,
0,DeepSeek-R1-Distill-Qwen-14B-Q2_K,14,yes_no,1.0,1.0,,,,
0,DeepSeek-R1-Distill-Qwen-14B-Q2_K,83,yes_no,0.0,0.0,,,,
0,DeepSeek-R1-Distill-Qwen-14B-Q2_K,104,yes_no,1.0,1.0,,,,
0,DeepSeek-R1-Distill-Qwen-14B-Q2_K,69,yes_no,0.0,,,,,
0,DeepSeek-R1-Distill-Qwen-14B-Q2_K,74,yes_no,1.0,1.0,,,,
0,DeepSeek-R1-Distill-Qwen-14B-Q2_K,5,yes_no,1.0,1.0,,,,
0,DeepSeek-R1-Distill-Qwen-14B-Q2_K,94,yes_no,1.0,1.0,,,,
0,DeepSeek-R1-Distill-Qwen-14B-Q2_K,19,yes_no,1.0,1.0,,,,
0,DeepSeek-R1-Distill-Qwen-14B-Q2_K,90,yes_no,0.0,0.0,,,,
0,DeepSeek-R1-Distill-Qwen-14B-Q2_K,73,yes_no,0.0,0.0,,,,
0,DeepSeek-R1-Distill-Qwen-14B-Q2_K,29,yes_no,1.0,1.0,,,,
0,DeepSeek-R1-Distill-Qwen-14B-Q2_K,6,yes_no,1.0,1.0,,,,
0,DeepSeek-R1-Distill-Qwen-14B-Q2_K,28,yes_no,1.0,1.0,,,,
0,DeepSeek-R1-Distill-Qwen-14B-Q2_K,73,yes_no,0.0,0.0,,,,
0,DeepSeek-R1-Distill-Qwen-14B-Q2_K,13,yes_no,0.0,0.0,,,,
0,DeepSeek-R1-Distill-Qwen-14B-Q2_K,29,yes_no,1.0,1.0,,,,
0,DeepSeek-R1-Distill-Qwen-14B-Q2_K,12,yes_no,1.0,1.0,,,,
0,DeepSeek-R1-Distill-Qwen-14B-Q2_K,85,yes_no,0.0,0.0,,,,
0,DeepSeek-R1-Distill-Qwen-14B-Q2_K,21,yes_no,0.0,0.0,,,,
0,DeepSeek-R1-Distill-Qwen-14B-Q2_K,28,yes_no,1.0,1.0,,,,
0,DeepSeek-R1-Distill-Qwen-14B-Q2_K,95,yes_no,1.0,1.0,,,,
0,DeepSeek-R1-Distill-Qwen-14B-Q2_K,48,yes_no,1.0,1.0,,,,
0,DeepSeek-R1-Distill-Qwen-14B-Q2_K,75,yes_no,1.0,1.0,,,,
0,DeepSeek-R1-Distill-Qwen-14B-Q2_K,7,yes_no,0.0,0.0,,,,
0,DeepSeek-R1-Distill-Qwen-14B-Q2_K,98,yes_no,1.0,1.0,,,,
0,DeepSeek-R1-Distill-Qwen-14B-Q2_K,10,yes_no,1.0,1.0,,,,
0,DeepSeek-R1-Distill-Qwen-14B-Q2_K,33,yes_no,1.0,1.0,,,,
0,DeepSeek-R1-Distill-Qwen-14B-Q2_K,112,yes_no,1.0,1.0,,,,
0,DeepSeek-R1-Distill-Qwen-14B-Q2_K,64,yes_no,0.0,0.0,,,,
0,DeepSeek-R1-Distill-Qwen-14B-Q2_K,81,yes_no,1.0,1.0,,,,
0,DeepSeek-R1-Distill-Qwen-14B-Q2_K,75,yes_no,1.0,1.0,,,,
0,DeepSeek-R1-Distill-Qwen-14B-Q2_K,97,yes_no,0.0,0.0,,,,
0,DeepSeek-R1-Distill-Qwen-14B-Q2_K,1,yes_no,0.0,0.0,,,,
0,DeepSeek-R1-Distill-Qwen-14B-Q2_K,1,yes_no,0.0,0.0,,,,
0,DeepSeek-R1-Distill-Qwen-14B-Q2_K,78,yes_no,1.0,1.0,,,,
0,DeepSeek-R1-Distill-Qwen-14B-Q2_K,75,yes_no,1.0,1.0,,,,
0,DeepSeek-R1-Distill-Qwen-14B-Q2_K,30,yes_no,0.0,,,,,
0,DeepSeek-R1-Distill-Qwen-14B-Q2_K,113,yes_no,1.0,1.0,,,,
0,DeepSeek-R1-Distill-Qwen-14B-Q2_K,16,yes_no,0.0,0.0,,,,
0,DeepSeek-R1-Distill-Qwen-14B-Q2_K,113,yes_no,1.0,1.0,,,,
0,DeepSeek-R1-Distill-Qwen-14B-Q2_K,109,yes_no,1.0,1.0,,,,
0,DeepSeek-R1-Distill-Qwen-14B-Q2_K,21,yes_no,0.0,0.0,,,,
0,DeepSeek-R1-Distill-Qwen-14B-Q2_K,4,yes_no,0.0,0.0,,,,
0,DeepSeek-R1-Distill-Qwen-14B-Q2_K,86,yes_no,0.0,0.0,,,,
0,DeepSeek-R1-Distill-Qwen-14B-Q2_K,105,yes_no,1.0,1.0,,,,
0,DeepSeek-R1-Distill-Qwen-14B-Q2_K,109,yes_no,1.0,1.0,,,,
0,DeepSeek-R1-Distill-Qwen-14B-Q2_K,7,yes_no,0.0,0.0,,,,
0,DeepSeek-R1-Distill-Qwen-14B-Q2_K,68,yes_no,1.0,1.0,,,,
0,DeepSeek-R1-Distill-Qwen-14B-Q2_K,54,yes_no,1.0,1.0,,,,
0,DeepSeek-R1-Distill-Qwen-14B-Q2_K,93,yes_no,1.0,1.0,,,,
0,DeepSeek-R1-Distill-Qwen-14B-Q2_K,28,yes_no,1.0,1.0,,,,
0,DeepSeek-R1-Distill-Qwen-14B-Q2_K,11,yes_no,1.0,1.0,,,,
0,DeepSeek-R1-Distill-Qwen-14B-Q2_K,31,yes_no,1.0,1.0,,,,
0,DeepSeek-R1-Distill-Qwen-14B-Q2_K,77,yes_no,1.0,1.0,,,,
0,DeepSeek-R1-Distill-Qwen-14B-Q2_K,48,yes_no,1.0,1.0,,,,
0,DeepSeek-R1-Distill-Qwen-14B-Q2_K,8,yes_no,1.0,1.0,,,,
0,DeepSeek-R1-Distill-Qwen-14B-Q2_K,87,yes_no,1.0,1.0,,,,
0,DeepSeek-R1-Distill-Qwen-14B-Q2_K,100,yes_no,1.0,1.0,,,,
0,DeepSeek-R1-Distill-Qwen-14B-Q2_K,2,yes_no,1.0,1.0,,,,
0,DeepSeek-R1-Distill-Qwen-14B-Q2_K,5,yes_no,1.0,1.0,,,,
0,DeepSeek-R1-Distill-Qwen-14B-Q2_K,13,yes_no,0.0,0.0,,,,
0,DeepSeek-R1-Distill-Qwen-14B-Q2_K,75,yes_no,1.0,1.0,,,,
0,DeepSeek-R1-Distill-Qwen-14B-Q2_K,47,yes_no,1.0,1.0,,,,
0,DeepSeek-R1-Distill-Qwen-14B-Q2_K,107,yes_no,1.0,1.0,,,,
0,DeepSeek-R1-Distill-Qwen-14B-Q2_K,88,yes_no,1.0,1.0,,,,
0,DeepSeek-R1-Distill-Qwen-14B-Q2_K,138,short_answer,0.0,,,,,
0,DeepSeek-R1-Distill-Qwen-14B-Q2_K,161,short_answer,0.0,,,,,
0,DeepSeek-R1-Distill-Qwen-14B-Q2_K,150,short_answer,0.0,,,,,
0,DeepSeek-R1-Distill-Qwen-14B-Q2_K,150,short_answer,0.0,,,,,
0,DeepSeek-R1-Distill-Qwen-14B-Q2_K,154,short_answer,0.13793103448275862,,,,,
0,DeepSeek-R1-Distill-Qwen-14B-Q2_K,213,short_answer,0.25,,,,,
0,DeepSeek-R1-Distill-Qwen-14B-Q2_K,141,short_answer,0.5714285714285715,,,,,
0,DeepSeek-R1-Distill-Qwen-14B-Q2_K,217,short_answer,0.15384615384615385,,,,,
0,DeepSeek-R1-Distill-Qwen-14B-Q2_K,159,short_answer,0.19999999999999998,,,,,
0,DeepSeek-R1-Distill-Qwen-14B-Q2_K,156,short_answer,0.4,,,,,
0,DeepSeek-R1-Distill-Qwen-14B-Q2_K,160,short_answer,0.0,,,,,
0,DeepSeek-R1-Distill-Qwen-14B-Q2_K,171,short_answer,0.0,,,,,
0,DeepSeek-R1-Distill-Qwen-14B-Q2_K,207,short_answer,0.0,,,,,
0,DeepSeek-R1-Distill-Qwen-14B-Q2_K,211,short_answer,0.0,,,,,
0,DeepSeek-R1-Distill-Qwen-14B-Q2_K,197,short_answer,0.0,,,,,
0,DeepSeek-R1-Distill-Qwen-14B-Q2_K,167,short_answer,0.11764705882352941,,,,,
0,DeepSeek-R1-Distill-Qwen-14B-Q2_K,178,short_answer,0.07142857142857142,,,,,
0,DeepSeek-R1-Distill-Qwen-14B-Q2_K,219,short_answer,0.0,,,,,
0,DeepSeek-R1-Distill-Qwen-14B-Q2_K,156,short_answer,0.4,,,,,
0,DeepSeek-R1-Distill-Qwen-14B-Q2_K,169,short_answer,0.0,,,,,
0,DeepSeek-R1-Distill-Qwen-14B-Q2_K,150,short_answer,0.0,,,,,
0,DeepSeek-R1-Distill-Qwen-14B-Q2_K,197,short_answer,0.0,,,,,
0,DeepSeek-R1-Distill-Qwen-14B-Q2_K,193,short_answer,0.1111111111111111,,,,,
0,DeepSeek-R1-Distill-Qwen-14B-Q2_K,212,short_answer,0.0,,,,,
0,DeepSeek-R1-Distill-Qwen-14B-Q2_K,191,short_answer,0.0,,,,,
0,DeepSeek-R1-Distill-Qwen-14B-Q2_K,145,short_answer,0.0,,,,,
0,DeepSeek-R1-Distill-Qwen-14B-Q2_K,187,short_answer,0.2,,,,,
0,DeepSeek-R1-Distill-Qwen-14B-Q2_K,210,short_answer,0.0,,,,,
0,DeepSeek-R1-Distill-Qwen-14B-Q2_K,189,short_answer,0.0,,,,,
0,DeepSeek-R1-Distill-Qwen-14B-Q2_K,195,short_answer,0.38297872340425526,,,,,
0,DeepSeek-R1-Distill-Qwen-14B-Q2_K,139,short_answer,0.0,,,,,
0,DeepSeek-R1-Distill-Qwen-14B-Q2_K,177,short_answer,0.0,,,,,
0,DeepSeek-R1-Distill-Qwen-14B-Q2_K,193,short_answer,0.1111111111111111,,,,,
0,DeepSeek-R1-Distill-Qwen-14B-Q2_K,163,short_answer,0.13333333333333333,,,,,
0,DeepSeek-R1-Distill-Qwen-14B-Q2_K,166,short_answer,0.631578947368421,,,,,
0,DeepSeek-R1-Distill-Qwen-14B-Q2_K,159,short_answer,0.19999999999999998,,,,,
0,DeepSeek-R1-Distill-Qwen-14B-Q2_K,162,short_answer,0.2857142857142857,,,,,
0,DeepSeek-R1-Distill-Qwen-14B-Q2_K,187,short_answer,0.2,,,,,
0,DeepSeek-R1-Distill-Qwen-14B-Q2_K,155,short_answer,0.5454545454545454,,,,,
0,DeepSeek-R1-Distill-Qwen-14B-Q2_K,143,short_answer,0.0,,,,,
0,DeepSeek-R1-Distill-Qwen-14B-Q2_K,153,short_answer,0.3076923076923077,,,,,
0,DeepSeek-R1-Distill-Qwen-14B-Q2_K,208,short_answer,0.1818181818181818,,,,,
0,DeepSeek-R1-Distill-Qwen-14B-Q2_K,172,short_answer,0.2727272727272727,,,,,
0,DeepSeek-R1-Distill-Qwen-14B-Q2_K,208,short_answer,0.16,,,,,
0,DeepSeek-R1-Distill-Qwen-14B-Q2_K,205,short_answer,0.0,,,,,
0,DeepSeek-R1-Distill-Qwen-14B-Q2_K,184,short_answer,0.19999999999999998,,,,,
0,DeepSeek-R1-Distill-Qwen-14B-Q2_K,177,short_answer,0.0,,,,,
0,DeepSeek-R1-Distill-Qwen-14B-Q2_K,126,short_answer,0.37037037037037035,,,,,
0,DeepSeek-R1-Distill-Qwen-14B-Q2_K,122,short_answer,0.8,,,,,
0,DeepSeek-R1-Distill-Qwen-14B-Q2_K,194,short_answer,0.11764705882352941,,,,,
0,DeepSeek-R1-Distill-Qwen-14B-Q2_K,198,short_answer,0.0,,,,,
0,DeepSeek-R1-Distill-Qwen-14B-Q2_K,123,short_answer,0.15384615384615385,,,,,
0,DeepSeek-R1-Distill-Qwen-14B-Q2_K,202,short_answer,0.18181818181818182,,,,,
0,DeepSeek-R1-Distill-Qwen-14B-Q2_K,205,short_answer,0.0,,,,,
0,DeepSeek-R1-Distill-Qwen-14B-Q2_K,173,short_answer,0.3846153846153846,,,,,
0,DeepSeek-R1-Distill-Qwen-14B-Q2_K,211,short_answer,0.0,,,,,
0,DeepSeek-R1-Distill-Qwen-14B-Q2_K,133,short_answer,0.33333333333333337,,,,,
0,DeepSeek-R1-Distill-Qwen-14B-Q2_K,209,short_answer,0.1212121212121212,,,,,
0,DeepSeek-R1-Distill-Qwen-14B-Q2_K,170,short_answer,0.25,,,,,
0,DeepSeek-R1-Distill-Qwen-14B-Q2_K,122,short_answer,0.8,,,,,
0,DeepSeek-R1-Distill-Qwen-14B-Q2_K,140,short_answer,0.0,,,,,
0,DeepSeek-R1-Distill-Qwen-14B-Q2_K,200,short_answer,0.2727272727272727,,,,,
0,DeepSeek-R1-Distill-Qwen-14B-Q2_K,193,short_answer,0.1111111111111111,,,,,
0,DeepSeek-R1-Distill-Qwen-14B-Q2_K,197,short_answer,0.0,,,,,
0,DeepSeek-R1-Distill-Qwen-14B-Q2_K,149,short_answer,0.0,,,,,
0,DeepSeek-R1-Distill-Qwen-14B-Q2_K,190,short_answer,0.25,,,,,
0,DeepSeek-R1-Distill-Qwen-14B-Q2_K,212,short_answer,0.0,,,,,
0,DeepSeek-R1-Distill-Qwen-14B-Q2_K,161,short_answer,0.0,,,,,
0,DeepSeek-R1-Distill-Qwen-14B-Q2_K,182,short_answer,0.042553191489361694,,,,,
0,DeepSeek-R1-Distill-Qwen-14B-Q2_K,215,short_answer,0.0,,,,,
0,DeepSeek-R1-Distill-Qwen-14B-Q2_K,143,short_answer,0.0,,,,,
0,DeepSeek-R1-Distill-Qwen-14B-Q2_K,173,short_answer,0.3846153846153846,,,,,
0,DeepSeek-R1-Distill-Qwen-14B-Q2_K,208,short_answer,0.0,,,,,
0,DeepSeek-R1-Distill-Qwen-14B-Q2_K,158,short_answer,0.18181818181818182,,,,,
0,DeepSeek-R1-Distill-Qwen-14B-Q2_K,187,short_answer,0.13793103448275862,,,,,
0,DeepSeek-R1-Distill-Qwen-14B-Q2_K,183,short_answer,0.6,,,,,
0,DeepSeek-R1-Distill-Qwen-14B-Q2_K,196,short_answer,0.0,,,,,
0,DeepSeek-R1-Distill-Qwen-14B-Q2_K,196,short_answer,0.0,,,,,
0,DeepSeek-R1-Distill-Qwen-14B-Q2_K,205,short_answer,0.0,,,,,
0,DeepSeek-R1-Distill-Qwen-14B-Q2_K,188,short_answer,0.0,,,,,
0,DeepSeek-R1-Distill-Qwen-14B-Q2_K,194,short_answer,0.11764705882352941,,,,,
0,DeepSeek-R1-Distill-Qwen-14B-Q2_K,140,short_answer,0.10526315789473684,,,,,
0,DeepSeek-R1-Distill-Qwen-14B-Q2_K,124,short_answer,0.3076923076923077,,,,,
0,DeepSeek-R1-Distill-Qwen-14B-Q2_K,125,short_answer,0.02702702702702703,,,,,
0,DeepSeek-R1-Distill-Qwen-14B-Q2_K,166,short_answer,0.3333333333333333,,,,,
0,DeepSeek-R1-Distill-Qwen-14B-Q2_K,209,short_answer,0.1212121212121212,,,,,
0,DeepSeek-R1-Distill-Qwen-14B-Q2_K,122,short_answer,0.8,,,,,
0,DeepSeek-R1-Distill-Qwen-14B-Q2_K,207,short_answer,0.0,,,,,
0,DeepSeek-R1-Distill-Qwen-14B-Q2_K,185,short_answer,0.0,,,,,
0,DeepSeek-R1-Distill-Qwen-14B-Q2_K,141,short_answer,0.5714285714285715,,,,,
0,DeepSeek-R1-Distill-Qwen-14B-Q2_K,160,short_answer,0.0,,,,,
0,DeepSeek-R1-Distill-Qwen-14B-Q2_K,125,short_answer,0.045454545454545456,,,,,
0,DeepSeek-R1-Distill-Qwen-14B-Q2_K,169,short_answer,0.0,,,,,
0,DeepSeek-R1-Distill-Qwen-14B-Q2_K,137,short_answer,0.3636363636363636,,,,,
0,DeepSeek-R1-Distill-Qwen-14B-Q2_K,196,short_answer,0.0,,,,,
0,DeepSeek-R1-Distill-Qwen-14B-Q2_K,181,short_answer,0.16666666666666669,,,,,
0,DeepSeek-R1-Distill-Qwen-14B-Q2_K,166,short_answer,0.3333333333333333,,,,,
0,DeepSeek-R1-Distill-Qwen-14B-Q2_K,194,short_answer,0.11764705882352941,,,,,
0,DeepSeek-R1-Distill-Qwen-14B-Q2_K,190,short_answer,0.25,,,,,
0,DeepSeek-R1-Distill-Qwen-14B-Q2_K,135,short_answer,0.07142857142857144,,,,,
0,DeepSeek-R1-Distill-Qwen-14B-Q2_K,295,open_ended,,,0.5906735751295337,0.31413612565445026,0.38966815295915974,0.7692825198173523
0,DeepSeek-R1-Distill-Qwen-14B-Q2_K,310,open_ended,,,0.4171779141104295,0.16149068322981364,0.23954031808035717,0.7448634505271912
0,DeepSeek-R1-Distill-Qwen-14B-Q2_K,292,open_ended,,,0.6891891891891893,0.5068493150684932,0.6935021860394995,0.8578282594680786
0,DeepSeek-R1-Distill-Qwen-14B-Q2_K,316,open_ended,,,0.0,0.0,0.018281535648994512,0.5197447538375854
0,DeepSeek-R1-Distill-Qwen-14B-Q2_K,246,open_ended,,,0.3829787234042553,0.11827956989247312,0.23908680922685197,0.7404230833053589
0,DeepSeek-R1-Distill-Qwen-14B-Q2_K,314,open_ended,,,0.391304347826087,0.2222222222222222,0.17444444444444446,0.6942111849784851
0,DeepSeek-R1-Distill-Qwen-14B-Q2_K,248,open_ended,,,0.4566210045662101,0.2304147465437788,0.35474527238402226,0.7271752953529358
0,DeepSeek-R1-Distill-Qwen-14B-Q2_K,248,open_ended,,,0.4840182648401826,0.2304147465437788,0.3626857496714701,0.7431900501251221
0,DeepSeek-R1-Distill-Qwen-14B-Q2_K,246,open_ended,,,0.3445378151260504,0.10169491525423728,0.2726679971668462,0.7322731018066406
0,DeepSeek-R1-Distill-Qwen-14B-Q2_K,288,open_ended,,,0.2857142857142857,0.10526315789473685,0.2113025641025641,0.7056851983070374
0,DeepSeek-R1-Distill-Qwen-14B-Q2_K,258,open_ended,,,0.36734693877551017,0.0411522633744856,0.25269670592251237,0.6864606142044067
0,DeepSeek-R1-Distill-Qwen-14B-Q2_K,268,open_ended,,,0.6592178770949721,0.40677966101694923,0.5620571781535373,0.8083476424217224
0,DeepSeek-R1-Distill-Qwen-14B-Q2_K,229,open_ended,,,0.5608856088560886,0.2825278810408922,0.377144115270199,0.7885012030601501
0,DeepSeek-R1-Distill-Qwen-14B-Q2_K,307,open_ended,,,0.0,0.0,0.014662756598240472,0.5175607800483704
0,DeepSeek-R1-Distill-Qwen-14B-Q2_K,226,open_ended,,,0.2958579881656805,0.04790419161676646,0.14489002730417921,0.7099100947380066
0,DeepSeek-R1-Distill-Qwen-14B-Q2_K,233,open_ended,,,0.5699481865284973,0.21989528795811517,0.4307401828940291,0.7728866934776306
0,DeepSeek-R1-Distill-Qwen-14B-Q2_K,297,open_ended,,,0.5892857142857143,0.3818181818181819,0.5429356231895456,0.789719820022583
0,DeepSeek-R1-Distill-Qwen-14B-Q2_K,319,open_ended,,,0.44578313253012053,0.1829268292682927,0.2788560750427677,0.737562358379364
0,DeepSeek-R1-Distill-Qwen-14B-Q2_K,304,open_ended,,,0.3142857142857143,0.057971014492753624,0.18417462482946795,0.7012338042259216
0,DeepSeek-R1-Distill-Qwen-14B-Q2_K,283,open_ended,,,0.25104602510460255,0.09282700421940927,0.23798152930016864,0.7008705735206604
0,DeepSeek-R1-Distill-Qwen-14B-Q2_K,278,open_ended,,,0.1791044776119403,0.045454545454545456,0.09759546810165973,0.6721866726875305
0,DeepSeek-R1-Distill-Qwen-14B-Q2_K,246,open_ended,,,0.36521739130434777,0.11403508771929824,0.28910870956181167,0.7528831958770752
0,DeepSeek-R1-Distill-Qwen-14B-Q2_K,279,open_ended,,,0.6815642458100558,0.4858757062146893,0.4946552927647425,0.8214949369430542
0,DeepSeek-R1-Distill-Qwen-14B-Q2_K,245,open_ended,,,0.3026315789473684,0.09333333333333335,0.18741633199464527,0.7009987235069275
0,DeepSeek-R1-Distill-Qwen-14B-Q2_K,307,open_ended,,,0.0,0.0,0.014662756598240472,0.5175607800483704
0,DeepSeek-R1-Distill-Qwen-14B-Q2_K,233,open_ended,,,0.5744680851063831,0.20430107526881722,0.3990004726740867,0.7426666617393494
0,DeepSeek-R1-Distill-Qwen-14B-Q2_K,307,open_ended,,,0.0,0.0,0.014662756598240472,0.5175607800483704
0,DeepSeek-R1-Distill-Qwen-14B-Q2_K,271,open_ended,,,0.48826291079812206,0.14218009478672985,0.3084732273301308,0.7257851362228394
0,DeepSeek-R1-Distill-Qwen-14B-Q2_K,250,open_ended,,,0.29189189189189185,0.07650273224043716,0.15881417494730504,0.6993077397346497
0,DeepSeek-R1-Distill-Qwen-14B-Q2_K,311,open_ended,,,0.36257309941520466,0.14705882352941177,0.30188805762247056,0.7259600162506104
0,DeepSeek-R1-Distill-Qwen-14B-Q2_K,308,open_ended,,,0.3741935483870968,0.09150326797385622,0.2743597493526605,0.7186229228973389
0,DeepSeek-R1-Distill-Qwen-14B-Q2_K,307,open_ended,,,0.0,0.0,0.014662756598240472,0.5175607800483704
0,DeepSeek-R1-Distill-Qwen-14B-Q2_K,283,open_ended,,,0.3060109289617486,0.11049723756906078,0.24612110801733045,0.7105504870414734
0,DeepSeek-R1-Distill-Qwen-14B-Q2_K,255,open_ended,,,0.45098039215686275,0.13861386138613863,0.26910166695112936,0.7419583201408386
0,DeepSeek-R1-Distill-Qwen-14B-Q2_K,301,open_ended,,,0.3952569169960474,0.14342629482071712,0.30012645153817186,0.7297995686531067
0,DeepSeek-R1-Distill-Qwen-14B-Q2_K,259,open_ended,,,0.186046511627907,0.058823529411764705,0.13936403508771927,0.6657488942146301
0,DeepSeek-R1-Distill-Qwen-14B-Q2_K,295,open_ended,,,0.5906735751295337,0.3350785340314136,0.40847344922580026,0.771273136138916
0,DeepSeek-R1-Distill-Qwen-14B-Q2_K,237,open_ended,,,0.24431818181818185,0.05142857142857143,0.2594690217684871,0.6976801156997681
0,DeepSeek-R1-Distill-Qwen-14B-Q2_K,235,open_ended,,,0.4222222222222222,0.07865168539325842,0.2729595280801669,0.715255618095398
0,DeepSeek-R1-Distill-Qwen-14B-Q2_K,308,open_ended,,,0.40609137055837563,0.13333333333333333,0.33947649572649574,0.7414674162864685
0,DeepSeek-R1-Distill-Qwen-14B-Q2_K,283,open_ended,,,0.3251231527093596,0.13930348258706468,0.2634248180026546,0.701176106929779
0,DeepSeek-R1-Distill-Qwen-14B-Q2_K,271,open_ended,,,0.5073170731707317,0.14778325123152708,0.29180261265033514,0.7262355089187622
0,DeepSeek-R1-Distill-Qwen-14B-Q2_K,281,open_ended,,,0.4,0.1958041958041958,0.3616701216268277,0.7851818203926086
0,DeepSeek-R1-Distill-Qwen-14B-Q2_K,261,open_ended,,,0.30769230769230765,0.07092198581560284,0.21503994190268702,0.7450559735298157
0,DeepSeek-R1-Distill-Qwen-14B-Q2_K,261,open_ended,,,0.2647058823529412,0.06666666666666667,0.2928362573099415,0.7192977666854858
0,DeepSeek-R1-Distill-Qwen-14B-Q2_K,238,open_ended,,,0.4553571428571429,0.15315315315315314,0.28292013964980217,0.7283694744110107
0,DeepSeek-R1-Distill-Qwen-14B-Q2_K,263,open_ended,,,0.3257918552036199,0.1278538812785388,0.21593754983084823,0.7224411368370056
0,DeepSeek-R1-Distill-Qwen-14B-Q2_K,317,open_ended,,,0.43097643097643096,0.10169491525423727,0.3246761262143412,0.7530103921890259
0,DeepSeek-R1-Distill-Qwen-14B-Q2_K,268,open_ended,,,0.6463414634146342,0.4444444444444445,0.6238924957396431,0.8122271299362183
0,DeepSeek-R1-Distill-Qwen-14B-Q2_K,319,open_ended,,,0.43708609271523186,0.18791946308724833,0.2719853091205876,0.7502650022506714
0,DeepSeek-R1-Distill-Qwen-14B-Q2_K,290,open_ended,,,0.25974025974025977,0.09210526315789473,0.12948676464744518,0.6648069620132446
0,DeepSeek-R1-Distill-Qwen-14B-Q2_K,286,open_ended,,,0.3595505617977528,0.07954545454545454,0.21006025429354394,0.7269015312194824
0,DeepSeek-R1-Distill-Qwen-14B-Q2_K,232,open_ended,,,0.44036697247706424,0.15740740740740738,0.36958299685572416,0.7264665961265564
0,DeepSeek-R1-Distill-Qwen-14B-Q2_K,246,open_ended,,,0.4262295081967213,0.13259668508287292,0.23627666185241664,0.7470901608467102
0,DeepSeek-R1-Distill-Qwen-14B-Q2_K,289,open_ended,,,0.3568075117370892,0.16113744075829384,0.2142359679918132,0.7137477397918701
0,DeepSeek-R1-Distill-Qwen-14B-Q2_K,291,open_ended,,,0.3687943262411348,0.10714285714285714,0.2891891052934434,0.7253543138504028
0,DeepSeek-R1-Distill-Qwen-14B-Q2_K,224,open_ended,,,0.29535864978902954,0.00851063829787234,0.18887362637362637,0.6643438339233398
0,DeepSeek-R1-Distill-Qwen-14B-Q2_K,269,open_ended,,,0.4195121951219512,0.1477832512315271,0.24872843107676743,0.7597097158432007
0,DeepSeek-R1-Distill-Qwen-14B-Q2_K,242,open_ended,,,0.5,0.21804511278195488,0.30643032034089046,0.7765136957168579
0,DeepSeek-R1-Distill-Qwen-14B-Q2_K,275,open_ended,,,0.30769230769230765,0.1568627450980392,0.1485641994448257,0.7011355757713318
0,DeepSeek-R1-Distill-Qwen-14B-Q2_K,317,open_ended,,,0.46774193548387094,0.11382113821138211,0.3074327196525174,0.7619485259056091
0,DeepSeek-R1-Distill-Qwen-14B-Q2_K,297,open_ended,,,0.6324786324786326,0.4347826086956522,0.6003856658159599,0.8246945738792419
0,DeepSeek-R1-Distill-Qwen-14B-Q2_K,302,open_ended,,,0.23776223776223773,0.04255319148936171,0.1282051282051282,0.6619639992713928
0,DeepSeek-R1-Distill-Qwen-14B-Q2_K,237,open_ended,,,0.3568075117370892,0.06635071090047394,0.25456409449320155,0.7080416083335876
0,DeepSeek-R1-Distill-Qwen-14B-Q2_K,253,open_ended,,,0.5022421524663677,0.28959276018099545,0.304644557903715,0.7702217102050781
0,DeepSeek-R1-Distill-Qwen-14B-Q2_K,241,open_ended,,,0.5353535353535354,0.2653061224489796,0.30626462783491565,0.7553468942642212
0,DeepSeek-R1-Distill-Qwen-14B-Q2_K,222,open_ended,,,0.4352331606217617,0.09424083769633508,0.2953529341199527,0.7184411883354187
0,DeepSeek-R1-Distill-Qwen-14B-Q2_K,259,open_ended,,,0.186046511627907,0.058823529411764705,0.13936403508771927,0.6657488942146301
0,DeepSeek-R1-Distill-Qwen-14B-Q2_K,294,open_ended,,,0.5315315315315315,0.16363636363636364,0.3647324720068907,0.7602554559707642
0,DeepSeek-R1-Distill-Qwen-14B-Q2_K,292,open_ended,,,0.6938775510204083,0.5103448275862069,0.6944444444444445,0.8590683937072754
0,DeepSeek-R1-Distill-Qwen-14B-Q2_K,228,open_ended,,,0.0,0.0,0.006868131868131867,0.4820961654186249
0,DeepSeek-R1-Distill-Qwen-14B-Q2_K,319,open_ended,,,0.46896551724137925,0.2097902097902098,0.2968227693752995,0.7632595896720886
0,DeepSeek-R1-Distill-Qwen-14B-Q2_K,313,open_ended,,,0.08627450980392157,0.0,0.15042117930204574,0.6211483478546143
0,DeepSeek-R1-Distill-Qwen-14B-Q2_K,311,open_ended,,,0.39189189189189194,0.10884353741496598,0.2942708333333333,0.7017830610275269
0,DeepSeek-R1-Distill-Qwen-14B-Q2_K,314,open_ended,,,0.3956043956043956,0.2247191011235955,0.17474573018614473,0.6968925595283508
0,DeepSeek-R1-Distill-Qwen-14B-Q2_K,287,open_ended,,,0.308411214953271,0.07547169811320754,0.23752418326549515,0.6866400837898254
0,DeepSeek-R1-Distill-Qwen-14B-Q2_K,291,open_ended,,,0.37142857142857144,0.11510791366906475,0.326975248996581,0.7269736528396606
0,DeepSeek-R1-Distill-Qwen-14B-Q2_K,282,open_ended,,,0.4671532846715329,0.1925925925925926,0.3045374796787227,0.7643026113510132
0,DeepSeek-R1-Distill-Qwen-14B-Q2_K,306,open_ended,,,0.5521472392638037,0.33540372670807456,0.31629519650655025,0.7795255184173584
0,DeepSeek-R1-Distill-Qwen-14B-Q2_K,251,open_ended,,,0.4887218045112782,0.16666666666666666,0.32275129292465216,0.7507986426353455
0,DeepSeek-R1-Distill-Qwen-14B-Q2_K,242,open_ended,,,0.5223880597014926,0.22556390977443608,0.33121186413604853,0.7757796049118042
0,DeepSeek-R1-Distill-Qwen-14B-Q2_K,306,open_ended,,,0.5521472392638037,0.33540372670807456,0.31629519650655025,0.7795255184173584
0,DeepSeek-R1-Distill-Qwen-14B-Q2_K,316,open_ended,,,0.0,0.0,0.018281535648994512,0.5197447538375854
0,DeepSeek-R1-Distill-Qwen-14B-Q2_K,269,open_ended,,,0.4075829383886255,0.15311004784688992,0.21685761047463173,0.7590601444244385
0,DeepSeek-R1-Distill-Qwen-14B-Q2_K,316,open_ended,,,0.0,0.0,0.018281535648994512,0.5197447538375854
0,DeepSeek-R1-Distill-Qwen-14B-Q2_K,255,open_ended,,,0.49038461538461536,0.14563106796116507,0.3257077592175835,0.7489999532699585
0,DeepSeek-R1-Distill-Qwen-14B-Q2_K,262,open_ended,,,0.5263157894736843,0.33136094674556216,0.36805019305019293,0.762839674949646
0,DeepSeek-R1-Distill-Qwen-14B-Q2_K,302,open_ended,,,0.2911392405063291,0.05128205128205127,0.2050789010859913,0.6529227495193481
0,DeepSeek-R1-Distill-Qwen-14B-Q2_K,282,open_ended,,,0.4457831325301205,0.1585365853658537,0.29712839888965137,0.7360021471977234
0,DeepSeek-R1-Distill-Qwen-14B-Q2_K,256,open_ended,,,0.3567567567567567,0.10928961748633881,0.3119561776566607,0.7445394992828369
0,DeepSeek-R1-Distill-Qwen-14B-Q2_K,254,open_ended,,,0.47257383966244726,0.1531914893617021,0.25206170462156735,0.7409744262695312
0,DeepSeek-R1-Distill-Qwen-14B-Q2_K,307,open_ended,,,0.0,0.0,0.014662756598240472,0.5175607800483704
0,DeepSeek-R1-Distill-Qwen-14B-Q2_K,266,open_ended,,,0.3919597989949749,0.07106598984771574,0.18547223065849394,0.7353469133377075
0,DeepSeek-R1-Distill-Qwen-14B-Q2_K,266,open_ended,,,0.3645833333333333,0.010526315789473684,0.1485148514851485,0.7290967106819153
0,DeepSeek-R1-Distill-Qwen-14B-Q2_K,283,open_ended,,,0.31521739130434784,0.13186813186813184,0.24441674630426774,0.7084649801254272
0,DeepSeek-R1-Distill-Qwen-14B-Q2_K,306,open_ended,,,0.5384615384615384,0.35064935064935066,0.32491304202029064,0.7849459052085876
0,DeepSeek-R1-Distill-Qwen-14B-Q2_K,231,open_ended,,,0.5477707006369427,0.30967741935483867,0.454816974392885,0.7696240544319153
0,DeepSeek-R1-Distill-Qwen-14B-Q2_K,268,open_ended,,,0.6742857142857143,0.43930635838150295,0.6572941567338273,0.8120687007904053
0,DeepSeek-R1-Distill-Qwen-14B-Q2_K,312,open_ended,,,0.24390243902439027,0.07975460122699386,0.25075225677031093,0.6955173015594482
0,DeepSeek-R1-Distill-Qwen-14B-Q2_K,310,open_ended,,,0.4642857142857143,0.1927710843373494,0.3020299855862736,0.7488064765930176
1,DeepSeek-R1-Distill-Qwen-14B-Q2_K,59,yes_no,1.0,1.0,,,,
1,DeepSeek-R1-Distill-Qwen-14B-Q2_K,83,yes_no,0.0,0.0,,,,
1,DeepSeek-R1-Distill-Qwen-14B-Q2_K,23,yes_no,1.0,1.0,,,,
1,DeepSeek-R1-Distill-Qwen-14B-Q2_K,75,yes_no,1.0,1.0,,,,
1,DeepSeek-R1-Distill-Qwen-14B-Q2_K,11,yes_no,0.0,,,,,
1,DeepSeek-R1-Distill-Qwen-14B-Q2_K,42,yes_no,0.0,0.0,,,,
1,DeepSeek-R1-Distill-Qwen-14B-Q2_K,47,yes_no,1.0,1.0,,,,
1,DeepSeek-R1-Distill-Qwen-14B-Q2_K,33,yes_no,1.0,1.0,,,,
1,DeepSeek-R1-Distill-Qwen-14B-Q2_K,95,yes_no,1.0,1.0,,,,
1,DeepSeek-R1-Distill-Qwen-14B-Q2_K,56,yes_no,1.0,1.0,,,,
1,DeepSeek-R1-Distill-Qwen-14B-Q2_K,72,yes_no,1.0,1.0,,,,
1,DeepSeek-R1-Distill-Qwen-14B-Q2_K,53,yes_no,0.0,0.0,,,,
1,DeepSeek-R1-Distill-Qwen-14B-Q2_K,93,yes_no,1.0,1.0,,,,
1,DeepSeek-R1-Distill-Qwen-14B-Q2_K,88,yes_no,1.0,1.0,,,,
1,DeepSeek-R1-Distill-Qwen-14B-Q2_K,47,yes_no,1.0,1.0,,,,
1,DeepSeek-R1-Distill-Qwen-14B-Q2_K,109,yes_no,1.0,1.0,,,,
1,DeepSeek-R1-Distill-Qwen-14B-Q2_K,58,yes_no,1.0,1.0,,,,
1,DeepSeek-R1-Distill-Qwen-14B-Q2_K,45,yes_no,1.0,1.0,,,,
1,DeepSeek-R1-Distill-Qwen-14B-Q2_K,18,yes_no,1.0,1.0,,,,
1,DeepSeek-R1-Distill-Qwen-14B-Q2_K,105,yes_no,1.0,1.0,,,,
1,DeepSeek-R1-Distill-Qwen-14B-Q2_K,84,yes_no,1.0,1.0,,,,
1,DeepSeek-R1-Distill-Qwen-14B-Q2_K,59,yes_no,1.0,1.0,,,,
1,DeepSeek-R1-Distill-Qwen-14B-Q2_K,81,yes_no,1.0,1.0,,,,
1,DeepSeek-R1-Distill-Qwen-14B-Q2_K,112,yes_no,1.0,1.0,,,,
1,DeepSeek-R1-Distill-Qwen-14B-Q2_K,4,yes_no,0.0,0.0,,,,
1,DeepSeek-R1-Distill-Qwen-14B-Q2_K,41,yes_no,0.0,0.0,,,,
1,DeepSeek-R1-Distill-Qwen-14B-Q2_K,120,yes_no,1.0,1.0,,,,
1,DeepSeek-R1-Distill-Qwen-14B-Q2_K,31,yes_no,1.0,1.0,,,,
1,DeepSeek-R1-Distill-Qwen-14B-Q2_K,43,yes_no,1.0,1.0,,,,
1,DeepSeek-R1-Distill-Qwen-14B-Q2_K,10,yes_no,1.0,1.0,,,,
1,DeepSeek-R1-Distill-Qwen-14B-Q2_K,89,yes_no,0.0,0.0,,,,
1,DeepSeek-R1-Distill-Qwen-14B-Q2_K,26,yes_no,1.0,1.0,,,,
1,DeepSeek-R1-Distill-Qwen-14B-Q2_K,112,yes_no,1.0,1.0,,,,
1,DeepSeek-R1-Distill-Qwen-14B-Q2_K,76,yes_no,1.0,1.0,,,,
1,DeepSeek-R1-Distill-Qwen-14B-Q2_K,76,yes_no,1.0,1.0,,,,
1,DeepSeek-R1-Distill-Qwen-14B-Q2_K,80,yes_no,1.0,1.0,,,,
1,DeepSeek-R1-Distill-Qwen-14B-Q2_K,79,yes_no,1.0,1.0,,,,
1,DeepSeek-R1-Distill-Qwen-14B-Q2_K,109,yes_no,1.0,1.0,,,,
1,DeepSeek-R1-Distill-Qwen-14B-Q2_K,6,yes_no,1.0,1.0,,,,
1,DeepSeek-R1-Distill-Qwen-14B-Q2_K,24,yes_no,1.0,1.0,,,,
1,DeepSeek-R1-Distill-Qwen-14B-Q2_K,78,yes_no,0.0,,,,,
1,DeepSeek-R1-Distill-Qwen-14B-Q2_K,5,yes_no,1.0,1.0,,,,
1,DeepSeek-R1-Distill-Qwen-14B-Q2_K,21,yes_no,0.0,0.0,,,,
1,DeepSeek-R1-Distill-Qwen-14B-Q2_K,18,yes_no,1.0,1.0,,,,
1,DeepSeek-R1-Distill-Qwen-14B-Q2_K,38,yes_no,0.0,0.0,,,,
1,DeepSeek-R1-Distill-Qwen-14B-Q2_K,24,yes_no,1.0,1.0,,,,
1,DeepSeek-R1-Distill-Qwen-14B-Q2_K,21,yes_no,0.0,0.0,,,,
1,DeepSeek-R1-Distill-Qwen-14B-Q2_K,63,yes_no,0.0,0.0,,,,
1,DeepSeek-R1-Distill-Qwen-14B-Q2_K,74,yes_no,1.0,1.0,,,,
1,DeepSeek-R1-Distill-Qwen-14B-Q2_K,11,yes_no,0.0,,,,,
1,DeepSeek-R1-Distill-Qwen-14B-Q2_K,41,yes_no,0.0,0.0,,,,
1,DeepSeek-R1-Distill-Qwen-14B-Q2_K,46,yes_no,1.0,1.0,,,,
1,DeepSeek-R1-Distill-Qwen-14B-Q2_K,109,yes_no,1.0,1.0,,,,
1,DeepSeek-R1-Distill-Qwen-14B-Q2_K,100,yes_no,1.0,1.0,,,,
1,DeepSeek-R1-Distill-Qwen-14B-Q2_K,91,yes_no,0.0,0.0,,,,
1,DeepSeek-R1-Distill-Qwen-14B-Q2_K,22,yes_no,1.0,1.0,,,,
1,DeepSeek-R1-Distill-Qwen-14B-Q2_K,37,yes_no,1.0,1.0,,,,
1,DeepSeek-R1-Distill-Qwen-14B-Q2_K,50,yes_no,0.0,0.0,,,,
1,DeepSeek-R1-Distill-Qwen-14B-Q2_K,114,yes_no,1.0,1.0,,,,
1,DeepSeek-R1-Distill-Qwen-14B-Q2_K,28,yes_no,1.0,1.0,,,,
1,DeepSeek-R1-Distill-Qwen-14B-Q2_K,67,yes_no,1.0,1.0,,,,
1,DeepSeek-R1-Distill-Qwen-14B-Q2_K,111,yes_no,1.0,1.0,,,,
1,DeepSeek-R1-Distill-Qwen-14B-Q2_K,103,yes_no,1.0,1.0,,,,
1,DeepSeek-R1-Distill-Qwen-14B-Q2_K,49,yes_no,1.0,1.0,,,,
1,DeepSeek-R1-Distill-Qwen-14B-Q2_K,11,yes_no,1.0,1.0,,,,
1,DeepSeek-R1-Distill-Qwen-14B-Q2_K,80,yes_no,1.0,1.0,,,,
1,DeepSeek-R1-Distill-Qwen-14B-Q2_K,3,yes_no,0.0,0.0,,,,
1,DeepSeek-R1-Distill-Qwen-14B-Q2_K,106,yes_no,1.0,1.0,,,,
1,DeepSeek-R1-Distill-Qwen-14B-Q2_K,65,yes_no,1.0,1.0,,,,
1,DeepSeek-R1-Distill-Qwen-14B-Q2_K,115,yes_no,1.0,1.0,,,,
1,DeepSeek-R1-Distill-Qwen-14B-Q2_K,65,yes_no,1.0,1.0,,,,
1,DeepSeek-R1-Distill-Qwen-14B-Q2_K,19,yes_no,1.0,1.0,,,,
1,DeepSeek-R1-Distill-Qwen-14B-Q2_K,65,yes_no,0.0,0.0,,,,
1,DeepSeek-R1-Distill-Qwen-14B-Q2_K,83,yes_no,0.0,0.0,,,,
1,DeepSeek-R1-Distill-Qwen-14B-Q2_K,81,yes_no,1.0,1.0,,,,
1,DeepSeek-R1-Distill-Qwen-14B-Q2_K,99,yes_no,1.0,1.0,,,,
1,DeepSeek-R1-Distill-Qwen-14B-Q2_K,67,yes_no,1.0,1.0,,,,
1,DeepSeek-R1-Distill-Qwen-14B-Q2_K,80,yes_no,1.0,1.0,,,,
1,DeepSeek-R1-Distill-Qwen-14B-Q2_K,83,yes_no,0.0,0.0,,,,
1,DeepSeek-R1-Distill-Qwen-14B-Q2_K,32,yes_no,0.0,0.0,,,,
1,DeepSeek-R1-Distill-Qwen-14B-Q2_K,20,yes_no,0.0,0.0,,,,
1,DeepSeek-R1-Distill-Qwen-14B-Q2_K,72,yes_no,1.0,1.0,,,,
1,DeepSeek-R1-Distill-Qwen-14B-Q2_K,14,yes_no,1.0,1.0,,,,
1,DeepSeek-R1-Distill-Qwen-14B-Q2_K,8,yes_no,1.0,1.0,,,,
1,DeepSeek-R1-Distill-Qwen-14B-Q2_K,35,yes_no,1.0,1.0,,,,
1,DeepSeek-R1-Distill-Qwen-14B-Q2_K,9,yes_no,0.0,0.0,,,,
1,DeepSeek-R1-Distill-Qwen-14B-Q2_K,112,yes_no,1.0,1.0,,,,
1,DeepSeek-R1-Distill-Qwen-14B-Q2_K,41,yes_no,0.0,0.0,,,,
1,DeepSeek-R1-Distill-Qwen-14B-Q2_K,86,yes_no,0.0,0.0,,,,
1,DeepSeek-R1-Distill-Qwen-14B-Q2_K,7,yes_no,0.0,0.0,,,,
1,DeepSeek-R1-Distill-Qwen-14B-Q2_K,52,yes_no,1.0,1.0,,,,
1,DeepSeek-R1-Distill-Qwen-14B-Q2_K,112,yes_no,1.0,1.0,,,,
1,DeepSeek-R1-Distill-Qwen-14B-Q2_K,30,yes_no,0.0,,,,,
1,DeepSeek-R1-Distill-Qwen-14B-Q2_K,106,yes_no,1.0,1.0,,,,
1,DeepSeek-R1-Distill-Qwen-14B-Q2_K,7,yes_no,0.0,0.0,,,,
1,DeepSeek-R1-Distill-Qwen-14B-Q2_K,115,yes_no,1.0,1.0,,,,
1,DeepSeek-R1-Distill-Qwen-14B-Q2_K,67,yes_no,1.0,1.0,,,,
1,DeepSeek-R1-Distill-Qwen-14B-Q2_K,6,yes_no,1.0,1.0,,,,
1,DeepSeek-R1-Distill-Qwen-14B-Q2_K,120,yes_no,1.0,1.0,,,,
1,DeepSeek-R1-Distill-Qwen-14B-Q2_K,103,yes_no,1.0,1.0,,,,
1,DeepSeek-R1-Distill-Qwen-14B-Q2_K,137,short_answer,0.16666666666666669,,,,,
1,DeepSeek-R1-Distill-Qwen-14B-Q2_K,163,short_answer,0.13333333333333333,,,,,
1,DeepSeek-R1-Distill-Qwen-14B-Q2_K,158,short_answer,0.18181818181818182,,,,,
1,DeepSeek-R1-Distill-Qwen-14B-Q2_K,143,short_answer,0.0,,,,,
1,DeepSeek-R1-Distill-Qwen-14B-Q2_K,130,short_answer,0.0,,,,,
1,DeepSeek-R1-Distill-Qwen-14B-Q2_K,204,short_answer,0.0,,,,,
1,DeepSeek-R1-Distill-Qwen-14B-Q2_K,175,short_answer,0.18181818181818182,,,,,
1,DeepSeek-R1-Distill-Qwen-14B-Q2_K,154,short_answer,0.13793103448275862,,,,,
1,DeepSeek-R1-Distill-Qwen-14B-Q2_K,133,short_answer,0.3076923076923077,,,,,
1,DeepSeek-R1-Distill-Qwen-14B-Q2_K,196,short_answer,0.0,,,,,
1,DeepSeek-R1-Distill-Qwen-14B-Q2_K,167,short_answer,0.11764705882352941,,,,,
1,DeepSeek-R1-Distill-Qwen-14B-Q2_K,145,short_answer,0.0,,,,,
1,DeepSeek-R1-Distill-Qwen-14B-Q2_K,197,short_answer,0.0,,,,,
1,DeepSeek-R1-Distill-Qwen-14B-Q2_K,137,short_answer,0.18181818181818182,,,,,
1,DeepSeek-R1-Distill-Qwen-14B-Q2_K,165,short_answer,0.33333333333333337,,,,,
1,DeepSeek-R1-Distill-Qwen-14B-Q2_K,212,short_answer,0.0,,,,,
1,DeepSeek-R1-Distill-Qwen-14B-Q2_K,188,short_answer,0.0,,,,,
1,DeepSeek-R1-Distill-Qwen-14B-Q2_K,202,short_answer,0.18181818181818182,,,,,
1,DeepSeek-R1-Distill-Qwen-14B-Q2_K,161,short_answer,0.0,,,,,
1,DeepSeek-R1-Distill-Qwen-14B-Q2_K,209,short_answer,0.1212121212121212,,,,,
1,DeepSeek-R1-Distill-Qwen-14B-Q2_K,162,short_answer,0.2857142857142857,,,,,
1,DeepSeek-R1-Distill-Qwen-14B-Q2_K,149,short_answer,0.0,,,,,
1,DeepSeek-R1-Distill-Qwen-14B-Q2_K,150,short_answer,0.0,,,,,
1,DeepSeek-R1-Distill-Qwen-14B-Q2_K,163,short_answer,0.1904761904761905,,,,,
1,DeepSeek-R1-Distill-Qwen-14B-Q2_K,138,short_answer,0.0,,,,,
1,DeepSeek-R1-Distill-Qwen-14B-Q2_K,206,short_answer,0.09523809523809523,,,,,
1,DeepSeek-R1-Distill-Qwen-14B-Q2_K,190,short_answer,0.25,,,,,
1,DeepSeek-R1-Distill-Qwen-14B-Q2_K,201,short_answer,0.5714285714285715,,,,,
1,DeepSeek-R1-Distill-Qwen-14B-Q2_K,166,short_answer,0.5333333333333333,,,,,
1,DeepSeek-R1-Distill-Qwen-14B-Q2_K,136,short_answer,0.2666666666666667,,,,,
1,DeepSeek-R1-Distill-Qwen-14B-Q2_K,208,short_answer,0.16,,,,,
1,DeepSeek-R1-Distill-Qwen-14B-Q2_K,130,short_answer,0.0,,,,,
1,DeepSeek-R1-Distill-Qwen-14B-Q2_K,144,short_answer,0.2222222222222222,,,,,
1,DeepSeek-R1-Distill-Qwen-14B-Q2_K,155,short_answer,0.5454545454545454,,,,,
1,DeepSeek-R1-Distill-Qwen-14B-Q2_K,163,short_answer,0.05194805194805195,,,,,
1,DeepSeek-R1-Distill-Qwen-14B-Q2_K,186,short_answer,0.09999999999999999,,,,,
1,DeepSeek-R1-Distill-Qwen-14B-Q2_K,133,short_answer,0.3076923076923077,,,,,
1,DeepSeek-R1-Distill-Qwen-14B-Q2_K,168,short_answer,0.47619047619047616,,,,,
1,DeepSeek-R1-Distill-Qwen-14B-Q2_K,124,short_answer,0.3076923076923077,,,,,
1,DeepSeek-R1-Distill-Qwen-14B-Q2_K,121,short_answer,0.11764705882352941,,,,,
1,DeepSeek-R1-Distill-Qwen-14B-Q2_K,156,short_answer,0.4,,,,,
1,DeepSeek-R1-Distill-Qwen-14B-Q2_K,170,short_answer,0.25,,,,,
1,DeepSeek-R1-Distill-Qwen-14B-Q2_K,174,short_answer,0.0,,,,,
1,DeepSeek-R1-Distill-Qwen-14B-Q2_K,220,short_answer,0.09523809523809523,,,,,
1,DeepSeek-R1-Distill-Qwen-14B-Q2_K,196,short_answer,0.0,,,,,
1,DeepSeek-R1-Distill-Qwen-14B-Q2_K,143,short_answer,0.0,,,,,
1,DeepSeek-R1-Distill-Qwen-14B-Q2_K,141,short_answer,0.5714285714285715,,,,,
1,DeepSeek-R1-Distill-Qwen-14B-Q2_K,139,short_answer,0.1818181818181818,,,,,
1,DeepSeek-R1-Distill-Qwen-14B-Q2_K,171,short_answer,0.0,,,,,
1,DeepSeek-R1-Distill-Qwen-14B-Q2_K,147,short_answer,0.15384615384615385,,,,,
1,DeepSeek-R1-Distill-Qwen-14B-Q2_K,141,short_answer,0.4,,,,,
1,DeepSeek-R1-Distill-Qwen-14B-Q2_K,125,short_answer,0.03571428571428571,,,,,
1,DeepSeek-R1-Distill-Qwen-14B-Q2_K,172,short_answer,0.05714285714285715,,,,,
1,DeepSeek-R1-Distill-Qwen-14B-Q2_K,139,short_answer,0.0,,,,,
1,DeepSeek-R1-Distill-Qwen-14B-Q2_K,181,short_answer,0.16666666666666669,,,,,
1,DeepSeek-R1-Distill-Qwen-14B-Q2_K,173,short_answer,0.45454545454545453,,,,,
1,DeepSeek-R1-Distill-Qwen-14B-Q2_K,192,short_answer,0.4,,,,,
1,DeepSeek-R1-Distill-Qwen-14B-Q2_K,186,short_answer,0.08,,,,,
1,DeepSeek-R1-Distill-Qwen-14B-Q2_K,174,short_answer,0.0,,,,,
1,DeepSeek-R1-Distill-Qwen-14B-Q2_K,187,short_answer,0.2,,,,,
1,DeepSeek-R1-Distill-Qwen-14B-Q2_K,174,short_answer,0.0,,,,,
1,DeepSeek-R1-Distill-Qwen-14B-Q2_K,210,short_answer,0.0,,,,,
1,DeepSeek-R1-Distill-Qwen-14B-Q2_K,170,short_answer,0.25,,,,,
1,DeepSeek-R1-Distill-Qwen-14B-Q2_K,159,short_answer,0.19999999999999998,,,,,
1,DeepSeek-R1-Distill-Qwen-14B-Q2_K,180,short_answer,0.14285714285714288,,,,,
1,DeepSeek-R1-Distill-Qwen-14B-Q2_K,180,short_answer,0.14285714285714288,,,,,
1,DeepSeek-R1-Distill-Qwen-14B-Q2_K,182,short_answer,0.042553191489361694,,,,,
1,DeepSeek-R1-Distill-Qwen-14B-Q2_K,190,short_answer,0.25,,,,,
1,DeepSeek-R1-Distill-Qwen-14B-Q2_K,164,short_answer,0.0,,,,,
1,DeepSeek-R1-Distill-Qwen-14B-Q2_K,196,short_answer,0.0,,,,,
1,DeepSeek-R1-Distill-Qwen-14B-Q2_K,123,short_answer,0.4,,,,,
1,DeepSeek-R1-Distill-Qwen-14B-Q2_K,137,short_answer,0.3076923076923077,,,,,
1,DeepSeek-R1-Distill-Qwen-14B-Q2_K,125,short_answer,0.0625,,,,,
1,DeepSeek-R1-Distill-Qwen-14B-Q2_K,146,short_answer,0.0,,,,,
1,DeepSeek-R1-Distill-Qwen-14B-Q2_K,146,short_answer,0.0,,,,,
1,DeepSeek-R1-Distill-Qwen-14B-Q2_K,188,short_answer,0.0,,,,,
1,DeepSeek-R1-Distill-Qwen-14B-Q2_K,152,short_answer,0.0,,,,,
1,DeepSeek-R1-Distill-Qwen-14B-Q2_K,166,short_answer,0.5333333333333333,,,,,
1,DeepSeek-R1-Distill-Qwen-14B-Q2_K,173,short_answer,0.5,,,,,
1,DeepSeek-R1-Distill-Qwen-14B-Q2_K,164,short_answer,0.0,,,,,
1,DeepSeek-R1-Distill-Qwen-14B-Q2_K,195,short_answer,0.38297872340425526,,,,,
1,DeepSeek-R1-Distill-Qwen-14B-Q2_K,212,short_answer,0.0,,,,,
1,DeepSeek-R1-Distill-Qwen-14B-Q2_K,203,short_answer,0.04347826086956522,,,,,
1,DeepSeek-R1-Distill-Qwen-14B-Q2_K,179,short_answer,0.07999999999999999,,,,,
1,DeepSeek-R1-Distill-Qwen-14B-Q2_K,173,short_answer,0.4166666666666667,,,,,
1,DeepSeek-R1-Distill-Qwen-14B-Q2_K,167,short_answer,0.2222222222222222,,,,,
1,DeepSeek-R1-Distill-Qwen-14B-Q2_K,172,short_answer,0.08695652173913045,,,,,
1,DeepSeek-R1-Distill-Qwen-14B-Q2_K,219,short_answer,0.0,,,,,
1,DeepSeek-R1-Distill-Qwen-14B-Q2_K,122,short_answer,0.5,,,,,
1,DeepSeek-R1-Distill-Qwen-14B-Q2_K,142,short_answer,0.0,,,,,
1,DeepSeek-R1-Distill-Qwen-14B-Q2_K,145,short_answer,0.0,,,,,
1,DeepSeek-R1-Distill-Qwen-14B-Q2_K,160,short_answer,0.0,,,,,
1,DeepSeek-R1-Distill-Qwen-14B-Q2_K,205,short_answer,0.0,,,,,
1,DeepSeek-R1-Distill-Qwen-14B-Q2_K,188,short_answer,0.0,,,,,
1,DeepSeek-R1-Distill-Qwen-14B-Q2_K,134,short_answer,0.23529411764705882,,,,,
1,DeepSeek-R1-Distill-Qwen-14B-Q2_K,124,short_answer,0.3076923076923077,,,,,
1,DeepSeek-R1-Distill-Qwen-14B-Q2_K,197,short_answer,0.0,,,,,
1,DeepSeek-R1-Distill-Qwen-14B-Q2_K,139,short_answer,0.0,,,,,
1,DeepSeek-R1-Distill-Qwen-14B-Q2_K,170,short_answer,0.25,,,,,
1,DeepSeek-R1-Distill-Qwen-14B-Q2_K,167,short_answer,0.11764705882352941,,,,,
1,DeepSeek-R1-Distill-Qwen-14B-Q2_K,254,open_ended,,,0.4710743801652893,0.14999999999999997,0.25459508141032217,0.7288821935653687
1,DeepSeek-R1-Distill-Qwen-14B-Q2_K,232,open_ended,,,0.3735408560311284,0.11764705882352938,0.3021096561129094,0.7098143100738525
1,DeepSeek-R1-Distill-Qwen-14B-Q2_K,290,open_ended,,,0.25974025974025977,0.09210526315789473,0.12948676464744518,0.6648069620132446
1,DeepSeek-R1-Distill-Qwen-14B-Q2_K,242,open_ended,,,0.5074626865671642,0.21804511278195488,0.325109829694205,0.7751429080963135
1,DeepSeek-R1-Distill-Qwen-14B-Q2_K,247,open_ended,,,0.4872727272727273,0.20512820512820512,0.2541383880334954,0.7507199645042419
1,DeepSeek-R1-Distill-Qwen-14B-Q2_K,244,open_ended,,,0.33898305084745767,0.11965811965811965,0.16722408026755853,0.7149979472160339
1,DeepSeek-R1-Distill-Qwen-14B-Q2_K,265,open_ended,,,0.32999999999999996,0.0303030303030303,0.18665607625099284,0.6996480226516724
1,DeepSeek-R1-Distill-Qwen-14B-Q2_K,272,open_ended,,,0.4599999999999999,0.23232323232323235,0.304102701724273,0.7820623517036438
1,DeepSeek-R1-Distill-Qwen-14B-Q2_K,265,open_ended,,,0.28723404255319146,0.03225806451612903,0.14492753623188404,0.670337975025177
1,DeepSeek-R1-Distill-Qwen-14B-Q2_K,279,open_ended,,,0.6703910614525139,0.47457627118644063,0.48427918409761,0.8209022879600525
1,DeepSeek-R1-Distill-Qwen-14B-Q2_K,241,open_ended,,,0.5284974093264249,0.27225130890052357,0.309300911212982,0.7497773170471191
1,DeepSeek-R1-Distill-Qwen-14B-Q2_K,238,open_ended,,,0.42911877394636017,0.15444015444015444,0.26086800961734175,0.7369171977043152
1,DeepSeek-R1-Distill-Qwen-14B-Q2_K,297,open_ended,,,0.6181818181818182,0.46296296296296297,0.5619527986142138,0.7859749794006348
1,DeepSeek-R1-Distill-Qwen-14B-Q2_K,303,open_ended,,,0.0,0.0,0.010504201680672271,0.4975205659866333
1,DeepSeek-R1-Distill-Qwen-14B-Q2_K,245,open_ended,,,0.34782608695652173,0.1323529411764706,0.1980874316939891,0.7061992883682251
1,DeepSeek-R1-Distill-Qwen-14B-Q2_K,279,open_ended,,,0.6634615384615384,0.4077669902912621,0.49851618705035977,0.8177999258041382
1,DeepSeek-R1-Distill-Qwen-14B-Q2_K,270,open_ended,,,0.014925373134328361,0.0,0.011202389843166544,0.48870018124580383
1,DeepSeek-R1-Distill-Qwen-14B-Q2_K,267,open_ended,,,0.5185185185185185,0.2990654205607477,0.3494015506654011,0.7953704595565796
1,DeepSeek-R1-Distill-Qwen-14B-Q2_K,228,open_ended,,,0.0,0.0,0.006868131868131867,0.4820961654186249
1,DeepSeek-R1-Distill-Qwen-14B-Q2_K,293,open_ended,,,0.7975460122699387,0.5962732919254659,0.6607940041069044,0.8928896188735962
1,DeepSeek-R1-Distill-Qwen-14B-Q2_K,231,open_ended,,,0.5497076023391813,0.27218934911242604,0.3899463601532566,0.772642970085144
1,DeepSeek-R1-Distill-Qwen-14B-Q2_K,278,open_ended,,,0.23076923076923078,0.025974025974025972,0.1460368790422458,0.6806364059448242
1,DeepSeek-R1-Distill-Qwen-14B-Q2_K,284,open_ended,,,0.2873563218390805,0.046511627906976744,0.17595855266435295,0.7234464883804321
1,DeepSeek-R1-Distill-Qwen-14B-Q2_K,302,open_ended,,,0.28089887640449435,0.022727272727272728,0.17747858017135865,0.6548945903778076
1,DeepSeek-R1-Distill-Qwen-14B-Q2_K,241,open_ended,,,0.45312499999999994,0.2204724409448819,0.31901071470353365,0.7419449090957642
1,DeepSeek-R1-Distill-Qwen-14B-Q2_K,269,open_ended,,,0.37558685446009393,0.14218009478672983,0.2436044061206306,0.7508357763290405
1,DeepSeek-R1-Distill-Qwen-14B-Q2_K,253,open_ended,,,0.5096153846153847,0.3009708737864078,0.2808376371749775,0.770278811454773
1,DeepSeek-R1-Distill-Qwen-14B-Q2_K,252,open_ended,,,0.38022813688212925,0.09195402298850575,0.2174660091475971,0.7094240188598633
1,DeepSeek-R1-Distill-Qwen-14B-Q2_K,313,open_ended,,,0.07407407407407407,0.0,0.1388888888888889,0.5869843363761902
1,DeepSeek-R1-Distill-Qwen-14B-Q2_K,294,open_ended,,,0.4581497797356828,0.13333333333333333,0.3064449709331864,0.7574036121368408
1,DeepSeek-R1-Distill-Qwen-14B-Q2_K,248,open_ended,,,0.47200000000000003,0.20161290322580647,0.35660531855756206,0.7213287949562073
1,DeepSeek-R1-Distill-Qwen-14B-Q2_K,237,open_ended,,,0.24024024024024024,0.04229607250755287,0.22835693065167462,0.6990108489990234
1,DeepSeek-R1-Distill-Qwen-14B-Q2_K,272,open_ended,,,0.42424242424242425,0.23469387755102045,0.31799581576542635,0.7788059711456299
1,DeepSeek-R1-Distill-Qwen-14B-Q2_K,250,open_ended,,,0.29189189189189185,0.07650273224043716,0.15881417494730504,0.6993077397346497
1,DeepSeek-R1-Distill-Qwen-14B-Q2_K,297,open_ended,,,0.6181818181818182,0.46296296296296297,0.5619527986142138,0.7859749794006348
1,DeepSeek-R1-Distill-Qwen-14B-Q2_K,317,open_ended,,,0.483271375464684,0.1797752808988764,0.34625,0.774483859539032
1,DeepSeek-R1-Distill-Qwen-14B-Q2_K,226,open_ended,,,0.3414634146341463,0.06172839506172839,0.17685241017273795,0.7288784384727478
1,DeepSeek-R1-Distill-Qwen-14B-Q2_K,266,open_ended,,,0.35106382978723405,0.010752688172043012,0.14194464158977999,0.7234697341918945
1,DeepSeek-R1-Distill-Qwen-14B-Q2_K,233,open_ended,,,0.522167487684729,0.20895522388059704,0.3979931720982749,0.7678571343421936
1,DeepSeek-R1-Distill-Qwen-14B-Q2_K,277,open_ended,,,0.4210526315789474,0.14492753623188406,0.2968009743452222,0.7568063139915466
1,DeepSeek-R1-Distill-Qwen-14B-Q2_K,312,open_ended,,,0.39252336448598124,0.17924528301886797,0.34988805210665586,0.7594392895698547
1,DeepSeek-R1-Distill-Qwen-14B-Q2_K,267,open_ended,,,0.5092592592592592,0.2990654205607477,0.3457678321678322,0.7954404950141907
1,DeepSeek-R1-Distill-Qwen-14B-Q2_K,225,open_ended,,,0.4206349206349207,0.176,0.29026111843586194,0.744897723197937
1,DeepSeek-R1-Distill-Qwen-14B-Q2_K,315,open_ended,,,0.4779874213836478,0.16560509554140126,0.3260661389172625,0.7460573315620422
1,DeepSeek-R1-Distill-Qwen-14B-Q2_K,274,open_ended,,,0.32067510548523204,0.059574468085106386,0.2642729145383598,0.6987462639808655
1,DeepSeek-R1-Distill-Qwen-14B-Q2_K,271,open_ended,,,0.5071770334928231,0.1352657004830918,0.3013626422529527,0.7158975601196289
1,DeepSeek-R1-Distill-Qwen-14B-Q2_K,232,open_ended,,,0.4215246636771301,0.1085972850678733,0.3501758698350217,0.730139970779419
1,DeepSeek-R1-Distill-Qwen-14B-Q2_K,272,open_ended,,,0.4599999999999999,0.23232323232323235,0.304102701724273,0.7829453945159912
1,DeepSeek-R1-Distill-Qwen-14B-Q2_K,221,open_ended,,,0.35,0.08860759493670886,0.29539099293563575,0.7138680219650269
1,DeepSeek-R1-Distill-Qwen-14B-Q2_K,252,open_ended,,,0.4262295081967213,0.15702479338842978,0.2225634996088601,0.748021125793457
1,DeepSeek-R1-Distill-Qwen-14B-Q2_K,293,open_ended,,,0.782608695652174,0.5786163522012578,0.6326241134751773,0.8877569437026978
1,DeepSeek-R1-Distill-Qwen-14B-Q2_K,265,open_ended,,,0.3127962085308057,0.028708133971291867,0.19261006289308177,0.6898205280303955
1,DeepSeek-R1-Distill-Qwen-14B-Q2_K,305,open_ended,,,0.6216216216216216,0.452054794520548,0.41172777962409063,0.833992063999176
1,DeepSeek-R1-Distill-Qwen-14B-Q2_K,320,open_ended,,,0.39370078740157477,0.144,0.31674433334841423,0.7544520497322083
1,DeepSeek-R1-Distill-Qwen-14B-Q2_K,257,open_ended,,,0.35374149659863946,0.09655172413793102,0.2545698934488011,0.7190924286842346
1,DeepSeek-R1-Distill-Qwen-14B-Q2_K,239,open_ended,,,0.3644444444444444,0.04484304932735426,0.20381097845373145,0.7133285403251648
1,DeepSeek-R1-Distill-Qwen-14B-Q2_K,224,open_ended,,,0.30624999999999997,0.025157232704402517,0.24614093247588037,0.6732254028320312
1,DeepSeek-R1-Distill-Qwen-14B-Q2_K,299,open_ended,,,0.6134453781512605,0.3644067796610169,0.5374588322031504,0.8360649943351746
1,DeepSeek-R1-Distill-Qwen-14B-Q2_K,242,open_ended,,,0.5055762081784387,0.2247191011235955,0.3030833271936933,0.7715383172035217
1,DeepSeek-R1-Distill-Qwen-14B-Q2_K,313,open_ended,,,0.09090909090909091,0.015267175572519083,0.1411764705882353,0.6189020872116089
1,DeepSeek-R1-Distill-Qwen-14B-Q2_K,263,open_ended,,,0.32727272727272727,0.12844036697247707,0.21606818355730364,0.7242158055305481
1,DeepSeek-R1-Distill-Qwen-14B-Q2_K,300,open_ended,,,0.3908045977011494,0.16470588235294117,0.3807174460853259,0.7390714287757874
1,DeepSeek-R1-Distill-Qwen-14B-Q2_K,268,open_ended,,,0.6347305389221557,0.43636363636363634,0.6216401762604387,0.8096215128898621
1,DeepSeek-R1-Distill-Qwen-14B-Q2_K,307,open_ended,,,0.0,0.0,0.014662756598240472,0.5175607800483704
1,DeepSeek-R1-Distill-Qwen-14B-Q2_K,288,open_ended,,,0.356020942408377,0.10582010582010583,0.29222430939325317,0.733756422996521
1,DeepSeek-R1-Distill-Qwen-14B-Q2_K,257,open_ended,,,0.3065693430656934,0.1037037037037037,0.22417645295768504,0.7332660555839539
1,DeepSeek-R1-Distill-Qwen-14B-Q2_K,270,open_ended,,,0.014925373134328361,0.0,0.011202389843166544,0.48870018124580383
1,DeepSeek-R1-Distill-Qwen-14B-Q2_K,285,open_ended,,,0.4885496183206107,0.186046511627907,0.4030539772727273,0.7301629185676575
1,DeepSeek-R1-Distill-Qwen-14B-Q2_K,308,open_ended,,,0.36082474226804123,0.07291666666666667,0.2775907250703814,0.7383394241333008
1,DeepSeek-R1-Distill-Qwen-14B-Q2_K,251,open_ended,,,0.4816053511705686,0.16835016835016836,0.3369275096437105,0.7483082413673401
1,DeepSeek-R1-Distill-Qwen-14B-Q2_K,287,open_ended,,,0.2898550724637681,0.058536585365853655,0.2116751487040736,0.6811283230781555
1,DeepSeek-R1-Distill-Qwen-14B-Q2_K,264,open_ended,,,0.45192307692307687,0.18446601941747573,0.2599575230311218,0.7864940166473389
1,DeepSeek-R1-Distill-Qwen-14B-Q2_K,320,open_ended,,,0.3875968992248062,0.14173228346456693,0.28415912911230284,0.7621619701385498
1,DeepSeek-R1-Distill-Qwen-14B-Q2_K,318,open_ended,,,0.387434554973822,0.09523809523809525,0.29821412935122316,0.7146822214126587
1,DeepSeek-R1-Distill-Qwen-14B-Q2_K,268,open_ended,,,0.6592178770949721,0.40677966101694923,0.5620571781535373,0.8083476424217224
1,DeepSeek-R1-Distill-Qwen-14B-Q2_K,266,open_ended,,,0.42477876106194684,0.09821428571428571,0.24722279357956425,0.7415107488632202
1,DeepSeek-R1-Distill-Qwen-14B-Q2_K,298,open_ended,,,0.6153846153846153,0.3712574850299401,0.5309390891929839,0.7938123941421509
1,DeepSeek-R1-Distill-Qwen-14B-Q2_K,316,open_ended,,,0.0,0.0,0.018281535648994512,0.5197447538375854
1,DeepSeek-R1-Distill-Qwen-14B-Q2_K,260,open_ended,,,0.325,0.20253164556962025,0.49068054418827317,0.7805957794189453
1,DeepSeek-R1-Distill-Qwen-14B-Q2_K,286,open_ended,,,0.3595505617977528,0.07954545454545454,0.21006025429354394,0.7269015312194824
1,DeepSeek-R1-Distill-Qwen-14B-Q2_K,292,open_ended,,,0.5527638190954773,0.4365482233502538,0.746420122351568,0.8388614058494568
1,DeepSeek-R1-Distill-Qwen-14B-Q2_K,295,open_ended,,,0.5888324873096447,0.3076923076923077,0.3626474324131745,0.7858805656433105
1,DeepSeek-R1-Distill-Qwen-14B-Q2_K,233,open_ended,,,0.45238095238095233,0.1566265060240964,0.2677550088829871,0.7467064261436462
1,DeepSeek-R1-Distill-Qwen-14B-Q2_K,319,open_ended,,,0.460431654676259,0.21897810218978103,0.2792365623091086,0.7717099785804749
1,DeepSeek-R1-Distill-Qwen-14B-Q2_K,305,open_ended,,,0.6216216216216216,0.452054794520548,0.41172777962409063,0.833992063999176
1,DeepSeek-R1-Distill-Qwen-14B-Q2_K,232,open_ended,,,0.4285714285714286,0.14414414414414414,0.36002362592764375,0.7260280251502991
1,DeepSeek-R1-Distill-Qwen-14B-Q2_K,286,open_ended,,,0.3595505617977528,0.07954545454545454,0.21006025429354394,0.7269015312194824
1,DeepSeek-R1-Distill-Qwen-14B-Q2_K,279,open_ended,,,0.6666666666666666,0.39195979899497485,0.47416234439954524,0.8272563815116882
1,DeepSeek-R1-Distill-Qwen-14B-Q2_K,260,open_ended,,,0.26760563380281693,0.07142857142857142,0.3374266108223328,0.7674374580383301
1,DeepSeek-R1-Distill-Qwen-14B-Q2_K,238,open_ended,,,0.37551020408163266,0.139917695473251,0.20864381520119224,0.7281198501586914
1,DeepSeek-R1-Distill-Qwen-14B-Q2_K,226,open_ended,,,0.3825136612021858,0.08839779005524862,0.20117546737638287,0.7293253540992737
1,DeepSeek-R1-Distill-Qwen-14B-Q2_K,265,open_ended,,,0.32286995515695066,0.027149321266968326,0.20233463035019458,0.6995129585266113
1,DeepSeek-R1-Distill-Qwen-14B-Q2_K,286,open_ended,,,0.3595505617977528,0.07954545454545454,0.21006025429354394,0.7269015312194824
1,DeepSeek-R1-Distill-Qwen-14B-Q2_K,252,open_ended,,,0.3708609271523179,0.08666666666666666,0.25016420361247954,0.7096880674362183
1,DeepSeek-R1-Distill-Qwen-14B-Q2_K,256,open_ended,,,0.37267080745341613,0.12578616352201258,0.31175340348861863,0.7464139461517334
1,DeepSeek-R1-Distill-Qwen-14B-Q2_K,225,open_ended,,,0.4375,0.18110236220472442,0.30715708163248895,0.747847855091095
1,DeepSeek-R1-Distill-Qwen-14B-Q2_K,276,open_ended,,,0.3262411347517731,0.05755395683453237,0.3030526291803702,0.6985905170440674
1,DeepSeek-R1-Distill-Qwen-14B-Q2_K,269,open_ended,,,0.4018264840182648,0.13824884792626727,0.26208962971866245,0.7548560500144958
1,DeepSeek-R1-Distill-Qwen-14B-Q2_K,305,open_ended,,,0.6216216216216216,0.452054794520548,0.41172777962409063,0.833992063999176
1,DeepSeek-R1-Distill-Qwen-14B-Q2_K,277,open_ended,,,0.47887323943661975,0.16113744075829384,0.3363549156116139,0.7706224322319031
2,DeepSeek-R1-Distill-Qwen-14B-Q2_K,67,yes_no,1.0,1.0,,,,
2,DeepSeek-R1-Distill-Qwen-14B-Q2_K,32,yes_no,0.0,0.0,,,,
2,DeepSeek-R1-Distill-Qwen-14B-Q2_K,71,yes_no,1.0,1.0,,,,
2,DeepSeek-R1-Distill-Qwen-14B-Q2_K,63,yes_no,0.0,0.0,,,,
2,DeepSeek-R1-Distill-Qwen-14B-Q2_K,85,yes_no,0.0,0.0,,,,
2,DeepSeek-R1-Distill-Qwen-14B-Q2_K,39,yes_no,1.0,1.0,,,,
2,DeepSeek-R1-Distill-Qwen-14B-Q2_K,96,yes_no,0.0,0.0,,,,
2,DeepSeek-R1-Distill-Qwen-14B-Q2_K,53,yes_no,0.0,0.0,,,,
2,DeepSeek-R1-Distill-Qwen-14B-Q2_K,83,yes_no,0.0,0.0,,,,
2,DeepSeek-R1-Distill-Qwen-14B-Q2_K,62,yes_no,1.0,1.0,,,,
2,DeepSeek-R1-Distill-Qwen-14B-Q2_K,118,yes_no,1.0,1.0,,,,
2,DeepSeek-R1-Distill-Qwen-14B-Q2_K,96,yes_no,0.0,0.0,,,,
2,DeepSeek-R1-Distill-Qwen-14B-Q2_K,11,yes_no,1.0,1.0,,,,
2,DeepSeek-R1-Distill-Qwen-14B-Q2_K,52,yes_no,1.0,1.0,,,,
2,DeepSeek-R1-Distill-Qwen-14B-Q2_K,44,yes_no,0.0,0.0,,,,
2,DeepSeek-R1-Distill-Qwen-14B-Q2_K,46,yes_no,1.0,1.0,,,,
2,DeepSeek-R1-Distill-Qwen-14B-Q2_K,65,yes_no,1.0,1.0,,,,
2,DeepSeek-R1-Distill-Qwen-14B-Q2_K,73,yes_no,0.0,0.0,,,,
2,DeepSeek-R1-Distill-Qwen-14B-Q2_K,115,yes_no,1.0,1.0,,,,
2,DeepSeek-R1-Distill-Qwen-14B-Q2_K,105,yes_no,1.0,1.0,,,,
2,DeepSeek-R1-Distill-Qwen-14B-Q2_K,4,yes_no,0.0,0.0,,,,
2,DeepSeek-R1-Distill-Qwen-14B-Q2_K,55,yes_no,1.0,1.0,,,,
2,DeepSeek-R1-Distill-Qwen-14B-Q2_K,7,yes_no,0.0,0.0,,,,
2,DeepSeek-R1-Distill-Qwen-14B-Q2_K,104,yes_no,1.0,1.0,,,,
2,DeepSeek-R1-Distill-Qwen-14B-Q2_K,77,yes_no,1.0,1.0,,,,
2,DeepSeek-R1-Distill-Qwen-14B-Q2_K,77,yes_no,1.0,1.0,,,,
2,DeepSeek-R1-Distill-Qwen-14B-Q2_K,29,yes_no,1.0,1.0,,,,
2,DeepSeek-R1-Distill-Qwen-14B-Q2_K,99,yes_no,1.0,1.0,,,,
2,DeepSeek-R1-Distill-Qwen-14B-Q2_K,15,yes_no,1.0,1.0,,,,
2,DeepSeek-R1-Distill-Qwen-14B-Q2_K,53,yes_no,0.0,0.0,,,,
2,DeepSeek-R1-Distill-Qwen-14B-Q2_K,22,yes_no,1.0,1.0,,,,
2,DeepSeek-R1-Distill-Qwen-14B-Q2_K,58,yes_no,1.0,1.0,,,,
2,DeepSeek-R1-Distill-Qwen-14B-Q2_K,60,yes_no,1.0,1.0,,,,
2,DeepSeek-R1-Distill-Qwen-14B-Q2_K,97,yes_no,0.0,0.0,,,,
2,DeepSeek-R1-Distill-Qwen-14B-Q2_K,41,yes_no,0.0,0.0,,,,
2,DeepSeek-R1-Distill-Qwen-14B-Q2_K,114,yes_no,1.0,1.0,,,,
2,DeepSeek-R1-Distill-Qwen-14B-Q2_K,17,yes_no,1.0,1.0,,,,
2,DeepSeek-R1-Distill-Qwen-14B-Q2_K,8,yes_no,1.0,1.0,,,,
2,DeepSeek-R1-Distill-Qwen-14B-Q2_K,88,yes_no,1.0,1.0,,,,
2,DeepSeek-R1-Distill-Qwen-14B-Q2_K,19,yes_no,1.0,1.0,,,,
2,DeepSeek-R1-Distill-Qwen-14B-Q2_K,63,yes_no,0.0,0.0,,,,
2,DeepSeek-R1-Distill-Qwen-14B-Q2_K,106,yes_no,1.0,1.0,,,,
2,DeepSeek-R1-Distill-Qwen-14B-Q2_K,71,yes_no,1.0,1.0,,,,
2,DeepSeek-R1-Distill-Qwen-14B-Q2_K,71,yes_no,1.0,1.0,,,,
2,DeepSeek-R1-Distill-Qwen-14B-Q2_K,97,yes_no,0.0,0.0,,,,
2,DeepSeek-R1-Distill-Qwen-14B-Q2_K,1,yes_no,0.0,0.0,,,,
2,DeepSeek-R1-Distill-Qwen-14B-Q2_K,93,yes_no,1.0,1.0,,,,
2,DeepSeek-R1-Distill-Qwen-14B-Q2_K,39,yes_no,1.0,1.0,,,,
2,DeepSeek-R1-Distill-Qwen-14B-Q2_K,78,yes_no,1.0,1.0,,,,
2,DeepSeek-R1-Distill-Qwen-14B-Q2_K,104,yes_no,1.0,1.0,,,,
2,DeepSeek-R1-Distill-Qwen-14B-Q2_K,120,yes_no,1.0,1.0,,,,
2,DeepSeek-R1-Distill-Qwen-14B-Q2_K,2,yes_no,1.0,1.0,,,,
2,DeepSeek-R1-Distill-Qwen-14B-Q2_K,23,yes_no,1.0,1.0,,,,
2,DeepSeek-R1-Distill-Qwen-14B-Q2_K,90,yes_no,0.0,0.0,,,,
2,DeepSeek-R1-Distill-Qwen-14B-Q2_K,7,yes_no,0.0,0.0,,,,
2,DeepSeek-R1-Distill-Qwen-14B-Q2_K,14,yes_no,1.0,1.0,,,,
2,DeepSeek-R1-Distill-Qwen-14B-Q2_K,117,yes_no,1.0,1.0,,,,
2,DeepSeek-R1-Distill-Qwen-14B-Q2_K,22,yes_no,1.0,1.0,,,,
2,DeepSeek-R1-Distill-Qwen-14B-Q2_K,70,yes_no,1.0,1.0,,,,
2,DeepSeek-R1-Distill-Qwen-14B-Q2_K,119,yes_no,1.0,1.0,,,,
2,DeepSeek-R1-Distill-Qwen-14B-Q2_K,102,yes_no,1.0,1.0,,,,
2,DeepSeek-R1-Distill-Qwen-14B-Q2_K,68,yes_no,1.0,1.0,,,,
2,DeepSeek-R1-Distill-Qwen-14B-Q2_K,74,yes_no,1.0,1.0,,,,
2,DeepSeek-R1-Distill-Qwen-14B-Q2_K,39,yes_no,1.0,1.0,,,,
2,DeepSeek-R1-Distill-Qwen-14B-Q2_K,115,yes_no,1.0,1.0,,,,
2,DeepSeek-R1-Distill-Qwen-14B-Q2_K,35,yes_no,1.0,1.0,,,,
2,DeepSeek-R1-Distill-Qwen-14B-Q2_K,21,yes_no,0.0,0.0,,,,
2,DeepSeek-R1-Distill-Qwen-14B-Q2_K,67,yes_no,1.0,1.0,,,,
2,DeepSeek-R1-Distill-Qwen-14B-Q2_K,43,yes_no,1.0,1.0,,,,
2,DeepSeek-R1-Distill-Qwen-14B-Q2_K,37,yes_no,1.0,1.0,,,,
2,DeepSeek-R1-Distill-Qwen-14B-Q2_K,60,yes_no,1.0,1.0,,,,
2,DeepSeek-R1-Distill-Qwen-14B-Q2_K,13,yes_no,0.0,0.0,,,,
2,DeepSeek-R1-Distill-Qwen-14B-Q2_K,77,yes_no,1.0,1.0,,,,
2,DeepSeek-R1-Distill-Qwen-14B-Q2_K,62,yes_no,1.0,1.0,,,,
2,DeepSeek-R1-Distill-Qwen-14B-Q2_K,25,yes_no,1.0,1.0,,,,
2,DeepSeek-R1-Distill-Qwen-14B-Q2_K,60,yes_no,1.0,1.0,,,,
2,DeepSeek-R1-Distill-Qwen-14B-Q2_K,60,yes_no,1.0,1.0,,,,
2,DeepSeek-R1-Distill-Qwen-14B-Q2_K,58,yes_no,1.0,1.0,,,,
2,DeepSeek-R1-Distill-Qwen-14B-Q2_K,21,yes_no,0.0,0.0,,,,
2,DeepSeek-R1-Distill-Qwen-14B-Q2_K,4,yes_no,0.0,0.0,,,,
2,DeepSeek-R1-Distill-Qwen-14B-Q2_K,55,yes_no,1.0,1.0,,,,
2,DeepSeek-R1-Distill-Qwen-14B-Q2_K,104,yes_no,1.0,1.0,,,,
2,DeepSeek-R1-Distill-Qwen-14B-Q2_K,77,yes_no,1.0,1.0,,,,
2,DeepSeek-R1-Distill-Qwen-14B-Q2_K,78,yes_no,1.0,1.0,,,,
2,DeepSeek-R1-Distill-Qwen-14B-Q2_K,100,yes_no,1.0,1.0,,,,
2,DeepSeek-R1-Distill-Qwen-14B-Q2_K,89,yes_no,0.0,0.0,,,,
2,DeepSeek-R1-Distill-Qwen-14B-Q2_K,56,yes_no,1.0,1.0,,,,
2,DeepSeek-R1-Distill-Qwen-14B-Q2_K,112,yes_no,1.0,1.0,,,,
2,DeepSeek-R1-Distill-Qwen-14B-Q2_K,12,yes_no,1.0,1.0,,,,
2,DeepSeek-R1-Distill-Qwen-14B-Q2_K,64,yes_no,0.0,0.0,,,,
2,DeepSeek-R1-Distill-Qwen-14B-Q2_K,95,yes_no,1.0,1.0,,,,
2,DeepSeek-R1-Distill-Qwen-14B-Q2_K,33,yes_no,1.0,1.0,,,,
2,DeepSeek-R1-Distill-Qwen-14B-Q2_K,18,yes_no,1.0,1.0,,,,
2,DeepSeek-R1-Distill-Qwen-14B-Q2_K,61,yes_no,1.0,1.0,,,,
2,DeepSeek-R1-Distill-Qwen-14B-Q2_K,26,yes_no,1.0,1.0,,,,
2,DeepSeek-R1-Distill-Qwen-14B-Q2_K,79,yes_no,1.0,1.0,,,,
2,DeepSeek-R1-Distill-Qwen-14B-Q2_K,43,yes_no,1.0,1.0,,,,
2,DeepSeek-R1-Distill-Qwen-14B-Q2_K,104,yes_no,1.0,1.0,,,,
2,DeepSeek-R1-Distill-Qwen-14B-Q2_K,67,yes_no,1.0,1.0,,,,
2,DeepSeek-R1-Distill-Qwen-14B-Q2_K,114,yes_no,1.0,1.0,,,,
2,DeepSeek-R1-Distill-Qwen-14B-Q2_K,147,short_answer,0.16666666666666669,,,,,
2,DeepSeek-R1-Distill-Qwen-14B-Q2_K,150,short_answer,0.0,,,,,
2,DeepSeek-R1-Distill-Qwen-14B-Q2_K,152,short_answer,0.0,,,,,
2,DeepSeek-R1-Distill-Qwen-14B-Q2_K,148,short_answer,0.0,,,,,
2,DeepSeek-R1-Distill-Qwen-14B-Q2_K,137,short_answer,0.19999999999999998,,,,,
2,DeepSeek-R1-Distill-Qwen-14B-Q2_K,217,short_answer,0.06666666666666667,,,,,
2,DeepSeek-R1-Distill-Qwen-14B-Q2_K,132,short_answer,0.0,,,,,
2,DeepSeek-R1-Distill-Qwen-14B-Q2_K,155,short_answer,0.5454545454545454,,,,,
2,DeepSeek-R1-Distill-Qwen-14B-Q2_K,122,short_answer,0.8,,,,,
2,DeepSeek-R1-Distill-Qwen-14B-Q2_K,173,short_answer,0.3846153846153846,,,,,
2,DeepSeek-R1-Distill-Qwen-14B-Q2_K,200,short_answer,0.26086956521739135,,,,,
2,DeepSeek-R1-Distill-Qwen-14B-Q2_K,126,short_answer,0.37037037037037035,,,,,
2,DeepSeek-R1-Distill-Qwen-14B-Q2_K,157,short_answer,0.1818181818181818,,,,,
2,DeepSeek-R1-Distill-Qwen-14B-Q2_K,165,short_answer,0.33333333333333337,,,,,
2,DeepSeek-R1-Distill-Qwen-14B-Q2_K,203,short_answer,0.09523809523809523,,,,,
2,DeepSeek-R1-Distill-Qwen-14B-Q2_K,196,short_answer,0.0,,,,,
2,DeepSeek-R1-Distill-Qwen-14B-Q2_K,164,short_answer,0.0,,,,,
2,DeepSeek-R1-Distill-Qwen-14B-Q2_K,145,short_answer,0.0,,,,,
2,DeepSeek-R1-Distill-Qwen-14B-Q2_K,126,short_answer,0.37037037037037035,,,,,
2,DeepSeek-R1-Distill-Qwen-14B-Q2_K,178,short_answer,0.07142857142857142,,,,,
2,DeepSeek-R1-Distill-Qwen-14B-Q2_K,142,short_answer,0.0,,,,,
2,DeepSeek-R1-Distill-Qwen-14B-Q2_K,177,short_answer,0.125,,,,,
2,DeepSeek-R1-Distill-Qwen-14B-Q2_K,128,short_answer,0.0,,,,,
2,DeepSeek-R1-Distill-Qwen-14B-Q2_K,207,short_answer,0.0,,,,,
2,DeepSeek-R1-Distill-Qwen-14B-Q2_K,127,short_answer,0.4615384615384615,,,,,
2,DeepSeek-R1-Distill-Qwen-14B-Q2_K,208,short_answer,0.0,,,,,
2,DeepSeek-R1-Distill-Qwen-14B-Q2_K,167,short_answer,0.11764705882352941,,,,,
2,DeepSeek-R1-Distill-Qwen-14B-Q2_K,189,short_answer,0.0,,,,,
2,DeepSeek-R1-Distill-Qwen-14B-Q2_K,207,short_answer,0.0,,,,,
2,DeepSeek-R1-Distill-Qwen-14B-Q2_K,194,short_answer,0.11764705882352941,,,,,
2,DeepSeek-R1-Distill-Qwen-14B-Q2_K,147,short_answer,0.1111111111111111,,,,,
2,DeepSeek-R1-Distill-Qwen-14B-Q2_K,152,short_answer,0.0,,,,,
2,DeepSeek-R1-Distill-Qwen-14B-Q2_K,171,short_answer,0.0,,,,,
2,DeepSeek-R1-Distill-Qwen-14B-Q2_K,130,short_answer,0.0,,,,,
2,DeepSeek-R1-Distill-Qwen-14B-Q2_K,146,short_answer,0.0,,,,,
2,DeepSeek-R1-Distill-Qwen-14B-Q2_K,197,short_answer,0.0,,,,,
2,DeepSeek-R1-Distill-Qwen-14B-Q2_K,194,short_answer,0.11764705882352941,,,,,
2,DeepSeek-R1-Distill-Qwen-14B-Q2_K,195,short_answer,0.2727272727272727,,,,,
2,DeepSeek-R1-Distill-Qwen-14B-Q2_K,219,short_answer,0.0,,,,,
2,DeepSeek-R1-Distill-Qwen-14B-Q2_K,128,short_answer,0.0,,,,,
2,DeepSeek-R1-Distill-Qwen-14B-Q2_K,186,short_answer,0.09999999999999999,,,,,
2,DeepSeek-R1-Distill-Qwen-14B-Q2_K,141,short_answer,0.5714285714285715,,,,,
2,DeepSeek-R1-Distill-Qwen-14B-Q2_K,194,short_answer,0.11764705882352941,,,,,
2,DeepSeek-R1-Distill-Qwen-14B-Q2_K,127,short_answer,0.4615384615384615,,,,,
2,DeepSeek-R1-Distill-Qwen-14B-Q2_K,192,short_answer,0.4,,,,,
2,DeepSeek-R1-Distill-Qwen-14B-Q2_K,156,short_answer,0.6666666666666666,,,,,
2,DeepSeek-R1-Distill-Qwen-14B-Q2_K,202,short_answer,0.18181818181818182,,,,,
2,DeepSeek-R1-Distill-Qwen-14B-Q2_K,190,short_answer,0.25,,,,,
2,DeepSeek-R1-Distill-Qwen-14B-Q2_K,158,short_answer,0.18181818181818182,,,,,
2,DeepSeek-R1-Distill-Qwen-14B-Q2_K,147,short_answer,0.15384615384615385,,,,,
2,DeepSeek-R1-Distill-Qwen-14B-Q2_K,210,short_answer,0.0,,,,,
2,DeepSeek-R1-Distill-Qwen-14B-Q2_K,135,short_answer,0.07142857142857144,,,,,
2,DeepSeek-R1-Distill-Qwen-14B-Q2_K,161,short_answer,0.0,,,,,
2,DeepSeek-R1-Distill-Qwen-14B-Q2_K,195,short_answer,0.38297872340425526,,,,,
2,DeepSeek-R1-Distill-Qwen-14B-Q2_K,166,short_answer,0.3333333333333333,,,,,
2,DeepSeek-R1-Distill-Qwen-14B-Q2_K,170,short_answer,0.25,,,,,
2,DeepSeek-R1-Distill-Qwen-14B-Q2_K,165,short_answer,0.0,,,,,
2,DeepSeek-R1-Distill-Qwen-14B-Q2_K,126,short_answer,0.37037037037037035,,,,,
2,DeepSeek-R1-Distill-Qwen-14B-Q2_K,179,short_answer,0.10526315789473684,,,,,
2,DeepSeek-R1-Distill-Qwen-14B-Q2_K,161,short_answer,0.0,,,,,
2,DeepSeek-R1-Distill-Qwen-14B-Q2_K,127,short_answer,0.4615384615384615,,,,,
2,DeepSeek-R1-Distill-Qwen-14B-Q2_K,160,short_answer,0.0,,,,,
2,DeepSeek-R1-Distill-Qwen-14B-Q2_K,200,short_answer,0.26086956521739135,,,,,
2,DeepSeek-R1-Distill-Qwen-14B-Q2_K,147,short_answer,0.15384615384615385,,,,,
2,DeepSeek-R1-Distill-Qwen-14B-Q2_K,163,short_answer,0.2222222222222222,,,,,
2,DeepSeek-R1-Distill-Qwen-14B-Q2_K,160,short_answer,0.0,,,,,
2,DeepSeek-R1-Distill-Qwen-14B-Q2_K,211,short_answer,0.0,,,,,
2,DeepSeek-R1-Distill-Qwen-14B-Q2_K,159,short_answer,0.19999999999999998,,,,,
2,DeepSeek-R1-Distill-Qwen-14B-Q2_K,198,short_answer,0.0,,,,,
2,DeepSeek-R1-Distill-Qwen-14B-Q2_K,143,short_answer,0.0,,,,,
2,DeepSeek-R1-Distill-Qwen-14B-Q2_K,149,short_answer,0.0,,,,,
2,DeepSeek-R1-Distill-Qwen-14B-Q2_K,211,short_answer,0.0,,,,,
2,DeepSeek-R1-Distill-Qwen-14B-Q2_K,165,short_answer,0.3636363636363636,,,,,
2,DeepSeek-R1-Distill-Qwen-14B-Q2_K,141,short_answer,0.33333333333333337,,,,,
2,DeepSeek-R1-Distill-Qwen-14B-Q2_K,151,short_answer,0.4444444444444445,,,,,
2,DeepSeek-R1-Distill-Qwen-14B-Q2_K,126,short_answer,0.37037037037037035,,,,,
2,DeepSeek-R1-Distill-Qwen-14B-Q2_K,204,short_answer,0.0,,,,,
2,DeepSeek-R1-Distill-Qwen-14B-Q2_K,164,short_answer,0.0,,,,,
2,DeepSeek-R1-Distill-Qwen-14B-Q2_K,157,short_answer,0.1818181818181818,,,,,
2,DeepSeek-R1-Distill-Qwen-14B-Q2_K,137,short_answer,0.3636363636363636,,,,,
2,DeepSeek-R1-Distill-Qwen-14B-Q2_K,192,short_answer,0.4,,,,,
2,DeepSeek-R1-Distill-Qwen-14B-Q2_K,170,short_answer,0.25,,,,,
2,DeepSeek-R1-Distill-Qwen-14B-Q2_K,214,short_answer,0.18181818181818182,,,,,
2,DeepSeek-R1-Distill-Qwen-14B-Q2_K,169,short_answer,0.0,,,,,
2,DeepSeek-R1-Distill-Qwen-14B-Q2_K,177,short_answer,0.0,,,,,
2,DeepSeek-R1-Distill-Qwen-14B-Q2_K,132,short_answer,0.0,,,,,
2,DeepSeek-R1-Distill-Qwen-14B-Q2_K,197,short_answer,0.0,,,,,
2,DeepSeek-R1-Distill-Qwen-14B-Q2_K,215,short_answer,0.0,,,,,
2,DeepSeek-R1-Distill-Qwen-14B-Q2_K,158,short_answer,0.18181818181818182,,,,,
2,DeepSeek-R1-Distill-Qwen-14B-Q2_K,123,short_answer,0.24000000000000002,,,,,
2,DeepSeek-R1-Distill-Qwen-14B-Q2_K,177,short_answer,0.14285714285714288,,,,,
2,DeepSeek-R1-Distill-Qwen-14B-Q2_K,199,short_answer,0.0,,,,,
2,DeepSeek-R1-Distill-Qwen-14B-Q2_K,186,short_answer,0.08,,,,,
2,DeepSeek-R1-Distill-Qwen-14B-Q2_K,158,short_answer,0.18181818181818182,,,,,
2,DeepSeek-R1-Distill-Qwen-14B-Q2_K,191,short_answer,0.0,,,,,
2,DeepSeek-R1-Distill-Qwen-14B-Q2_K,123,short_answer,0.15384615384615385,,,,,
2,DeepSeek-R1-Distill-Qwen-14B-Q2_K,151,short_answer,0.4444444444444445,,,,,
2,DeepSeek-R1-Distill-Qwen-14B-Q2_K,171,short_answer,0.0,,,,,
2,DeepSeek-R1-Distill-Qwen-14B-Q2_K,145,short_answer,0.0,,,,,
2,DeepSeek-R1-Distill-Qwen-14B-Q2_K,171,short_answer,0.0,,,,,
2,DeepSeek-R1-Distill-Qwen-14B-Q2_K,284,open_ended,,,0.29383886255924174,0.009569377990430623,0.16902515723270436,0.7109391093254089
2,DeepSeek-R1-Distill-Qwen-14B-Q2_K,306,open_ended,,,0.548780487804878,0.2716049382716049,0.3116585579583097,0.7736324667930603
2,DeepSeek-R1-Distill-Qwen-14B-Q2_K,231,open_ended,,,0.5269461077844312,0.2909090909090909,0.4092548076923077,0.7820315957069397
2,DeepSeek-R1-Distill-Qwen-14B-Q2_K,308,open_ended,,,0.4615384615384616,0.19161676646706585,0.31554134820499624,0.7573079466819763
2,DeepSeek-R1-Distill-Qwen-14B-Q2_K,228,open_ended,,,0.2087912087912088,0.1,0.10995063375583723,0.6437903046607971
2,DeepSeek-R1-Distill-Qwen-14B-Q2_K,299,open_ended,,,0.6186440677966101,0.36752136752136755,0.5383791384226763,0.8342282772064209
2,DeepSeek-R1-Distill-Qwen-14B-Q2_K,303,open_ended,,,0.0,0.0,0.010504201680672271,0.4975205659866333
2,DeepSeek-R1-Distill-Qwen-14B-Q2_K,288,open_ended,,,0.3916083916083916,0.11347517730496454,0.2565997902468895,0.7404294610023499
2,DeepSeek-R1-Distill-Qwen-14B-Q2_K,253,open_ended,,,0.5178571428571428,0.3063063063063063,0.3785739871492971,0.7735602855682373
2,DeepSeek-R1-Distill-Qwen-14B-Q2_K,288,open_ended,,,0.3057324840764331,0.1032258064516129,0.20875980443881678,0.7151594161987305
2,DeepSeek-R1-Distill-Qwen-14B-Q2_K,231,open_ended,,,0.5142857142857142,0.27745664739884396,0.39670970428987923,0.7790371775627136
2,DeepSeek-R1-Distill-Qwen-14B-Q2_K,235,open_ended,,,0.40506329113924044,0.07692307692307691,0.2315394242803504,0.725879430770874
2,DeepSeek-R1-Distill-Qwen-14B-Q2_K,294,open_ended,,,0.5201793721973095,0.1719457013574661,0.33477278208441,0.7449641823768616
2,DeepSeek-R1-Distill-Qwen-14B-Q2_K,292,open_ended,,,0.7391304347826088,0.5441176470588235,0.7787158031484028,0.8648339509963989
2,DeepSeek-R1-Distill-Qwen-14B-Q2_K,221,open_ended,,,0.3023255813953488,0.07058823529411765,0.26120390130337395,0.7185559272766113
2,DeepSeek-R1-Distill-Qwen-14B-Q2_K,234,open_ended,,,0.44036697247706424,0.18518518518518517,0.29295181469094517,0.7343232035636902
2,DeepSeek-R1-Distill-Qwen-14B-Q2_K,263,open_ended,,,0.3257918552036199,0.1278538812785388,0.21593754983084823,0.7224411368370056
2,DeepSeek-R1-Distill-Qwen-14B-Q2_K,295,open_ended,,,0.5517241379310346,0.32835820895522394,0.38309482339904083,0.7816005349159241
2,DeepSeek-R1-Distill-Qwen-14B-Q2_K,271,open_ended,,,0.4888888888888889,0.1524663677130045,0.31917484626986886,0.7235562801361084
2,DeepSeek-R1-Distill-Qwen-14B-Q2_K,222,open_ended,,,0.32452830188679244,0.10646387832699619,0.26964796905222443,0.6741870641708374
2,DeepSeek-R1-Distill-Qwen-14B-Q2_K,233,open_ended,,,0.4768211920529801,0.17449664429530204,0.32777156784288314,0.7622888088226318
2,DeepSeek-R1-Distill-Qwen-14B-Q2_K,255,open_ended,,,0.417910447761194,0.11055276381909547,0.25232276968593537,0.7366806864738464
2,DeepSeek-R1-Distill-Qwen-14B-Q2_K,308,open_ended,,,0.36269430051813467,0.06282722513089005,0.26309276988434255,0.7321716547012329
2,DeepSeek-R1-Distill-Qwen-14B-Q2_K,221,open_ended,,,0.2727272727272727,0.08256880733944955,0.26291046836029536,0.7158682942390442
2,DeepSeek-R1-Distill-Qwen-14B-Q2_K,242,open_ended,,,0.50187265917603,0.22641509433962265,0.31452767057236125,0.7773951888084412
2,DeepSeek-R1-Distill-Qwen-14B-Q2_K,287,open_ended,,,0.30476190476190473,0.07692307692307691,0.23353562801932368,0.6840481758117676
2,DeepSeek-R1-Distill-Qwen-14B-Q2_K,222,open_ended,,,0.3016393442622951,0.11881188118811882,0.2731246881703923,0.6762967705726624
2,DeepSeek-R1-Distill-Qwen-14B-Q2_K,274,open_ended,,,0.2619047619047619,0.024096385542168672,0.14401440144014402,0.6972112059593201
2,DeepSeek-R1-Distill-Qwen-14B-Q2_K,281,open_ended,,,0.38848920863309355,0.1897810218978102,0.26936026936026936,0.7677580714225769
2,DeepSeek-R1-Distill-Qwen-14B-Q2_K,263,open_ended,,,0.32727272727272727,0.12844036697247707,0.21606818355730364,0.7242158055305481
2,DeepSeek-R1-Distill-Qwen-14B-Q2_K,308,open_ended,,,0.41081081081081083,0.17486338797814208,0.30448823869208347,0.7547488808631897
2,DeepSeek-R1-Distill-Qwen-14B-Q2_K,228,open_ended,,,0.0,0.0,0.006868131868131867,0.4820961654186249
2,DeepSeek-R1-Distill-Qwen-14B-Q2_K,224,open_ended,,,0.30711610486891383,0.022641509433962263,0.20760536131415808,0.6708185076713562
2,DeepSeek-R1-Distill-Qwen-14B-Q2_K,268,open_ended,,,0.6592178770949721,0.40677966101694923,0.5620571781535373,0.8083476424217224
2,DeepSeek-R1-Distill-Qwen-14B-Q2_K,302,open_ended,,,0.25806451612903225,0.0261437908496732,0.16967636433782265,0.6528063416481018
2,DeepSeek-R1-Distill-Qwen-14B-Q2_K,225,open_ended,,,0.4390243902439025,0.180327868852459,0.3160486049231455,0.7528788447380066
2,DeepSeek-R1-Distill-Qwen-14B-Q2_K,314,open_ended,,,0.3956043956043956,0.2247191011235955,0.17474573018614473,0.6968925595283508
2,DeepSeek-R1-Distill-Qwen-14B-Q2_K,249,open_ended,,,0.29535864978902954,0.05957446808510638,0.19734684507411782,0.7244865298271179
2,DeepSeek-R1-Distill-Qwen-14B-Q2_K,260,open_ended,,,0.27941176470588236,0.08955223880597013,0.3150352566532717,0.7655408978462219
2,DeepSeek-R1-Distill-Qwen-14B-Q2_K,257,open_ended,,,0.32394366197183094,0.09999999999999999,0.28200323339212235,0.7303581833839417
2,DeepSeek-R1-Distill-Qwen-14B-Q2_K,266,open_ended,,,0.35106382978723405,0.010752688172043012,0.1383960255500355,0.7262973785400391
2,DeepSeek-R1-Distill-Qwen-14B-Q2_K,276,open_ended,,,0.26041666666666663,0.04210526315789474,0.2942255334599832,0.6902560591697693
2,DeepSeek-R1-Distill-Qwen-14B-Q2_K,240,open_ended,,,0.380952380952381,0.16346153846153846,0.28868676537903915,0.7003573179244995
2,DeepSeek-R1-Distill-Qwen-14B-Q2_K,229,open_ended,,,0.5619047619047619,0.31730769230769235,0.36610191752035726,0.7685552835464478
2,DeepSeek-R1-Distill-Qwen-14B-Q2_K,301,open_ended,,,0.392156862745098,0.1422924901185771,0.29963764624250716,0.7297058701515198
2,DeepSeek-R1-Distill-Qwen-14B-Q2_K,246,open_ended,,,0.3448275862068966,0.09565217391304348,0.24041935107233908,0.7435755729675293
2,DeepSeek-R1-Distill-Qwen-14B-Q2_K,303,open_ended,,,0.0,0.0,0.010504201680672271,0.4975205659866333
2,DeepSeek-R1-Distill-Qwen-14B-Q2_K,259,open_ended,,,0.17105263157894737,0.06666666666666667,0.10600217166261591,0.6747234463691711
2,DeepSeek-R1-Distill-Qwen-14B-Q2_K,261,open_ended,,,0.32167832167832167,0.07092198581560284,0.22188656013859903,0.7469403743743896
2,DeepSeek-R1-Distill-Qwen-14B-Q2_K,296,open_ended,,,0.6949152542372882,0.44827586206896547,0.5677510608203677,0.8214216828346252
2,DeepSeek-R1-Distill-Qwen-14B-Q2_K,313,open_ended,,,0.0749063670411985,0.0,0.13513513513513514,0.6168608069419861
2,DeepSeek-R1-Distill-Qwen-14B-Q2_K,252,open_ended,,,0.34615384615384615,0.08287292817679558,0.26238567678706487,0.7031771540641785
2,DeepSeek-R1-Distill-Qwen-14B-Q2_K,253,open_ended,,,0.4909090909090909,0.3119266055045871,0.3033118163062251,0.7871506214141846
2,DeepSeek-R1-Distill-Qwen-14B-Q2_K,284,open_ended,,,0.35602094240837695,0.031746031746031744,0.18787964255702083,0.7183377146720886
2,DeepSeek-R1-Distill-Qwen-14B-Q2_K,254,open_ended,,,0.4836065573770491,0.14876033057851237,0.2609927972079899,0.7231962084770203
2,DeepSeek-R1-Distill-Qwen-14B-Q2_K,279,open_ended,,,0.6703910614525139,0.47457627118644063,0.4751580431861,0.8236443400382996
2,DeepSeek-R1-Distill-Qwen-14B-Q2_K,268,open_ended,,,0.6785714285714287,0.4216867469879518,0.5904696415268875,0.8091408014297485
2,DeepSeek-R1-Distill-Qwen-14B-Q2_K,229,open_ended,,,0.5619047619047619,0.31730769230769235,0.36610191752035726,0.7685552835464478
2,DeepSeek-R1-Distill-Qwen-14B-Q2_K,278,open_ended,,,0.2251655629139073,0.04026845637583893,0.116869918699187,0.67679762840271
2,DeepSeek-R1-Distill-Qwen-14B-Q2_K,228,open_ended,,,0.0,0.0,0.006868131868131867,0.4820961654186249
2,DeepSeek-R1-Distill-Qwen-14B-Q2_K,228,open_ended,,,0.2087912087912088,0.1,0.10995063375583723,0.6418460011482239
2,DeepSeek-R1-Distill-Qwen-14B-Q2_K,253,open_ended,,,0.49557522123893805,0.3035714285714285,0.3206782662049617,0.7695829272270203
2,DeepSeek-R1-Distill-Qwen-14B-Q2_K,260,open_ended,,,0.27941176470588236,0.08955223880597013,0.3150352566532717,0.7655408978462219
2,DeepSeek-R1-Distill-Qwen-14B-Q2_K,304,open_ended,,,0.2926829268292683,0.049586776859504134,0.15427769985974754,0.7117173075675964
2,DeepSeek-R1-Distill-Qwen-14B-Q2_K,252,open_ended,,,0.4072948328267477,0.1162079510703364,0.27586386151481174,0.7197946906089783
2,DeepSeek-R1-Distill-Qwen-14B-Q2_K,290,open_ended,,,0.25974025974025977,0.09210526315789473,0.12948676464744518,0.6648069620132446
2,DeepSeek-R1-Distill-Qwen-14B-Q2_K,310,open_ended,,,0.44025157232704404,0.22929936305732485,0.2856179775280899,0.7514449954032898
2,DeepSeek-R1-Distill-Qwen-14B-Q2_K,261,open_ended,,,0.2695035460992908,0.07194244604316546,0.17716535433070868,0.738722026348114
2,DeepSeek-R1-Distill-Qwen-14B-Q2_K,247,open_ended,,,0.5275590551181102,0.23809523809523808,0.27854843765653325,0.7294399738311768
2,DeepSeek-R1-Distill-Qwen-14B-Q2_K,270,open_ended,,,0.014925373134328361,0.0,0.011202389843166544,0.48870018124580383
2,DeepSeek-R1-Distill-Qwen-14B-Q2_K,255,open_ended,,,0.4976076555023922,0.14492753623188406,0.32949057485589656,0.7483724355697632
2,DeepSeek-R1-Distill-Qwen-14B-Q2_K,237,open_ended,,,0.32820512820512826,0.04145077720207254,0.22201557103208983,0.7114689350128174
2,DeepSeek-R1-Distill-Qwen-14B-Q2_K,236,open_ended,,,0.4383561643835616,0.14482758620689654,0.23084653420267628,0.7204341292381287
2,DeepSeek-R1-Distill-Qwen-14B-Q2_K,280,open_ended,,,0.3516483516483517,0.07380073800738006,0.2667986768002179,0.737963080406189
2,DeepSeek-R1-Distill-Qwen-14B-Q2_K,318,open_ended,,,0.3615819209039548,0.06857142857142856,0.24498229043683586,0.7120932936668396
2,DeepSeek-R1-Distill-Qwen-14B-Q2_K,273,open_ended,,,0.4,0.0673076923076923,0.2309756754871834,0.7011270523071289
2,DeepSeek-R1-Distill-Qwen-14B-Q2_K,255,open_ended,,,0.49038461538461536,0.14563106796116507,0.3257077592175835,0.7489999532699585
2,DeepSeek-R1-Distill-Qwen-14B-Q2_K,233,open_ended,,,0.5368421052631579,0.23404255319148937,0.345907120396181,0.7435483932495117
2,DeepSeek-R1-Distill-Qwen-14B-Q2_K,304,open_ended,,,0.2975206611570248,0.05042016806722689,0.15471167369901548,0.7091615796089172
2,DeepSeek-R1-Distill-Qwen-14B-Q2_K,233,open_ended,,,0.577319587628866,0.22916666666666663,0.44424406729336136,0.7735629677772522
2,DeepSeek-R1-Distill-Qwen-14B-Q2_K,317,open_ended,,,0.42567567567567566,0.10884353741496598,0.32491680532940004,0.7541462779045105
2,DeepSeek-R1-Distill-Qwen-14B-Q2_K,298,open_ended,,,0.6035502958579881,0.3712574850299401,0.5242204033227085,0.7953779101371765
2,DeepSeek-R1-Distill-Qwen-14B-Q2_K,233,open_ended,,,0.5744680851063831,0.20430107526881722,0.3990004726740867,0.7426666617393494
2,DeepSeek-R1-Distill-Qwen-14B-Q2_K,237,open_ended,,,0.38317757009345793,0.0660377358490566,0.27830782710429586,0.7200288772583008
2,DeepSeek-R1-Distill-Qwen-14B-Q2_K,224,open_ended,,,0.2677165354330709,0.007936507936507936,0.17929634641407308,0.6629595756530762
2,DeepSeek-R1-Distill-Qwen-14B-Q2_K,289,open_ended,,,0.34374999999999994,0.11023622047244096,0.19636363636363638,0.7046446204185486
2,DeepSeek-R1-Distill-Qwen-14B-Q2_K,287,open_ended,,,0.28901734104046245,0.023391812865497078,0.17029560616517136,0.6780929565429688
2,DeepSeek-R1-Distill-Qwen-14B-Q2_K,252,open_ended,,,0.3689320388349514,0.07817589576547232,0.26650187800700015,0.709972083568573
2,DeepSeek-R1-Distill-Qwen-14B-Q2_K,258,open_ended,,,0.3652173913043478,0.06140350877192982,0.2680627866916987,0.7012436389923096
2,DeepSeek-R1-Distill-Qwen-14B-Q2_K,243,open_ended,,,0.548148148148148,0.27611940298507465,0.3307742355237475,0.7565373182296753
2,DeepSeek-R1-Distill-Qwen-14B-Q2_K,229,open_ended,,,0.5673076923076923,0.32038834951456313,0.3861337082327153,0.7777078747749329
2,DeepSeek-R1-Distill-Qwen-14B-Q2_K,270,open_ended,,,0.014925373134328361,0.0,0.011202389843166544,0.48870018124580383
2,DeepSeek-R1-Distill-Qwen-14B-Q2_K,242,open_ended,,,0.5130111524163569,0.2247191011235955,0.3202238209432454,0.7702965140342712
2,DeepSeek-R1-Distill-Qwen-14B-Q2_K,255,open_ended,,,0.5070422535211268,0.17061611374407584,0.33599575547202387,0.751244068145752
2,DeepSeek-R1-Distill-Qwen-14B-Q2_K,250,open_ended,,,0.3282051282051282,0.08290155440414508,0.16918080011307754,0.7173992395401001
2,DeepSeek-R1-Distill-Qwen-14B-Q2_K,279,open_ended,,,0.6934673366834172,0.4365482233502538,0.515826292164865,0.8509646058082581
2,DeepSeek-R1-Distill-Qwen-14B-Q2_K,259,open_ended,,,0.19999999999999998,0.06756756756756756,0.08902765086133957,0.6857689619064331
2,DeepSeek-R1-Distill-Qwen-14B-Q2_K,262,open_ended,,,0.5263157894736843,0.33136094674556216,0.36805019305019293,0.762839674949646
2,DeepSeek-R1-Distill-Qwen-14B-Q2_K,320,open_ended,,,0.37241379310344824,0.12587412587412586,0.27964724427894444,0.7497591972351074
2,DeepSeek-R1-Distill-Qwen-14B-Q2_K,310,open_ended,,,0.46783625730994155,0.18934911242603553,0.3013610376669242,0.7543221712112427
